celebrity_name,ballroom_partner,celebrity_industry,celebrity_homestate,celebrity_homecountry/region,celebrity_age_during_season,results,placement,judge_total,judge_mean,judge_rank,contestants_active,season,week,next_week,event_type,observed_eliminated,judge_percent,fan_share_est,fan_rank_est,combined_percent,combined_percent_rank,rank_rule_score,rank_rule_bad_rank,fan_rescue_gap,controversy_index,fan_share_min,fan_share_max,fan_share_width,percent_rule_eliminated,rank_rule_eliminated
John O'Hurley,Charlotte Jorgensen,Actor/Actress,Maine,United States,50,2nd Place,2,26.0,8.666666666666666,1.0,6,1,2,3,single_elimination,False,0.21487603305785125,0.1662437819119661,2.0,0.38111981496981734,6.0,3.0,6.0,-1.0,1.0,0.0,0.9421487603305785,0.9421487603305785,False,False
Rachel Hunter,Jonathan Roberts,Model,,New Zealand,35,Eliminated Week 4,4,24.0,8.0,2.0,6,1,2,3,single_elimination,False,0.19834710743801653,0.16624299176620114,3.0,0.3645900992042177,5.0,5.0,5.0,-1.0,1.0,0.0,0.9421487603305785,0.9421487603305785,False,False
Joey McIntyre,Ashly DelGrosso,Singer/Rapper,Massachusetts,United States,32,3rd Place,3,21.0,7.0,3.0,6,1,2,3,single_elimination,False,0.17355371900826447,0.16623241699593366,5.0,0.33978613600419816,4.0,8.0,3.0,-2.0,2.0,0.0,0.9421487603305785,0.9421487603305785,False,False
Trista Sutter,Louis van Amstel,TV Personality,Indiana,United States,32,Eliminated Week 2,6,19.0,6.333333333333333,4.0,6,1,2,3,single_elimination,True,0.15702479338842976,0.14686139198288042,6.0,0.3038861853713102,1.0,10.0,1.0,-2.0,2.0,0.0,0.17630853994490356,0.17630853994490356,True,True
Kelly Monaco,Alec Mazo,Actor/Actress,Pennsylvania,United States,29,1st Place,1,17.0,5.666666666666667,5.0,6,1,2,3,single_elimination,False,0.14049586776859505,0.16623570774603097,4.0,0.30673157551462604,3.0,9.0,2.0,1.0,1.0,0.01652892561983471,0.9586776859504132,0.9421487603305785,False,False
Evander Holyfield,Edyta Sliwinska,Athlete,Alabama,United States,42,Eliminated Week 3,5,14.0,4.666666666666667,6.0,6,1,2,3,single_elimination,False,0.11570247933884298,0.18818370896058856,1.0,0.30388618829943154,2.0,7.0,4.0,5.0,5.0,0.04132231404958678,0.9834710743801653,0.9421487603305786,False,False
Rachel Hunter,Jonathan Roberts,Model,,New Zealand,35,Eliminated Week 4,4,26.0,8.666666666666666,1.0,5,1,3,4,single_elimination,False,0.24528301886792453,0.19998439607302032,5.0,0.44526741494094485,5.0,6.0,3.0,-4.0,4.0,0.0,1.0,1.0,False,False
John O'Hurley,Charlotte Jorgensen,Actor/Actress,Maine,United States,50,2nd Place,2,24.0,8.0,2.0,5,1,3,4,single_elimination,False,0.22641509433962265,0.20001172510179546,2.0,0.42642681944141814,4.0,4.0,4.0,0.0,0.0,0.0,1.0,1.0,False,False
Joey McIntyre,Ashly DelGrosso,Singer/Rapper,Massachusetts,United States,32,3rd Place,3,22.0,7.333333333333333,3.0,5,1,3,4,single_elimination,False,0.20754716981132076,0.20001240889795224,1.0,0.407559578709273,3.0,4.0,4.0,2.0,2.0,0.0,1.0,1.0,False,False
Kelly Monaco,Alec Mazo,Actor/Actress,Pennsylvania,United States,29,1st Place,1,21.0,7.0,4.0,5,1,3,4,single_elimination,False,0.19811320754716982,0.19999400910870083,4.0,0.3981072166558707,2.0,8.0,1.0,0.0,0.0,0.0,1.0,1.0,False,True
Evander Holyfield,Edyta Sliwinska,Athlete,Alabama,United States,42,Eliminated Week 3,5,13.0,4.333333333333333,5.0,5,1,3,4,single_elimination,True,0.12264150943396226,0.19999745935338165,3.0,0.3226389687873439,1.0,8.0,1.0,2.0,2.0,0.0,0.2773584905660378,0.2773584905660378,True,False
Kelly Monaco,Alec Mazo,Actor/Actress,Pennsylvania,United States,29,1st Place,1,26.0,8.666666666666666,1.0,4,1,4,5,single_elimination,False,0.2826086956521739,0.24913700362111446,3.0,0.5317456992732883,4.0,4.0,4.0,-2.0,2.0,0.0,0.9021739130434783,0.9021739130434783,False,False
Rachel Hunter,Jonathan Roberts,Model,,New Zealand,35,Eliminated Week 4,4,25.0,8.333333333333334,2.0,4,1,4,5,single_elimination,True,0.2717391304347826,0.21767895156046854,4.0,0.48941808199525116,1.0,6.0,1.0,-2.0,2.0,0.0,0.2282608695652174,0.2282608695652174,True,True
John O'Hurley,Charlotte Jorgensen,Actor/Actress,Maine,United States,50,2nd Place,2,21.0,7.0,3.0,4,1,4,5,single_elimination,False,0.22826086956521738,0.2611572592571571,2.0,0.48941812882237445,3.0,5.0,2.0,1.0,1.0,0.043478260869565216,0.9456521739130435,0.9021739130434783,False,False
Joey McIntyre,Ashly DelGrosso,Singer/Rapper,Massachusetts,United States,32,3rd Place,3,20.0,6.666666666666667,4.0,4,1,4,5,single_elimination,False,0.21739130434782608,0.27202678400395086,1.0,0.4894180883517769,2.0,5.0,2.0,3.0,3.0,0.05434782608695651,0.9565217391304348,0.9021739130434783,False,False
John O'Hurley,Charlotte Jorgensen,Actor/Actress,Maine,United States,50,2nd Place,2,27.0,9.0,1.0,3,1,5,6,single_elimination,False,0.3698630136986301,0.3333474663391975,1.0,0.7032104800378276,3.0,2.0,3.0,0.0,0.0,0.0,1.0,1.0,False,False
Kelly Monaco,Alec Mazo,Actor/Actress,Pennsylvania,United States,29,1st Place,1,23.5,7.833333333333333,2.0,3,1,5,6,single_elimination,False,0.3219178082191781,0.3333378205333269,2.0,0.655255628752505,2.0,4.0,2.0,0.0,0.0,0.0,1.0,1.0,False,False
Joey McIntyre,Ashly DelGrosso,Singer/Rapper,Massachusetts,United States,32,3rd Place,3,22.5,7.5,3.0,3,1,5,6,single_elimination,True,0.3082191780821918,0.3333147108718009,3.0,0.6415338889539928,1.0,6.0,1.0,0.0,0.0,0.0,0.3584474885844749,0.3584474885844749,True,True
Drew Lachey,Cheryl Burke,Singer/Rapper,Ohio,United States,29,1st Place,1,24.0,8.0,1.0,10,2,1,2,single_elimination,False,0.12307692307692308,0.09999497894969131,6.0,0.2230719020266144,10.0,7.0,7.0,-5.0,5.0,0.0,0.9948717948717949,0.9948717948717949,False,False
Giselle Fernandez,Jonathan Roberts,News Anchor,,Mexico,44,Eliminated Week 3,8,23.0,7.666666666666667,2.0,10,2,1,2,single_elimination,False,0.11794871794871795,0.09999526712105589,4.0,0.21794398506977383,8.0,6.0,9.0,-2.0,2.0,0.0,0.9948717948717949,0.9948717948717949,False,False
Tatum O'Neal,Nick Kosovich,Actor/Actress,California,United States,42,Eliminated Week 2,9,23.0,7.666666666666667,2.0,10,2,1,2,single_elimination,False,0.11794871794871795,0.09999526712105589,4.0,0.21794398506977383,8.0,6.0,9.0,-2.0,2.0,0.0,0.9948717948717949,0.9948717948717949,False,False
Stacy Keibler,Tony Dovolani,Athlete,Maryland,United States,26,3rd Place,3,22.0,7.333333333333333,4.0,10,2,1,2,single_elimination,False,0.11282051282051282,0.09999880345900754,3.0,0.21281931627952036,7.0,7.0,7.0,1.0,1.0,0.0,0.9948717948717949,0.9948717948717949,False,False
Jerry Rice,Anna Trebunskaya,Athlete,Mississippi,United States,43,2nd Place,2,21.0,7.0,5.0,10,2,1,2,single_elimination,False,0.1076923076923077,0.09998101569104009,9.0,0.2076733233833478,6.0,14.0,4.0,-4.0,4.0,0.0,0.9948717948717949,0.9948717948717949,False,False
Tia Carrere,Maksim Chmerkoskiy,Actor/Actress,Hawaii,United States,39,Eliminated Week 5,6,20.0,6.666666666666667,6.0,10,2,1,2,single_elimination,False,0.10256410256410256,0.10000216129690051,2.0,0.20256626386100307,5.0,8.0,6.0,4.0,4.0,0.0,0.9948717948717949,0.9948717948717949,False,False
Lisa Rinna,Louis van Amstel,Actor/Actress,California,United States,42,Eliminated Week 7,4,19.0,6.333333333333333,7.0,10,2,1,2,single_elimination,False,0.09743589743589744,0.09998701224569628,8.0,0.1974229096815937,4.0,15.0,2.0,-1.0,1.0,0.0,0.9948717948717949,0.9948717948717949,False,False
George Hamilton,Edyta Sliwinska,Actor/Actress,Tennessee,United States,66,Eliminated Week 6,5,18.0,6.0,8.0,10,2,1,2,single_elimination,False,0.09230769230769231,0.09999401301224331,7.0,0.19230170531993562,3.0,15.0,2.0,1.0,1.0,0.0,0.9948717948717949,0.9948717948717949,False,False
Kenny Mayne,Andrea Hale,Sports Broadcaster,Washington,United States,46,Eliminated Week 1,10,13.0,4.333333333333333,9.0,10,2,1,2,single_elimination,True,0.06666666666666667,0.09746162575780519,10.0,0.16412829242447186,1.0,19.0,1.0,-1.0,1.0,0.0,0.13333333333333336,0.13333333333333336,True,True
Master P,Ashly DelGrosso,Singer/Rapper,Louisiana,United States,35,Eliminated Week 4,7,12.0,4.0,10.0,10,2,1,2,single_elimination,False,0.06153846153846154,0.10258985477477747,1.0,0.16412831631323901,2.0,11.0,5.0,9.0,9.0,0.005128205128205124,1.0,0.9948717948717949,False,False
Stacy Keibler,Tony Dovolani,Athlete,Maryland,United States,26,3rd Place,3,29.0,9.666666666666666,1.0,9,2,2,3,single_elimination,False,0.145,0.11110460179156612,5.0,0.25610460179156613,9.0,6.0,7.0,-4.0,4.0,0.0,0.995,0.995,False,False
Drew Lachey,Cheryl Burke,Singer/Rapper,Ohio,United States,29,1st Place,1,27.0,9.0,2.0,9,2,2,3,single_elimination,False,0.135,0.11111234936209301,2.0,0.24611234936209303,8.0,4.0,9.0,0.0,0.0,0.0,0.995,0.995,False,False
Giselle Fernandez,Jonathan Roberts,News Anchor,,Mexico,44,Eliminated Week 3,8,24.0,8.0,3.0,9,2,2,3,single_elimination,False,0.12,0.11111001290062489,3.0,0.23111001290062488,7.0,6.0,7.0,0.0,0.0,0.0,0.995,0.995,False,False
Jerry Rice,Anna Trebunskaya,Athlete,Mississippi,United States,43,2nd Place,2,23.0,7.666666666666667,4.0,9,2,2,3,single_elimination,False,0.115,0.11110393991651646,6.0,0.22610393991651645,6.0,10.0,5.0,-2.0,2.0,0.0,0.995,0.995,False,False
George Hamilton,Edyta Sliwinska,Actor/Actress,Tennessee,United States,66,Eliminated Week 6,5,22.0,7.333333333333333,5.0,9,2,2,3,single_elimination,False,0.11,0.11109179342235947,7.0,0.22109179342235946,4.0,12.0,2.0,-2.0,2.0,0.0,0.995,0.995,False,False
Tia Carrere,Maksim Chmerkoskiy,Actor/Actress,Hawaii,United States,39,Eliminated Week 5,6,22.0,7.333333333333333,5.0,9,2,2,3,single_elimination,False,0.11,0.11109179342235947,7.0,0.22109179342235946,4.0,12.0,2.0,-2.0,2.0,0.0,0.995,0.995,False,False
Lisa Rinna,Louis van Amstel,Actor/Actress,California,United States,42,Eliminated Week 7,4,20.0,6.666666666666667,7.0,9,2,2,3,single_elimination,False,0.1,0.11110767845481044,4.0,0.21110767845481043,3.0,11.0,4.0,3.0,3.0,0.0,0.995,0.995,False,False
Tatum O'Neal,Nick Kosovich,Actor/Actress,California,United States,42,Eliminated Week 2,9,17.0,5.666666666666667,8.0,9,2,2,3,single_elimination,True,0.085,0.10863890237653726,9.0,0.19363890237653725,1.0,17.0,1.0,-1.0,1.0,0.0,0.1372222222222222,0.1372222222222222,True,True
Master P,Ashly DelGrosso,Singer/Rapper,Louisiana,United States,35,Eliminated Week 4,7,16.0,5.333333333333333,9.0,9,2,2,3,single_elimination,False,0.08,0.1136389274151992,1.0,0.1936389274151992,2.0,10.0,5.0,8.0,8.0,0.0050000000000000044,1.0,0.995,False,False
Drew Lachey,Cheryl Burke,Singer/Rapper,Ohio,United States,29,1st Place,1,27.0,9.0,1.0,8,2,3,4,single_elimination,False,0.14835164835164835,0.12452336208123407,2.0,0.2728750104328824,7.0,3.0,7.0,-1.0,1.0,0.0,0.9395604395604396,0.9395604395604396,False,False
Stacy Keibler,Tony Dovolani,Athlete,Maryland,United States,26,3rd Place,3,27.0,9.0,1.0,8,2,3,4,single_elimination,False,0.14835164835164835,0.12452336208123407,2.0,0.2728750104328824,7.0,3.0,7.0,-1.0,1.0,0.0,0.9395604395604396,0.9395604395604396,False,False
Tia Carrere,Maksim Chmerkoskiy,Actor/Actress,Hawaii,United States,39,Eliminated Week 5,6,26.0,8.666666666666666,3.0,8,2,3,4,single_elimination,False,0.14285714285714285,0.12451682512096418,5.0,0.26737396797810703,6.0,8.0,6.0,-2.0,2.0,0.0,0.9395604395604396,0.9395604395604396,False,False
Lisa Rinna,Louis van Amstel,Actor/Actress,California,United States,42,Eliminated Week 7,4,25.0,8.333333333333334,4.0,8,2,3,4,single_elimination,False,0.13736263736263737,0.12450483566337195,7.0,0.2618674730260093,5.0,11.0,2.0,-3.0,3.0,0.0,0.9395604395604396,0.9395604395604396,False,False
George Hamilton,Edyta Sliwinska,Actor/Actress,Tennessee,United States,66,Eliminated Week 6,5,22.0,7.333333333333333,5.0,8,2,3,4,single_elimination,False,0.12087912087912088,0.1245151365903716,6.0,0.24539425746949248,4.0,11.0,2.0,-1.0,1.0,0.0,0.9395604395604396,0.9395604395604396,False,False
Giselle Fernandez,Jonathan Roberts,News Anchor,,Mexico,44,Eliminated Week 3,8,22.0,7.333333333333333,5.0,8,2,3,4,single_elimination,True,0.12087912087912088,0.10447133628478547,8.0,0.22535045716390634,1.0,13.0,1.0,-3.0,3.0,0.0,0.1291208791208791,0.1291208791208791,True,True
Jerry Rice,Anna Trebunskaya,Athlete,Mississippi,United States,43,2nd Place,2,19.0,6.333333333333333,7.0,8,2,3,4,single_elimination,False,0.1043956043956044,0.12451775822996416,4.0,0.22891336262556855,3.0,11.0,2.0,3.0,3.0,0.01648351648351648,0.9560439560439561,0.9395604395604396,False,False
Master P,Ashly DelGrosso,Singer/Rapper,Louisiana,United States,35,Eliminated Week 4,7,14.0,4.666666666666667,8.0,8,2,3,4,single_elimination,False,0.07692307692307693,0.14842738293279922,1.0,0.22535045985587615,2.0,9.0,5.0,7.0,7.0,0.04395604395604395,0.9835164835164836,0.9395604395604397,False,False
Drew Lachey,Cheryl Burke,Singer/Rapper,Ohio,United States,29,1st Place,1,28.0,9.333333333333334,1.0,7,2,4,5,single_elimination,False,0.17721518987341772,0.14285976941332704,3.0,0.3200749592867448,7.0,4.0,7.0,-2.0,2.0,0.0,1.0,1.0,False,False
Lisa Rinna,Louis van Amstel,Actor/Actress,California,United States,42,Eliminated Week 7,4,26.0,8.666666666666666,2.0,7,2,4,5,single_elimination,False,0.16455696202531644,0.1428500834666886,6.0,0.30740704549200504,5.0,8.0,4.0,-4.0,4.0,0.0,1.0,1.0,False,False
Stacy Keibler,Tony Dovolani,Athlete,Maryland,United States,26,3rd Place,3,26.0,8.666666666666666,2.0,7,2,4,5,single_elimination,False,0.16455696202531644,0.1428500834666886,6.0,0.30740704549200504,5.0,8.0,4.0,-4.0,4.0,0.0,1.0,1.0,False,False
Tia Carrere,Maksim Chmerkoskiy,Actor/Actress,Hawaii,United States,39,Eliminated Week 5,6,25.0,8.333333333333334,4.0,7,2,4,5,single_elimination,False,0.15822784810126583,0.14285139252238868,5.0,0.30107924062365454,4.0,9.0,1.0,-1.0,1.0,0.0,1.0,1.0,False,True
Jerry Rice,Anna Trebunskaya,Athlete,Mississippi,United States,43,2nd Place,2,24.0,8.0,5.0,7,2,4,5,single_elimination,False,0.1518987341772152,0.14285340317226114,4.0,0.29475213734947636,3.0,9.0,1.0,1.0,1.0,0.0,1.0,1.0,False,False
George Hamilton,Edyta Sliwinska,Actor/Actress,Tennessee,United States,66,Eliminated Week 6,5,21.0,7.0,6.0,7,2,4,5,single_elimination,False,0.13291139240506328,0.14287256686861016,1.0,0.27578395927367344,2.0,7.0,6.0,5.0,5.0,0.0,1.0,1.0,False,False
Master P,Ashly DelGrosso,Singer/Rapper,Louisiana,United States,35,Eliminated Week 4,7,8.0,2.6666666666666665,7.0,7,2,4,5,single_elimination,True,0.05063291139240506,0.14286270009488927,2.0,0.19349561148729433,1.0,9.0,1.0,5.0,5.0,0.0,0.23508137432188067,0.23508137432188067,True,False
Stacy Keibler,Tony Dovolani,Athlete,Maryland,United States,26,3rd Place,3,30.0,10.0,1.0,6,2,5,6,single_elimination,False,0.1986754966887417,0.16667410294088797,1.0,0.36534959962962965,6.0,2.0,6.0,0.0,0.0,0.0,1.0,1.0,False,False
Drew Lachey,Cheryl Burke,Singer/Rapper,Ohio,United States,29,1st Place,1,27.0,9.0,2.0,6,2,5,6,single_elimination,False,0.17880794701986755,0.1666694338335464,3.0,0.34547738085341395,5.0,5.0,5.0,-1.0,1.0,0.0,1.0,1.0,False,False
Lisa Rinna,Louis van Amstel,Actor/Actress,California,United States,42,Eliminated Week 7,4,25.0,8.333333333333334,3.0,6,2,5,6,single_elimination,False,0.16556291390728478,0.16666583212898156,5.0,0.33222874603626634,4.0,8.0,3.0,-2.0,2.0,0.0,1.0,1.0,False,False
George Hamilton,Edyta Sliwinska,Actor/Actress,Tennessee,United States,66,Eliminated Week 6,5,24.0,8.0,4.0,6,2,5,6,single_elimination,False,0.15894039735099338,0.1666695539300211,2.0,0.3256099512810145,3.0,6.0,4.0,2.0,2.0,0.0,1.0,1.0,False,False
Jerry Rice,Anna Trebunskaya,Athlete,Mississippi,United States,43,2nd Place,2,23.0,7.666666666666667,5.0,6,2,5,6,single_elimination,False,0.152317880794702,0.16666773014817407,4.0,0.31898561094287603,2.0,9.0,2.0,1.0,1.0,0.0,1.0,1.0,False,False
Tia Carrere,Maksim Chmerkoskiy,Actor/Actress,Hawaii,United States,39,Eliminated Week 5,6,22.0,7.333333333333333,6.0,6,2,5,6,single_elimination,True,0.1456953642384106,0.16665334591674202,6.0,0.31234871015515264,1.0,12.0,1.0,0.0,0.0,0.0,0.18763796909492278,0.18763796909492278,True,True
Drew Lachey,Cheryl Burke,Singer/Rapper,Ohio,United States,29,1st Place,1,30.0,10.0,1.0,5,2,6,7,single_elimination,False,0.22556390977443608,0.19999839365208474,3.0,0.4255623034265208,4.0,4.0,4.0,-2.0,2.0,0.0,1.0,1.0,False,False
Stacy Keibler,Tony Dovolani,Athlete,Maryland,United States,26,3rd Place,3,30.0,10.0,1.0,5,2,6,7,single_elimination,False,0.22556390977443608,0.19999839365208474,3.0,0.4255623034265208,4.0,4.0,4.0,-2.0,2.0,0.0,1.0,1.0,False,False
Lisa Rinna,Louis van Amstel,Actor/Actress,California,United States,42,Eliminated Week 7,4,27.0,9.0,3.0,5,2,6,7,single_elimination,False,0.20300751879699247,0.20000389963079235,2.0,0.4030114184277848,3.0,5.0,2.0,1.0,1.0,0.0,1.0,1.0,False,False
George Hamilton,Edyta Sliwinska,Actor/Actress,Tennessee,United States,66,Eliminated Week 6,5,23.0,7.666666666666667,4.0,5,2,6,7,single_elimination,True,0.17293233082706766,0.19998834477705718,5.0,0.37292067560412484,1.0,9.0,1.0,-1.0,1.0,0.0,0.2270676691729323,0.2270676691729323,True,True
Jerry Rice,Anna Trebunskaya,Athlete,Mississippi,United States,43,2nd Place,2,23.0,7.666666666666667,4.0,5,2,6,7,single_elimination,False,0.17293233082706766,0.20001096695927,1.0,0.37294329778633767,2.0,5.0,2.0,3.0,3.0,0.0,1.0,1.0,False,False
Drew Lachey,Cheryl Burke,Singer/Rapper,Ohio,United States,29,1st Place,1,27.5,9.166666666666666,1.0,4,2,7,8,single_elimination,False,0.2696078431372549,0.24913044010366803,2.0,0.5187382832409229,3.0,3.0,3.0,-1.0,1.0,0.0,0.9411764705882353,0.9411764705882353,False,False
Stacy Keibler,Tony Dovolani,Athlete,Maryland,United States,26,3rd Place,3,27.5,9.166666666666666,1.0,4,2,7,8,single_elimination,False,0.2696078431372549,0.24913044010366803,2.0,0.5187382832409229,3.0,3.0,3.0,-1.0,1.0,0.0,0.9411764705882353,0.9411764705882353,False,False
Lisa Rinna,Louis van Amstel,Actor/Actress,California,United States,42,Eliminated Week 7,4,26.5,8.833333333333334,3.0,4,2,7,8,single_elimination,True,0.25980392156862747,0.22145779206924907,4.0,0.4812617136378765,1.0,7.0,1.0,-1.0,1.0,0.0,0.24019607843137253,0.24019607843137253,True,True
Jerry Rice,Anna Trebunskaya,Athlete,Mississippi,United States,43,2nd Place,2,20.5,6.833333333333333,4.0,4,2,7,8,single_elimination,False,0.20098039215686275,0.2802813262957202,1.0,0.481261718452583,2.0,5.0,2.0,3.0,3.0,0.05882352941176472,1.0,0.9411764705882353,False,False
Mario Lopez,Karina Smirnoff,Actor/Actress,California,United States,32,2nd Place,2,26.0,8.666666666666666,1.0,11,3,1,2,single_elimination,False,0.12264150943396226,0.09090482174781254,9.0,0.2135463311817748,11.0,10.0,7.0,-8.0,8.0,0.0,1.0,1.0,False,False
Emmitt Smith,Cheryl Burke,Athlete,Florida,United States,37,1st Place,1,24.0,8.0,2.0,11,3,1,2,single_elimination,False,0.11320754716981132,0.09091896824477814,1.0,0.20412651541458948,10.0,3.0,11.0,1.0,1.0,0.0,1.0,1.0,False,False
Vivica A. Fox,Nick Kosovich,Actor/Actress,Indiana,United States,42,Eliminated Week 4,8,22.0,7.333333333333333,3.0,11,3,1,2,single_elimination,False,0.10377358490566038,0.0909070145121897,6.0,0.1946805994178501,8.0,9.0,9.0,-3.0,3.0,0.0,1.0,1.0,False,False
Willa Ford,Maksim Chmerkoskiy,Singer/Rapper,Florida,United States,25,Eliminated Week 5,7,22.0,7.333333333333333,3.0,11,3,1,2,single_elimination,False,0.10377358490566038,0.0909070145121897,6.0,0.1946805994178501,8.0,9.0,9.0,-3.0,3.0,0.0,1.0,1.0,False,False
Joey Lawrence,Edyta Sliwinska,Actor/Actress,Pennsylvania,United States,30,3rd Place,3,21.0,7.0,5.0,11,3,1,2,single_elimination,False,0.09905660377358491,0.09090523302680462,8.0,0.18996183680038953,7.0,13.0,3.0,-3.0,3.0,0.0,1.0,1.0,False,False
Monique Coleman,Louis van Amstel,Actor/Actress,South Carolina,United States,25,Eliminated Week 8,4,19.0,6.333333333333333,6.0,11,3,1,2,single_elimination,False,0.08962264150943396,0.09090890394472893,5.0,0.1805315454541629,6.0,11.0,5.0,1.0,1.0,0.0,1.0,1.0,False,False
Shanna Moakler,Jesse DeSoto,Model,Rhode Island,United States,31,Eliminated Week 2,10,18.0,6.0,7.0,11,3,1,2,single_elimination,False,0.08490566037735849,0.09090982418463779,4.0,0.17581548456199628,5.0,11.0,5.0,3.0,3.0,0.0,1.0,1.0,False,False
Harry Hamlin,Ashly DelGrosso,Actor/Actress,California,United States,54,Eliminated Week 3,9,17.0,5.666666666666667,8.0,11,3,1,2,single_elimination,False,0.08018867924528301,0.09091586379871781,2.0,0.17110454304400083,4.0,10.0,7.0,6.0,6.0,0.0,1.0,1.0,False,False
Jerry Springer,Kym Johnson,TV Personality,,England,62,Eliminated Week 7,5,16.0,5.333333333333333,9.0,11,3,1,2,single_elimination,False,0.07547169811320754,0.0909156974022929,3.0,0.16638739551550044,3.0,12.0,4.0,6.0,6.0,0.0,1.0,1.0,False,False
Sara Evans,Tony Dovolani,Singer/Rapper,Missouri,United States,35,Withdrew,6,15.0,5.0,10.0,11,3,1,2,single_elimination,False,0.07075471698113207,0.09090455155403203,10.0,0.1616592685351641,2.0,20.0,2.0,0.0,0.0,0.0,1.0,1.0,False,False
Tucker Carlson,Elena Grinenko,TV Personality,California,United States,37,Eliminated Week 1,11,12.0,4.0,11.0,11,3,1,2,single_elimination,True,0.05660377358490566,0.0909021061420431,11.0,0.14750587972694876,1.0,22.0,1.0,0.0,0.0,0.0,0.1252144082332762,0.1252144082332762,True,True
Joey Lawrence,Edyta Sliwinska,Actor/Actress,Pennsylvania,United States,30,3rd Place,3,29.0,9.666666666666666,1.0,10,3,2,3,single_elimination,False,0.12608695652173912,0.09995407517101725,8.0,0.22604103169275636,10.0,9.0,7.0,-7.0,7.0,0.0,0.9739130434782609,0.9739130434782609,False,False
Monique Coleman,Louis van Amstel,Actor/Actress,South Carolina,United States,25,Eliminated Week 8,4,26.0,8.666666666666666,2.0,10,3,2,3,single_elimination,False,0.11304347826086956,0.09996125653242323,2.0,0.2130047347932928,9.0,4.0,10.0,0.0,0.0,0.0,0.9739130434782609,0.9739130434782609,False,False
Emmitt Smith,Cheryl Burke,Athlete,Florida,United States,37,1st Place,1,24.0,8.0,3.0,10,3,2,3,single_elimination,False,0.10434782608695652,0.0999590526492397,3.0,0.2043068787361962,7.0,6.0,8.0,0.0,0.0,0.0,0.9739130434782609,0.9739130434782609,False,False
Vivica A. Fox,Nick Kosovich,Actor/Actress,Indiana,United States,42,Eliminated Week 4,8,24.0,8.0,3.0,10,3,2,3,single_elimination,False,0.10434782608695652,0.0999590526492397,3.0,0.2043068787361962,7.0,6.0,8.0,0.0,0.0,0.0,0.9739130434782609,0.9739130434782609,False,False
Willa Ford,Maksim Chmerkoskiy,Singer/Rapper,Florida,United States,25,Eliminated Week 5,7,23.0,7.666666666666667,5.0,10,3,2,3,single_elimination,False,0.1,0.0999506150429589,9.0,0.1999506150429589,6.0,14.0,2.0,-4.0,4.0,0.0,0.9739130434782609,0.9739130434782609,False,False
Shanna Moakler,Jesse DeSoto,Model,Rhode Island,United States,31,Eliminated Week 2,10,22.0,7.333333333333333,6.0,10,3,2,3,single_elimination,True,0.09565217391304348,0.0936495460673186,10.0,0.18930171998036208,1.0,16.0,1.0,-4.0,4.0,0.0,0.1043478260869565,0.1043478260869565,True,True
Harry Hamlin,Ashly DelGrosso,Actor/Actress,California,United States,54,Eliminated Week 3,9,21.0,7.0,7.0,10,3,2,3,single_elimination,False,0.09130434782608696,0.09995779191751329,5.0,0.19126213974360023,3.0,12.0,3.0,2.0,2.0,0.004347826086956524,0.9782608695652174,0.9739130434782609,False,False
Mario Lopez,Karina Smirnoff,Actor/Actress,California,United States,32,2nd Place,2,21.0,7.0,7.0,10,3,2,3,single_elimination,False,0.09130434782608696,0.09995779191751329,5.0,0.19126213974360023,3.0,12.0,3.0,2.0,2.0,0.004347826086956524,0.9782608695652174,0.9739130434782609,False,False
Sara Evans,Tony Dovolani,Singer/Rapper,Missouri,United States,35,Withdrew,6,21.0,7.0,7.0,10,3,2,3,single_elimination,False,0.09130434782608696,0.09995779191751329,5.0,0.19126213974360023,3.0,12.0,3.0,2.0,2.0,0.004347826086956524,0.9782608695652174,0.9739130434782609,False,False
Jerry Springer,Kym Johnson,TV Personality,,England,62,Eliminated Week 7,5,19.0,6.333333333333333,10.0,10,3,2,3,single_elimination,False,0.08260869565217391,0.10669302570545952,1.0,0.18930172135763343,2.0,11.0,6.0,9.0,9.0,0.013043478260869573,0.9869565217391305,0.9739130434782609,False,False
Monique Coleman,Louis van Amstel,Actor/Actress,South Carolina,United States,25,Eliminated Week 8,4,27.0,9.0,1.0,9,3,3,4,single_elimination,False,0.13043478260869565,0.11105654100940071,6.0,0.24149132361809636,8.0,7.0,5.0,-5.0,5.0,0.0,0.9806763285024155,0.9806763285024155,False,False
Vivica A. Fox,Nick Kosovich,Actor/Actress,Indiana,United States,42,Eliminated Week 4,8,27.0,9.0,1.0,9,3,3,4,single_elimination,False,0.13043478260869565,0.11105654100940071,6.0,0.24149132361809636,8.0,7.0,5.0,-5.0,5.0,0.0,0.9806763285024155,0.9806763285024155,False,False
Sara Evans,Tony Dovolani,Singer/Rapper,Missouri,United States,35,Withdrew,6,25.0,8.333333333333334,3.0,9,3,3,4,single_elimination,False,0.12077294685990338,0.11105736713135406,5.0,0.23183031399125742,7.0,8.0,4.0,-2.0,2.0,0.0,0.9806763285024155,0.9806763285024155,False,False
Harry Hamlin,Ashly DelGrosso,Actor/Actress,California,United States,54,Eliminated Week 3,9,22.0,7.333333333333333,4.0,9,3,3,4,single_elimination,True,0.10628019323671498,0.1040473715190788,9.0,0.21032756475579378,1.0,13.0,2.0,-5.0,5.0,0.0,0.11594202898550726,0.11594202898550726,True,False
Joey Lawrence,Edyta Sliwinska,Actor/Actress,Pennsylvania,United States,30,3rd Place,3,22.0,7.333333333333333,4.0,9,3,3,4,single_elimination,False,0.10628019323671498,0.1110633952380301,2.0,0.21734358847474508,4.0,6.0,7.0,2.0,2.0,0.0,0.9806763285024155,0.9806763285024155,False,False
Mario Lopez,Karina Smirnoff,Actor/Actress,California,United States,32,2nd Place,2,22.0,7.333333333333333,4.0,9,3,3,4,single_elimination,False,0.10628019323671498,0.1110633952380301,2.0,0.21734358847474508,4.0,6.0,7.0,2.0,2.0,0.0,0.9806763285024155,0.9806763285024155,False,False
Willa Ford,Maksim Chmerkoskiy,Singer/Rapper,Florida,United States,25,Eliminated Week 5,7,22.0,7.333333333333333,4.0,9,3,3,4,single_elimination,False,0.10628019323671498,0.1110633952380301,2.0,0.21734358847474508,4.0,6.0,7.0,2.0,2.0,0.0,0.9806763285024155,0.9806763285024155,False,False
Jerry Springer,Kym Johnson,TV Personality,,England,62,Eliminated Week 7,5,21.0,7.0,8.0,9,3,3,4,single_elimination,False,0.10144927536231885,0.11105186383749277,8.0,0.21250113919981162,3.0,16.0,1.0,0.0,0.0,0.004830917874396129,0.9855072463768116,0.9806763285024155,False,True
Emmitt Smith,Cheryl Burke,Athlete,Florida,United States,37,1st Place,1,19.0,6.333333333333333,9.0,9,3,3,4,single_elimination,False,0.09178743961352658,0.11854012901282218,1.0,0.21032756862634877,2.0,10.0,3.0,8.0,8.0,0.0144927536231884,0.9951690821256038,0.9806763285024155,False,False
Mario Lopez,Karina Smirnoff,Actor/Actress,California,United States,32,2nd Place,2,29.0,9.666666666666666,1.0,8,3,4,5,single_elimination,False,0.14646464646464646,0.12490288811498478,4.0,0.27136753457963125,8.0,5.0,8.0,-3.0,3.0,0.0,0.9696969696969697,0.9696969696969697,False,False
Willa Ford,Maksim Chmerkoskiy,Singer/Rapper,Florida,United States,25,Eliminated Week 5,7,28.0,9.333333333333334,2.0,8,3,4,5,single_elimination,False,0.1414141414141414,0.12489125544769518,7.0,0.2663053968618366,7.0,9.0,2.0,-5.0,5.0,0.0,0.9696969696969697,0.9696969696969697,False,False
Joey Lawrence,Edyta Sliwinska,Actor/Actress,Pennsylvania,United States,30,3rd Place,3,27.0,9.0,3.0,8,3,4,5,single_elimination,False,0.13636363636363635,0.12490675837341667,3.0,0.26127039473705305,6.0,6.0,7.0,0.0,0.0,0.0,0.9696969696969697,0.9696969696969697,False,False
Emmitt Smith,Cheryl Burke,Athlete,Florida,United States,37,1st Place,1,24.0,8.0,4.0,8,3,4,5,single_elimination,False,0.12121212121212122,0.1248987849786299,5.0,0.2461109061907511,4.0,9.0,2.0,-1.0,1.0,0.0,0.9696969696969697,0.9696969696969697,False,False
Monique Coleman,Louis van Amstel,Actor/Actress,South Carolina,United States,25,Eliminated Week 8,4,24.0,8.0,4.0,8,3,4,5,single_elimination,False,0.12121212121212122,0.1248987849786299,5.0,0.2461109061907511,4.0,9.0,2.0,-1.0,1.0,0.0,0.9696969696969697,0.9696969696969697,False,False
Vivica A. Fox,Nick Kosovich,Actor/Actress,Indiana,United States,42,Eliminated Week 4,8,24.0,8.0,4.0,8,3,4,5,single_elimination,True,0.12121212121212122,0.11506600324649546,8.0,0.23627812445861668,1.0,12.0,1.0,-4.0,4.0,0.0,0.12878787878787878,0.12878787878787878,True,True
Jerry Springer,Kym Johnson,TV Personality,,England,62,Eliminated Week 7,5,22.0,7.333333333333333,7.0,8,3,4,5,single_elimination,False,0.1111111111111111,0.12516749822065007,2.0,0.23627860933176117,3.0,9.0,2.0,5.0,5.0,0.01010101010101011,0.9797979797979798,0.9696969696969697,False,False
Sara Evans,Tony Dovolani,Singer/Rapper,Missouri,United States,35,Withdrew,6,20.0,6.666666666666667,8.0,8,3,4,5,single_elimination,False,0.10101010101010101,0.13526802572838637,1.0,0.23627812673848736,2.0,9.0,2.0,7.0,7.0,0.020202020202020207,0.9898989898989898,0.9696969696969696,False,False
Emmitt Smith,Cheryl Burke,Athlete,Florida,United States,37,1st Place,1,27.0,9.0,1.0,7,3,5,6,multi_elimination,False,0.14917127071823205,0.14278274098247667,4.0,0.2919540117007087,5.0,5.0,5.0,-3.0,3.0,0.0,0.9723756906077348,0.9723756906077348,False,False
Mario Lopez,Karina Smirnoff,Actor/Actress,California,United States,32,2nd Place,2,27.0,9.0,1.0,7,3,5,6,multi_elimination,False,0.14917127071823205,0.14278274098247667,4.0,0.2919540117007087,5.0,5.0,5.0,-3.0,3.0,0.0,0.9723756906077348,0.9723756906077348,False,False
Monique Coleman,Louis van Amstel,Actor/Actress,South Carolina,United States,25,Eliminated Week 8,4,27.0,9.0,1.0,7,3,5,6,multi_elimination,False,0.14917127071823205,0.14278274098247667,4.0,0.2919540117007087,5.0,5.0,5.0,-3.0,3.0,0.0,0.9723756906077348,0.9723756906077348,False,False
Willa Ford,Maksim Chmerkoskiy,Singer/Rapper,Florida,United States,25,Eliminated Week 5,7,27.0,9.0,1.0,7,3,5,6,multi_elimination,True,0.14917127071823205,0.13374644949445802,7.0,0.28291772021269007,2.0,8.0,2.0,-6.0,6.0,0.0,0.16206261510128914,0.16206261510128914,True,True
Joey Lawrence,Edyta Sliwinska,Actor/Actress,Pennsylvania,United States,30,3rd Place,3,25.0,8.333333333333334,5.0,7,3,5,6,multi_elimination,False,0.13812154696132597,0.14479622859162536,2.0,0.28291777555295133,4.0,7.0,3.0,3.0,3.0,0.011049723756906077,0.9834254143646408,0.9723756906077348,False,False
Jerry Springer,Kym Johnson,TV Personality,,England,62,Eliminated Week 7,5,24.0,8.0,6.0,7,3,5,6,multi_elimination,False,0.13259668508287292,0.15032104689400103,1.0,0.282917731976874,3.0,7.0,3.0,5.0,5.0,0.01657458563535913,0.988950276243094,0.9723756906077348,False,False
Sara Evans,Tony Dovolani,Singer/Rapper,Missouri,United States,35,Withdrew,6,24.0,8.0,6.0,7,3,5,6,multi_elimination,True,0.13259668508287292,0.14278805101351258,3.0,0.2753847360963855,1.0,9.0,1.0,3.0,3.0,0.0,0.17587476979742175,0.17587476979742175,True,True
Emmitt Smith,Cheryl Burke,Athlete,Florida,United States,37,1st Place,1,28.5,9.5,1.0,5,3,7,8,single_elimination,False,0.2111111111111111,0.20000465458757688,1.0,0.411115765698688,4.0,2.0,4.0,0.0,0.0,0.0,1.0,1.0,False,False
Joey Lawrence,Edyta Sliwinska,Actor/Actress,Pennsylvania,United States,30,3rd Place,3,28.5,9.5,1.0,5,3,7,8,single_elimination,False,0.2111111111111111,0.20000465458757688,1.0,0.411115765698688,4.0,2.0,4.0,0.0,0.0,0.0,1.0,1.0,False,False
Mario Lopez,Karina Smirnoff,Actor/Actress,California,United States,32,2nd Place,2,28.0,9.333333333333334,3.0,5,3,7,8,single_elimination,False,0.2074074074074074,0.20000367246257822,3.0,0.4074110798699856,3.0,6.0,3.0,0.0,0.0,0.0,1.0,1.0,False,False
Monique Coleman,Louis van Amstel,Actor/Actress,South Carolina,United States,25,Eliminated Week 8,4,27.0,9.0,4.0,5,3,7,8,single_elimination,False,0.2,0.1999952388520253,4.0,0.3999952388520253,2.0,8.0,2.0,0.0,0.0,0.0,1.0,1.0,False,False
Jerry Springer,Kym Johnson,TV Personality,,England,62,Eliminated Week 7,5,23.0,7.666666666666667,5.0,5,3,7,8,single_elimination,True,0.17037037037037037,0.19999177789926337,5.0,0.37036214826963376,1.0,10.0,1.0,0.0,0.0,0.0,0.22962962962962963,0.22962962962962963,True,True
Mario Lopez,Karina Smirnoff,Actor/Actress,California,United States,32,2nd Place,2,28.5,9.5,1.0,4,3,8,9,single_elimination,False,0.26146788990825687,0.25000389376662513,2.0,0.511471783674882,4.0,3.0,3.0,-1.0,1.0,0.0,1.0,1.0,False,False
Emmitt Smith,Cheryl Burke,Athlete,Florida,United States,37,1st Place,1,27.0,9.0,2.0,4,3,8,9,single_elimination,False,0.24770642201834864,0.25001113521115975,1.0,0.4977175572295084,3.0,3.0,3.0,1.0,1.0,0.0,1.0,1.0,False,False
Joey Lawrence,Edyta Sliwinska,Actor/Actress,Pennsylvania,United States,30,3rd Place,3,27.0,9.0,2.0,4,3,8,9,single_elimination,False,0.24770642201834864,0.24998164912551965,4.0,0.49768807114386826,2.0,6.0,2.0,-2.0,2.0,0.0,1.0,1.0,False,False
Monique Coleman,Louis van Amstel,Actor/Actress,South Carolina,United States,25,Eliminated Week 8,4,26.5,8.833333333333334,4.0,4,3,8,9,single_elimination,True,0.24311926605504589,0.25000331949801513,3.0,0.493122585553061,1.0,7.0,1.0,1.0,1.0,0.0,0.25688073394495414,0.25688073394495414,True,True
Emmitt Smith,Cheryl Burke,Athlete,Florida,United States,37,1st Place,1,29.5,9.833333333333334,1.0,3,3,9,10,single_elimination,False,0.3333333333333333,0.3333478304878541,1.0,0.6666811638211874,3.0,2.0,3.0,0.0,0.0,0.0,1.0,1.0,False,False
Joey Lawrence,Edyta Sliwinska,Actor/Actress,Pennsylvania,United States,30,3rd Place,3,29.5,9.833333333333334,1.0,3,3,9,10,single_elimination,True,0.3333333333333333,0.3333139619293182,3.0,0.6666472952626515,1.0,4.0,1.0,-2.0,2.0,0.0,0.3333333333333333,0.3333333333333333,True,True
Mario Lopez,Karina Smirnoff,Actor/Actress,California,United States,32,2nd Place,2,29.5,9.833333333333334,1.0,3,3,9,10,single_elimination,False,0.3333333333333333,0.33333820550986504,2.0,0.6666715388431983,2.0,3.0,2.0,-1.0,1.0,0.0,1.0,1.0,False,False
Laila Ali,Maksim Chmerkoskiy,Athlete,Florida,United States,29,3rd Place,3,27.0,9.0,1.0,11,4,2,3,single_elimination,False,0.11020408163265306,0.09087229160896622,6.0,0.20107637324161928,11.0,7.0,8.0,-5.0,5.0,0.0,0.983673469387755,0.983673469387755,False,False
Apolo Anton Ohno,Julianne Hough,Athlete,Washington,United States,24,1st Place,1,26.0,8.666666666666666,2.0,11,4,2,3,single_elimination,False,0.10612244897959183,0.09088079974942594,2.0,0.19700324872901775,10.0,4.0,11.0,0.0,0.0,0.0,0.983673469387755,0.983673469387755,False,False
Heather Mills,Jonathan Roberts,Model,,England,39,Eliminated Week 6,7,24.0,8.0,3.0,11,4,2,3,single_elimination,False,0.09795918367346938,0.09087314110563956,4.0,0.18883232477910894,8.0,7.0,8.0,-1.0,1.0,0.0,0.983673469387755,0.983673469387755,False,False
Joey Fatone,Kym Johnson,Singer/Rapper,New York,United States,30,2nd Place,2,24.0,8.0,3.0,11,4,2,3,single_elimination,False,0.09795918367346938,0.09087314110563956,4.0,0.18883232477910894,8.0,7.0,8.0,-1.0,1.0,0.0,0.983673469387755,0.983673469387755,False,False
Ian Ziering,Cheryl Burke,Actor/Actress,New Jersey,United States,42,Eliminated Week 9,4,22.0,7.333333333333333,5.0,11,4,2,3,single_elimination,False,0.08979591836734693,0.09087755932560919,3.0,0.1806734776929561,7.0,8.0,7.0,2.0,2.0,0.0,0.983673469387755,0.983673469387755,False,False
Billy Ray Cyrus,Karina Smirnoff,Singer/Rapper,Kentucky,United States,45,Eliminated Week 8,5,21.0,7.0,6.0,11,4,2,3,single_elimination,False,0.08571428571428572,0.09086467974649097,8.0,0.17657896546077667,4.0,14.0,3.0,-2.0,2.0,0.0,0.983673469387755,0.983673469387755,False,False
John Ratzenberger,Edyta Sliwinska,Actor/Actress,Connecticut,United States,59,Eliminated Week 7,6,21.0,7.0,6.0,11,4,2,3,single_elimination,False,0.08571428571428572,0.09086467974649097,8.0,0.17657896546077667,4.0,14.0,3.0,-2.0,2.0,0.0,0.983673469387755,0.983673469387755,False,False
Leeza Gibbons,Tony Dovolani,TV Personality,South Carolina,United States,50,Eliminated Week 4,9,21.0,7.0,6.0,11,4,2,3,single_elimination,False,0.08571428571428572,0.09086467974649097,8.0,0.17657896546077667,4.0,14.0,3.0,-2.0,2.0,0.0,0.983673469387755,0.983673469387755,False,False
Paulina Porizkova,Alec Mazo,Model,,Czechoslovakia,41,Eliminated Week 2,11,21.0,7.0,6.0,11,4,2,3,single_elimination,True,0.08571428571428572,0.0849570753284807,11.0,0.17067136104276642,1.0,17.0,1.0,-5.0,5.0,0.0,0.0961038961038961,0.0961038961038961,True,True
Shandi Finnessey,Brian Fortuna,Beauty Pagent,Missouri,United States,28,Eliminated Week 3,10,20.0,6.666666666666667,10.0,11,4,2,3,single_elimination,False,0.08163265306122448,0.09086997174489923,7.0,0.17250262480612372,3.0,17.0,1.0,3.0,3.0,0.004081632653061232,0.9877551020408163,0.983673469387755,False,False
Clyde Drexler,Elena Grinenko,Athlete,Louisiana,United States,44,Eliminated Week 5,8,18.0,6.0,11.0,11,4,2,3,single_elimination,False,0.07346938775510205,0.09720197998333606,1.0,0.1706713677384381,2.0,12.0,6.0,10.0,10.0,0.012244897959183668,0.9959183673469387,0.983673469387755,False,False
Heather Mills,Jonathan Roberts,Model,,England,39,Eliminated Week 6,7,24.0,8.0,1.0,10,4,3,4,single_elimination,False,0.11009174311926606,0.09986976946514863,2.0,0.2099615125844147,7.0,3.0,7.0,-1.0,1.0,0.0,0.9724770642201835,0.9724770642201835,False,False
Ian Ziering,Cheryl Burke,Actor/Actress,New Jersey,United States,42,Eliminated Week 9,4,24.0,8.0,1.0,10,4,3,4,single_elimination,False,0.11009174311926606,0.09986976946514863,2.0,0.2099615125844147,7.0,3.0,7.0,-1.0,1.0,0.0,0.9724770642201835,0.9724770642201835,False,False
Joey Fatone,Kym Johnson,Singer/Rapper,New York,United States,30,2nd Place,2,24.0,8.0,1.0,10,4,3,4,single_elimination,False,0.11009174311926606,0.09986976946514863,2.0,0.2099615125844147,7.0,3.0,7.0,-1.0,1.0,0.0,0.9724770642201835,0.9724770642201835,False,False
Leeza Gibbons,Tony Dovolani,TV Personality,South Carolina,United States,50,Eliminated Week 4,9,24.0,8.0,1.0,10,4,3,4,single_elimination,False,0.11009174311926606,0.09986976946514863,2.0,0.2099615125844147,7.0,3.0,7.0,-1.0,1.0,0.0,0.9724770642201835,0.9724770642201835,False,False
Apolo Anton Ohno,Julianne Hough,Athlete,Washington,United States,24,1st Place,1,23.0,7.666666666666667,5.0,10,4,3,4,single_elimination,False,0.10550458715596331,0.09986706072622538,8.0,0.2053716478821887,6.0,13.0,3.0,-3.0,3.0,0.0,0.9724770642201835,0.9724770642201835,False,False
Billy Ray Cyrus,Karina Smirnoff,Singer/Rapper,Kentucky,United States,45,Eliminated Week 8,5,21.0,7.0,6.0,10,4,3,4,single_elimination,False,0.0963302752293578,0.09986929554552644,6.0,0.19619957077488426,4.0,12.0,4.0,0.0,0.0,0.0,0.9724770642201835,0.9724770642201835,False,False
Laila Ali,Maksim Chmerkoskiy,Athlete,Florida,United States,29,3rd Place,3,21.0,7.0,6.0,10,4,3,4,single_elimination,False,0.0963302752293578,0.09986929554552644,6.0,0.19619957077488426,4.0,12.0,4.0,0.0,0.0,0.0,0.9724770642201835,0.9724770642201835,False,False
Shandi Finnessey,Brian Fortuna,Beauty Pagent,Missouri,United States,28,Eliminated Week 3,10,21.0,7.0,6.0,10,4,3,4,single_elimination,True,0.0963302752293578,0.08905946816083524,10.0,0.18538974339019304,1.0,16.0,2.0,-4.0,4.0,0.0,0.10366972477064222,0.10366972477064222,True,False
John Ratzenberger,Edyta Sliwinska,Actor/Actress,Connecticut,United States,59,Eliminated Week 7,6,20.0,6.666666666666667,9.0,10,4,3,4,single_elimination,False,0.09174311926605505,0.0998605503702147,9.0,0.19160366963626974,3.0,18.0,1.0,0.0,0.0,0.0045871559633027525,0.9770642201834863,0.9724770642201835,False,True
Clyde Drexler,Elena Grinenko,Athlete,Louisiana,United States,44,Eliminated Week 5,8,16.0,5.333333333333333,10.0,10,4,3,4,single_elimination,False,0.07339449541284404,0.11199525077208548,1.0,0.18538974618492954,2.0,11.0,6.0,9.0,9.0,0.022935779816513763,0.9954128440366973,0.9724770642201835,False,False
Joey Fatone,Kym Johnson,Singer/Rapper,New York,United States,30,2nd Place,2,28.0,9.333333333333334,1.0,9,4,4,5,single_elimination,False,0.14736842105263157,0.1111155075014647,2.0,0.2584839285540963,9.0,3.0,9.0,-1.0,1.0,0.0,0.9947368421052631,0.9947368421052631,False,False
Apolo Anton Ohno,Julianne Hough,Athlete,Washington,United States,24,1st Place,1,26.0,8.666666666666666,2.0,9,4,4,5,single_elimination,False,0.1368421052631579,0.11109535614503656,8.0,0.24793746140819445,8.0,10.0,3.0,-6.0,6.0,0.0,0.9947368421052631,0.9947368421052631,False,False
Ian Ziering,Cheryl Burke,Actor/Actress,New Jersey,United States,42,Eliminated Week 9,4,24.0,8.0,3.0,9,4,4,5,single_elimination,False,0.12631578947368421,0.11109606476248642,7.0,0.23741185423617062,7.0,10.0,3.0,-4.0,4.0,0.0,0.9947368421052631,0.9947368421052631,False,False
Heather Mills,Jonathan Roberts,Model,,England,39,Eliminated Week 6,7,23.0,7.666666666666667,4.0,9,4,4,5,single_elimination,False,0.12105263157894737,0.11109760629751025,6.0,0.2321502378764576,6.0,10.0,3.0,-2.0,2.0,0.0,0.9947368421052631,0.9947368421052631,False,False
Billy Ray Cyrus,Karina Smirnoff,Singer/Rapper,Kentucky,United States,45,Eliminated Week 8,5,21.0,7.0,5.0,9,4,4,5,single_elimination,False,0.11052631578947368,0.11110982641263055,3.0,0.22163614220210423,4.0,8.0,7.0,2.0,2.0,0.0,0.9947368421052631,0.9947368421052631,False,False
Laila Ali,Maksim Chmerkoskiy,Athlete,Florida,United States,29,3rd Place,3,21.0,7.0,5.0,9,4,4,5,single_elimination,False,0.11052631578947368,0.11110982641263055,3.0,0.22163614220210423,4.0,8.0,7.0,2.0,2.0,0.0,0.9947368421052631,0.9947368421052631,False,False
John Ratzenberger,Edyta Sliwinska,Actor/Actress,Connecticut,United States,59,Eliminated Week 7,6,16.0,5.333333333333333,7.0,9,4,4,5,single_elimination,False,0.08421052631578947,0.11110560793215808,5.0,0.19531613424794755,3.0,12.0,2.0,2.0,2.0,0.0,0.9947368421052631,0.9947368421052631,False,False
Leeza Gibbons,Tony Dovolani,TV Personality,South Carolina,United States,50,Eliminated Week 4,9,16.0,5.333333333333333,7.0,9,4,4,5,single_elimination,True,0.08421052631578947,0.10850351110927817,9.0,0.19271403742506765,1.0,16.0,1.0,-2.0,2.0,0.0,0.13801169590643275,0.13801169590643275,True,True
Clyde Drexler,Elena Grinenko,Athlete,Louisiana,United States,44,Eliminated Week 5,8,15.0,5.0,9.0,9,4,4,5,single_elimination,False,0.07894736842105263,0.11376669242672378,1.0,0.19271406084777642,2.0,10.0,3.0,8.0,8.0,0.005263157894736845,1.0,0.9947368421052631,False,False
Apolo Anton Ohno,Julianne Hough,Athlete,Washington,United States,24,1st Place,1,30.0,10.0,1.0,8,4,5,6,single_elimination,False,0.17045454545454544,0.12498782030016821,8.0,0.29544236575471367,8.0,9.0,4.0,-7.0,7.0,0.0,1.0,1.0,False,False
Laila Ali,Maksim Chmerkoskiy,Athlete,Florida,United States,29,3rd Place,3,28.0,9.333333333333334,2.0,8,4,5,6,single_elimination,False,0.1590909090909091,0.12501086645360715,2.0,0.2841017755445162,7.0,4.0,8.0,0.0,0.0,0.0,1.0,1.0,False,False
Joey Fatone,Kym Johnson,Singer/Rapper,New York,United States,30,2nd Place,2,25.0,8.333333333333334,3.0,8,4,5,6,single_elimination,False,0.14204545454545456,0.12499097185304713,6.0,0.26703642639850167,6.0,9.0,4.0,-3.0,3.0,0.0,1.0,1.0,False,False
Ian Ziering,Cheryl Burke,Actor/Actress,New Jersey,United States,42,Eliminated Week 9,4,24.0,8.0,4.0,8,4,5,6,single_elimination,False,0.13636363636363635,0.1250122155471092,1.0,0.2613758519107455,5.0,5.0,7.0,3.0,3.0,0.0,1.0,1.0,False,False
Heather Mills,Jonathan Roberts,Model,,England,39,Eliminated Week 6,7,21.0,7.0,5.0,8,4,5,6,single_elimination,False,0.11931818181818182,0.12500737712542873,3.0,0.24432555894361055,4.0,8.0,6.0,2.0,2.0,0.0,1.0,1.0,False,False
John Ratzenberger,Edyta Sliwinska,Actor/Actress,Connecticut,United States,59,Eliminated Week 7,6,18.0,6.0,6.0,8,4,5,6,single_elimination,False,0.10227272727272728,0.12500022644787315,5.0,0.2272729537206004,3.0,11.0,3.0,1.0,1.0,0.0,1.0,1.0,False,False
Billy Ray Cyrus,Karina Smirnoff,Singer/Rapper,Kentucky,United States,45,Eliminated Week 8,5,17.0,5.666666666666667,7.0,8,4,5,6,single_elimination,False,0.09659090909090909,0.1249895212945409,7.0,0.22158043038545,2.0,14.0,1.0,0.0,0.0,0.0,1.0,1.0,False,True
Clyde Drexler,Elena Grinenko,Athlete,Louisiana,United States,44,Eliminated Week 5,8,13.0,4.333333333333333,8.0,8,4,5,6,single_elimination,True,0.07386363636363637,0.12500099974911744,4.0,0.1988646361127538,1.0,12.0,2.0,4.0,4.0,0.0,0.17613636363636362,0.17613636363636362,True,False
Apolo Anton Ohno,Julianne Hough,Athlete,Washington,United States,24,1st Place,1,28.0,9.333333333333334,1.0,7,4,6,7,single_elimination,False,0.16470588235294117,0.14271460442693232,5.0,0.3074204867798735,6.0,6.0,5.0,-4.0,4.0,0.0,0.9647058823529412,0.9647058823529412,False,False
Laila Ali,Maksim Chmerkoskiy,Athlete,Florida,United States,29,3rd Place,3,28.0,9.333333333333334,1.0,7,4,6,7,single_elimination,False,0.16470588235294117,0.14271460442693232,5.0,0.3074204867798735,6.0,6.0,5.0,-4.0,4.0,0.0,0.9647058823529412,0.9647058823529412,False,False
Joey Fatone,Kym Johnson,Singer/Rapper,New York,United States,30,2nd Place,2,27.0,9.0,3.0,7,4,6,7,single_elimination,False,0.1588235294117647,0.14272368027918553,3.0,0.3015472096909502,5.0,6.0,5.0,0.0,0.0,0.0,0.9647058823529412,0.9647058823529412,False,False
Ian Ziering,Cheryl Burke,Actor/Actress,New Jersey,United States,42,Eliminated Week 9,4,24.0,8.0,4.0,7,4,6,7,single_elimination,False,0.1411764705882353,0.14271571315247902,4.0,0.28389218374071434,4.0,8.0,2.0,0.0,0.0,0.0,0.9647058823529412,0.9647058823529412,False,False
Heather Mills,Jonathan Roberts,Model,,England,39,Eliminated Week 6,7,23.0,7.666666666666667,5.0,7,4,6,7,single_elimination,True,0.13529411764705881,0.13127889809010043,7.0,0.26657301573715925,1.0,12.0,1.0,-2.0,2.0,0.0,0.15042016806722688,0.15042016806722688,True,True
Billy Ray Cyrus,Karina Smirnoff,Singer/Rapper,Kentucky,United States,45,Eliminated Week 8,5,21.0,7.0,6.0,7,4,6,7,single_elimination,False,0.12352941176470589,0.14304418261779117,2.0,0.26657359438249706,3.0,8.0,2.0,4.0,4.0,0.011764705882352927,0.9764705882352941,0.9647058823529412,False,False
John Ratzenberger,Edyta Sliwinska,Actor/Actress,Connecticut,United States,59,Eliminated Week 7,6,19.0,6.333333333333333,7.0,7,4,6,7,single_elimination,False,0.11176470588235295,0.1548083161151775,1.0,0.26657302199753047,2.0,8.0,2.0,6.0,6.0,0.023529411764705868,0.9882352941176471,0.9647058823529412,False,False
Joey Fatone,Kym Johnson,Singer/Rapper,New York,United States,30,2nd Place,2,29.5,9.833333333333334,1.0,6,4,7,8,single_elimination,False,0.19093851132686085,0.16654060000348264,2.0,0.3574791113303435,5.0,3.0,5.0,-1.0,1.0,0.0,0.9773462783171522,0.9773462783171522,False,False
Laila Ali,Maksim Chmerkoskiy,Athlete,Florida,United States,29,3rd Place,3,29.5,9.833333333333334,1.0,6,4,7,8,single_elimination,False,0.19093851132686085,0.16654060000348264,2.0,0.3574791113303435,5.0,3.0,5.0,-1.0,1.0,0.0,0.9773462783171522,0.9773462783171522,False,False
Apolo Anton Ohno,Julianne Hough,Athlete,Washington,United States,24,1st Place,1,27.0,9.0,3.0,6,4,7,8,single_elimination,False,0.17475728155339806,0.16653149794977995,4.0,0.34128877950317804,3.0,7.0,2.0,-1.0,1.0,0.0,0.9773462783171522,0.9773462783171522,False,False
Ian Ziering,Cheryl Burke,Actor/Actress,New Jersey,United States,42,Eliminated Week 9,4,27.0,9.0,3.0,6,4,7,8,single_elimination,False,0.17475728155339806,0.16653149794977995,4.0,0.34128877950317804,3.0,7.0,2.0,-1.0,1.0,0.0,0.9773462783171522,0.9773462783171522,False,False
John Ratzenberger,Edyta Sliwinska,Actor/Actress,Connecticut,United States,59,Eliminated Week 7,6,22.5,7.5,5.0,6,4,7,8,single_elimination,True,0.14563106796116504,0.1556010378935662,6.0,0.30123210585473126,1.0,11.0,1.0,-1.0,1.0,0.0,0.18770226537216833,0.18770226537216833,True,True
Billy Ray Cyrus,Karina Smirnoff,Singer/Rapper,Kentucky,United States,45,Eliminated Week 8,5,19.0,6.333333333333333,6.0,6,4,7,8,single_elimination,False,0.12297734627831715,0.17825476552802566,1.0,0.3012321118063428,2.0,7.0,2.0,5.0,5.0,0.02265372168284789,1.0,0.9773462783171522,False,False
Apolo Anton Ohno,Julianne Hough,Athlete,Washington,United States,24,1st Place,1,29.0,9.666666666666666,1.0,5,4,8,9,single_elimination,False,0.23107569721115537,0.20000438032795514,2.0,0.4310800775391105,5.0,3.0,5.0,-1.0,1.0,0.0,1.0,1.0,False,False
Joey Fatone,Kym Johnson,Singer/Rapper,New York,United States,30,2nd Place,2,27.5,9.166666666666666,2.0,5,4,8,9,single_elimination,False,0.21912350597609562,0.19999716782055485,3.0,0.41912067379665047,4.0,5.0,4.0,-1.0,1.0,0.0,1.0,1.0,False,False
Laila Ali,Maksim Chmerkoskiy,Athlete,Florida,United States,29,3rd Place,3,26.5,8.833333333333334,3.0,5,4,8,9,single_elimination,False,0.21115537848605578,0.1999890747382235,5.0,0.4111444532242793,3.0,8.0,1.0,-2.0,2.0,0.0,1.0,1.0,False,True
Ian Ziering,Cheryl Burke,Actor/Actress,New Jersey,United States,42,Eliminated Week 9,4,23.5,7.833333333333333,4.0,5,4,8,9,single_elimination,False,0.18725099601593626,0.19999126632630235,4.0,0.3872422623422386,2.0,8.0,1.0,0.0,0.0,0.0,1.0,1.0,False,False
Billy Ray Cyrus,Karina Smirnoff,Singer/Rapper,Kentucky,United States,45,Eliminated Week 8,5,19.0,6.333333333333333,5.0,5,4,8,9,single_elimination,True,0.15139442231075698,0.2000181093153216,1.0,0.35141253162607855,1.0,6.0,3.0,4.0,4.0,0.0,0.248605577689243,0.248605577689243,True,False
Joey Fatone,Kym Johnson,Singer/Rapper,New York,United States,30,2nd Place,2,30.0,10.0,1.0,4,4,9,10,single_elimination,False,0.25316455696202533,0.2500066498382924,1.0,0.5031712068003178,3.0,2.0,3.0,0.0,0.0,0.0,1.0,1.0,False,False
Laila Ali,Maksim Chmerkoskiy,Athlete,Florida,United States,29,3rd Place,3,30.0,10.0,1.0,4,4,9,10,single_elimination,False,0.25316455696202533,0.2500066498382924,1.0,0.5031712068003178,3.0,2.0,3.0,0.0,0.0,0.0,1.0,1.0,False,False
Apolo Anton Ohno,Julianne Hough,Athlete,Washington,United States,24,1st Place,1,29.5,9.833333333333334,3.0,4,4,9,10,single_elimination,False,0.2489451476793249,0.24999369102941366,3.0,0.49893883870873856,2.0,6.0,2.0,0.0,0.0,0.0,1.0,1.0,False,False
Ian Ziering,Cheryl Burke,Actor/Actress,New Jersey,United States,42,Eliminated Week 9,4,29.0,9.666666666666666,4.0,4,4,9,10,single_elimination,True,0.24472573839662448,0.24999300737329844,4.0,0.4947187457699229,1.0,8.0,1.0,0.0,0.0,0.0,0.2552742616033755,0.2552742616033755,True,True
Sabrina Bryan,Mark Ballas,Actor/Actress,California,United States,23,Eliminated Week 6,7,26.0,8.666666666666666,1.0,12,5,1,2,single_elimination,False,0.10116731517509728,0.08333102648917451,10.0,0.1844983416642718,12.0,11.0,4.0,-9.0,9.0,0.0,1.0,1.0,False,False
Helio Castroneves,Julianne Hough,Racing Driver,,Brazil,32,1st Place,1,25.0,8.333333333333334,2.0,12,5,1,2,single_elimination,False,0.09727626459143969,0.08333003516551696,11.0,0.18060629975695663,11.0,13.0,3.0,-9.0,9.0,0.0,1.0,1.0,False,False
Jane Seymour,Tony Dovolani,Actor/Actress,,England,56,Eliminated Week 7,6,24.0,8.0,3.0,12,5,1,2,single_elimination,False,0.0933852140077821,0.08333410906854127,8.0,0.17671932307632338,9.0,11.0,4.0,-5.0,5.0,0.0,1.0,1.0,False,False
Mel B,Maksim Chmerkoskiy,Singer/Rapper,,England,32,2nd Place,2,24.0,8.0,3.0,12,5,1,2,single_elimination,False,0.0933852140077821,0.08333410906854127,8.0,0.17671932307632338,9.0,11.0,4.0,-5.0,5.0,0.0,1.0,1.0,False,False
Albert Reed,Anna Trebunskaya,Model,Florida,United States,22,Eliminated Week 2,11,21.0,7.0,5.0,12,5,1,2,single_elimination,False,0.08171206225680934,0.0833345045116111,3.0,0.16504656676842044,4.0,8.0,8.0,2.0,2.0,0.0,1.0,1.0,False,False
Cameron Mathison,Edyta Sliwinska,Actor/Actress,,Canada,38,Eliminated Week 8,5,21.0,7.0,5.0,12,5,1,2,single_elimination,False,0.08171206225680934,0.0833345045116111,3.0,0.16504656676842044,4.0,8.0,8.0,2.0,2.0,0.0,1.0,1.0,False,False
Jennie Garth,Derek Hough,Actor/Actress,Illinois,United States,35,Eliminated Week 9,4,21.0,7.0,5.0,12,5,1,2,single_elimination,False,0.08171206225680934,0.0833345045116111,3.0,0.16504656676842044,4.0,8.0,8.0,2.0,2.0,0.0,1.0,1.0,False,False
Marie Osmond,Jonathan Roberts,Singer/Rapper,Utah,United States,47,3rd Place,3,21.0,7.0,5.0,12,5,1,2,single_elimination,False,0.08171206225680934,0.0833345045116111,3.0,0.16504656676842044,4.0,8.0,8.0,2.0,2.0,0.0,1.0,1.0,False,False
Mark Cuban,Kym Johnson,TV Personality,Pennsylvania,United States,49,Eliminated Week 5,8,21.0,7.0,5.0,12,5,1,2,single_elimination,False,0.08171206225680934,0.0833345045116111,3.0,0.16504656676842044,4.0,8.0,8.0,2.0,2.0,0.0,1.0,1.0,False,False
Wayne Newton,Cheryl Burke,Singer/Rapper,Virginia,United States,65,Eliminated Week 3,10,19.0,6.333333333333333,10.0,12,5,1,2,single_elimination,False,0.07392996108949416,0.08334048146052635,1.0,0.1572704425500205,3.0,11.0,4.0,9.0,9.0,0.0,1.0,1.0,False,False
Floyd Mayweather Jr. ,Karina Smirnoff,Athlete,Michigan,United States,30,Eliminated Week 4,9,18.0,6.0,11.0,12,5,1,2,single_elimination,False,0.07003891050583658,0.08332062595856943,12.0,0.153359536464406,2.0,23.0,1.0,-1.0,1.0,0.0,1.0,1.0,False,True
Josie Maran,Alec Mazo,Model,California,United States,29,Eliminated Week 1,12,16.0,5.333333333333333,12.0,12,5,1,2,single_elimination,True,0.0622568093385214,0.08333708878296611,2.0,0.1455938981214875,1.0,14.0,2.0,10.0,10.0,0.0,0.10440985732814523,0.10440985732814523,True,False
Helio Castroneves,Julianne Hough,Racing Driver,,Brazil,32,1st Place,1,27.0,9.0,1.0,11,5,2,3,single_elimination,False,0.1134453781512605,0.09074160921344283,9.0,0.20418698736470334,11.0,10.0,6.0,-8.0,8.0,0.0,0.9621848739495797,0.9621848739495797,False,False
Sabrina Bryan,Mark Ballas,Actor/Actress,California,United States,23,Eliminated Week 6,7,26.0,8.666666666666666,2.0,11,5,2,3,single_elimination,False,0.1092436974789916,0.09073760527440004,10.0,0.19998130275339165,10.0,12.0,2.0,-8.0,8.0,0.0,0.9621848739495797,0.9621848739495797,False,False
Marie Osmond,Jonathan Roberts,Singer/Rapper,Utah,United States,47,3rd Place,3,24.0,8.0,3.0,11,5,2,3,single_elimination,False,0.10084033613445378,0.09076079661909701,3.0,0.19160113275355078,9.0,6.0,11.0,0.0,0.0,0.0,0.9621848739495797,0.9621848739495797,False,False
Mel B,Maksim Chmerkoskiy,Singer/Rapper,,England,32,2nd Place,2,23.0,7.666666666666667,4.0,11,5,2,3,single_elimination,False,0.09663865546218488,0.09074492836362967,8.0,0.18738358382581455,8.0,12.0,2.0,-4.0,4.0,0.0,0.9621848739495797,0.9621848739495797,False,False
Albert Reed,Anna Trebunskaya,Model,Florida,United States,22,Eliminated Week 2,11,21.0,7.0,5.0,11,5,2,3,single_elimination,True,0.08823529411764706,0.0787308459085999,11.0,0.16696614002624696,1.0,16.0,1.0,-6.0,6.0,0.0,0.09358288770053473,0.09358288770053473,True,True
Cameron Mathison,Edyta Sliwinska,Actor/Actress,,Canada,38,Eliminated Week 8,5,21.0,7.0,5.0,11,5,2,3,single_elimination,False,0.08823529411764706,0.09075180583786414,4.0,0.1789870999555112,4.0,9.0,7.0,1.0,1.0,0.0,0.9621848739495797,0.9621848739495797,False,False
Floyd Mayweather Jr. ,Karina Smirnoff,Athlete,Michigan,United States,30,Eliminated Week 4,9,21.0,7.0,5.0,11,5,2,3,single_elimination,False,0.08823529411764706,0.09075180583786414,4.0,0.1789870999555112,4.0,9.0,7.0,1.0,1.0,0.0,0.9621848739495797,0.9621848739495797,False,False
Jane Seymour,Tony Dovolani,Actor/Actress,,England,56,Eliminated Week 7,6,21.0,7.0,5.0,11,5,2,3,single_elimination,False,0.08823529411764706,0.09075180583786414,4.0,0.1789870999555112,4.0,9.0,7.0,1.0,1.0,0.0,0.9621848739495797,0.9621848739495797,False,False
Jennie Garth,Derek Hough,Actor/Actress,Illinois,United States,35,Eliminated Week 9,4,21.0,7.0,5.0,11,5,2,3,single_elimination,False,0.08823529411764706,0.09075180583786414,4.0,0.1789870999555112,4.0,9.0,7.0,1.0,1.0,0.0,0.9621848739495797,0.9621848739495797,False,False
Mark Cuban,Kym Johnson,TV Personality,Pennsylvania,United States,49,Eliminated Week 5,8,18.0,6.0,10.0,11,5,2,3,single_elimination,False,0.07563025210084033,0.09133605533037441,2.0,0.16696630743121474,3.0,12.0,2.0,8.0,8.0,0.012605042016806733,0.9747899159663865,0.9621848739495797,False,False
Wayne Newton,Cheryl Burke,Singer/Rapper,Virginia,United States,65,Eliminated Week 3,10,15.0,5.0,11.0,11,5,2,3,single_elimination,False,0.06302521008403361,0.10394093462464397,1.0,0.1669661447086776,2.0,12.0,2.0,10.0,10.0,0.025210084033613453,0.9873949579831933,0.9621848739495799,False,False
Jane Seymour,Tony Dovolani,Actor/Actress,,England,56,Eliminated Week 7,6,27.0,9.0,1.0,10,5,3,4,single_elimination,False,0.11297071129707113,0.0999979799616849,5.0,0.21296869125875603,8.0,6.0,8.0,-4.0,4.0,0.0,1.0,1.0,False,False
Mel B,Maksim Chmerkoskiy,Singer/Rapper,,England,32,2nd Place,2,27.0,9.0,1.0,10,5,3,4,single_elimination,False,0.11297071129707113,0.0999979799616849,5.0,0.21296869125875603,8.0,6.0,8.0,-4.0,4.0,0.0,1.0,1.0,False,False
Sabrina Bryan,Mark Ballas,Actor/Actress,California,United States,23,Eliminated Week 6,7,27.0,9.0,1.0,10,5,3,4,single_elimination,False,0.11297071129707113,0.0999979799616849,5.0,0.21296869125875603,8.0,6.0,8.0,-4.0,4.0,0.0,1.0,1.0,False,False
Jennie Garth,Derek Hough,Actor/Actress,Illinois,United States,35,Eliminated Week 9,4,26.0,8.666666666666666,4.0,10,5,3,4,single_elimination,False,0.1087866108786611,0.09999785116483303,8.0,0.20878446204349413,6.0,12.0,3.0,-4.0,4.0,0.0,1.0,1.0,False,False
Marie Osmond,Jonathan Roberts,Singer/Rapper,Utah,United States,47,3rd Place,3,26.0,8.666666666666666,4.0,10,5,3,4,single_elimination,False,0.1087866108786611,0.09999785116483303,8.0,0.20878446204349413,6.0,12.0,3.0,-4.0,4.0,0.0,1.0,1.0,False,False
Helio Castroneves,Julianne Hough,Racing Driver,,Brazil,32,1st Place,1,24.0,8.0,6.0,10,5,3,4,single_elimination,False,0.100418410041841,0.10000694411807681,1.0,0.2004253541599178,5.0,7.0,7.0,5.0,5.0,0.0,1.0,1.0,False,False
Cameron Mathison,Edyta Sliwinska,Actor/Actress,,Canada,38,Eliminated Week 8,5,23.0,7.666666666666667,7.0,10,5,3,4,single_elimination,False,0.09623430962343096,0.10000246216566486,3.0,0.19623677178909582,4.0,10.0,6.0,4.0,4.0,0.0,1.0,1.0,False,False
Floyd Mayweather Jr. ,Karina Smirnoff,Athlete,Michigan,United States,30,Eliminated Week 4,9,21.0,7.0,8.0,10,5,3,4,single_elimination,False,0.08786610878661087,0.09999397972385392,10.0,0.1878600885104648,3.0,18.0,1.0,-2.0,2.0,0.0,1.0,1.0,False,True
Mark Cuban,Kym Johnson,TV Personality,Pennsylvania,United States,49,Eliminated Week 5,8,20.0,6.666666666666667,9.0,10,5,3,4,single_elimination,False,0.08368200836820083,0.10000538835326714,2.0,0.18368739672146797,2.0,11.0,5.0,7.0,7.0,0.0,1.0,1.0,False,False
Wayne Newton,Cheryl Burke,Singer/Rapper,Virginia,United States,65,Eliminated Week 3,10,18.0,6.0,10.0,10,5,3,4,single_elimination,True,0.07531380753138076,0.10000158202960772,4.0,0.17531538956098847,1.0,14.0,2.0,6.0,6.0,0.0,0.12468619246861927,0.12468619246861927,True,False
Sabrina Bryan,Mark Ballas,Actor/Actress,California,United States,23,Eliminated Week 6,7,30.0,10.0,1.0,9,5,4,5,single_elimination,False,0.1282051282051282,0.11110483559437535,5.0,0.23930996379950353,9.0,6.0,6.0,-4.0,4.0,0.0,0.9957264957264957,0.9957264957264957,False,False
Cameron Mathison,Edyta Sliwinska,Actor/Actress,,Canada,38,Eliminated Week 8,5,27.0,9.0,2.0,9,5,4,5,single_elimination,False,0.11538461538461539,0.11111270224857171,2.0,0.2264973176331871,6.0,4.0,7.0,0.0,0.0,0.0,0.9957264957264957,0.9957264957264957,False,False
Helio Castroneves,Julianne Hough,Racing Driver,,Brazil,32,1st Place,1,27.0,9.0,2.0,9,5,4,5,single_elimination,False,0.11538461538461539,0.11111270224857171,2.0,0.2264973176331871,6.0,4.0,7.0,0.0,0.0,0.0,0.9957264957264957,0.9957264957264957,False,False
Jennie Garth,Derek Hough,Actor/Actress,Illinois,United States,35,Eliminated Week 9,4,27.0,9.0,2.0,9,5,4,5,single_elimination,False,0.11538461538461539,0.11111270224857171,2.0,0.2264973176331871,6.0,4.0,7.0,0.0,0.0,0.0,0.9957264957264957,0.9957264957264957,False,False
Jane Seymour,Tony Dovolani,Actor/Actress,,England,56,Eliminated Week 7,6,26.0,8.666666666666666,5.0,9,5,4,5,single_elimination,False,0.1111111111111111,0.11110420011123003,6.0,0.22221531122234112,3.0,11.0,2.0,-1.0,1.0,0.0,0.9957264957264957,0.9957264957264957,False,False
Marie Osmond,Jonathan Roberts,Singer/Rapper,Utah,United States,47,3rd Place,3,26.0,8.666666666666666,5.0,9,5,4,5,single_elimination,False,0.1111111111111111,0.11110420011123003,6.0,0.22221531122234112,3.0,11.0,2.0,-1.0,1.0,0.0,0.9957264957264957,0.9957264957264957,False,False
Mel B,Maksim Chmerkoskiy,Singer/Rapper,,England,32,2nd Place,2,26.0,8.666666666666666,5.0,9,5,4,5,single_elimination,False,0.1111111111111111,0.11110420011123003,6.0,0.22221531122234112,3.0,11.0,2.0,-1.0,1.0,0.0,0.9957264957264957,0.9957264957264957,False,False
Floyd Mayweather Jr. ,Karina Smirnoff,Athlete,Michigan,United States,30,Eliminated Week 4,9,23.0,7.666666666666667,8.0,9,5,4,5,single_elimination,True,0.09829059829059829,0.10898546838400158,9.0,0.20727606667459986,1.0,17.0,1.0,-1.0,1.0,0.0,0.1239316239316239,0.1239316239316239,True,True
Mark Cuban,Kym Johnson,TV Personality,Pennsylvania,United States,49,Eliminated Week 5,8,22.0,7.333333333333333,9.0,9,5,4,5,single_elimination,False,0.09401709401709402,0.11325898803393267,1.0,0.20727608205102668,2.0,10.0,5.0,8.0,8.0,0.004273504273504272,1.0,0.9957264957264957,False,False
Mel B,Maksim Chmerkoskiy,Singer/Rapper,,England,32,2nd Place,2,29.0,9.666666666666666,1.0,8,5,5,6,single_elimination,False,0.1457286432160804,0.1249969186631203,7.0,0.2707255618792007,8.0,8.0,3.0,-6.0,6.0,0.0,1.0,1.0,False,False
Sabrina Bryan,Mark Ballas,Actor/Actress,California,United States,23,Eliminated Week 6,7,28.0,9.333333333333334,2.0,8,5,5,6,single_elimination,False,0.1407035175879397,0.1250013288048164,3.0,0.2657048463927561,7.0,5.0,8.0,-1.0,1.0,0.0,1.0,1.0,False,False
Cameron Mathison,Edyta Sliwinska,Actor/Actress,,Canada,38,Eliminated Week 8,5,26.0,8.666666666666666,3.0,8,5,5,6,single_elimination,False,0.1306532663316583,0.12499755060312344,5.0,0.25565081693478175,5.0,8.0,3.0,-2.0,2.0,0.0,1.0,1.0,False,False
Jane Seymour,Tony Dovolani,Actor/Actress,,England,56,Eliminated Week 7,6,26.0,8.666666666666666,3.0,8,5,5,6,single_elimination,False,0.1306532663316583,0.12499755060312344,5.0,0.25565081693478175,5.0,8.0,3.0,-2.0,2.0,0.0,1.0,1.0,False,False
Jennie Garth,Derek Hough,Actor/Actress,Illinois,United States,35,Eliminated Week 9,4,25.0,8.333333333333334,5.0,8,5,5,6,single_elimination,False,0.12562814070351758,0.12499908747476132,4.0,0.25062722817827887,4.0,9.0,2.0,1.0,1.0,0.0,1.0,1.0,False,False
Helio Castroneves,Julianne Hough,Racing Driver,,Brazil,32,1st Place,1,23.0,7.666666666666667,6.0,8,5,5,6,single_elimination,False,0.11557788944723618,0.1250051522828412,2.0,0.24058304173007738,3.0,8.0,3.0,4.0,4.0,0.0,1.0,1.0,False,False
Marie Osmond,Jonathan Roberts,Singer/Rapper,Utah,United States,47,3rd Place,3,21.0,7.0,7.0,8,5,5,6,single_elimination,False,0.10552763819095477,0.1250068421560751,1.0,0.2305344803470299,2.0,8.0,3.0,6.0,6.0,0.0,1.0,1.0,False,False
Mark Cuban,Kym Johnson,TV Personality,Pennsylvania,United States,49,Eliminated Week 5,8,21.0,7.0,7.0,8,5,5,6,single_elimination,True,0.10552763819095477,0.12499556855436987,8.0,0.23052320674532464,1.0,15.0,1.0,-1.0,1.0,0.0,0.14447236180904527,0.14447236180904527,True,True
Mel B,Maksim Chmerkoskiy,Singer/Rapper,,England,32,2nd Place,2,30.0,10.0,1.0,7,5,6,7,single_elimination,False,0.16666666666666666,0.1427915868951594,4.0,0.30945825356182605,7.0,5.0,6.0,-3.0,3.0,0.0,0.9722222222222221,0.9722222222222221,False,False
Helio Castroneves,Julianne Hough,Racing Driver,,Brazil,32,1st Place,1,28.0,9.333333333333334,2.0,7,5,6,7,single_elimination,False,0.15555555555555556,0.14279160162976218,3.0,0.29834715718531774,6.0,5.0,6.0,-1.0,1.0,0.0,0.9722222222222221,0.9722222222222221,False,False
Jennie Garth,Derek Hough,Actor/Actress,Illinois,United States,35,Eliminated Week 9,4,27.0,9.0,3.0,7,5,6,7,single_elimination,False,0.15,0.14277614758026178,5.0,0.29277614758026177,5.0,8.0,3.0,-2.0,2.0,0.0,0.9722222222222221,0.9722222222222221,False,False
Cameron Mathison,Edyta Sliwinska,Actor/Actress,,Canada,38,Eliminated Week 8,5,25.0,8.333333333333334,4.0,7,5,6,7,single_elimination,False,0.1388888888888889,0.14277429514493534,6.0,0.28166318403382423,4.0,10.0,2.0,-2.0,2.0,0.0,0.9722222222222221,0.9722222222222221,False,False
Sabrina Bryan,Mark Ballas,Actor/Actress,California,United States,23,Eliminated Week 6,7,25.0,8.333333333333334,4.0,7,5,6,7,single_elimination,True,0.1388888888888889,0.13369617757721747,7.0,0.27258506646610636,1.0,11.0,1.0,-3.0,3.0,0.0,0.1468253968253968,0.1468253968253968,True,True
Marie Osmond,Jonathan Roberts,Singer/Rapper,Utah,United States,47,3rd Place,3,23.0,7.666666666666667,6.0,7,5,6,7,single_elimination,False,0.12777777777777777,0.14480734124886036,2.0,0.2725851190266381,3.0,8.0,3.0,4.0,4.0,0.011111111111111127,0.9833333333333333,0.9722222222222221,False,False
Jane Seymour,Tony Dovolani,Actor/Actress,,England,56,Eliminated Week 7,6,22.0,7.333333333333333,7.0,7,5,6,7,single_elimination,False,0.12222222222222222,0.1503628491140937,1.0,0.27258507133631593,2.0,8.0,3.0,6.0,6.0,0.016666666666666677,0.9888888888888889,0.9722222222222222,False,False
Mel B,Maksim Chmerkoskiy,Singer/Rapper,,England,32,2nd Place,2,27.0,9.0,1.0,6,5,7,8,single_elimination,False,0.17307692307692307,0.16666711180552204,3.0,0.3397440348824451,6.0,4.0,5.0,-2.0,2.0,0.0,1.0,1.0,False,False
Jennie Garth,Derek Hough,Actor/Actress,Illinois,United States,35,Eliminated Week 9,4,26.5,8.833333333333334,2.0,6,5,7,8,single_elimination,False,0.16987179487179488,0.16666747043672922,2.0,0.33653926530852407,5.0,4.0,5.0,0.0,0.0,0.0,1.0,1.0,False,False
Helio Castroneves,Julianne Hough,Racing Driver,,Brazil,32,1st Place,1,26.0,8.666666666666666,3.0,6,5,7,8,single_elimination,False,0.16666666666666666,0.1666582385467179,5.0,0.33332490521338454,3.0,8.0,2.0,-2.0,2.0,0.0,1.0,1.0,False,False
Marie Osmond,Jonathan Roberts,Singer/Rapper,Utah,United States,47,3rd Place,3,26.0,8.666666666666666,3.0,6,5,7,8,single_elimination,False,0.16666666666666666,0.1666582385467179,5.0,0.33332490521338454,3.0,8.0,2.0,-2.0,2.0,0.0,1.0,1.0,False,False
Cameron Mathison,Edyta Sliwinska,Actor/Actress,,Canada,38,Eliminated Week 8,5,25.5,8.5,5.0,6,5,7,8,single_elimination,False,0.16346153846153846,0.16668617939228908,1.0,0.33014771785382757,2.0,6.0,4.0,4.0,4.0,0.0,1.0,1.0,False,False
Jane Seymour,Tony Dovolani,Actor/Actress,,England,56,Eliminated Week 7,6,25.0,8.333333333333334,6.0,6,5,7,8,single_elimination,True,0.16025641025641027,0.1666627590371827,4.0,0.326919169293593,1.0,10.0,1.0,2.0,2.0,0.0,0.17307692307692304,0.17307692307692304,True,True
Helio Castroneves,Julianne Hough,Racing Driver,,Brazil,32,1st Place,1,28.5,9.5,1.0,5,5,8,9,single_elimination,False,0.21673003802281368,0.19998465491724107,4.0,0.41671469294005475,5.0,5.0,4.0,-3.0,3.0,0.0,0.9885931558935361,0.9885931558935361,False,False
Mel B,Maksim Chmerkoskiy,Singer/Rapper,,England,32,2nd Place,2,28.0,9.333333333333334,2.0,5,5,8,9,single_elimination,False,0.21292775665399238,0.19999807219772528,3.0,0.4129258288517177,4.0,5.0,4.0,-1.0,1.0,0.0,0.9885931558935361,0.9885931558935361,False,False
Cameron Mathison,Edyta Sliwinska,Actor/Actress,,Canada,38,Eliminated Week 8,5,25.5,8.5,3.0,5,5,8,9,single_elimination,True,0.19391634980988592,0.1962000591273102,5.0,0.3901164089371961,1.0,8.0,1.0,-2.0,2.0,0.0,0.20608365019011407,0.20608365019011407,True,True
Jennie Garth,Derek Hough,Actor/Actress,Illinois,United States,35,Eliminated Week 9,4,25.0,8.333333333333334,4.0,5,5,8,9,single_elimination,False,0.19011406844106463,0.20001254232210186,2.0,0.39012661076316646,3.0,6.0,2.0,2.0,2.0,0.0038022813688212975,0.9923954372623575,0.9885931558935361,False,False
Marie Osmond,Jonathan Roberts,Singer/Rapper,Utah,United States,47,3rd Place,3,24.5,8.166666666666666,5.0,5,5,8,9,single_elimination,False,0.18631178707224336,0.20380466942116846,1.0,0.3901164564934118,2.0,6.0,2.0,4.0,4.0,0.007604562737642567,0.9961977186311787,0.9885931558935361,False,False
Helio Castroneves,Julianne Hough,Racing Driver,,Brazil,32,1st Place,1,30.0,10.0,1.0,4,5,9,10,single_elimination,False,0.2564102564102564,0.2499805483140462,2.0,0.5063908047243026,3.0,3.0,3.0,-1.0,1.0,0.0,0.9914529914529915,0.9914529914529915,False,False
Mel B,Maksim Chmerkoskiy,Singer/Rapper,,England,32,2nd Place,2,30.0,10.0,1.0,4,5,9,10,single_elimination,False,0.2564102564102564,0.2499805483140462,2.0,0.5063908047243026,3.0,3.0,3.0,-1.0,1.0,0.0,0.9914529914529915,0.9914529914529915,False,False
Jennie Garth,Derek Hough,Actor/Actress,Illinois,United States,35,Eliminated Week 9,4,29.0,9.666666666666666,3.0,4,5,9,10,single_elimination,True,0.24786324786324787,0.24574592553533584,4.0,0.4936091733985837,1.0,7.0,1.0,-1.0,1.0,0.0,0.25213675213675213,0.25213675213675213,True,True
Marie Osmond,Jonathan Roberts,Singer/Rapper,Utah,United States,47,3rd Place,3,28.0,9.333333333333334,4.0,4,5,9,10,single_elimination,False,0.23931623931623933,0.25429297702583786,1.0,0.4936092163420772,2.0,5.0,2.0,3.0,3.0,0.008547008547008544,1.0,0.9914529914529915,False,False
Jason Taylor,Edyta Sliwinska,Athlete,Pennsylvania,United States,33,2nd Place,2,27.0,9.0,1.0,12,6,2,3,multi_elimination,False,0.10505836575875487,0.08332769895249519,7.0,0.18838606471125005,11.0,8.0,9.0,-6.0,6.0,0.0,0.9961089494163424,0.9961089494163424,False,False
Kristi Yamaguchi,Mark Ballas,Athlete,California,United States,36,1st Place,1,27.0,9.0,1.0,12,6,2,3,multi_elimination,False,0.10505836575875487,0.08332769895249519,7.0,0.18838606471125005,11.0,8.0,9.0,-6.0,6.0,0.0,0.9961089494163424,0.9961089494163424,False,False
Mario,Karina Smirnoff,Singer/Rapper,Maryland,United States,21,Eliminated Week 8,5,26.0,8.666666666666666,3.0,12,6,2,3,multi_elimination,False,0.10116731517509728,0.0833238456092944,10.0,0.18449116078439168,10.0,13.0,4.0,-7.0,7.0,0.0,0.9961089494163424,0.9961089494163424,False,False
Marlee Matlin,Fabian Sanchez,Actor/Actress,Illinois,United States,42,Eliminated Week 6,7,24.0,8.0,4.0,12,6,2,3,multi_elimination,False,0.0933852140077821,0.08333329762204902,5.0,0.17671851162983113,8.0,9.0,7.0,-1.0,1.0,0.0,0.9961089494163424,0.9961089494163424,False,False
Shannon Elizabeth,Derek Hough,Actor/Actress,Texas,United States,34,Eliminated Week 7,6,24.0,8.0,4.0,12,6,2,3,multi_elimination,False,0.0933852140077821,0.08333329762204902,5.0,0.17671851162983113,8.0,9.0,7.0,-1.0,1.0,0.0,0.9961089494163424,0.9961089494163424,False,False
Marissa Jaret Winokur,Tony Dovolani,Actor/Actress,New York,United States,35,Eliminated Week 9,4,21.0,7.0,6.0,12,6,2,3,multi_elimination,False,0.08171206225680934,0.08333542845490169,2.0,0.16504749071171104,6.0,8.0,9.0,4.0,4.0,0.0,0.9961089494163424,0.9961089494163424,False,False
Priscilla Presley,Louis van Amstel,Actor/Actress,New York,United States,62,Eliminated Week 5,8,21.0,7.0,6.0,12,6,2,3,multi_elimination,False,0.08171206225680934,0.08333542845490169,2.0,0.16504749071171104,6.0,8.0,9.0,4.0,4.0,0.0,0.9961089494163424,0.9961089494163424,False,False
Cristian de la Fuente,Cheryl Burke,Actor/Actress,,Chile,34,3rd Place,3,20.0,6.666666666666667,8.0,12,6,2,3,multi_elimination,False,0.07782101167315175,0.08333399721581056,4.0,0.1611550088889623,5.0,12.0,5.0,4.0,4.0,0.0,0.9961089494163424,0.9961089494163424,False,False
Adam Carolla,Julianne Hough,Radio Personality,California,United States,43,Eliminated Week 4,9,19.0,6.333333333333333,9.0,12,6,2,3,multi_elimination,False,0.07392996108949416,0.08331876457545939,11.0,0.15724872566495357,4.0,20.0,3.0,-2.0,2.0,0.0,0.9961089494163424,0.9961089494163424,False,False
Penn Jillette,Kym Johnson,Magician,Massachusetts,United States,53,Eliminated Week 2,12,17.0,5.666666666666667,10.0,12,6,2,3,multi_elimination,True,0.06614785992217899,0.08140696937621508,12.0,0.14755482929839409,2.0,22.0,1.0,-2.0,2.0,0.0,0.11036434382737884,0.11036434382737884,True,True
Steve Guttenberg,Anna Trebunskaya,Actor/Actress,New York,United States,49,Eliminated Week 3,10,16.0,5.333333333333333,11.0,12,6,2,3,multi_elimination,False,0.0622568093385214,0.08529804643225572,1.0,0.14755485577077712,3.0,12.0,5.0,10.0,10.0,0.0038910505836575876,1.0,0.9961089494163424,False,False
Monica Seles,Jonathan Roberts,Athlete,,Yugoslavia,34,Eliminated Week 2,11,15.0,5.0,12.0,12,6,2,3,multi_elimination,True,0.058365758754863814,0.0833255252152176,9.0,0.1416912839700814,1.0,21.0,2.0,3.0,3.0,0.0,0.11743898125221082,0.11743898125221082,True,True
Kristi Yamaguchi,Mark Ballas,Athlete,California,United States,36,1st Place,1,27.0,9.0,1.0,10,6,3,4,single_elimination,False,0.11842105263157894,0.09998366994525788,5.0,0.21840472257683682,10.0,6.0,10.0,-4.0,4.0,0.0,0.9912280701754386,0.9912280701754386,False,False
Priscilla Presley,Louis van Amstel,Actor/Actress,New York,United States,62,Eliminated Week 5,8,26.0,8.666666666666666,2.0,10,6,3,4,single_elimination,False,0.11403508771929824,0.09997670432228752,7.0,0.21401179204158577,9.0,9.0,6.0,-5.0,5.0,0.0,0.9912280701754386,0.9912280701754386,False,False
Cristian de la Fuente,Cheryl Burke,Actor/Actress,,Chile,34,3rd Place,3,25.0,8.333333333333334,3.0,10,6,3,4,single_elimination,False,0.10964912280701754,0.09997420941745543,9.0,0.20962333222447296,8.0,12.0,3.0,-6.0,6.0,0.0,0.9912280701754386,0.9912280701754386,False,False
Shannon Elizabeth,Derek Hough,Actor/Actress,Texas,United States,34,Eliminated Week 7,6,24.0,8.0,4.0,10,6,3,4,single_elimination,False,0.10526315789473684,0.09997710252852528,6.0,0.2052402604232621,7.0,10.0,5.0,-2.0,2.0,0.0,0.9912280701754386,0.9912280701754386,False,False
Jason Taylor,Edyta Sliwinska,Athlete,Pennsylvania,United States,33,2nd Place,2,23.0,7.666666666666667,5.0,10,6,3,4,single_elimination,False,0.10087719298245613,0.09997605094353196,8.0,0.20085324392598808,6.0,13.0,2.0,-3.0,3.0,0.0,0.9912280701754386,0.9912280701754386,False,False
Adam Carolla,Julianne Hough,Radio Personality,California,United States,43,Eliminated Week 4,9,21.0,7.0,6.0,10,6,3,4,single_elimination,False,0.09210526315789473,0.09998383537338161,2.0,0.19208909853127634,3.0,8.0,7.0,4.0,4.0,0.0,0.9912280701754386,0.9912280701754386,False,False
Mario,Karina Smirnoff,Singer/Rapper,Maryland,United States,21,Eliminated Week 8,5,21.0,7.0,6.0,10,6,3,4,single_elimination,False,0.09210526315789473,0.09998383537338161,2.0,0.19208909853127634,3.0,8.0,7.0,4.0,4.0,0.0,0.9912280701754386,0.9912280701754386,False,False
Marlee Matlin,Fabian Sanchez,Actor/Actress,Illinois,United States,42,Eliminated Week 6,7,21.0,7.0,6.0,10,6,3,4,single_elimination,False,0.09210526315789473,0.09998383537338161,2.0,0.19208909853127634,3.0,8.0,7.0,4.0,4.0,0.0,0.9912280701754386,0.9912280701754386,False,False
Steve Guttenberg,Anna Trebunskaya,Actor/Actress,New York,United States,49,Eliminated Week 3,10,21.0,7.0,6.0,10,6,3,4,single_elimination,True,0.09210526315789473,0.09569441085684803,10.0,0.18779967401474276,1.0,16.0,1.0,-4.0,4.0,0.0,0.10789473684210527,0.10789473684210527,True,True
Marissa Jaret Winokur,Tony Dovolani,Actor/Actress,New York,United States,35,Eliminated Week 9,4,19.0,6.333333333333333,10.0,10,6,3,4,single_elimination,False,0.08333333333333333,0.10446634469942642,1.0,0.18779967803275976,2.0,11.0,4.0,9.0,9.0,0.008771929824561403,1.0,0.9912280701754386,False,False
Jason Taylor,Edyta Sliwinska,Athlete,Pennsylvania,United States,33,2nd Place,2,29.0,9.666666666666666,1.0,9,6,4,5,single_elimination,False,0.1288888888888889,0.11110395124269096,8.0,0.23999284013157984,8.0,9.0,3.0,-7.0,7.0,0.0,1.0,1.0,False,False
Kristi Yamaguchi,Mark Ballas,Athlete,California,United States,36,1st Place,1,29.0,9.666666666666666,1.0,9,6,4,5,single_elimination,False,0.1288888888888889,0.11110395124269096,8.0,0.23999284013157984,8.0,9.0,3.0,-7.0,7.0,0.0,1.0,1.0,False,False
Shannon Elizabeth,Derek Hough,Actor/Actress,Texas,United States,34,Eliminated Week 7,6,28.0,9.333333333333334,3.0,9,6,4,5,single_elimination,False,0.12444444444444444,0.11111511680700827,2.0,0.23555956125145272,7.0,5.0,9.0,1.0,1.0,0.0,1.0,1.0,False,False
Cristian de la Fuente,Cheryl Burke,Actor/Actress,,Chile,34,3rd Place,3,26.0,8.666666666666666,4.0,9,6,4,5,single_elimination,False,0.11555555555555555,0.1111064334360371,7.0,0.22666198899159265,6.0,11.0,2.0,-3.0,3.0,0.0,1.0,1.0,False,False
Mario,Karina Smirnoff,Singer/Rapper,Maryland,United States,21,Eliminated Week 8,5,24.0,8.0,5.0,9,6,4,5,single_elimination,False,0.10666666666666667,0.11111023443709847,4.0,0.21777690110376513,3.0,9.0,3.0,1.0,1.0,0.0,1.0,1.0,False,False
Marissa Jaret Winokur,Tony Dovolani,Actor/Actress,New York,United States,35,Eliminated Week 9,4,24.0,8.0,5.0,9,6,4,5,single_elimination,False,0.10666666666666667,0.11111023443709847,4.0,0.21777690110376513,3.0,9.0,3.0,1.0,1.0,0.0,1.0,1.0,False,False
Marlee Matlin,Fabian Sanchez,Actor/Actress,Illinois,United States,42,Eliminated Week 6,7,24.0,8.0,5.0,9,6,4,5,single_elimination,False,0.10666666666666667,0.11111023443709847,4.0,0.21777690110376513,3.0,9.0,3.0,1.0,1.0,0.0,1.0,1.0,False,False
Priscilla Presley,Louis van Amstel,Actor/Actress,New York,United States,62,Eliminated Week 5,8,22.0,7.333333333333333,8.0,9,6,4,5,single_elimination,False,0.09777777777777778,0.11112955443287717,1.0,0.20890733221065494,2.0,9.0,3.0,7.0,7.0,0.0,1.0,1.0,False,False
Adam Carolla,Julianne Hough,Radio Personality,California,United States,43,Eliminated Week 4,9,19.0,6.333333333333333,9.0,9,6,4,5,single_elimination,True,0.08444444444444445,0.11111028879395797,3.0,0.19555473323840242,1.0,12.0,1.0,6.0,6.0,0.0,0.13777777777777778,0.13777777777777778,True,True
Kristi Yamaguchi,Mark Ballas,Athlete,California,United States,36,1st Place,1,29.0,9.666666666666666,1.0,8,6,5,6,single_elimination,False,0.14795918367346939,0.12499456212163547,7.0,0.27295374579510484,8.0,8.0,3.0,-6.0,6.0,0.0,1.0,1.0,False,False
Jason Taylor,Edyta Sliwinska,Athlete,Pennsylvania,United States,33,2nd Place,2,27.0,9.0,2.0,8,6,5,6,single_elimination,False,0.1377551020408163,0.12499473841526036,5.0,0.2627498404560767,6.0,7.0,7.0,-3.0,3.0,0.0,1.0,1.0,False,False
Mario,Karina Smirnoff,Singer/Rapper,Maryland,United States,21,Eliminated Week 8,5,27.0,9.0,2.0,8,6,5,6,single_elimination,False,0.1377551020408163,0.12499473841526036,5.0,0.2627498404560767,6.0,7.0,7.0,-3.0,3.0,0.0,1.0,1.0,False,False
Marissa Jaret Winokur,Tony Dovolani,Actor/Actress,New York,United States,35,Eliminated Week 9,4,24.0,8.0,4.0,8,6,5,6,single_elimination,False,0.12244897959183673,0.12499087014785241,8.0,0.24743984973968913,5.0,12.0,1.0,-4.0,4.0,0.0,1.0,1.0,False,True
Cristian de la Fuente,Cheryl Burke,Actor/Actress,,Chile,34,3rd Place,3,23.0,7.666666666666667,5.0,8,6,5,6,single_elimination,False,0.11734693877551021,0.12500259791605883,3.0,0.24234953669156906,3.0,8.0,3.0,2.0,2.0,0.0,1.0,1.0,False,False
Shannon Elizabeth,Derek Hough,Actor/Actress,Texas,United States,34,Eliminated Week 7,6,23.0,7.666666666666667,5.0,8,6,5,6,single_elimination,False,0.11734693877551021,0.12500259791605883,3.0,0.24234953669156906,3.0,8.0,3.0,2.0,2.0,0.0,1.0,1.0,False,False
Marlee Matlin,Fabian Sanchez,Actor/Actress,Illinois,United States,42,Eliminated Week 6,7,22.0,7.333333333333333,7.0,8,6,5,6,single_elimination,False,0.11224489795918367,0.1250116340398448,1.0,0.23725653199902846,2.0,8.0,3.0,6.0,6.0,0.0,1.0,1.0,False,False
Priscilla Presley,Louis van Amstel,Actor/Actress,New York,United States,62,Eliminated Week 5,8,21.0,7.0,8.0,8,6,5,6,single_elimination,True,0.10714285714285714,0.12500825932934398,2.0,0.2321511164722011,1.0,10.0,2.0,6.0,6.0,0.0,0.14285714285714285,0.14285714285714285,True,False
Kristi Yamaguchi,Mark Ballas,Athlete,California,United States,36,1st Place,1,30.0,10.0,1.0,7,6,6,7,single_elimination,False,0.16666666666666666,0.1428644976217951,2.0,0.3095311642884617,7.0,3.0,6.0,-1.0,1.0,0.0,1.0,1.0,False,False
Mario,Karina Smirnoff,Singer/Rapper,Maryland,United States,21,Eliminated Week 8,5,28.0,9.333333333333334,2.0,7,6,6,7,single_elimination,False,0.15555555555555556,0.1428681161335371,1.0,0.2984236716890927,6.0,3.0,6.0,1.0,1.0,0.0,1.0,1.0,False,False
Cristian de la Fuente,Cheryl Burke,Actor/Actress,,Chile,34,3rd Place,3,27.0,9.0,3.0,7,6,6,7,single_elimination,False,0.15,0.14285602208914125,5.0,0.29285602208914124,5.0,8.0,4.0,-2.0,2.0,0.0,1.0,1.0,False,False
Marissa Jaret Winokur,Tony Dovolani,Actor/Actress,New York,United States,35,Eliminated Week 9,4,26.0,8.666666666666666,4.0,7,6,6,7,single_elimination,False,0.14444444444444443,0.14284224617045815,7.0,0.2872866906149026,4.0,11.0,2.0,-3.0,3.0,0.0,1.0,1.0,False,False
Jason Taylor,Edyta Sliwinska,Athlete,Pennsylvania,United States,33,2nd Place,2,24.0,8.0,5.0,7,6,6,7,single_elimination,False,0.13333333333333333,0.1428577542359804,4.0,0.27619108756931376,2.0,9.0,3.0,1.0,1.0,0.0,1.0,1.0,False,False
Shannon Elizabeth,Derek Hough,Actor/Actress,Texas,United States,34,Eliminated Week 7,6,24.0,8.0,5.0,7,6,6,7,single_elimination,False,0.13333333333333333,0.1428583989188969,3.0,0.27619173225223026,3.0,8.0,4.0,2.0,2.0,0.0,1.0,1.0,False,False
Marlee Matlin,Fabian Sanchez,Actor/Actress,Illinois,United States,42,Eliminated Week 6,7,21.0,7.0,7.0,7,6,6,7,single_elimination,True,0.11666666666666667,0.14285296339540624,6.0,0.2595196300620729,1.0,13.0,1.0,1.0,1.0,0.0,0.16904761904761903,0.16904761904761903,True,True
Jason Taylor,Edyta Sliwinska,Athlete,Pennsylvania,United States,33,2nd Place,2,27.5,9.166666666666666,1.0,6,6,7,8,single_elimination,False,0.1779935275080906,0.16661394110458114,2.0,0.3446074686126718,6.0,3.0,6.0,-1.0,1.0,0.0,0.9838187702265372,0.9838187702265372,False,False
Kristi Yamaguchi,Mark Ballas,Athlete,California,United States,36,1st Place,1,27.0,9.0,2.0,6,6,7,8,single_elimination,False,0.17475728155339806,0.166608190654204,4.0,0.34136547220760205,5.0,6.0,5.0,-2.0,2.0,0.0,0.9838187702265372,0.9838187702265372,False,False
Marissa Jaret Winokur,Tony Dovolani,Actor/Actress,New York,United States,35,Eliminated Week 9,4,26.0,8.666666666666666,3.0,6,6,7,8,single_elimination,False,0.16828478964401294,0.1665858825428321,5.0,0.3348706721868451,4.0,8.0,2.0,-2.0,2.0,0.0,0.9838187702265372,0.9838187702265372,False,False
Mario,Karina Smirnoff,Singer/Rapper,Maryland,United States,21,Eliminated Week 8,5,25.5,8.5,4.0,6,6,7,8,single_elimination,False,0.1650485436893204,0.16661361270389913,3.0,0.3316621563932195,3.0,7.0,3.0,1.0,1.0,0.0,0.9838187702265372,0.9838187702265372,False,False
Shannon Elizabeth,Derek Hough,Actor/Actress,Texas,United States,34,Eliminated Week 7,6,25.5,8.5,4.0,6,6,7,8,single_elimination,True,0.1650485436893204,0.15869856512395153,6.0,0.32374710881327196,1.0,10.0,1.0,-2.0,2.0,0.0,0.16828478964401294,0.16828478964401294,True,True
Cristian de la Fuente,Cheryl Burke,Actor/Actress,,Chile,34,3rd Place,3,23.0,7.666666666666667,6.0,6,6,7,8,single_elimination,False,0.1488673139158576,0.1748798062129373,1.0,0.3237471201287949,2.0,7.0,3.0,5.0,5.0,0.016181229773462785,1.0,0.9838187702265372,False,False
Cristian de la Fuente,Cheryl Burke,Actor/Actress,,Chile,34,3rd Place,3,28.5,9.5,1.0,5,6,8,9,single_elimination,False,0.21348314606741572,0.19996410155604627,4.0,0.41344724762346197,5.0,5.0,4.0,-3.0,3.0,0.0,0.9850187265917603,0.9850187265917603,False,False
Kristi Yamaguchi,Mark Ballas,Athlete,California,United States,36,1st Place,1,27.5,9.166666666666666,2.0,5,6,8,9,single_elimination,False,0.20599250936329588,0.19997238658730224,3.0,0.40596489595059815,4.0,5.0,4.0,-1.0,1.0,0.0,0.9850187265917603,0.9850187265917603,False,False
Mario,Karina Smirnoff,Singer/Rapper,Maryland,United States,21,Eliminated Week 8,5,26.5,8.833333333333334,3.0,5,6,8,9,single_elimination,True,0.19850187265917604,0.19442652135493424,5.0,0.3929283940141103,1.0,8.0,1.0,-2.0,2.0,0.0,0.20149812734082395,0.20149812734082395,True,True
Jason Taylor,Edyta Sliwinska,Athlete,Pennsylvania,United States,33,2nd Place,2,26.0,8.666666666666666,4.0,5,6,8,9,single_elimination,False,0.1947565543071161,0.19997446891544213,2.0,0.39473102322255826,3.0,6.0,2.0,2.0,2.0,0.0037453183520599342,0.9887640449438202,0.9850187265917603,False,False
Marissa Jaret Winokur,Tony Dovolani,Actor/Actress,New York,United States,35,Eliminated Week 9,4,25.0,8.333333333333334,5.0,5,6,8,9,single_elimination,False,0.18726591760299627,0.20566251949900485,1.0,0.3929284371020011,2.0,6.0,2.0,4.0,4.0,0.011235955056179775,0.9962546816479401,0.9850187265917603,False,False
Kristi Yamaguchi,Mark Ballas,Athlete,California,United States,36,1st Place,1,28.5,9.5,1.0,4,6,9,10,single_elimination,False,0.2590909090909091,0.2500120717248684,1.0,0.5091029808157774,4.0,2.0,4.0,0.0,0.0,0.0,1.0,1.0,False,False
Cristian de la Fuente,Cheryl Burke,Actor/Actress,,Chile,34,3rd Place,3,28.0,9.333333333333334,2.0,4,6,9,10,single_elimination,False,0.2545454545454545,0.2499944417103705,3.0,0.504539896255825,3.0,5.0,3.0,-1.0,1.0,0.0,1.0,1.0,False,False
Jason Taylor,Edyta Sliwinska,Athlete,Pennsylvania,United States,33,2nd Place,2,27.5,9.166666666666666,3.0,4,6,9,10,single_elimination,False,0.25,0.24998327396944736,4.0,0.49998327396944736,2.0,7.0,1.0,-1.0,1.0,0.0,1.0,1.0,False,True
Marissa Jaret Winokur,Tony Dovolani,Actor/Actress,New York,United States,35,Eliminated Week 9,4,26.0,8.666666666666666,4.0,4,6,9,10,single_elimination,True,0.23636363636363636,0.2500102113058349,2.0,0.4863738476694712,1.0,6.0,2.0,2.0,2.0,0.0,0.2636363636363636,0.2636363636363636,True,False
Brooke Burke,Derek Hough,TV Personality,Connecticut,United States,37,1st Place,1,24.5,8.166666666666666,1.0,13,7,1,2,multi_elimination,False,0.09722222222222222,0.07689571170934055,10.0,0.17411793393156277,13.0,11.0,10.0,-9.0,9.0,0.0,0.9861111111111112,0.9861111111111112,False,False
Toni Braxton,Alec Mazo,Singer/Rapper,Maryland,United States,40,Eliminated Week 5,8,22.5,7.5,2.0,13,7,1,2,multi_elimination,False,0.08928571428571429,0.07690124610734002,5.0,0.1661869603930543,12.0,7.0,11.0,-3.0,3.0,0.0,0.9861111111111112,0.9861111111111112,False,False
Lance Bass,Lacey Schwimmer,Singer/Rapper,Mississippi,United States,29,3rd Place,3,21.5,7.166666666666667,3.0,13,7,1,2,multi_elimination,False,0.08531746031746032,0.07690281770101066,2.0,0.162220278018471,10.0,5.0,12.0,1.0,1.0,0.0,0.9861111111111112,0.9861111111111112,False,False
Warren Sapp,Kym Johnson,Athlete,Florida,United States,35,2nd Place,2,21.5,7.166666666666667,3.0,13,7,1,2,multi_elimination,False,0.08531746031746032,0.07690281770101066,2.0,0.162220278018471,10.0,5.0,12.0,1.0,1.0,0.0,0.9861111111111112,0.9861111111111112,False,False
Misty May-Treanor,Maksim Chmerkoskiy,Athlete,California,United States,31,Withdrew,10,21.0,7.0,5.0,13,7,1,2,multi_elimination,False,0.08333333333333333,0.07689799567580856,8.0,0.1602313290091419,9.0,13.0,7.0,-3.0,3.0,0.0,0.9861111111111112,0.9861111111111112,False,False
Cody Linley,Julianne Hough,Actor/Actress,Texas,United States,18,Eliminated Week 9,4,20.5,6.833333333333333,6.0,13,7,1,2,multi_elimination,False,0.08134920634920635,0.07689876185618194,7.0,0.15824796820538828,8.0,13.0,7.0,-1.0,1.0,0.0,0.9861111111111112,0.9861111111111112,False,False
Maurice Greene,Cheryl Burke,Athlete,Kansas,United States,34,Eliminated Week 8,5,19.5,6.5,7.0,13,7,1,2,multi_elimination,False,0.07738095238095238,0.07689641583194734,9.0,0.15427736821289972,7.0,16.0,5.0,-2.0,2.0,0.0,0.9861111111111112,0.9861111111111112,False,False
Kim Kardashian,Mark Ballas,TV Personality,California,United States,27,Eliminated Week 2,11,18.5,6.166666666666667,8.0,13,7,1,2,multi_elimination,False,0.07341269841269842,0.07688883168787058,11.0,0.15030153010056901,5.0,19.0,2.0,-3.0,3.0,0.0,0.9861111111111112,0.9861111111111112,False,True
Susan Lucci,Tony Dovolani,Actor/Actress,New York,United States,61,Eliminated Week 7,6,18.5,6.166666666666667,8.0,13,7,1,2,multi_elimination,False,0.07341269841269842,0.07688883168787058,11.0,0.15030153010056901,5.0,19.0,2.0,-3.0,3.0,0.0,0.9861111111111112,0.9861111111111112,False,False
Ted McGinley,Inna Brayer,Actor/Actress,California,United States,50,Eliminated Week 1,12,18.5,6.166666666666667,8.0,13,7,1,2,multi_elimination,True,0.07341269841269842,0.07210135870560087,13.0,0.1455140571182993,2.0,21.0,1.0,-5.0,5.0,0.0,0.08928571428571427,0.08928571428571427,True,True
Rocco DiSpirito,Karina Smirnoff,TV Personality,New York,United States,41,Eliminated Week 4,9,17.5,5.833333333333333,11.0,13,7,1,2,multi_elimination,False,0.06944444444444445,0.07690209140149089,4.0,0.14634653584593532,4.0,15.0,6.0,7.0,7.0,0.003968253968253968,0.9900793650793651,0.9861111111111112,False,False
Cloris Leachman,Corky Ballas,Actor/Actress,Iowa,United States,82,Eliminated Week 6,7,16.0,5.333333333333333,12.0,13,7,1,2,multi_elimination,False,0.06349206349206349,0.08202199724665853,1.0,0.14551406073872203,3.0,13.0,7.0,11.0,11.0,0.009920634920634927,0.996031746031746,0.9861111111111112,False,False
Jeffrey Ross,Edyta Sliwinska,Comedian,New Jersey,United States,43,Eliminated Week 1,13,12.0,4.0,13.0,13,7,1,2,multi_elimination,True,0.047619047619047616,0.07690112194330596,6.0,0.12452016956235358,1.0,19.0,2.0,7.0,7.0,0.0,0.11292989417989419,0.11292989417989419,True,False
Brooke Burke,Derek Hough,TV Personality,Connecticut,United States,37,1st Place,1,24.0,8.0,1.0,11,7,2,3,multi_elimination,False,0.1085972850678733,0.09069174343722,4.0,0.1992890285050933,10.0,5.0,10.0,-3.0,3.0,0.0,0.9366515837104072,0.9366515837104072,False,False
Warren Sapp,Kym Johnson,Athlete,Florida,United States,35,2nd Place,2,24.0,8.0,1.0,11,7,2,3,multi_elimination,False,0.1085972850678733,0.09069174343722,4.0,0.1992890285050933,10.0,5.0,10.0,-3.0,3.0,0.0,0.9366515837104072,0.9366515837104072,False,False
Toni Braxton,Alec Mazo,Singer/Rapper,Maryland,United States,40,Eliminated Week 5,8,23.0,7.666666666666667,3.0,11,7,2,3,multi_elimination,False,0.10407239819004525,0.09068765570965641,6.0,0.19476005389970166,9.0,9.0,9.0,-3.0,3.0,0.0,0.9366515837104072,0.9366515837104072,False,False
Cody Linley,Julianne Hough,Actor/Actress,Texas,United States,18,Eliminated Week 9,4,21.0,7.0,4.0,11,7,2,3,multi_elimination,False,0.09502262443438914,0.0906772996115597,10.0,0.18569992404594882,7.0,14.0,4.0,-6.0,6.0,0.0,0.9366515837104072,0.9366515837104072,False,False
Misty May-Treanor,Maksim Chmerkoskiy,Athlete,California,United States,31,Withdrew,10,21.0,7.0,4.0,11,7,2,3,multi_elimination,True,0.09502262443438914,0.07491205402989744,11.0,0.16993467846428656,2.0,15.0,2.0,-7.0,7.0,0.0,0.09728506787330317,0.09728506787330317,True,True
Susan Lucci,Tony Dovolani,Actor/Actress,New York,United States,61,Eliminated Week 7,6,21.0,7.0,4.0,11,7,2,3,multi_elimination,False,0.09502262443438914,0.09068156224436431,8.0,0.18570418667875344,8.0,12.0,5.0,-4.0,4.0,0.0,0.9366515837104072,0.9366515837104072,False,False
Lance Bass,Lacey Schwimmer,Singer/Rapper,Mississippi,United States,29,3rd Place,3,20.0,6.666666666666667,7.0,11,7,2,3,multi_elimination,False,0.09049773755656108,0.0906972377079008,3.0,0.18119497526446188,6.0,10.0,8.0,4.0,4.0,0.004524886877828052,0.9411764705882353,0.9366515837104072,False,False
Maurice Greene,Cheryl Burke,Athlete,Kansas,United States,34,Eliminated Week 8,5,19.0,6.333333333333333,8.0,11,7,2,3,multi_elimination,False,0.08597285067873303,0.09068426967237543,7.0,0.17665712035110848,5.0,15.0,2.0,1.0,1.0,0.009049773755656104,0.9457013574660633,0.9366515837104072,False,False
Kim Kardashian,Mark Ballas,TV Personality,California,United States,27,Eliminated Week 2,11,17.0,5.666666666666667,9.0,11,7,2,3,multi_elimination,True,0.07692307692307693,0.09067855743074203,9.0,0.16760163435381897,1.0,18.0,1.0,0.0,0.0,0.0,0.11357466063348412,0.11357466063348412,True,True
Rocco DiSpirito,Karina Smirnoff,TV Personality,New York,United States,41,Eliminated Week 4,9,16.0,5.333333333333333,10.0,11,7,2,3,multi_elimination,False,0.07239819004524888,0.09753649577589006,2.0,0.16993468582113894,4.0,12.0,5.0,8.0,8.0,0.02262443438914026,0.9592760180995475,0.9366515837104072,False,False
Cloris Leachman,Corky Ballas,Actor/Actress,Iowa,United States,82,Eliminated Week 6,7,15.0,5.0,11.0,11,7,2,3,multi_elimination,False,0.06787330316742081,0.10206137974914721,1.0,0.16993468291656802,3.0,12.0,5.0,10.0,10.0,0.027149321266968326,0.9638009049773756,0.9366515837104072,False,False
Brooke Burke,Derek Hough,TV Personality,Connecticut,United States,37,1st Place,1,26.0,8.666666666666666,1.0,9,7,4,5,single_elimination,False,0.12807881773399016,0.11111682294917442,1.0,0.23919564068316457,8.0,2.0,8.0,0.0,0.0,0.0,1.0,1.0,False,False
Lance Bass,Lacey Schwimmer,Singer/Rapper,Mississippi,United States,29,3rd Place,3,26.0,8.666666666666666,1.0,9,7,4,5,single_elimination,False,0.12807881773399016,0.11111682294917442,1.0,0.23919564068316457,8.0,2.0,8.0,0.0,0.0,0.0,1.0,1.0,False,False
Susan Lucci,Tony Dovolani,Actor/Actress,New York,United States,61,Eliminated Week 7,6,24.0,8.0,3.0,9,7,4,5,single_elimination,False,0.11822660098522167,0.1111109140751602,5.0,0.22933751506038186,7.0,8.0,7.0,-2.0,2.0,0.0,1.0,1.0,False,False
Cody Linley,Julianne Hough,Actor/Actress,Texas,United States,18,Eliminated Week 9,4,23.0,7.666666666666667,4.0,9,7,4,5,single_elimination,False,0.11330049261083744,0.11110639310711193,9.0,0.22440688571794937,6.0,13.0,1.0,-5.0,5.0,0.0,1.0,1.0,False,True
Cloris Leachman,Corky Ballas,Actor/Actress,Iowa,United States,82,Eliminated Week 6,7,22.0,7.333333333333333,5.0,9,7,4,5,single_elimination,False,0.10837438423645321,0.11110765704909752,6.0,0.2194820412855507,3.0,11.0,4.0,-1.0,1.0,0.0,1.0,1.0,False,False
Toni Braxton,Alec Mazo,Singer/Rapper,Maryland,United States,40,Eliminated Week 5,8,22.0,7.333333333333333,5.0,9,7,4,5,single_elimination,False,0.10837438423645321,0.11110765704909752,6.0,0.2194820412855507,3.0,11.0,4.0,-1.0,1.0,0.0,1.0,1.0,False,False
Warren Sapp,Kym Johnson,Athlete,Florida,United States,35,2nd Place,2,22.0,7.333333333333333,5.0,9,7,4,5,single_elimination,False,0.10837438423645321,0.11110765704909752,6.0,0.2194820412855507,3.0,11.0,4.0,-1.0,1.0,0.0,1.0,1.0,False,False
Maurice Greene,Cheryl Burke,Athlete,Kansas,United States,34,Eliminated Week 8,5,20.0,6.666666666666667,8.0,9,7,4,5,single_elimination,False,0.09852216748768473,0.11111119907850044,4.0,0.20963336656618517,2.0,12.0,2.0,4.0,4.0,0.0,1.0,1.0,False,False
Rocco DiSpirito,Karina Smirnoff,TV Personality,New York,United States,41,Eliminated Week 4,9,18.0,6.0,9.0,9,7,4,5,single_elimination,True,0.08866995073891626,0.11111487594950702,3.0,0.1997848266884233,1.0,12.0,2.0,6.0,6.0,0.0,0.13355227148330595,0.13355227148330595,True,False
Brooke Burke,Derek Hough,TV Personality,Connecticut,United States,37,1st Place,1,29.0,9.666666666666666,1.0,8,7,5,6,single_elimination,False,0.14871794871794872,0.12498112037941177,6.0,0.27369906909736047,8.0,7.0,7.0,-5.0,5.0,0.0,0.9897435897435898,0.9897435897435898,False,False
Cody Linley,Julianne Hough,Actor/Actress,Texas,United States,18,Eliminated Week 9,4,28.0,9.333333333333334,2.0,8,7,5,6,single_elimination,False,0.14358974358974358,0.12499134829415312,4.0,0.26858109188389667,7.0,6.0,8.0,-2.0,2.0,0.0,0.9897435897435898,0.9897435897435898,False,False
Maurice Greene,Cheryl Burke,Athlete,Kansas,United States,34,Eliminated Week 8,5,27.0,9.0,3.0,8,7,5,6,single_elimination,False,0.13846153846153847,0.12498091977367425,7.0,0.26344245823521273,6.0,10.0,2.0,-4.0,4.0,0.0,0.9897435897435898,0.9897435897435898,False,False
Warren Sapp,Kym Johnson,Athlete,Florida,United States,35,2nd Place,2,25.0,8.333333333333334,4.0,8,7,5,6,single_elimination,False,0.1282051282051282,0.12499095819694432,5.0,0.25319608640207253,5.0,9.0,3.0,-1.0,1.0,0.0,0.9897435897435898,0.9897435897435898,False,False
Susan Lucci,Tony Dovolani,Actor/Actress,New York,United States,61,Eliminated Week 7,6,22.0,7.333333333333333,5.0,8,7,5,6,single_elimination,False,0.11282051282051282,0.1250006089460502,3.0,0.237821121766563,4.0,8.0,5.0,2.0,2.0,0.0,0.9897435897435898,0.9897435897435898,False,False
Toni Braxton,Alec Mazo,Singer/Rapper,Maryland,United States,40,Eliminated Week 5,8,22.0,7.333333333333333,5.0,8,7,5,6,single_elimination,True,0.11282051282051282,0.12159950880683082,8.0,0.23442002162734366,1.0,13.0,1.0,-3.0,3.0,0.0,0.13717948717948714,0.13717948717948714,True,True
Cloris Leachman,Corky Ballas,Actor/Actress,Iowa,United States,82,Eliminated Week 6,7,21.0,7.0,7.0,8,7,5,6,single_elimination,False,0.1076923076923077,0.126727768888816,1.0,0.2344200765811237,3.0,8.0,5.0,6.0,6.0,0.005128205128205124,0.9948717948717949,0.9897435897435898,False,False
Lance Bass,Lacey Schwimmer,Singer/Rapper,Mississippi,United States,29,3rd Place,3,21.0,7.0,7.0,8,7,5,6,single_elimination,False,0.1076923076923077,0.1267277654821041,2.0,0.2344200731744118,2.0,9.0,3.0,5.0,5.0,0.005128205128205124,0.9948717948717949,0.9897435897435898,False,False
Lance Bass,Lacey Schwimmer,Singer/Rapper,Mississippi,United States,29,3rd Place,3,27.0,9.0,1.0,7,7,6,7,single_elimination,False,0.16875,0.1428659702916367,2.0,0.3116159702916367,7.0,3.0,7.0,-1.0,1.0,0.0,1.0,1.0,False,False
Brooke Burke,Derek Hough,TV Personality,Connecticut,United States,37,1st Place,1,26.0,8.666666666666666,2.0,7,7,6,7,single_elimination,False,0.1625,0.14284910008732005,7.0,0.3053491000873201,6.0,9.0,2.0,-5.0,5.0,0.0,1.0,1.0,False,False
Warren Sapp,Kym Johnson,Athlete,Florida,United States,35,2nd Place,2,25.0,8.333333333333334,3.0,7,7,6,7,single_elimination,False,0.15625,0.14284923343681186,6.0,0.2990992334368119,5.0,9.0,2.0,-3.0,3.0,0.0,1.0,1.0,False,False
Cody Linley,Julianne Hough,Actor/Actress,Texas,United States,18,Eliminated Week 9,4,23.0,7.666666666666667,4.0,7,7,6,7,single_elimination,False,0.14375,0.14284996013528842,4.0,0.28659996013528843,3.0,8.0,4.0,0.0,0.0,0.0,1.0,1.0,False,False
Susan Lucci,Tony Dovolani,Actor/Actress,New York,United States,61,Eliminated Week 7,6,23.0,7.666666666666667,4.0,7,7,6,7,single_elimination,False,0.14375,0.14284996013528842,4.0,0.28659996013528843,3.0,8.0,4.0,0.0,0.0,0.0,1.0,1.0,False,False
Maurice Greene,Cheryl Burke,Athlete,Kansas,United States,34,Eliminated Week 8,5,21.0,7.0,6.0,7,7,6,7,single_elimination,False,0.13125,0.14287150329235748,1.0,0.2741215032923575,2.0,7.0,6.0,5.0,5.0,0.0,1.0,1.0,False,False
Cloris Leachman,Corky Ballas,Actor/Actress,Iowa,United States,82,Eliminated Week 6,7,15.0,5.0,7.0,7,7,6,7,single_elimination,True,0.09375,0.14286427119229814,3.0,0.23661427119229814,1.0,10.0,1.0,4.0,4.0,0.0,0.19196428571428575,0.19196428571428575,True,True
Brooke Burke,Derek Hough,TV Personality,Connecticut,United States,37,1st Place,1,30.0,10.0,1.0,6,7,7,8,single_elimination,False,0.20408163265306123,0.1665668594140308,3.0,0.37064849206709205,6.0,4.0,6.0,-2.0,2.0,0.0,0.9659863945578231,0.9659863945578231,False,False
Lance Bass,Lacey Schwimmer,Singer/Rapper,Mississippi,United States,29,3rd Place,3,25.0,8.333333333333334,2.0,6,7,7,8,single_elimination,False,0.17006802721088435,0.16655851053990955,4.0,0.3366265377507939,4.0,6.0,4.0,-2.0,2.0,0.0,0.9659863945578231,0.9659863945578231,False,False
Maurice Greene,Cheryl Burke,Athlete,Kansas,United States,34,Eliminated Week 8,5,25.0,8.333333333333334,2.0,6,7,7,8,single_elimination,False,0.17006802721088435,0.16655851053990955,4.0,0.3366265377507939,4.0,6.0,4.0,-2.0,2.0,0.0,0.9659863945578231,0.9659863945578231,False,False
Susan Lucci,Tony Dovolani,Actor/Actress,New York,United States,61,Eliminated Week 7,6,24.0,8.0,4.0,6,7,7,8,single_elimination,True,0.16326530612244897,0.15543410446898154,6.0,0.3186994105914305,1.0,10.0,1.0,-2.0,2.0,0.0,0.17006802721088435,0.17006802721088435,True,True
Cody Linley,Julianne Hough,Actor/Actress,Texas,United States,18,Eliminated Week 9,4,22.0,7.333333333333333,5.0,6,7,7,8,single_elimination,False,0.14965986394557823,0.16903973263531002,2.0,0.31869959658088826,3.0,7.0,2.0,3.0,3.0,0.013605442176870736,0.9795918367346939,0.9659863945578231,False,False
Warren Sapp,Kym Johnson,Athlete,Florida,United States,35,2nd Place,2,21.0,7.0,6.0,6,7,7,8,single_elimination,False,0.14285714285714285,0.175842280237411,1.0,0.31869942309455385,2.0,7.0,2.0,5.0,5.0,0.020408163265306117,0.9863945578231292,0.9659863945578231,False,False
Brooke Burke,Derek Hough,TV Personality,Connecticut,United States,37,1st Place,1,27.5,9.166666666666666,1.0,5,7,8,9,single_elimination,False,0.21568627450980393,0.20000512248934477,2.0,0.4156913969991487,5.0,3.0,5.0,-1.0,1.0,0.0,1.0,1.0,False,False
Warren Sapp,Kym Johnson,Athlete,Florida,United States,35,2nd Place,2,27.0,9.0,2.0,5,7,8,9,single_elimination,False,0.21176470588235294,0.20000398543859965,3.0,0.4117686913209526,4.0,5.0,3.0,-1.0,1.0,0.0,1.0,1.0,False,False
Lance Bass,Lacey Schwimmer,Singer/Rapper,Mississippi,United States,29,3rd Place,3,25.0,8.333333333333334,3.0,5,7,8,9,single_elimination,False,0.19607843137254902,0.19999438376136766,4.0,0.3960728151339167,3.0,7.0,2.0,-1.0,1.0,0.0,1.0,1.0,False,False
Cody Linley,Julianne Hough,Actor/Actress,Texas,United States,18,Eliminated Week 9,4,24.0,8.0,4.0,5,7,8,9,single_elimination,False,0.18823529411764706,0.2000069922829697,1.0,0.38824228640061675,2.0,5.0,3.0,3.0,3.0,0.0,1.0,1.0,False,False
Maurice Greene,Cheryl Burke,Athlete,Kansas,United States,34,Eliminated Week 8,5,24.0,8.0,4.0,5,7,8,9,single_elimination,True,0.18823529411764706,0.19998951538744172,5.0,0.38822480950508875,1.0,9.0,1.0,-1.0,1.0,0.0,0.2117647058823529,0.2117647058823529,True,True
Lance Bass,Lacey Schwimmer,Singer/Rapper,Mississippi,United States,29,3rd Place,3,28.5,9.5,1.0,4,7,9,10,single_elimination,False,0.2835820895522388,0.2499996648411654,2.0,0.5335817543934042,4.0,3.0,3.0,-1.0,1.0,0.0,1.0,1.0,False,False
Brooke Burke,Derek Hough,TV Personality,Connecticut,United States,37,1st Place,1,24.5,8.166666666666666,2.0,4,7,9,10,single_elimination,False,0.24378109452736318,0.2500056995346974,1.0,0.4937867940620606,3.0,3.0,3.0,1.0,1.0,0.0,1.0,1.0,False,False
Warren Sapp,Kym Johnson,Athlete,Florida,United States,35,2nd Place,2,24.5,8.166666666666666,2.0,4,7,9,10,single_elimination,False,0.24378109452736318,0.2499951974564745,4.0,0.49377629198383766,2.0,6.0,2.0,-2.0,2.0,0.0,1.0,1.0,False,False
Cody Linley,Julianne Hough,Actor/Actress,Texas,United States,18,Eliminated Week 9,4,23.0,7.666666666666667,4.0,4,7,9,10,single_elimination,True,0.22885572139303484,0.24999943735283123,3.0,0.47885515874586604,1.0,7.0,1.0,1.0,1.0,0.0,0.2711442786069652,0.2711442786069652,True,True
Gilles Marini,Cheryl Burke,Actor/Actress,,France,33,2nd Place,2,27.0,9.0,1.0,13,8,2,3,single_elimination,False,0.1018867924528302,0.07686319065887766,10.0,0.17874998311170787,13.0,11.0,8.0,-9.0,9.0,0.0,0.9773584905660377,0.9773584905660377,False,False
Melissa Rycroft,Tony Dovolani,TV Personality,Texas,United States,26,3rd Place,3,26.0,8.666666666666666,2.0,13,8,2,3,single_elimination,False,0.09811320754716982,0.07687118707881428,3.0,0.17498439462598409,12.0,5.0,13.0,-1.0,1.0,0.0,0.9773584905660377,0.9773584905660377,False,False
Shawn Johnson,Mark Ballas,Athlete,Iowa,United States,17,1st Place,1,24.0,8.0,3.0,13,8,2,3,single_elimination,False,0.09056603773584905,0.07686270169126021,11.0,0.16742873942710926,11.0,14.0,5.0,-8.0,8.0,0.0,0.9773584905660377,0.9773584905660377,False,False
Lil' Kim,Derek Hough,Singer/Rapper,New York,United States,34,Eliminated Week 9,5,23.0,7.666666666666667,4.0,13,8,2,3,single_elimination,False,0.08679245283018867,0.07686324031001246,9.0,0.16365569314020112,10.0,13.0,7.0,-5.0,5.0,0.0,0.9773584905660377,0.9773584905660377,False,False
Denise Richards,Maksim Chmerkoskiy,Actor/Actress,Illinois,United States,38,Eliminated Week 3,12,21.0,7.0,5.0,13,8,2,3,single_elimination,False,0.07924528301886792,0.07686255053065784,12.0,0.15610783354952576,9.0,17.0,4.0,-7.0,7.0,0.0,0.9773584905660377,0.9773584905660377,False,False
Chuck Wicks,Julianne Hough,Singer/Rapper,Delaware,United States,29,Eliminated Week 8,6,20.0,6.666666666666667,6.0,13,8,2,3,single_elimination,False,0.07547169811320754,0.07686804808486915,4.0,0.1523397461980767,6.0,10.0,10.0,2.0,2.0,0.0,0.9773584905660377,0.9773584905660377,False,False
Lawrence Taylor,Edyta Sliwinska,Athlete,Virginia,United States,50,Eliminated Week 7,7,20.0,6.666666666666667,6.0,13,8,2,3,single_elimination,False,0.07547169811320754,0.07686804808486915,4.0,0.1523397461980767,6.0,10.0,10.0,2.0,2.0,0.0,0.9773584905660377,0.9773584905660377,False,False
Ty Murray,Chelsie Hightower,Athlete,Arizona,United States,39,Eliminated Week 10,4,20.0,6.666666666666667,6.0,13,8,2,3,single_elimination,False,0.07547169811320754,0.07686804808486915,4.0,0.1523397461980767,6.0,10.0,10.0,2.0,2.0,0.0,0.9773584905660377,0.9773584905660377,False,False
Belinda Carlisle,Jonathan Roberts,Singer/Rapper,California,United States,50,Eliminated Week 2,13,18.0,6.0,9.0,13,8,2,3,single_elimination,True,0.06792452830188679,0.06968923284816225,13.0,0.13761376115004903,1.0,22.0,1.0,-4.0,4.0,0.0,0.08592162554426706,0.08592162554426706,True,True
Holly Madison,Dmitry Chaplin,TV Personality,Oregon,United States,30,Eliminated Week 4,11,18.0,6.0,9.0,13,8,2,3,single_elimination,False,0.06792452830188679,0.07687246270076775,2.0,0.14479699100265453,5.0,11.0,8.0,7.0,7.0,0.0,0.9773584905660377,0.9773584905660377,False,False
David Alan Grier,Kym Johnson,Actor/Actress,Michigan,United States,52,Eliminated Week 5,9,17.0,5.666666666666667,11.0,13,8,2,3,single_elimination,False,0.06415094339622641,0.07686385729213836,7.0,0.14101480068836478,3.0,18.0,2.0,4.0,4.0,0.0037735849056603765,0.9811320754716981,0.9773584905660377,False,False
Steve Wozniak,Karina Smirnoff,Entrepreneur,California,United States,58,Eliminated Week 4,10,17.0,5.666666666666667,11.0,13,8,2,3,single_elimination,False,0.06415094339622641,0.07686385729213836,7.0,0.14101480068836478,3.0,18.0,2.0,4.0,4.0,0.0037735849056603765,0.9811320754716981,0.9773584905660377,False,False
Steve-O,Lacey Schwimmer,TV Personality,,England,34,Eliminated Week 6,8,14.0,4.666666666666667,13.0,13,8,2,3,single_elimination,False,0.052830188679245285,0.08478357472190841,1.0,0.1376137634011537,2.0,14.0,5.0,12.0,12.0,0.015094339622641506,0.9924528301886792,0.9773584905660377,False,False
Gilles Marini,Cheryl Burke,Actor/Actress,,France,33,2nd Place,2,27.0,9.0,1.0,12,8,3,4,single_elimination,False,0.1062992125984252,0.08319336742378067,6.0,0.18949258002220587,10.0,7.0,10.0,-5.0,5.0,0.0,0.9724409448818898,0.9724409448818898,False,False
Melissa Rycroft,Tony Dovolani,TV Personality,Texas,United States,26,3rd Place,3,27.0,9.0,1.0,12,8,3,4,single_elimination,False,0.1062992125984252,0.08319336742378067,6.0,0.18949258002220587,10.0,7.0,10.0,-5.0,5.0,0.0,0.9724409448818898,0.9724409448818898,False,False
Shawn Johnson,Mark Ballas,Athlete,Iowa,United States,17,1st Place,1,27.0,9.0,1.0,12,8,3,4,single_elimination,False,0.1062992125984252,0.08319336742378067,6.0,0.18949258002220587,10.0,7.0,10.0,-5.0,5.0,0.0,0.9724409448818898,0.9724409448818898,False,False
Lil' Kim,Derek Hough,Singer/Rapper,New York,United States,34,Eliminated Week 9,5,25.0,8.333333333333334,4.0,12,8,3,4,single_elimination,False,0.0984251968503937,0.0831928897823464,9.0,0.1816180866327401,9.0,13.0,5.0,-5.0,5.0,0.0,0.9724409448818898,0.9724409448818898,False,False
David Alan Grier,Kym Johnson,Actor/Actress,Michigan,United States,52,Eliminated Week 5,9,24.0,8.0,5.0,12,8,3,4,single_elimination,False,0.09448818897637795,0.08318467230582673,11.0,0.17767286128220466,8.0,16.0,3.0,-6.0,6.0,0.0,0.9724409448818898,0.9724409448818898,False,False
Chuck Wicks,Julianne Hough,Singer/Rapper,Delaware,United States,29,Eliminated Week 8,6,23.0,7.666666666666667,6.0,12,8,3,4,single_elimination,False,0.09055118110236221,0.08320042257745694,3.0,0.17375160367981915,6.0,9.0,8.0,3.0,3.0,0.0,0.9724409448818898,0.9724409448818898,False,False
Ty Murray,Chelsie Hightower,Athlete,Arizona,United States,39,Eliminated Week 10,4,23.0,7.666666666666667,6.0,12,8,3,4,single_elimination,False,0.09055118110236221,0.08320042257745694,3.0,0.17375160367981915,6.0,9.0,8.0,3.0,3.0,0.0,0.9724409448818898,0.9724409448818898,False,False
Lawrence Taylor,Edyta Sliwinska,Athlete,Virginia,United States,50,Eliminated Week 7,7,20.0,6.666666666666667,8.0,12,8,3,4,single_elimination,False,0.07874015748031496,0.08320495683916343,2.0,0.1619451143194784,5.0,10.0,7.0,6.0,6.0,0.0,0.9724409448818898,0.9724409448818898,False,False
Holly Madison,Dmitry Chaplin,TV Personality,Oregon,United States,30,Eliminated Week 4,11,17.0,5.666666666666667,9.0,12,8,3,4,single_elimination,False,0.06692913385826772,0.08318737047363464,10.0,0.15011650433190238,4.0,19.0,2.0,-1.0,1.0,0.0,0.9724409448818898,0.9724409448818898,False,False
Denise Richards,Maksim Chmerkoskiy,Actor/Actress,Illinois,United States,38,Eliminated Week 3,12,16.0,5.333333333333333,10.0,12,8,3,4,single_elimination,True,0.06299212598425197,0.07221539957439356,12.0,0.1352075255586455,1.0,22.0,1.0,-2.0,2.0,0.0,0.10367454068241466,0.10367454068241466,True,True
Steve-O,Lacey Schwimmer,TV Personality,,England,34,Eliminated Week 6,8,15.0,5.0,11.0,12,8,3,4,single_elimination,False,0.05905511811023622,0.0831963133216397,5.0,0.1422514314318759,3.0,16.0,3.0,6.0,6.0,0.003937007874015748,0.9763779527559056,0.9724409448818898,False,False
Steve Wozniak,Karina Smirnoff,Entrepreneur,California,United States,58,Eliminated Week 4,10,10.0,3.3333333333333335,12.0,12,8,3,4,single_elimination,False,0.03937007874015748,0.09583744927289653,1.0,0.13520752801305402,2.0,13.0,5.0,11.0,11.0,0.023622047244094488,0.9960629921259843,0.9724409448818898,False,False
Gilles Marini,Cheryl Burke,Actor/Actress,,France,33,2nd Place,2,30.0,10.0,1.0,11,8,4,5,multi_elimination,False,0.12396694214876033,0.09090908979029956,3.0,0.2148760319390599,11.0,4.0,10.0,-2.0,2.0,0.0,0.9958677685950413,0.9958677685950413,False,False
Melissa Rycroft,Tony Dovolani,TV Personality,Texas,United States,26,3rd Place,3,29.0,9.666666666666666,2.0,11,8,4,5,multi_elimination,False,0.11983471074380166,0.09091033320582008,2.0,0.21074504394962174,10.0,4.0,10.0,0.0,0.0,0.0,0.9958677685950413,0.9958677685950413,False,False
Lil' Kim,Derek Hough,Singer/Rapper,New York,United States,34,Eliminated Week 9,5,27.0,9.0,3.0,11,8,4,5,multi_elimination,False,0.1115702479338843,0.09090135207310897,7.0,0.20247160000699327,9.0,10.0,7.0,-4.0,4.0,0.0,0.9958677685950413,0.9958677685950413,False,False
Shawn Johnson,Mark Ballas,Athlete,Iowa,United States,17,1st Place,1,25.0,8.333333333333334,4.0,11,8,4,5,multi_elimination,False,0.10330578512396695,0.09090120749665112,8.0,0.19420699262061808,7.0,12.0,4.0,-4.0,4.0,0.0,0.9958677685950413,0.9958677685950413,False,False
Ty Murray,Chelsie Hightower,Athlete,Arizona,United States,39,Eliminated Week 10,4,25.0,8.333333333333334,4.0,11,8,4,5,multi_elimination,False,0.10330578512396695,0.09090120749665112,8.0,0.19420699262061808,7.0,12.0,4.0,-4.0,4.0,0.0,0.9958677685950413,0.9958677685950413,False,False
Chuck Wicks,Julianne Hough,Singer/Rapper,Delaware,United States,29,Eliminated Week 8,6,22.0,7.333333333333333,6.0,11,8,4,5,multi_elimination,False,0.09090909090909091,0.09090769584344452,4.0,0.18181678675253543,5.0,10.0,7.0,2.0,2.0,0.0,0.9958677685950413,0.9958677685950413,False,False
David Alan Grier,Kym Johnson,Actor/Actress,Michigan,United States,52,Eliminated Week 5,9,22.0,7.333333333333333,6.0,11,8,4,5,multi_elimination,False,0.09090909090909091,0.09090769584344452,4.0,0.18181678675253543,5.0,10.0,7.0,2.0,2.0,0.0,0.9958677685950413,0.9958677685950413,False,False
Lawrence Taylor,Edyta Sliwinska,Athlete,Virginia,United States,50,Eliminated Week 7,7,19.0,6.333333333333333,8.0,11,8,4,5,multi_elimination,False,0.07851239669421488,0.09089889786082078,10.0,0.16941129455503567,4.0,18.0,2.0,-2.0,2.0,0.0,0.9958677685950413,0.9958677685950413,False,True
Holly Madison,Dmitry Chaplin,TV Personality,Oregon,United States,30,Eliminated Week 4,11,16.0,5.333333333333333,9.0,11,8,4,5,multi_elimination,True,0.06611570247933884,0.08886325419404893,11.0,0.1549789566733878,2.0,20.0,1.0,-2.0,2.0,0.0,0.1289256198347107,0.1289256198347107,True,True
Steve-O,Lacey Schwimmer,TV Personality,,England,34,Eliminated Week 6,8,15.0,5.0,10.0,11,8,4,5,multi_elimination,False,0.06198347107438017,0.0929955240208922,1.0,0.15497899509527235,3.0,11.0,6.0,9.0,9.0,0.004132231404958678,1.0,0.9958677685950413,False,False
Steve Wozniak,Karina Smirnoff,Entrepreneur,California,United States,58,Eliminated Week 4,10,12.0,4.0,11.0,11,8,4,5,multi_elimination,True,0.049586776859504134,0.09090374122984432,6.0,0.14049051808934845,1.0,17.0,3.0,5.0,5.0,0.0,0.143801652892562,0.143801652892562,True,False
Gilles Marini,Cheryl Burke,Actor/Actress,,France,33,2nd Place,2,29.0,9.666666666666666,1.0,9,8,5,6,single_elimination,False,0.1380952380952381,0.11101601239243017,7.0,0.24911125048766827,9.0,8.0,6.0,-6.0,6.0,0.0,0.9666666666666667,0.9666666666666667,False,False
Lil' Kim,Derek Hough,Singer/Rapper,New York,United States,34,Eliminated Week 9,5,26.0,8.666666666666666,2.0,9,8,5,6,single_elimination,False,0.12380952380952381,0.11101739888149585,5.0,0.23482692269101968,7.0,7.0,8.0,-3.0,3.0,0.0,0.9666666666666667,0.9666666666666667,False,False
Shawn Johnson,Mark Ballas,Athlete,Iowa,United States,17,1st Place,1,26.0,8.666666666666666,2.0,9,8,5,6,single_elimination,False,0.12380952380952381,0.11101739888149585,5.0,0.23482692269101968,7.0,7.0,8.0,-3.0,3.0,0.0,0.9666666666666667,0.9666666666666667,False,False
Melissa Rycroft,Tony Dovolani,TV Personality,Texas,United States,26,3rd Place,3,25.0,8.333333333333334,4.0,9,8,5,6,single_elimination,False,0.11904761904761904,0.1110273672096136,4.0,0.23007498625723266,6.0,8.0,6.0,0.0,0.0,0.0,0.9666666666666667,0.9666666666666667,False,False
Chuck Wicks,Julianne Hough,Singer/Rapper,Delaware,United States,29,Eliminated Week 8,6,23.0,7.666666666666667,5.0,9,8,5,6,single_elimination,False,0.10952380952380952,0.11101185589934179,8.0,0.2205356654231513,5.0,13.0,2.0,-3.0,3.0,0.0,0.9666666666666667,0.9666666666666667,False,False
David Alan Grier,Kym Johnson,Actor/Actress,Michigan,United States,52,Eliminated Week 5,9,22.0,7.333333333333333,6.0,9,8,5,6,single_elimination,True,0.10476190476190476,0.10176994280214899,9.0,0.20653184756405374,1.0,15.0,1.0,-3.0,3.0,0.0,0.11746031746031745,0.11746031746031745,True,True
Ty Murray,Chelsie Hightower,Athlete,Arizona,United States,39,Eliminated Week 10,4,21.0,7.0,7.0,9,8,5,6,single_elimination,False,0.1,0.111028068393747,3.0,0.211028068393747,4.0,10.0,3.0,4.0,4.0,0.004761904761904759,0.9714285714285714,0.9666666666666667,False,False
Lawrence Taylor,Edyta Sliwinska,Athlete,Virginia,United States,50,Eliminated Week 7,7,20.0,6.666666666666667,8.0,9,8,5,6,single_elimination,False,0.09523809523809523,0.11129438964663982,2.0,0.20653248488473505,3.0,10.0,3.0,6.0,6.0,0.009523809523809532,0.9761904761904762,0.9666666666666667,False,False
Steve-O,Lacey Schwimmer,TV Personality,,England,34,Eliminated Week 6,8,18.0,6.0,9.0,9,8,5,6,single_elimination,False,0.08571428571428572,0.12081756475079884,1.0,0.20653185046508454,2.0,10.0,3.0,8.0,8.0,0.01904761904761905,0.9857142857142858,0.9666666666666667,False,False
Lil' Kim,Derek Hough,Singer/Rapper,New York,United States,34,Eliminated Week 9,5,28.0,9.333333333333334,1.0,8,8,6,7,single_elimination,False,0.15053763440860216,0.12500501882708162,1.0,0.2755426532356838,8.0,2.0,8.0,0.0,0.0,0.0,1.0,1.0,False,False
Melissa Rycroft,Tony Dovolani,TV Personality,Texas,United States,26,3rd Place,3,27.0,9.0,2.0,8,8,6,7,single_elimination,False,0.14516129032258066,0.12499807888636401,7.0,0.2701593692089447,7.0,9.0,3.0,-5.0,5.0,0.0,1.0,1.0,False,False
Gilles Marini,Cheryl Burke,Actor/Actress,,France,33,2nd Place,2,26.0,8.666666666666666,3.0,8,8,6,7,single_elimination,False,0.13978494623655913,0.12499912673417961,5.0,0.26478407297073875,5.0,8.0,6.0,-2.0,2.0,0.0,1.0,1.0,False,False
Shawn Johnson,Mark Ballas,Athlete,Iowa,United States,17,1st Place,1,26.0,8.666666666666666,3.0,8,8,6,7,single_elimination,False,0.13978494623655913,0.12499912673417961,5.0,0.26478407297073875,5.0,8.0,6.0,-2.0,2.0,0.0,1.0,1.0,False,False
Chuck Wicks,Julianne Hough,Singer/Rapper,Delaware,United States,29,Eliminated Week 8,6,23.0,7.666666666666667,5.0,8,8,6,7,single_elimination,False,0.12365591397849462,0.12499982328921196,4.0,0.24865573726770657,4.0,9.0,3.0,1.0,1.0,0.0,1.0,1.0,False,False
Lawrence Taylor,Edyta Sliwinska,Athlete,Virginia,United States,50,Eliminated Week 7,7,22.0,7.333333333333333,6.0,8,8,6,7,single_elimination,False,0.11827956989247312,0.1250012888935557,3.0,0.24328085878602881,3.0,9.0,3.0,3.0,3.0,0.0,1.0,1.0,False,False
Ty Murray,Chelsie Hightower,Athlete,Arizona,United States,39,Eliminated Week 10,4,18.0,6.0,7.0,8,8,6,7,single_elimination,False,0.0967741935483871,0.12499544625112212,8.0,0.2217696397995092,2.0,15.0,1.0,-1.0,1.0,0.0,1.0,1.0,False,True
Steve-O,Lacey Schwimmer,TV Personality,,England,34,Eliminated Week 6,8,16.0,5.333333333333333,8.0,8,8,6,7,single_elimination,True,0.08602150537634409,0.12500208988233735,2.0,0.21102359525868145,1.0,10.0,2.0,6.0,6.0,0.0,0.16397849462365588,0.16397849462365588,True,False
Melissa Rycroft,Tony Dovolani,TV Personality,Texas,United States,26,3rd Place,3,29.0,9.666666666666666,1.0,7,8,7,8,single_elimination,False,0.15934065934065933,0.14287434930196746,1.0,0.3022150086426268,7.0,2.0,7.0,0.0,0.0,0.0,1.0,1.0,False,False
Shawn Johnson,Mark Ballas,Athlete,Iowa,United States,17,1st Place,1,28.0,9.333333333333334,2.0,7,8,7,8,single_elimination,False,0.15384615384615385,0.14285504759839654,5.0,0.29670120144455037,6.0,7.0,4.0,-3.0,3.0,0.0,1.0,1.0,False,False
Chuck Wicks,Julianne Hough,Singer/Rapper,Delaware,United States,29,Eliminated Week 8,6,27.0,9.0,3.0,7,8,7,8,single_elimination,False,0.14835164835164835,0.14285711755440206,2.0,0.2912087659060504,4.0,5.0,5.0,1.0,1.0,0.0,1.0,1.0,False,False
Gilles Marini,Cheryl Burke,Actor/Actress,,France,33,2nd Place,2,27.0,9.0,3.0,7,8,7,8,single_elimination,False,0.14835164835164835,0.14285711755440206,2.0,0.2912087659060504,4.0,5.0,5.0,1.0,1.0,0.0,1.0,1.0,False,False
Lil' Kim,Derek Hough,Singer/Rapper,New York,United States,34,Eliminated Week 9,5,26.0,8.666666666666666,5.0,7,8,7,8,single_elimination,False,0.14285714285714285,0.1428555260047752,4.0,0.28571266886191804,3.0,9.0,3.0,1.0,1.0,0.0,1.0,1.0,False,False
Ty Murray,Chelsie Hightower,Athlete,Arizona,United States,39,Eliminated Week 10,4,24.0,8.0,6.0,7,8,7,8,single_elimination,False,0.13186813186813187,0.14284812139669192,7.0,0.2747162532648238,2.0,13.0,1.0,-1.0,1.0,0.0,1.0,1.0,False,True
Lawrence Taylor,Edyta Sliwinska,Athlete,Virginia,United States,50,Eliminated Week 7,7,21.0,7.0,7.0,7,8,7,8,single_elimination,True,0.11538461538461539,0.14285271901533114,6.0,0.25823733439994656,1.0,13.0,1.0,1.0,1.0,0.0,0.1703296703296703,0.1703296703296703,True,False
Lil' Kim,Derek Hough,Singer/Rapper,New York,United States,34,Eliminated Week 9,5,28.0,9.333333333333334,1.0,6,8,8,9,single_elimination,False,0.1794871794871795,0.16660432533295,3.0,0.3460915048201295,6.0,4.0,5.0,-2.0,2.0,0.0,0.983974358974359,0.983974358974359,False,False
Gilles Marini,Cheryl Burke,Actor/Actress,,France,33,2nd Place,2,27.5,9.166666666666666,2.0,6,8,8,9,single_elimination,False,0.1762820512820513,0.16661365998096947,2.0,0.34289571126302076,5.0,4.0,5.0,0.0,0.0,0.0,0.983974358974359,0.983974358974359,False,False
Shawn Johnson,Mark Ballas,Athlete,Iowa,United States,17,1st Place,1,26.0,8.666666666666666,3.0,6,8,8,9,single_elimination,False,0.16666666666666666,0.16659681971268028,4.0,0.33326348637934694,3.0,7.0,2.0,-1.0,1.0,0.0,0.983974358974359,0.983974358974359,False,False
Ty Murray,Chelsie Hightower,Athlete,Arizona,United States,39,Eliminated Week 10,4,26.0,8.666666666666666,3.0,6,8,8,9,single_elimination,False,0.16666666666666666,0.16659681971268028,4.0,0.33326348637934694,3.0,7.0,2.0,-1.0,1.0,0.0,0.983974358974359,0.983974358974359,False,False
Chuck Wicks,Julianne Hough,Singer/Rapper,Delaware,United States,29,Eliminated Week 8,6,25.5,8.5,5.0,6,8,8,9,single_elimination,True,0.16346153846153846,0.15878136236633378,6.0,0.3222429008278722,1.0,11.0,1.0,-1.0,1.0,0.0,0.16987179487179488,0.16987179487179488,True,True
Melissa Rycroft,Tony Dovolani,TV Personality,Texas,United States,26,3rd Place,3,23.0,7.666666666666667,6.0,6,8,8,9,single_elimination,False,0.14743589743589744,0.17480701105072843,1.0,0.32224290848662585,2.0,7.0,2.0,5.0,5.0,0.016025641025641024,1.0,0.983974358974359,False,False
Melissa Rycroft,Tony Dovolani,TV Personality,Texas,United States,26,3rd Place,3,28.5,9.5,1.0,5,8,9,10,single_elimination,False,0.21348314606741572,0.19985858564718084,4.0,0.41334173171459654,5.0,5.0,3.0,-3.0,3.0,0.0,0.9775280898876404,0.9775280898876404,False,False
Gilles Marini,Cheryl Burke,Actor/Actress,,France,33,2nd Place,2,28.0,9.333333333333334,2.0,5,8,9,10,single_elimination,False,0.20973782771535582,0.19988370502604175,2.0,0.40962153274139756,3.0,4.0,4.0,0.0,0.0,0.0,0.9775280898876404,0.9775280898876404,False,False
Shawn Johnson,Mark Ballas,Athlete,Iowa,United States,17,1st Place,1,28.0,9.333333333333334,2.0,5,8,9,10,single_elimination,False,0.20973782771535582,0.19988370502604175,2.0,0.40962153274139756,3.0,4.0,4.0,0.0,0.0,0.0,0.9775280898876404,0.9775280898876404,False,False
Lil' Kim,Derek Hough,Singer/Rapper,New York,United States,34,Eliminated Week 9,5,26.0,8.666666666666666,4.0,5,8,9,10,single_elimination,True,0.1947565543071161,0.18895104202717786,5.0,0.38370759633429397,1.0,9.0,1.0,-1.0,1.0,0.0,0.20524344569288389,0.20524344569288389,True,True
Ty Murray,Chelsie Hightower,Athlete,Arizona,United States,39,Eliminated Week 10,4,23.0,7.666666666666667,5.0,5,8,9,10,single_elimination,False,0.17228464419475656,0.21142296097561614,1.0,0.3837076051703727,2.0,6.0,2.0,4.0,4.0,0.02247191011235955,1.0,0.9775280898876404,False,False
Gilles Marini,Cheryl Burke,Actor/Actress,,France,33,2nd Place,2,30.0,10.0,1.0,4,8,10,11,single_elimination,False,0.273972602739726,0.2500095753565944,1.0,0.5239821780963204,4.0,2.0,4.0,0.0,0.0,0.0,1.0,1.0,False,False
Shawn Johnson,Mark Ballas,Athlete,Iowa,United States,17,1st Place,1,28.0,9.333333333333334,2.0,4,8,10,11,single_elimination,False,0.2557077625570776,0.24999076726659186,3.0,0.5056985298236695,3.0,5.0,3.0,-1.0,1.0,0.0,1.0,1.0,False,False
Melissa Rycroft,Tony Dovolani,TV Personality,Texas,United States,26,3rd Place,3,27.5,9.166666666666666,3.0,4,8,10,11,single_elimination,False,0.2511415525114155,0.24999013467829406,4.0,0.5011316871897096,2.0,7.0,1.0,-1.0,1.0,0.0,1.0,1.0,False,True
Ty Murray,Chelsie Hightower,Athlete,Arizona,United States,39,Eliminated Week 10,4,24.0,8.0,4.0,4,8,10,11,single_elimination,True,0.2191780821917808,0.2500095210637765,2.0,0.4691876032555573,1.0,6.0,2.0,2.0,2.0,0.0,0.2808219178082192,0.2808219178082192,True,False
Joanna Krupa,Derek Hough,Model,,Poland,30,Eliminated Week 9,4,33.9999,11.3333,1.0,16,9,1,2,multi_elimination,False,0.08374392608443777,0.06249525598641732,16.0,0.1462391820708551,16.0,17.0,6.0,-15.0,15.0,0.0,1.0,1.0,False,False
Aaron Carter,Karina Smirnoff,Singer/Rapper,Florida,United States,21,Eliminated Week 8,5,31.999899999999997,10.666633333333332,2.0,16,9,1,2,multi_elimination,False,0.07881779829674206,0.06250205308853712,5.0,0.1413198513852792,15.0,7.0,15.0,-3.0,3.0,0.0,1.0,1.0,False,False
Mya,Dmitry Chaplin,Singer/Rapper,Washington D.C.,United States,29,2nd Place,2,30.999899999999997,10.3333,3.0,16,9,1,2,multi_elimination,False,0.0763547344028942,0.0624990337226558,11.0,0.13885376812555,14.0,14.0,14.0,-8.0,8.0,0.0,1.0,1.0,False,False
Kelly Osbourne,Louis van Amstel,TV Personality,,England,24,3rd Place,3,30.9998,10.333266666666667,4.0,16,9,1,2,multi_elimination,False,0.07635448809650483,0.06249820795617139,13.0,0.13885269605267622,13.0,17.0,6.0,-9.0,9.0,0.0,1.0,1.0,False,False
Donny Osmond,Kym Johnson,Singer/Rapper,Utah,United States,51,1st Place,1,29.999899999999997,9.999966666666666,5.0,16,9,1,2,multi_elimination,False,0.07389167050904634,0.06250295360770147,2.0,0.1363946241167478,12.0,7.0,15.0,3.0,3.0,0.0,1.0,1.0,False,False
Mark Dacascos,Lacey Schwimmer,Actor/Actress,Hawaii,United States,45,Eliminated Week 7,6,28.9998,9.6666,6.0,16,9,1,2,multi_elimination,False,0.07142836030880911,0.062499005452201176,12.0,0.13392736576101028,11.0,18.0,5.0,-6.0,6.0,0.0,1.0,1.0,False,False
Louie Vito,Chelsie Hightower,Athlete,Ohio,United States,21,Eliminated Week 6,8,26.9998,8.999933333333333,7.0,16,9,1,2,multi_elimination,False,0.0665022325211134,0.06249918962670056,9.0,0.12900142214781396,9.0,16.0,8.0,-2.0,2.0,0.0,1.0,1.0,False,False
Natalie Coughlin,Alec Mazo,Athlete,California,United States,27,Eliminated Week 5,10,26.9998,8.999933333333333,7.0,16,9,1,2,multi_elimination,False,0.0665022325211134,0.06249918962670056,9.0,0.12900142214781396,9.0,16.0,8.0,-2.0,2.0,0.0,1.0,1.0,False,False
Melissa Joan Hart,Mark Ballas,Actor/Actress,New York,United States,33,Eliminated Week 6,9,24.0,8.0,9.0,16,9,1,2,multi_elimination,False,0.059113533452348585,0.06250047270184554,7.0,0.12161400615419413,8.0,16.0,8.0,2.0,2.0,0.0,1.0,1.0,False,False
Chuck Liddell,Anna Trebunskaya,Athlete,California,United States,39,Eliminated Week 4,11,22.0,7.333333333333333,10.0,16,9,1,2,multi_elimination,False,0.054187405664652875,0.06249678514757904,14.0,0.11668419081223191,6.0,24.0,1.0,-4.0,4.0,0.0,1.0,1.0,False,True
Debi Mazar,Maksim Chmerkoskiy,Actor/Actress,New York,United States,45,Eliminated Week 3,12,22.0,7.333333333333333,10.0,16,9,1,2,multi_elimination,False,0.054187405664652875,0.06249678514757904,14.0,0.11668419081223191,6.0,24.0,1.0,-4.0,4.0,0.0,1.0,1.0,False,True
Kathy Ireland,Tony Dovolani,Model,California,United States,46,Eliminated Week 2,14,19.9999,6.666633333333333,12.0,16,9,1,2,multi_elimination,False,0.04926103157056777,0.0625024173693806,3.0,0.11176344893994837,4.0,15.0,11.0,9.0,9.0,0.0,1.0,1.0,False,False
Tom DeLay,Cheryl Burke,Politician,Texas,United States,62,Withdrew,13,19.9999,6.666633333333333,12.0,16,9,1,2,multi_elimination,False,0.04926103157056777,0.0625024173693806,3.0,0.11176344893994837,4.0,15.0,11.0,9.0,9.0,0.0,1.0,1.0,False,False
Michael Irvin,Anna Demidova,Athlete,Florida,United States,43,Eliminated Week 7,7,19.0,6.333333333333333,14.0,16,9,1,2,multi_elimination,False,0.0467982139831093,0.06250570536634607,1.0,0.10930391934945538,3.0,15.0,11.0,13.0,13.0,0.0,1.0,1.0,False,False
Ashley Hamiliton,Edyta Sliwinska,Actor/Actress,California,United States,34,Eliminated Week 1,16,18.9999,6.3333,15.0,16,9,1,2,multi_elimination,True,0.04679796767671991,0.06250089188326392,6.0,0.10929885955998384,2.0,21.0,4.0,9.0,9.0,0.0,0.08341550114483208,0.08341550114483208,True,False
Macy Gray,Jonathan Roberts,Singer/Rapper,Ohio,United States,42,Eliminated Week 1,15,18.9999,6.3333,15.0,16,9,1,2,multi_elimination,True,0.04679796767671991,0.062499635304242726,8.0,0.10929760298096264,1.0,23.0,3.0,7.0,7.0,0.0,0.08341550114483208,0.08341550114483208,True,False
Aaron Carter,Karina Smirnoff,Singer/Rapper,Florida,United States,21,Eliminated Week 8,5,27.0,9.0,1.0,14,9,2,3,single_elimination,False,0.09183673469387756,0.07143305588192693,1.0,0.16326979057580449,13.0,2.0,13.0,0.0,0.0,0.0,1.0,1.0,False,False
Mya,Dmitry Chaplin,Singer/Rapper,Washington D.C.,United States,29,2nd Place,2,27.0,9.0,1.0,14,9,2,3,single_elimination,False,0.09183673469387756,0.07143305588192693,1.0,0.16326979057580449,13.0,2.0,13.0,0.0,0.0,0.0,1.0,1.0,False,False
Donny Osmond,Kym Johnson,Singer/Rapper,Utah,United States,51,1st Place,1,25.0,8.333333333333334,3.0,14,9,2,3,single_elimination,False,0.08503401360544217,0.07142547817987176,13.0,0.15645949178531393,12.0,16.0,7.0,-10.0,10.0,0.0,1.0,1.0,False,False
Debi Mazar,Maksim Chmerkoskiy,Actor/Actress,New York,United States,45,Eliminated Week 3,12,21.0,7.0,4.0,14,9,2,3,single_elimination,False,0.07142857142857142,0.07142965744242419,5.0,0.1428582288709956,9.0,9.0,10.0,-1.0,1.0,0.0,1.0,1.0,False,False
Mark Dacascos,Lacey Schwimmer,Actor/Actress,Hawaii,United States,45,Eliminated Week 7,6,21.0,7.0,4.0,14,9,2,3,single_elimination,False,0.07142857142857142,0.07142965744242419,5.0,0.1428582288709956,9.0,9.0,10.0,-1.0,1.0,0.0,1.0,1.0,False,False
Natalie Coughlin,Alec Mazo,Athlete,California,United States,27,Eliminated Week 5,10,21.0,7.0,4.0,14,9,2,3,single_elimination,False,0.07142857142857142,0.07142965744242419,5.0,0.1428582288709956,9.0,9.0,10.0,-1.0,1.0,0.0,1.0,1.0,False,False
Joanna Krupa,Derek Hough,Model,,Poland,30,Eliminated Week 9,4,20.0,6.666666666666667,7.0,14,9,2,3,single_elimination,False,0.06802721088435375,0.07142967435905126,3.0,0.139456885243405,7.0,10.0,8.0,4.0,4.0,0.0,1.0,1.0,False,False
Michael Irvin,Anna Demidova,Athlete,Florida,United States,43,Eliminated Week 7,7,20.0,6.666666666666667,7.0,14,9,2,3,single_elimination,False,0.06802721088435375,0.07142967435905126,3.0,0.139456885243405,7.0,10.0,8.0,4.0,4.0,0.0,1.0,1.0,False,False
Chuck Liddell,Anna Trebunskaya,Athlete,California,United States,39,Eliminated Week 4,11,19.0,6.333333333333333,9.0,14,9,2,3,single_elimination,False,0.06462585034013606,0.07142731883072276,9.0,0.1360531691708588,3.0,18.0,3.0,0.0,0.0,0.0,1.0,1.0,False,False
Kelly Osbourne,Louis van Amstel,TV Personality,,England,24,3rd Place,3,19.0,6.333333333333333,9.0,14,9,2,3,single_elimination,False,0.06462585034013606,0.07142731883072276,9.0,0.1360531691708588,3.0,18.0,3.0,0.0,0.0,0.0,1.0,1.0,False,False
Louie Vito,Chelsie Hightower,Athlete,Ohio,United States,21,Eliminated Week 6,8,19.0,6.333333333333333,9.0,14,9,2,3,single_elimination,False,0.06462585034013606,0.07142731883072276,9.0,0.1360531691708588,3.0,18.0,3.0,0.0,0.0,0.0,1.0,1.0,False,False
Melissa Joan Hart,Mark Ballas,Actor/Actress,New York,United States,33,Eliminated Week 6,9,19.0,6.333333333333333,9.0,14,9,2,3,single_elimination,False,0.06462585034013606,0.07142731883072276,9.0,0.1360531691708588,3.0,18.0,3.0,0.0,0.0,0.0,1.0,1.0,False,False
Kathy Ireland,Tony Dovolani,Model,California,United States,46,Eliminated Week 2,14,18.0,6.0,13.0,14,9,2,3,single_elimination,True,0.061224489795918366,0.07142187736945246,14.0,0.13264636716537082,1.0,27.0,1.0,-1.0,1.0,0.0,0.0816326530612245,0.0816326530612245,True,True
Tom DeLay,Cheryl Burke,Politician,Texas,United States,62,Withdrew,13,18.0,6.0,13.0,14,9,2,3,single_elimination,False,0.061224489795918366,0.07142893539136101,8.0,0.13265342518727938,2.0,21.0,2.0,5.0,5.0,0.0,1.0,1.0,False,False
Mya,Dmitry Chaplin,Singer/Rapper,Washington D.C.,United States,29,2nd Place,2,27.0,9.0,1.0,13,9,3,4,multi_elimination,False,0.10465116279069768,0.0768968632840434,3.0,0.18154802607474108,13.0,4.0,13.0,-2.0,2.0,0.0,0.9883720930232558,0.9883720930232558,False,False
Natalie Coughlin,Alec Mazo,Athlete,California,United States,27,Eliminated Week 5,10,26.0,8.666666666666666,2.0,13,9,3,4,multi_elimination,False,0.10077519379844961,0.07689487874640195,5.0,0.17767007254485156,12.0,7.0,12.0,-3.0,3.0,0.0,0.9883720930232558,0.9883720930232558,False,False
Joanna Krupa,Derek Hough,Model,,Poland,30,Eliminated Week 9,4,23.0,7.666666666666667,3.0,13,9,3,4,multi_elimination,False,0.08914728682170543,0.07688293146799695,12.0,0.16603021828970238,11.0,15.0,4.0,-9.0,9.0,0.0,0.9883720930232558,0.9883720930232558,False,False
Aaron Carter,Karina Smirnoff,Singer/Rapper,Florida,United States,21,Eliminated Week 8,5,21.0,7.0,4.0,13,9,3,4,multi_elimination,False,0.08139534883720931,0.07688418676047337,10.0,0.15827953559768268,9.0,14.0,5.0,-6.0,6.0,0.0,0.9883720930232558,0.9883720930232558,False,False
Donny Osmond,Kym Johnson,Singer/Rapper,Utah,United States,51,1st Place,1,21.0,7.0,4.0,13,9,3,4,multi_elimination,False,0.08139534883720931,0.07688418676047337,10.0,0.15827953559768268,9.0,14.0,5.0,-6.0,6.0,0.0,0.9883720930232558,0.9883720930232558,False,False
Kelly Osbourne,Louis van Amstel,TV Personality,,England,24,3rd Place,3,20.0,6.666666666666667,6.0,13,9,3,4,multi_elimination,False,0.07751937984496124,0.07688437634707589,8.0,0.1544037561920371,7.0,14.0,5.0,-2.0,2.0,0.0,0.9883720930232558,0.9883720930232558,False,False
Louie Vito,Chelsie Hightower,Athlete,Ohio,United States,21,Eliminated Week 6,8,20.0,6.666666666666667,6.0,13,9,3,4,multi_elimination,False,0.07751937984496124,0.07688437634707589,8.0,0.1544037561920371,7.0,14.0,5.0,-2.0,2.0,0.0,0.9883720930232558,0.9883720930232558,False,False
Melissa Joan Hart,Mark Ballas,Actor/Actress,New York,United States,33,Eliminated Week 6,9,19.0,6.333333333333333,8.0,13,9,3,4,multi_elimination,False,0.07364341085271318,0.07689713974043348,2.0,0.15054055059314667,6.0,10.0,11.0,6.0,6.0,0.0,0.9883720930232558,0.9883720930232558,False,False
Mark Dacascos,Lacey Schwimmer,Actor/Actress,Hawaii,United States,45,Eliminated Week 7,6,18.0,6.0,9.0,13,9,3,4,multi_elimination,False,0.06976744186046512,0.07689543950993022,4.0,0.14666288137039535,5.0,13.0,10.0,5.0,5.0,0.0,0.9883720930232558,0.9883720930232558,False,False
Chuck Liddell,Anna Trebunskaya,Athlete,California,United States,39,Eliminated Week 4,11,17.0,5.666666666666667,10.0,13,9,3,4,multi_elimination,False,0.06589147286821706,0.07689119498171756,7.0,0.14278266784993462,4.0,17.0,3.0,3.0,3.0,0.0,0.9883720930232558,0.9883720930232558,False,False
Debi Mazar,Maksim Chmerkoskiy,Actor/Actress,New York,United States,45,Eliminated Week 3,12,17.0,5.666666666666667,10.0,13,9,3,4,multi_elimination,True,0.06589147286821706,0.07129209101560435,13.0,0.1371835638838214,2.0,23.0,1.0,-3.0,3.0,0.0,0.09593023255813954,0.09593023255813954,True,True
Tom DeLay,Cheryl Burke,Politician,Texas,United States,62,Withdrew,13,15.0,5.0,12.0,13,9,3,4,multi_elimination,True,0.05813953488372093,0.0768923294812986,6.0,0.13503186436501952,1.0,18.0,2.0,6.0,6.0,0.0,0.10303617571059434,0.10303617571059434,True,True
Michael Irvin,Anna Demidova,Athlete,Florida,United States,43,Eliminated Week 7,7,14.0,4.666666666666667,13.0,13,9,3,4,multi_elimination,False,0.05426356589147287,0.08292000429368154,1.0,0.13718357018515442,3.0,14.0,5.0,12.0,12.0,0.011627906976744193,1.0,0.9883720930232558,False,False
Melissa Joan Hart,Mark Ballas,Actor/Actress,New York,United States,33,Eliminated Week 6,9,28.0,9.333333333333334,1.0,11,9,4,5,single_elimination,False,0.11570247933884298,0.0909038942062964,5.0,0.2066063735451394,10.0,6.0,10.0,-4.0,4.0,0.0,0.9917355371900827,0.9917355371900827,False,False
Mya,Dmitry Chaplin,Singer/Rapper,Washington D.C.,United States,29,2nd Place,2,28.0,9.333333333333334,1.0,11,9,4,5,single_elimination,False,0.11570247933884298,0.0909038942062964,5.0,0.2066063735451394,10.0,6.0,10.0,-4.0,4.0,0.0,0.9917355371900827,0.9917355371900827,False,False
Joanna Krupa,Derek Hough,Model,,Poland,30,Eliminated Week 9,4,26.0,8.666666666666666,3.0,11,9,4,5,single_elimination,False,0.10743801652892562,0.09089898568663635,10.0,0.19833700221556197,9.0,13.0,2.0,-7.0,7.0,0.0,0.9917355371900827,0.9917355371900827,False,False
Donny Osmond,Kym Johnson,Singer/Rapper,Utah,United States,51,1st Place,1,24.0,8.0,4.0,11,9,4,5,single_elimination,False,0.09917355371900827,0.09090013534427713,8.0,0.1900736890632854,7.0,12.0,4.0,-4.0,4.0,0.0,0.9917355371900827,0.9917355371900827,False,False
Natalie Coughlin,Alec Mazo,Athlete,California,United States,27,Eliminated Week 5,10,24.0,8.0,4.0,11,9,4,5,single_elimination,False,0.09917355371900827,0.09090013534427713,8.0,0.1900736890632854,7.0,12.0,4.0,-4.0,4.0,0.0,0.9917355371900827,0.9917355371900827,False,False
Kelly Osbourne,Louis van Amstel,TV Personality,,England,24,3rd Place,3,23.0,7.666666666666667,6.0,11,9,4,5,single_elimination,False,0.09504132231404959,0.09090133880651174,7.0,0.18594266112056135,6.0,13.0,2.0,-1.0,1.0,0.0,0.9917355371900827,0.9917355371900827,False,False
Mark Dacascos,Lacey Schwimmer,Actor/Actress,Hawaii,United States,45,Eliminated Week 7,6,22.0,7.333333333333333,7.0,11,9,4,5,single_elimination,False,0.09090909090909091,0.09090912761680627,3.0,0.1818182185258972,5.0,10.0,9.0,4.0,4.0,0.0,0.9917355371900827,0.9917355371900827,False,False
Aaron Carter,Karina Smirnoff,Singer/Rapper,Florida,United States,21,Eliminated Week 8,5,18.0,6.0,8.0,11,9,4,5,single_elimination,False,0.0743801652892562,0.09090490800490388,4.0,0.1652850732941601,4.0,12.0,4.0,4.0,4.0,0.0,0.9917355371900827,0.9917355371900827,False,False
Chuck Liddell,Anna Trebunskaya,Athlete,California,United States,39,Eliminated Week 4,11,17.0,5.666666666666667,9.0,11,9,4,5,single_elimination,True,0.07024793388429752,0.0881710263108601,11.0,0.1584189601951576,1.0,20.0,1.0,-2.0,2.0,0.0,0.11157024793388429,0.11157024793388429,True,True
Louie Vito,Chelsie Hightower,Athlete,Ohio,United States,21,Eliminated Week 6,8,16.0,5.333333333333333,10.0,11,9,4,5,single_elimination,False,0.06611570247933884,0.09230327665357106,2.0,0.15841897913290992,2.0,12.0,4.0,8.0,8.0,0.004132231404958678,0.9958677685950413,0.9917355371900827,False,False
Michael Irvin,Anna Demidova,Athlete,Florida,United States,43,Eliminated Week 7,7,16.0,5.333333333333333,10.0,11,9,4,5,single_elimination,False,0.06611570247933884,0.09230327687408436,1.0,0.1584189793534232,3.0,11.0,8.0,9.0,9.0,0.004132231404958678,0.9958677685950413,0.9917355371900827,False,False
Donny Osmond,Kym Johnson,Singer/Rapper,Utah,United States,51,1st Place,1,29.0,9.666666666666666,1.0,10,9,5,6,single_elimination,False,0.11983471074380166,0.10000425541602607,2.0,0.21983896615982773,10.0,3.0,10.0,-1.0,1.0,0.0,0.9958677685950413,0.9958677685950413,False,False
Mya,Dmitry Chaplin,Singer/Rapper,Washington D.C.,United States,29,2nd Place,2,27.0,9.0,2.0,10,9,5,6,single_elimination,False,0.1115702479338843,0.09998862931661592,9.0,0.2115588772505002,9.0,11.0,4.0,-7.0,7.0,0.0,0.9958677685950413,0.9958677685950413,False,False
Mark Dacascos,Lacey Schwimmer,Actor/Actress,Hawaii,United States,45,Eliminated Week 7,6,26.0,8.666666666666666,3.0,10,9,5,6,single_elimination,False,0.10743801652892562,0.09998981553188685,7.0,0.20742783206081247,8.0,10.0,6.0,-4.0,4.0,0.0,0.9958677685950413,0.9958677685950413,False,False
Aaron Carter,Karina Smirnoff,Singer/Rapper,Florida,United States,21,Eliminated Week 8,5,24.0,8.0,4.0,10,9,5,6,single_elimination,False,0.09917355371900827,0.10000011643384434,3.0,0.1991736701528526,5.0,7.0,7.0,1.0,1.0,0.0,0.9958677685950413,0.9958677685950413,False,False
Joanna Krupa,Derek Hough,Model,,Poland,30,Eliminated Week 9,4,24.0,8.0,4.0,10,9,5,6,single_elimination,False,0.09917355371900827,0.10000011643384434,3.0,0.1991736701528526,5.0,7.0,7.0,1.0,1.0,0.0,0.9958677685950413,0.9958677685950413,False,False
Kelly Osbourne,Louis van Amstel,TV Personality,,England,24,3rd Place,3,24.0,8.0,4.0,10,9,5,6,single_elimination,False,0.09917355371900827,0.10000011643384434,3.0,0.1991736701528526,5.0,7.0,7.0,1.0,1.0,0.0,0.9958677685950413,0.9958677685950413,False,False
Melissa Joan Hart,Mark Ballas,Actor/Actress,New York,United States,33,Eliminated Week 6,9,23.0,7.666666666666667,7.0,10,9,5,6,single_elimination,False,0.09504132231404959,0.09998872340267387,8.0,0.19503004571672344,4.0,15.0,2.0,-1.0,1.0,0.0,0.9958677685950413,0.9958677685950413,False,False
Louie Vito,Chelsie Hightower,Athlete,Ohio,United States,21,Eliminated Week 6,8,22.0,7.333333333333333,8.0,10,9,5,6,single_elimination,False,0.09090909090909091,0.09999408773094497,6.0,0.19090317864003586,3.0,14.0,3.0,2.0,2.0,0.0,0.9958677685950413,0.9958677685950413,False,False
Natalie Coughlin,Alec Mazo,Athlete,California,United States,27,Eliminated Week 5,10,22.0,7.333333333333333,8.0,10,9,5,6,single_elimination,True,0.09090909090909091,0.09795094869326228,10.0,0.1888600396023532,1.0,18.0,1.0,-2.0,2.0,0.0,0.10909090909090909,0.10909090909090909,True,True
Michael Irvin,Anna Demidova,Athlete,Florida,United States,43,Eliminated Week 7,7,21.0,7.0,10.0,10,9,5,6,single_elimination,False,0.08677685950413223,0.10208318917197551,1.0,0.18886004867610773,2.0,11.0,4.0,9.0,9.0,0.004132231404958678,1.0,0.9958677685950413,False,False
Joanna Krupa,Derek Hough,Model,,Poland,30,Eliminated Week 9,4,35.9999,11.999966666666666,1.0,9,9,6,7,multi_elimination,False,0.13846163313642237,0.11108540929836425,7.0,0.24954704243478662,9.0,8.0,5.0,-6.0,6.0,0.0,0.9923068964469492,0.9923068964469492,False,False
Mya,Dmitry Chaplin,Singer/Rapper,Washington D.C.,United States,29,2nd Place,2,33.0,11.0,2.0,9,9,6,7,multi_elimination,False,0.12692351627371018,0.11108627172822191,6.0,0.2380097880019321,7.0,8.0,5.0,-4.0,4.0,0.0,0.9923068964469492,0.9923068964469492,False,False
Aaron Carter,Karina Smirnoff,Singer/Rapper,Florida,United States,21,Eliminated Week 8,5,32.9998,10.999933333333333,3.0,9,9,6,7,multi_elimination,False,0.12692274704027823,0.11108822059021851,5.0,0.23801096763049673,8.0,8.0,5.0,-2.0,2.0,0.0,0.9923068964469492,0.9923068964469492,False,False
Mark Dacascos,Lacey Schwimmer,Actor/Actress,Hawaii,United States,45,Eliminated Week 7,6,32.0,10.666666666666666,4.0,9,9,6,7,multi_elimination,False,0.12307734911390078,0.11109824675872015,3.0,0.23417559587262093,6.0,7.0,8.0,1.0,1.0,0.0,0.9923068964469492,0.9923068964469492,False,False
Donny Osmond,Kym Johnson,Singer/Rapper,Utah,United States,51,1st Place,1,30.999899999999997,10.3333,5.0,9,9,6,7,multi_elimination,False,0.11923079733737539,0.11109960960326974,2.0,0.23033040694064513,5.0,7.0,8.0,3.0,3.0,0.0,0.9923068964469492,0.9923068964469492,False,False
Kelly Osbourne,Louis van Amstel,TV Personality,,England,24,3rd Place,3,24.9998,8.333266666666667,6.0,9,9,6,7,multi_elimination,False,0.09615340976180302,0.11109735146123063,4.0,0.20725076122303365,4.0,10.0,3.0,2.0,2.0,0.0,0.9923068964469492,0.9923068964469492,False,False
Louie Vito,Chelsie Hightower,Athlete,Ohio,United States,21,Eliminated Week 6,8,24.0,8.0,7.0,9,9,6,7,multi_elimination,True,0.09230801183542559,0.10858379525025263,9.0,0.20089180708567822,2.0,16.0,1.0,-2.0,2.0,0.0,0.1461535347622357,0.1461535347622357,True,True
Melissa Joan Hart,Mark Ballas,Actor/Actress,New York,United States,33,Eliminated Week 6,9,23.9999,7.9999666666666664,8.0,9,9,6,7,multi_elimination,True,0.09230762721870961,0.10858417979630827,8.0,0.20089180701501788,1.0,16.0,1.0,0.0,0.0,0.0,0.1461538713018622,0.1461538713018622,True,True
Michael Irvin,Anna Demidova,Athlete,Florida,United States,43,Eliminated Week 7,7,21.9998,7.333266666666667,9.0,9,9,6,7,multi_elimination,False,0.08461490828237482,0.11627691457468214,1.0,0.20089182285705698,3.0,10.0,3.0,8.0,8.0,0.007693103553050765,1.0,0.9923068964469492,False,False
Joanna Krupa,Derek Hough,Model,,Poland,30,Eliminated Week 9,4,27.5,9.166666666666666,1.0,7,9,7,8,multi_elimination,False,0.15669515669515668,0.14286900135552377,1.0,0.2995641580506805,7.0,2.0,7.0,0.0,0.0,0.0,1.0,1.0,False,False
Aaron Carter,Karina Smirnoff,Singer/Rapper,Florida,United States,21,Eliminated Week 8,5,26.5,8.833333333333334,2.0,7,9,7,8,multi_elimination,False,0.150997150997151,0.14285207711732759,6.0,0.29384922811447856,6.0,8.0,4.0,-4.0,4.0,0.0,1.0,1.0,False,False
Donny Osmond,Kym Johnson,Singer/Rapper,Utah,United States,51,1st Place,1,26.0,8.666666666666666,3.0,7,9,7,8,multi_elimination,False,0.14814814814814814,0.14285930384855894,2.0,0.2910074519967071,4.0,5.0,5.0,1.0,1.0,0.0,1.0,1.0,False,False
Kelly Osbourne,Louis van Amstel,TV Personality,,England,24,3rd Place,3,26.0,8.666666666666666,3.0,7,9,7,8,multi_elimination,False,0.14814814814814814,0.14285930384855894,2.0,0.2910074519967071,4.0,5.0,5.0,1.0,1.0,0.0,1.0,1.0,False,False
Mya,Dmitry Chaplin,Singer/Rapper,Washington D.C.,United States,29,2nd Place,2,24.5,8.166666666666666,5.0,7,9,7,8,multi_elimination,False,0.1396011396011396,0.14285267504082025,5.0,0.28245381464195984,3.0,10.0,2.0,0.0,0.0,0.0,1.0,1.0,False,True
Michael Irvin,Anna Demidova,Athlete,Florida,United States,43,Eliminated Week 7,7,23.5,7.833333333333333,6.0,7,9,7,8,multi_elimination,True,0.1339031339031339,0.1428566056842723,4.0,0.2767597395874062,2.0,10.0,2.0,2.0,2.0,0.0,0.17901234567901234,0.17901234567901234,True,False
Mark Dacascos,Lacey Schwimmer,Actor/Actress,Hawaii,United States,45,Eliminated Week 7,6,21.5,7.166666666666667,7.0,7,9,7,8,multi_elimination,True,0.1225071225071225,0.14285103172068614,7.0,0.2653581542278086,1.0,14.0,1.0,0.0,0.0,0.0,0.18850902184235516,0.18850902184235516,True,True
Mya,Dmitry Chaplin,Singer/Rapper,Washington D.C.,United States,29,2nd Place,2,29.5,9.833333333333334,1.0,5,9,8,9,single_elimination,False,0.22519083969465647,0.19999913332058422,2.0,0.4251899730152407,5.0,3.0,5.0,-1.0,1.0,0.0,1.0,1.0,False,False
Joanna Krupa,Derek Hough,Model,,Poland,30,Eliminated Week 9,4,26.0,8.666666666666666,2.0,5,9,8,9,single_elimination,False,0.1984732824427481,0.19998774083067528,5.0,0.39846102327342336,4.0,7.0,2.0,-3.0,3.0,0.0,1.0,1.0,False,False
Kelly Osbourne,Louis van Amstel,TV Personality,,England,24,3rd Place,3,25.5,8.5,3.0,5,9,8,9,single_elimination,False,0.1946564885496183,0.19999863343013488,3.0,0.39465512197975317,3.0,6.0,3.0,0.0,0.0,0.0,1.0,1.0,False,False
Aaron Carter,Karina Smirnoff,Singer/Rapper,Florida,United States,21,Eliminated Week 8,5,25.0,8.333333333333334,4.0,5,9,8,9,single_elimination,True,0.19083969465648856,0.19999743568032782,4.0,0.3908371303368164,1.0,8.0,1.0,0.0,0.0,0.0,0.2091603053435114,0.2091603053435114,True,True
Donny Osmond,Kym Johnson,Singer/Rapper,Utah,United States,51,1st Place,1,25.0,8.333333333333334,4.0,5,9,8,9,single_elimination,False,0.19083969465648856,0.2000170555979226,1.0,0.39085675025441113,2.0,5.0,4.0,3.0,3.0,0.0,1.0,1.0,False,False
Mya,Dmitry Chaplin,Singer/Rapper,Washington D.C.,United States,29,2nd Place,2,28.9999,9.666633333333333,1.0,4,9,9,10,single_elimination,False,0.27187499707030244,0.2498684629579787,3.0,0.5217434600282811,4.0,4.0,4.0,-2.0,2.0,0.0,0.9687473925691619,0.9687473925691619,False,False
Joanna Krupa,Derek Hough,Model,,Poland,30,Eliminated Week 9,4,27.0,9.0,2.0,4,9,9,10,single_elimination,True,0.25312587012017856,0.23918905688204076,4.0,0.49231492700221935,1.0,6.0,1.0,-2.0,2.0,0.0,0.24687412987982144,0.24687412987982144,True,True
Kelly Osbourne,Louis van Amstel,TV Personality,,England,24,3rd Place,3,25.9998,8.6666,3.0,4,9,9,10,single_elimination,False,0.24374896288705994,0.2498776854978499,2.0,0.4936266483849098,3.0,5.0,2.0,1.0,1.0,0.009376907233118625,0.9781242998022806,0.9687473925691619,False,False
Donny Osmond,Kym Johnson,Singer/Rapper,Utah,United States,51,1st Place,1,24.666600000000003,8.2222,4.0,4,9,9,10,single_elimination,False,0.23125016992245914,0.261064792788865,1.0,0.49231496271132413,2.0,5.0,2.0,3.0,3.0,0.021875700197719422,0.9906230927668813,0.9687473925691619,False,False
Nicole Scherzinger,Derek Hough,Singer/Rapper,Hawaii,United States,31,1st Place,1,28.0,9.333333333333334,1.0,11,10,2,3,single_elimination,False,0.12727272727272726,0.09055301238955707,10.0,0.21782573966228433,11.0,11.0,6.0,-9.0,9.0,0.0,0.9181818181818182,0.9181818181818182,False,False
Evan Lysacek,Anna Trebunskaya,Athlete,Illinois,United States,24,2nd Place,2,24.0,8.0,2.0,11,10,2,3,single_elimination,False,0.10909090909090909,0.09055986012774331,8.0,0.19965076921865238,10.0,10.0,8.0,-6.0,6.0,0.0,0.9181818181818182,0.9181818181818182,False,False
Erin Andrews,Maksim Chmerkoskiy,Sports Broadcaster,Maine,United States,32,3rd Place,3,23.0,7.666666666666667,3.0,11,10,2,3,single_elimination,False,0.10454545454545454,0.09056159297526366,6.0,0.1951070475207182,9.0,9.0,10.0,-3.0,3.0,0.0,0.9181818181818182,0.9181818181818182,False,False
Pamela Anderson,Damian Whitewood,Model,,Canada,42,Eliminated Week 7,6,22.0,7.333333333333333,4.0,11,10,2,3,single_elimination,False,0.1,0.09055987990348376,7.0,0.19055987990348378,8.0,11.0,6.0,-3.0,3.0,0.0,0.9181818181818182,0.9181818181818182,False,False
Niecy Nash,Louis van Amstel,Actor/Actress,California,United States,40,Eliminated Week 8,5,21.0,7.0,5.0,11,10,2,3,single_elimination,False,0.09545454545454546,0.09056359634783222,5.0,0.1860181418023777,7.0,10.0,8.0,0.0,0.0,0.0,0.9181818181818182,0.9181818181818182,False,False
Jake Pavelka,Chelsie Hightower,TV Personality,Texas,United States,32,Eliminated Week 6,7,20.0,6.666666666666667,6.0,11,10,2,3,single_elimination,False,0.09090909090909091,0.09056671203196982,3.0,0.18147580294106075,6.0,9.0,10.0,3.0,3.0,0.0,0.9181818181818182,0.9181818181818182,False,False
Shannen Doherty,Mark Ballas,Actor/Actress,Tennessee,United States,38,Eliminated Week 2,11,20.0,6.666666666666667,6.0,11,10,2,3,single_elimination,True,0.09090909090909091,0.07214055470898255,11.0,0.16304964561807345,1.0,17.0,1.0,-5.0,5.0,0.0,0.09090909090909091,0.09090909090909091,True,True
Aiden Turner,Edyta Sliwinska,Actor/Actress,,England,32,Eliminated Week 4,9,19.0,6.333333333333333,8.0,11,10,2,3,single_elimination,False,0.08636363636363636,0.09055747805067231,9.0,0.1769211144143087,5.0,17.0,1.0,-1.0,1.0,0.004545454545454547,0.9227272727272727,0.9181818181818182,False,False
Chad Ochocinco,Cheryl Burke,Athlete,Florida,United States,32,Eliminated Week 9,4,16.0,5.333333333333333,9.0,11,10,2,3,single_elimination,False,0.07272727272727272,0.09056527685149027,4.0,0.163292549578763,4.0,13.0,3.0,5.0,5.0,0.018181818181818188,0.9363636363636364,0.9181818181818182,False,False
Kate Gosselin,Tony Dovolani,TV Personality,Pennsylvania,United States,35,Eliminated Week 5,8,15.0,5.0,10.0,11,10,2,3,single_elimination,False,0.06818181818181818,0.09486784171899769,2.0,0.16304965990081588,3.0,12.0,4.0,8.0,8.0,0.022727272727272735,0.9409090909090909,0.9181818181818182,False,False
Buzz Aldrin,Ashly DelGrosso,Astronaut,New Jersey,United States,80,Eliminated Week 3,10,12.0,4.0,11.0,11,10,2,3,single_elimination,False,0.05454545454545454,0.1085041938636173,1.0,0.16304964840907185,2.0,12.0,4.0,10.0,10.0,0.03636363636363637,0.9545454545454546,0.9181818181818182,False,False
Evan Lysacek,Anna Trebunskaya,Athlete,Illinois,United States,24,2nd Place,2,26.0,8.666666666666666,1.0,10,10,3,4,single_elimination,False,0.12807881773399016,0.10001045232246554,1.0,0.22808927005645568,10.0,2.0,10.0,0.0,0.0,0.0,1.0,1.0,False,False
Erin Andrews,Maksim Chmerkoskiy,Sports Broadcaster,Maine,United States,32,3rd Place,3,23.0,7.666666666666667,2.0,10,10,3,4,single_elimination,False,0.11330049261083744,0.09999973358415586,4.0,0.21330022619499328,8.0,6.0,8.0,-2.0,2.0,0.0,1.0,1.0,False,False
Nicole Scherzinger,Derek Hough,Singer/Rapper,Hawaii,United States,31,1st Place,1,23.0,7.666666666666667,2.0,10,10,3,4,single_elimination,False,0.11330049261083744,0.09999973358415586,4.0,0.21330022619499328,8.0,6.0,8.0,-2.0,2.0,0.0,1.0,1.0,False,False
Jake Pavelka,Chelsie Hightower,TV Personality,Texas,United States,32,Eliminated Week 6,7,21.0,7.0,4.0,10,10,3,4,single_elimination,False,0.10344827586206896,0.09999478795729382,8.0,0.20344306381936278,5.0,12.0,3.0,-4.0,4.0,0.0,1.0,1.0,False,False
Niecy Nash,Louis van Amstel,Actor/Actress,California,United States,40,Eliminated Week 8,5,21.0,7.0,4.0,10,10,3,4,single_elimination,False,0.10344827586206896,0.09999478795729382,8.0,0.20344306381936278,5.0,12.0,3.0,-4.0,4.0,0.0,1.0,1.0,False,False
Pamela Anderson,Damian Whitewood,Model,,Canada,42,Eliminated Week 7,6,21.0,7.0,4.0,10,10,3,4,single_elimination,False,0.10344827586206896,0.09999478795729382,8.0,0.20344306381936278,5.0,12.0,3.0,-4.0,4.0,0.0,1.0,1.0,False,False
Aiden Turner,Edyta Sliwinska,Actor/Actress,,England,32,Eliminated Week 4,9,20.0,6.666666666666667,7.0,10,10,3,4,single_elimination,False,0.09852216748768473,0.1000047178313294,2.0,0.19852688531901413,3.0,9.0,6.0,5.0,5.0,0.0,1.0,1.0,False,False
Chad Ochocinco,Cheryl Burke,Athlete,Florida,United States,32,Eliminated Week 9,4,20.0,6.666666666666667,7.0,10,10,3,4,single_elimination,False,0.09852216748768473,0.1000047178313294,2.0,0.19852688531901413,3.0,9.0,6.0,5.0,5.0,0.0,1.0,1.0,False,False
Kate Gosselin,Tony Dovolani,TV Personality,Pennsylvania,United States,35,Eliminated Week 5,8,15.0,5.0,9.0,10,10,3,4,single_elimination,False,0.07389162561576355,0.0999977340505231,7.0,0.17388935966628666,2.0,16.0,1.0,2.0,2.0,0.0,1.0,1.0,False,True
Buzz Aldrin,Ashly DelGrosso,Astronaut,New Jersey,United States,80,Eliminated Week 3,10,13.0,4.333333333333333,10.0,10,10,3,4,single_elimination,True,0.06403940886699508,0.09999854591498666,6.0,0.16403795478198174,1.0,16.0,1.0,4.0,4.0,0.0,0.1359605911330049,0.1359605911330049,True,False
Evan Lysacek,Anna Trebunskaya,Athlete,Illinois,United States,24,2nd Place,2,26.0,8.666666666666666,1.0,9,10,4,5,single_elimination,False,0.14016172506738545,0.11109994097638684,8.0,0.2512616660437723,9.0,9.0,6.0,-7.0,7.0,0.0,0.9973045822102427,0.9973045822102427,False,False
Nicole Scherzinger,Derek Hough,Singer/Rapper,Hawaii,United States,31,1st Place,1,25.0,8.333333333333334,2.0,9,10,4,5,single_elimination,False,0.1347708894878706,0.11110956091424345,3.0,0.24588045040211406,8.0,5.0,9.0,-1.0,1.0,0.0,0.9973045822102427,0.9973045822102427,False,False
Pamela Anderson,Damian Whitewood,Model,,Canada,42,Eliminated Week 7,6,23.5,7.833333333333333,3.0,9,10,4,5,single_elimination,False,0.12668463611859837,0.11110947872323898,4.0,0.23779411484183735,7.0,7.0,7.0,-1.0,1.0,0.0,0.9973045822102427,0.9973045822102427,False,False
Chad Ochocinco,Cheryl Burke,Athlete,Florida,United States,32,Eliminated Week 9,4,22.0,7.333333333333333,4.0,9,10,4,5,single_elimination,False,0.11859838274932614,0.11111385646258616,2.0,0.2297122392119123,6.0,6.0,8.0,2.0,2.0,0.0,0.9973045822102427,0.9973045822102427,False,False
Erin Andrews,Maksim Chmerkoskiy,Sports Broadcaster,Maine,United States,32,3rd Place,3,19.5,6.5,5.0,9,10,4,5,single_elimination,False,0.10512129380053908,0.11110261551606726,7.0,0.21622390931660634,5.0,12.0,2.0,-2.0,2.0,0.0,0.9973045822102427,0.9973045822102427,False,False
Jake Pavelka,Chelsie Hightower,TV Personality,Texas,United States,32,Eliminated Week 6,7,19.0,6.333333333333333,6.0,9,10,4,5,single_elimination,False,0.10242587601078167,0.11110810861692369,6.0,0.21353398462770534,4.0,12.0,2.0,0.0,0.0,0.0,0.9973045822102427,0.9973045822102427,False,False
Niecy Nash,Louis van Amstel,Actor/Actress,California,United States,40,Eliminated Week 8,5,18.0,6.0,7.0,9,10,4,5,single_elimination,False,0.09703504043126684,0.1111094249729427,5.0,0.20814446540420956,3.0,12.0,2.0,2.0,2.0,0.0,0.9973045822102427,0.9973045822102427,False,False
Aiden Turner,Edyta Sliwinska,Actor/Actress,,England,32,Eliminated Week 4,9,16.5,5.5,8.0,9,10,4,5,single_elimination,True,0.0889487870619946,0.10977576233631008,9.0,0.1987245493983047,1.0,17.0,1.0,-1.0,1.0,0.0,0.1332734351602276,0.1332734351602276,True,True
Kate Gosselin,Tony Dovolani,TV Personality,Pennsylvania,United States,35,Eliminated Week 5,8,16.0,5.333333333333333,9.0,9,10,4,5,single_elimination,False,0.0862533692722372,0.11247125004439369,1.0,0.19872461931663088,2.0,10.0,5.0,8.0,8.0,0.002695417789757404,1.0,0.9973045822102427,False,False
Nicole Scherzinger,Derek Hough,Singer/Rapper,Hawaii,United States,31,1st Place,1,29.0,9.666666666666666,1.0,8,10,5,6,single_elimination,False,0.1676300578034682,0.12499525359443084,5.0,0.29262531139789905,8.0,6.0,6.0,-4.0,4.0,0.0,1.0,1.0,False,False
Evan Lysacek,Anna Trebunskaya,Athlete,Illinois,United States,24,2nd Place,2,27.0,9.0,2.0,8,10,5,6,single_elimination,False,0.15606936416184972,0.12500869998526207,2.0,0.2810780641471118,7.0,4.0,8.0,0.0,0.0,0.0,1.0,1.0,False,False
Jake Pavelka,Chelsie Hightower,TV Personality,Texas,United States,32,Eliminated Week 6,7,23.0,7.666666666666667,3.0,8,10,5,6,single_elimination,False,0.1329479768786127,0.12499167780685838,8.0,0.2579396546854711,6.0,11.0,3.0,-5.0,5.0,0.0,1.0,1.0,False,False
Erin Andrews,Maksim Chmerkoskiy,Sports Broadcaster,Maine,United States,32,3rd Place,3,22.0,7.333333333333333,4.0,8,10,5,6,single_elimination,False,0.12716763005780346,0.12500905597625186,1.0,0.2521766860340553,5.0,5.0,7.0,3.0,3.0,0.0,1.0,1.0,False,False
Pamela Anderson,Damian Whitewood,Model,,Canada,42,Eliminated Week 7,6,21.0,7.0,5.0,8,10,5,6,single_elimination,False,0.12138728323699421,0.12500182599015036,4.0,0.24638910922714458,4.0,9.0,5.0,1.0,1.0,0.0,1.0,1.0,False,False
Chad Ochocinco,Cheryl Burke,Athlete,Florida,United States,32,Eliminated Week 9,4,18.0,6.0,6.0,8,10,5,6,single_elimination,False,0.10404624277456648,0.12499417969446769,6.0,0.22904042246903417,3.0,12.0,2.0,0.0,0.0,0.0,1.0,1.0,False,False
Niecy Nash,Louis van Amstel,Actor/Actress,California,United States,40,Eliminated Week 8,5,18.0,6.0,6.0,8,10,5,6,single_elimination,False,0.10404624277456648,0.12499224120794167,7.0,0.22903848398250815,2.0,13.0,1.0,-1.0,1.0,0.0,1.0,1.0,False,True
Kate Gosselin,Tony Dovolani,TV Personality,Pennsylvania,United States,35,Eliminated Week 5,8,15.0,5.0,8.0,8,10,5,6,single_elimination,True,0.08670520231213873,0.12500706476436982,3.0,0.21171226707650853,1.0,11.0,3.0,5.0,5.0,0.0,0.16329479768786126,0.16329479768786126,True,False
Nicole Scherzinger,Derek Hough,Singer/Rapper,Hawaii,United States,31,1st Place,1,35.9999,11.999966666666666,1.0,7,10,6,7,single_elimination,False,0.17224890226905065,0.14285681186525848,4.0,0.3151057141343091,7.0,5.0,6.0,-3.0,3.0,0.0,1.0,1.0,False,False
Erin Andrews,Maksim Chmerkoskiy,Sports Broadcaster,Maine,United States,32,3rd Place,3,34.0,11.333333333333334,2.0,7,10,6,7,single_elimination,False,0.16267997069846646,0.14285778875658717,3.0,0.3055377594550536,6.0,5.0,6.0,-1.0,1.0,0.0,1.0,1.0,False,False
Chad Ochocinco,Cheryl Burke,Athlete,Florida,United States,32,Eliminated Week 9,4,30.999899999999997,10.3333,3.0,7,10,6,7,single_elimination,False,0.148325377166335,0.14284956277814273,7.0,0.29117493994447774,5.0,10.0,3.0,-4.0,4.0,0.0,1.0,1.0,False,False
Pamela Anderson,Damian Whitewood,Model,,Canada,42,Eliminated Week 7,6,29.9998,9.999933333333333,4.0,7,10,6,7,single_elimination,False,0.14354019367528983,0.14286081786271504,2.0,0.2864010115380049,4.0,6.0,5.0,2.0,2.0,0.0,1.0,1.0,False,False
Evan Lysacek,Anna Trebunskaya,Athlete,Illinois,United States,24,2nd Place,2,27.0,9.0,5.0,7,10,6,7,single_elimination,False,0.12918703555466454,0.14285031185172925,6.0,0.2720373474063938,3.0,11.0,2.0,-1.0,1.0,0.0,1.0,1.0,False,False
Niecy Nash,Louis van Amstel,Actor/Actress,California,United States,40,Eliminated Week 8,5,25.9998,8.6666,6.0,7,10,6,7,single_elimination,False,0.12440137359311731,0.1428681405246476,1.0,0.2672695141177649,2.0,7.0,4.0,5.0,5.0,0.0,1.0,1.0,False,False
Jake Pavelka,Chelsie Hightower,TV Personality,Texas,United States,32,Eliminated Week 6,7,24.999899999999997,8.3333,7.0,7,10,6,7,single_elimination,True,0.11961714704307622,0.14285656506825595,5.0,0.2624737121113322,1.0,12.0,1.0,2.0,2.0,0.0,0.1660971386712095,0.1660971386712095,True,True
Evan Lysacek,Anna Trebunskaya,Athlete,Illinois,United States,24,2nd Place,2,27.0,9.0,1.0,6,10,7,8,single_elimination,False,0.17363344051446947,0.1666520912050583,4.0,0.3402855317195278,5.0,5.0,5.0,-3.0,3.0,0.0,0.9935691318327975,0.9935691318327975,False,False
Nicole Scherzinger,Derek Hough,Singer/Rapper,Hawaii,United States,31,1st Place,1,27.0,9.0,1.0,6,10,7,8,single_elimination,False,0.17363344051446947,0.1666520912050583,4.0,0.3402855317195278,5.0,5.0,5.0,-3.0,3.0,0.0,0.9935691318327975,0.9935691318327975,False,False
Chad Ochocinco,Cheryl Burke,Athlete,Florida,United States,32,Eliminated Week 9,4,26.0,8.666666666666666,3.0,6,10,7,8,single_elimination,False,0.16720257234726688,0.16665249967783538,3.0,0.33385507202510223,4.0,6.0,3.0,0.0,0.0,0.0,0.9935691318327975,0.9935691318327975,False,False
Erin Andrews,Maksim Chmerkoskiy,Sports Broadcaster,Maine,United States,32,3rd Place,3,25.5,8.5,4.0,6,10,7,8,single_elimination,False,0.1639871382636656,0.1666585603280967,2.0,0.3306456985917623,3.0,6.0,3.0,2.0,2.0,0.0,0.9935691318327975,0.9935691318327975,False,False
Pamela Anderson,Damian Whitewood,Model,,Canada,42,Eliminated Week 7,6,25.5,8.5,4.0,6,10,7,8,single_elimination,True,0.1639871382636656,0.16347693414841075,6.0,0.3274640724120763,1.0,10.0,1.0,-2.0,2.0,0.0,0.16934619506966772,0.16934619506966772,True,True
Niecy Nash,Louis van Amstel,Actor/Actress,California,United States,40,Eliminated Week 8,5,24.5,8.166666666666666,6.0,6,10,7,8,single_elimination,False,0.15755627009646303,0.16990782239549232,1.0,0.32746409249195535,2.0,7.0,2.0,5.0,5.0,0.006430868167202564,1.0,0.9935691318327975,False,False
Nicole Scherzinger,Derek Hough,Singer/Rapper,Hawaii,United States,31,1st Place,1,29.5,9.833333333333334,1.0,5,10,8,9,single_elimination,False,0.233201581027668,0.20001577474944746,1.0,0.43321735577711545,5.0,2.0,5.0,0.0,0.0,0.0,1.0,1.0,False,False
Erin Andrews,Maksim Chmerkoskiy,Sports Broadcaster,Maine,United States,32,3rd Place,3,26.5,8.833333333333334,2.0,5,10,8,9,single_elimination,False,0.20948616600790515,0.1999967293729373,3.0,0.4094828953808425,3.0,5.0,3.0,-1.0,1.0,0.0,1.0,1.0,False,False
Evan Lysacek,Anna Trebunskaya,Athlete,Illinois,United States,24,2nd Place,2,26.5,8.833333333333334,2.0,5,10,8,9,single_elimination,False,0.20948616600790515,0.1999967293729373,3.0,0.4094828953808425,3.0,5.0,3.0,-1.0,1.0,0.0,1.0,1.0,False,False
Chad Ochocinco,Cheryl Burke,Athlete,Florida,United States,32,Eliminated Week 9,4,22.5,7.5,4.0,5,10,8,9,single_elimination,False,0.17786561264822134,0.19998711200974884,5.0,0.37785272465797015,2.0,9.0,1.0,-1.0,1.0,0.0,1.0,1.0,False,True
Niecy Nash,Louis van Amstel,Actor/Actress,California,United States,40,Eliminated Week 8,5,21.5,7.166666666666667,5.0,5,10,8,9,single_elimination,True,0.16996047430830039,0.20000365278937635,2.0,0.36996412709767673,1.0,7.0,2.0,3.0,3.0,0.0,0.2300395256916996,0.2300395256916996,True,False
Evan Lysacek,Anna Trebunskaya,Athlete,Illinois,United States,24,2nd Place,2,29.5,9.833333333333334,1.0,4,10,9,10,single_elimination,False,0.2610619469026549,0.25001014893123663,1.0,0.5110720958338915,3.0,2.0,3.0,0.0,0.0,0.0,1.0,1.0,False,False
Nicole Scherzinger,Derek Hough,Singer/Rapper,Hawaii,United States,31,1st Place,1,29.5,9.833333333333334,1.0,4,10,9,10,single_elimination,False,0.2610619469026549,0.25001014893123663,1.0,0.5110720958338915,3.0,2.0,3.0,0.0,0.0,0.0,1.0,1.0,False,False
Erin Andrews,Maksim Chmerkoskiy,Sports Broadcaster,Maine,United States,32,3rd Place,3,28.0,9.333333333333334,3.0,4,10,9,10,single_elimination,False,0.24778761061946902,0.24999205757167586,3.0,0.4977796681911449,2.0,6.0,2.0,0.0,0.0,0.0,1.0,1.0,False,False
Chad Ochocinco,Cheryl Burke,Athlete,Florida,United States,32,Eliminated Week 9,4,26.0,8.666666666666666,4.0,4,10,9,10,single_elimination,True,0.23008849557522124,0.2499876433010685,4.0,0.48007613887628975,1.0,8.0,1.0,0.0,0.0,0.0,0.26991150442477874,0.26991150442477874,True,True
Jennifer Grey,Derek Hough,Actor/Actress,New York,United States,50,1st Place,1,24.0,8.0,1.0,12,11,1,2,single_elimination,False,0.10572687224669604,0.08333218354067648,10.0,0.18905905578737253,12.0,11.0,8.0,-9.0,9.0,0.0,1.0,1.0,False,False
Brandy,Maksim Chmerkoskiy,Singer/Rapper,Mississippi,United States,31,Eliminated Week 9,4,23.0,7.666666666666667,2.0,12,11,1,2,single_elimination,False,0.1013215859030837,0.08333393030403732,4.0,0.184655516207121,10.0,6.0,9.0,-2.0,2.0,0.0,1.0,1.0,False,False
Kyle Massey,Lacey Schwimmer,Actor/Actress,Georgia,United States,19,2nd Place,2,23.0,7.666666666666667,2.0,12,11,1,2,single_elimination,False,0.1013215859030837,0.08333393030403732,4.0,0.184655516207121,10.0,6.0,9.0,-2.0,2.0,0.0,1.0,1.0,False,False
Rick Fox,Cheryl Burke,Athlete,,Canada,41,Eliminated Week 7,6,22.0,7.333333333333333,4.0,12,11,1,2,single_elimination,False,0.09691629955947137,0.0833323132959513,9.0,0.18024861285542265,9.0,13.0,6.0,-5.0,5.0,0.0,1.0,1.0,False,False
Audrina Patridge,Tony Dovolani,TV Personality,California,United States,25,Eliminated Week 6,7,19.0,6.333333333333333,5.0,12,11,1,2,single_elimination,False,0.08370044052863436,0.08333802010317032,1.0,0.16703846063180466,7.0,6.0,9.0,4.0,4.0,0.0,1.0,1.0,False,False
Kurt Warner,Anna Trebunskaya,Athlete,Iowa,United States,39,Eliminated Week 8,5,19.0,6.333333333333333,5.0,12,11,1,2,single_elimination,False,0.08370044052863436,0.08333802010317032,1.0,0.16703846063180466,7.0,6.0,9.0,4.0,4.0,0.0,1.0,1.0,False,False
Bristol Palin,Mark Ballas,TV Personality,Alaska,United States,19,3rd Place,3,18.0,6.0,7.0,12,11,1,2,single_elimination,False,0.07929515418502203,0.08333302065029528,7.0,0.16262817483531733,5.0,14.0,4.0,0.0,0.0,0.0,1.0,1.0,False,False
Florence Henderson,Corky Ballas,Actor/Actress,Indiana,United States,76,Eliminated Week 5,8,18.0,6.0,7.0,12,11,1,2,single_elimination,False,0.07929515418502203,0.08333302065029528,7.0,0.16262817483531733,5.0,14.0,4.0,0.0,0.0,0.0,1.0,1.0,False,False
Michael Bolton,Chelsie Hightower,Singer/Rapper,Connecticut,United States,57,Eliminated Week 2,11,16.0,5.333333333333333,9.0,12,11,1,2,single_elimination,False,0.07048458149779736,0.08332897076692829,11.0,0.15381355226472565,4.0,20.0,2.0,-2.0,2.0,0.0,1.0,1.0,False,False
David Hasselhoff,Kym Johnson,Actor/Actress,Maryland,United States,58,Eliminated Week 1,12,15.0,5.0,10.0,12,11,1,2,single_elimination,True,0.06607929515418502,0.08332729432696542,12.0,0.14940658948115043,1.0,22.0,1.0,-2.0,2.0,0.0,0.10058737151248166,0.10058737151248166,True,True
Margaret Cho,Louis van Amstel,Comedian,California,United States,41,Eliminated Week 3,10,15.0,5.0,10.0,12,11,1,2,single_elimination,False,0.06607929515418502,0.0833332805012403,6.0,0.14941257565542532,2.0,16.0,3.0,4.0,4.0,0.0,1.0,1.0,False,False
The Situation,Karina Smirnoff,TV Personality,New York,United States,28,Eliminated Week 4,9,15.0,5.0,10.0,12,11,1,2,single_elimination,False,0.06607929515418502,0.0833360146014984,3.0,0.14941530975568343,3.0,13.0,6.0,7.0,7.0,0.0,1.0,1.0,False,False
Jennifer Grey,Derek Hough,Actor/Actress,New York,United States,50,1st Place,1,24.0,8.0,1.0,11,11,2,3,single_elimination,False,0.1085972850678733,0.09091382105548938,4.0,0.1995111061233627,11.0,5.0,11.0,-3.0,3.0,0.0,1.0,1.0,False,False
Audrina Patridge,Tony Dovolani,TV Personality,California,United States,25,Eliminated Week 6,7,23.0,7.666666666666667,2.0,11,11,2,3,single_elimination,False,0.10407239819004525,0.09090598723300654,8.0,0.1949783854230518,10.0,10.0,7.0,-6.0,6.0,0.0,1.0,1.0,False,False
Bristol Palin,Mark Ballas,TV Personality,Alaska,United States,19,3rd Place,3,22.0,7.333333333333333,3.0,11,11,2,3,single_elimination,False,0.09954751131221719,0.09090275024496088,9.0,0.19045026155717806,8.0,12.0,5.0,-6.0,6.0,0.0,1.0,1.0,False,False
Kyle Massey,Lacey Schwimmer,Actor/Actress,Georgia,United States,19,2nd Place,2,22.0,7.333333333333333,3.0,11,11,2,3,single_elimination,False,0.09954751131221719,0.09090275024496088,9.0,0.19045026155717806,8.0,12.0,5.0,-6.0,6.0,0.0,1.0,1.0,False,False
Brandy,Maksim Chmerkoskiy,Singer/Rapper,Mississippi,United States,31,Eliminated Week 9,4,21.0,7.0,5.0,11,11,2,3,single_elimination,False,0.09502262443438914,0.0909161140632854,1.0,0.18593873849767453,5.0,6.0,8.0,4.0,4.0,0.0,1.0,1.0,False,False
Kurt Warner,Anna Trebunskaya,Athlete,Iowa,United States,39,Eliminated Week 8,5,21.0,7.0,5.0,11,11,2,3,single_elimination,False,0.09502262443438914,0.0909161140632854,1.0,0.18593873849767453,5.0,6.0,8.0,4.0,4.0,0.0,1.0,1.0,False,False
Rick Fox,Cheryl Burke,Athlete,,Canada,41,Eliminated Week 7,6,21.0,7.0,5.0,11,11,2,3,single_elimination,False,0.09502262443438914,0.0909161140632854,1.0,0.18593873849767453,5.0,6.0,8.0,4.0,4.0,0.0,1.0,1.0,False,False
Florence Henderson,Corky Ballas,Actor/Actress,Indiana,United States,76,Eliminated Week 5,8,19.0,6.333333333333333,8.0,11,11,2,3,single_elimination,False,0.08597285067873303,0.0909083593082722,7.0,0.17688120998700524,4.0,15.0,2.0,1.0,1.0,0.0,1.0,1.0,False,False
Margaret Cho,Louis van Amstel,Comedian,California,United States,41,Eliminated Week 3,10,18.0,6.0,9.0,11,11,2,3,single_elimination,False,0.08144796380090498,0.09091372134144124,5.0,0.17236168514234623,3.0,14.0,4.0,4.0,4.0,0.0,1.0,1.0,False,False
The Situation,Karina Smirnoff,TV Personality,New York,United States,28,Eliminated Week 4,9,18.0,6.0,9.0,11,11,2,3,single_elimination,False,0.08144796380090498,0.09090899867147177,6.0,0.17235696247237675,2.0,15.0,2.0,3.0,3.0,0.0,1.0,1.0,False,False
Michael Bolton,Chelsie Hightower,Singer/Rapper,Connecticut,United States,57,Eliminated Week 2,11,12.0,4.0,11.0,11,11,2,3,single_elimination,True,0.05429864253393665,0.09089526853309222,11.0,0.1451939110670289,1.0,22.0,1.0,0.0,0.0,0.0,0.12751953928424517,0.12751953928424517,True,True
Audrina Patridge,Tony Dovolani,TV Personality,California,United States,25,Eliminated Week 6,7,26.0,8.666666666666666,1.0,10,11,3,4,single_elimination,False,0.11764705882352941,0.09999073182718038,10.0,0.2176377906507098,10.0,11.0,5.0,-9.0,9.0,0.0,1.0,1.0,False,False
Brandy,Maksim Chmerkoskiy,Singer/Rapper,Mississippi,United States,31,Eliminated Week 9,4,24.0,8.0,2.0,10,11,3,4,single_elimination,False,0.1085972850678733,0.10000718104892219,1.0,0.2086044661167955,7.0,3.0,8.0,1.0,1.0,0.0,1.0,1.0,False,False
Jennifer Grey,Derek Hough,Actor/Actress,New York,United States,50,1st Place,1,24.0,8.0,2.0,10,11,3,4,single_elimination,False,0.1085972850678733,0.10000718104892219,1.0,0.2086044661167955,7.0,3.0,8.0,1.0,1.0,0.0,1.0,1.0,False,False
Rick Fox,Cheryl Burke,Athlete,,Canada,41,Eliminated Week 7,6,24.0,8.0,2.0,10,11,3,4,single_elimination,False,0.1085972850678733,0.10000718104892219,1.0,0.2086044661167955,7.0,3.0,8.0,1.0,1.0,0.0,1.0,1.0,False,False
Kurt Warner,Anna Trebunskaya,Athlete,Iowa,United States,39,Eliminated Week 8,5,23.0,7.666666666666667,5.0,10,11,3,4,single_elimination,False,0.10407239819004525,0.10000099495264368,4.0,0.20407339314268894,5.0,9.0,6.0,1.0,1.0,0.0,1.0,1.0,False,False
Kyle Massey,Lacey Schwimmer,Actor/Actress,Georgia,United States,19,2nd Place,2,23.0,7.666666666666667,5.0,10,11,3,4,single_elimination,False,0.10407239819004525,0.10000099495264368,4.0,0.20407339314268894,5.0,9.0,6.0,1.0,1.0,0.0,1.0,1.0,False,False
Florence Henderson,Corky Ballas,Actor/Actress,Indiana,United States,76,Eliminated Week 5,8,20.0,6.666666666666667,7.0,10,11,3,4,single_elimination,False,0.09049773755656108,0.10000079615397245,6.0,0.19049853371053355,3.0,13.0,3.0,1.0,1.0,0.0,1.0,1.0,False,False
The Situation,Karina Smirnoff,TV Personality,New York,United States,28,Eliminated Week 4,9,20.0,6.666666666666667,7.0,10,11,3,4,single_elimination,False,0.09049773755656108,0.10000079615397245,6.0,0.19049853371053355,3.0,13.0,3.0,1.0,1.0,0.0,1.0,1.0,False,False
Bristol Palin,Mark Ballas,TV Personality,Alaska,United States,19,3rd Place,3,19.0,6.333333333333333,9.0,10,11,3,4,single_elimination,False,0.08597285067873303,0.0999928440228949,8.0,0.18596569470162794,2.0,17.0,2.0,1.0,1.0,0.0,1.0,1.0,False,False
Margaret Cho,Louis van Amstel,Comedian,California,United States,41,Eliminated Week 3,10,18.0,6.0,10.0,10,11,3,4,single_elimination,True,0.08144796380090498,0.09999129784508705,9.0,0.18143926164599203,1.0,19.0,1.0,1.0,1.0,0.0,0.11855203619909498,0.11855203619909498,True,True
Jennifer Grey,Derek Hough,Actor/Actress,New York,United States,50,1st Place,1,28.0,9.333333333333334,1.0,9,11,4,5,single_elimination,False,0.1564245810055866,0.11111125067559575,6.0,0.26753583168118233,9.0,7.0,6.0,-5.0,5.0,0.0,1.0,1.0,False,False
Brandy,Maksim Chmerkoskiy,Singer/Rapper,Mississippi,United States,31,Eliminated Week 9,4,24.0,8.0,2.0,9,11,4,5,single_elimination,False,0.1340782122905028,0.11111239050426809,5.0,0.2451906027947709,8.0,7.0,6.0,-3.0,3.0,0.0,1.0,1.0,False,False
Audrina Patridge,Tony Dovolani,TV Personality,California,United States,25,Eliminated Week 6,7,23.0,7.666666666666667,3.0,9,11,4,5,single_elimination,False,0.12849162011173185,0.11111627866409621,2.0,0.23960789877582805,7.0,5.0,9.0,1.0,1.0,0.0,1.0,1.0,False,False
Kyle Massey,Lacey Schwimmer,Actor/Actress,Georgia,United States,19,2nd Place,2,20.0,6.666666666666667,4.0,9,11,4,5,single_elimination,False,0.11173184357541899,0.11110339816889528,8.0,0.22283524174431427,6.0,12.0,3.0,-4.0,4.0,0.0,1.0,1.0,False,False
Rick Fox,Cheryl Burke,Athlete,,Canada,41,Eliminated Week 7,6,19.5,6.5,5.0,9,11,4,5,single_elimination,False,0.10893854748603352,0.11112335662806826,1.0,0.22006190411410176,5.0,6.0,8.0,4.0,4.0,0.0,1.0,1.0,False,False
Florence Henderson,Corky Ballas,Actor/Actress,Indiana,United States,76,Eliminated Week 5,8,17.5,5.833333333333333,6.0,9,11,4,5,single_elimination,False,0.09776536312849161,0.11111336952154283,4.0,0.20887873265003443,4.0,10.0,5.0,2.0,2.0,0.0,1.0,1.0,False,False
Kurt Warner,Anna Trebunskaya,Athlete,Iowa,United States,39,Eliminated Week 8,5,17.0,5.666666666666667,7.0,9,11,4,5,single_elimination,False,0.09497206703910614,0.11110362763660836,7.0,0.20607569467571452,3.0,14.0,2.0,0.0,0.0,0.0,1.0,1.0,False,False
Bristol Palin,Mark Ballas,TV Personality,Alaska,United States,19,3rd Place,3,16.0,5.333333333333333,8.0,9,11,4,5,single_elimination,False,0.0893854748603352,0.11111616375335324,3.0,0.20050163861368844,2.0,11.0,4.0,5.0,5.0,0.0,1.0,1.0,False,False
The Situation,Karina Smirnoff,TV Personality,New York,United States,28,Eliminated Week 4,9,14.0,4.666666666666667,9.0,9,11,4,5,single_elimination,True,0.0782122905027933,0.11110016318007833,9.0,0.18931245368287164,1.0,18.0,1.0,0.0,0.0,0.0,0.14400993171942894,0.14400993171942894,True,True
Brandy,Maksim Chmerkoskiy,Singer/Rapper,Mississippi,United States,31,Eliminated Week 9,4,27.0,9.0,1.0,8,11,5,6,single_elimination,False,0.14835164835164835,0.12493661768311354,3.0,0.27328826603476186,8.0,4.0,8.0,-2.0,2.0,0.0,0.978021978021978,0.978021978021978,False,False
Jennifer Grey,Derek Hough,Actor/Actress,New York,United States,50,1st Place,1,25.0,8.333333333333334,2.0,8,11,5,6,single_elimination,False,0.13736263736263737,0.12491510990813184,7.0,0.26227774727076925,7.0,9.0,3.0,-5.0,5.0,0.0,0.978021978021978,0.978021978021978,False,False
Kurt Warner,Anna Trebunskaya,Athlete,Iowa,United States,39,Eliminated Week 8,5,24.0,8.0,3.0,8,11,5,6,single_elimination,False,0.13186813186813187,0.12493581310279274,4.0,0.2568039449709246,5.0,7.0,6.0,-1.0,1.0,0.0,0.978021978021978,0.978021978021978,False,False
Rick Fox,Cheryl Burke,Athlete,,Canada,41,Eliminated Week 7,6,24.0,8.0,3.0,8,11,5,6,single_elimination,False,0.13186813186813187,0.12493581310279274,4.0,0.2568039449709246,5.0,7.0,6.0,-1.0,1.0,0.0,0.978021978021978,0.978021978021978,False,False
Audrina Patridge,Tony Dovolani,TV Personality,California,United States,25,Eliminated Week 6,7,23.0,7.666666666666667,5.0,8,11,5,6,single_elimination,False,0.12637362637362637,0.12492869866335642,6.0,0.2513023250369828,4.0,11.0,2.0,-1.0,1.0,0.0,0.978021978021978,0.978021978021978,False,False
Florence Henderson,Corky Ballas,Actor/Actress,Indiana,United States,76,Eliminated Week 5,8,21.0,7.0,6.0,8,11,5,6,single_elimination,True,0.11538461538461539,0.11696231038857431,8.0,0.23234692577318972,1.0,14.0,1.0,-2.0,2.0,0.0,0.13461538461538458,0.13461538461538458,True,True
Kyle Massey,Lacey Schwimmer,Actor/Actress,Georgia,United States,19,2nd Place,2,20.0,6.666666666666667,7.0,8,11,5,6,single_elimination,False,0.10989010989010989,0.12493980001455161,2.0,0.23482990990466152,3.0,9.0,3.0,5.0,5.0,0.005494505494505503,0.9835164835164835,0.978021978021978,False,False
Bristol Palin,Mark Ballas,TV Personality,Alaska,United States,19,3rd Place,3,18.0,6.0,8.0,8,11,5,6,single_elimination,False,0.0989010989010989,0.13344583564355156,1.0,0.23234693454465044,2.0,9.0,3.0,7.0,7.0,0.016483516483516494,0.9945054945054945,0.978021978021978,False,False
Brandy,Maksim Chmerkoskiy,Singer/Rapper,Mississippi,United States,31,Eliminated Week 9,4,35.9999,11.999966666666666,1.0,7,11,6,7,single_elimination,False,0.17391314849856981,0.1422575429581303,6.0,0.3161706914567001,7.0,7.0,5.0,-5.0,5.0,0.0,0.898553280131865,0.898553280131865,False,False
Audrina Patridge,Tony Dovolani,TV Personality,California,United States,25,Eliminated Week 6,7,31.9998,10.6666,2.0,7,11,6,7,single_elimination,True,0.1545889285615942,0.12014959462454507,7.0,0.2747385231861393,1.0,9.0,3.0,-5.0,5.0,0.0,0.13112535715269152,0.13112535715269152,True,False
Rick Fox,Cheryl Burke,Athlete,,Canada,41,Eliminated Week 7,6,30.0,10.0,3.0,7,11,6,7,single_elimination,False,0.1449280263266591,0.14228797725783296,3.0,0.28721600358449206,5.0,6.0,6.0,0.0,0.0,0.009660902234935098,0.9082141823668001,0.898553280131865,False,False
Kyle Massey,Lacey Schwimmer,Actor/Actress,Georgia,United States,19,2nd Place,2,29.999899999999997,9.999966666666666,4.0,7,11,6,7,single_elimination,False,0.14492754323323798,0.1422898129002441,2.0,0.2872173561334821,6.0,6.0,6.0,2.0,2.0,0.009661385328356226,0.9082146654602212,0.898553280131865,False,False
Jennifer Grey,Derek Hough,Actor/Actress,New York,United States,50,1st Place,1,29.0,9.666666666666666,5.0,7,11,6,7,single_elimination,False,0.14009709211577046,0.14227323342920897,5.0,0.28237032554497943,4.0,10.0,1.0,0.0,0.0,0.014491836445823747,0.9130451165776887,0.898553280131865,False,True
Bristol Palin,Mark Ballas,TV Personality,Alaska,United States,19,3rd Place,3,27.9998,9.333266666666667,6.0,7,11,6,7,single_elimination,False,0.13526519171803963,0.1422833804330458,4.0,0.2775485721510854,3.0,10.0,1.0,2.0,2.0,0.019323736843554568,0.9178770169754196,0.898553280131865,False,False
Kurt Warner,Anna Trebunskaya,Athlete,Iowa,United States,39,Eliminated Week 8,5,21.9999,7.3333,7.0,7,11,6,7,single_elimination,False,0.10628006954612891,0.1684584567071034,1.0,0.2747385262532323,2.0,8.0,4.0,6.0,6.0,0.04830885901546529,0.9468621391473303,0.898553280131865,False,False
Brandy,Maksim Chmerkoskiy,Singer/Rapper,Mississippi,United States,31,Eliminated Week 9,4,36.5,9.125,1.0,6,11,7,8,single_elimination,False,0.1750599520383693,0.1666425483622143,4.0,0.3417025004005836,5.0,5.0,5.0,-3.0,3.0,0.0,0.985611510791367,0.985611510791367,False,False
Jennifer Grey,Derek Hough,Actor/Actress,New York,United States,50,1st Place,1,36.5,9.125,1.0,6,11,7,8,single_elimination,False,0.1750599520383693,0.1666425483622143,4.0,0.3417025004005836,5.0,5.0,5.0,-3.0,3.0,0.0,0.985611510791367,0.985611510791367,False,False
Kurt Warner,Anna Trebunskaya,Athlete,Iowa,United States,39,Eliminated Week 8,5,35.0,8.75,3.0,6,11,7,8,single_elimination,False,0.16786570743405277,0.16664295539635407,3.0,0.3345086628304068,4.0,6.0,4.0,0.0,0.0,0.0,0.985611510791367,0.985611510791367,False,False
Rick Fox,Cheryl Burke,Athlete,,Canada,41,Eliminated Week 7,6,34.5,8.625,4.0,6,11,7,8,single_elimination,True,0.16546762589928057,0.1618932326351885,6.0,0.32736085853446906,1.0,10.0,1.0,-2.0,2.0,0.0,0.16786570743405277,0.16786570743405277,True,True
Kyle Massey,Lacey Schwimmer,Actor/Actress,Georgia,United States,19,2nd Place,2,33.5,8.375,5.0,6,11,7,8,single_elimination,False,0.1606714628297362,0.16669313453173834,2.0,0.32736459736147455,3.0,7.0,2.0,3.0,3.0,0.0047961630695443624,0.9904076738609113,0.985611510791367,False,False
Bristol Palin,Mark Ballas,TV Personality,Alaska,United States,19,3rd Place,3,32.5,8.125,6.0,6,11,7,8,single_elimination,False,0.15587529976019185,0.17148557970021322,1.0,0.32736087946040504,2.0,7.0,2.0,5.0,5.0,0.009592326139088725,0.9952038369304557,0.985611510791367,False,False
Brandy,Maksim Chmerkoskiy,Singer/Rapper,Mississippi,United States,31,Eliminated Week 9,4,28.5,9.5,1.0,5,11,8,9,single_elimination,False,0.21509433962264152,0.1999981163601288,3.0,0.41509245598277034,4.0,4.0,4.0,-2.0,2.0,0.0,0.9962264150943396,0.9962264150943396,False,False
Jennifer Grey,Derek Hough,Actor/Actress,New York,United States,50,1st Place,1,28.5,9.5,1.0,5,11,8,9,single_elimination,False,0.21509433962264152,0.1999981163601288,3.0,0.41509245598277034,4.0,4.0,4.0,-2.0,2.0,0.0,0.9962264150943396,0.9962264150943396,False,False
Kyle Massey,Lacey Schwimmer,Actor/Actress,Georgia,United States,19,2nd Place,2,28.0,9.333333333333334,3.0,5,11,8,9,single_elimination,False,0.21132075471698114,0.2000005534329377,2.0,0.41132130814991885,3.0,5.0,3.0,1.0,1.0,0.0,0.9962264150943396,0.9962264150943396,False,False
Kurt Warner,Anna Trebunskaya,Athlete,Iowa,United States,39,Eliminated Week 8,5,24.0,8.0,4.0,5,11,8,9,single_elimination,True,0.1811320754716981,0.19811477916780776,5.0,0.37924685463950586,1.0,9.0,1.0,-1.0,1.0,0.0,0.2188679245283019,0.2188679245283019,True,True
Bristol Palin,Mark Ballas,TV Personality,Alaska,United States,19,3rd Place,3,23.5,7.833333333333333,5.0,5,11,8,9,single_elimination,False,0.17735849056603772,0.20188843403813847,1.0,0.3792469246041762,2.0,6.0,2.0,4.0,4.0,0.0037735849056603765,1.0,0.9962264150943396,False,False
Jennifer Grey,Derek Hough,Actor/Actress,New York,United States,50,1st Place,1,30.0,10.0,1.0,4,11,9,10,single_elimination,False,0.2631578947368421,0.24993172766938593,2.0,0.513089622406228,4.0,3.0,4.0,-1.0,1.0,0.0,0.9824561403508771,0.9824561403508771,False,False
Kyle Massey,Lacey Schwimmer,Actor/Actress,Georgia,United States,19,2nd Place,2,29.0,9.666666666666666,2.0,4,11,9,10,single_elimination,False,0.2543859649122807,0.24992262640236484,3.0,0.5043085913146456,3.0,5.0,2.0,-1.0,1.0,0.0,0.9824561403508771,0.9824561403508771,False,False
Brandy,Maksim Chmerkoskiy,Singer/Rapper,Mississippi,United States,31,Eliminated Week 9,4,28.5,9.5,3.0,4,11,9,10,single_elimination,True,0.25,0.2413008779953841,4.0,0.49130087799538413,1.0,7.0,1.0,-1.0,1.0,0.0,0.25,0.25,True,True
Bristol Palin,Mark Ballas,TV Personality,Alaska,United States,19,3rd Place,3,26.5,8.833333333333334,4.0,4,11,9,10,single_elimination,False,0.2324561403508772,0.2588447662044585,1.0,0.4913009065553357,2.0,5.0,2.0,3.0,3.0,0.017543859649122806,1.0,0.9824561403508771,False,False
Chris Jericho,Cheryl Burke,Athlete,New York,United States,40,Eliminated Week 6,7,23.0,7.666666666666667,1.0,11,12,2,3,single_elimination,False,0.10648148148148148,0.09091491482476273,1.0,0.19739639630624423,9.0,2.0,9.0,0.0,0.0,0.0,1.0,1.0,False,False
Hines Ward,Kym Johnson,Athlete,,South Korea,35,1st Place,1,23.0,7.666666666666667,1.0,11,12,2,3,single_elimination,False,0.10648148148148148,0.09091491482476273,1.0,0.19739639630624423,9.0,2.0,9.0,0.0,0.0,0.0,1.0,1.0,False,False
Romeo,Chelsie Hightower,Singer/Rapper,Louisiana,United States,21,Eliminated Week 8,5,23.0,7.666666666666667,1.0,11,12,2,3,single_elimination,False,0.10648148148148148,0.09091491482476273,1.0,0.19739639630624423,9.0,2.0,9.0,0.0,0.0,0.0,1.0,1.0,False,False
Ralph Macchio,Karina Smirnoff,Actor/Actress,New York,United States,49,Eliminated Week 9,4,21.0,7.0,4.0,11,12,2,3,single_elimination,False,0.09722222222222222,0.09091201839132508,6.0,0.1881342406135473,8.0,10.0,8.0,-2.0,2.0,0.0,1.0,1.0,False,False
Kirstie Alley,Maksim Chmerkoskiy,Actor/Actress,Kansas,United States,60,2nd Place,2,20.0,6.666666666666667,5.0,11,12,2,3,single_elimination,False,0.09259259259259259,0.09089572523433172,11.0,0.18348831782692432,7.0,16.0,4.0,-6.0,6.0,0.0,1.0,1.0,False,False
Kendra Wilkinson,Louis van Amstel,TV Personality,California,United States,25,Eliminated Week 7,6,19.0,6.333333333333333,6.0,11,12,2,3,single_elimination,False,0.08796296296296297,0.09090875522203938,7.0,0.17887171818500236,6.0,13.0,5.0,-1.0,1.0,0.0,1.0,1.0,False,False
Chelsea Kane,Mark Ballas,Actor/Actress,Arizona,United States,22,3rd Place,3,18.0,6.0,7.0,11,12,2,3,single_elimination,False,0.08333333333333333,0.09091252795445261,4.0,0.17424586128778594,4.0,11.0,6.0,3.0,3.0,0.0,1.0,1.0,False,False
Petra Nemcova,Dmitry Chaplin,Model,,Czechoslovakia,31,Eliminated Week 5,8,18.0,6.0,7.0,11,12,2,3,single_elimination,False,0.08333333333333333,0.09091252795445261,4.0,0.17424586128778594,4.0,11.0,6.0,3.0,3.0,0.0,1.0,1.0,False,False
Mike Catherwood,Lacey Schwimmer,Radio Personality,California,United States,32,Eliminated Week 2,11,17.0,5.666666666666667,9.0,11,12,2,3,single_elimination,True,0.0787037037037037,0.09089704606108404,10.0,0.16960074976478773,1.0,19.0,1.0,-1.0,1.0,0.0,0.10311447811447809,0.10311447811447809,True,True
Sugar Ray Leonard,Anna Trebunskaya,Athlete,North Carolina,United States,54,Eliminated Week 4,9,17.0,5.666666666666667,9.0,11,12,2,3,single_elimination,False,0.0787037037037037,0.09090800065683154,9.0,0.16961170436053524,2.0,18.0,2.0,0.0,0.0,0.0,1.0,1.0,False,False
Wendy Williams,Tony Dovolani,TV Personality,New Jersey,United States,46,Eliminated Week 3,10,17.0,5.666666666666667,9.0,11,12,2,3,single_elimination,False,0.0787037037037037,0.09090865338032274,8.0,0.16961235708402644,3.0,17.0,3.0,1.0,1.0,0.0,1.0,1.0,False,False
Hines Ward,Kym Johnson,Athlete,,South Korea,35,1st Place,1,25.0,8.333333333333334,1.0,10,12,3,4,single_elimination,False,0.11682242990654206,0.10000560724067219,1.0,0.21682803714721424,9.0,2.0,9.0,0.0,0.0,0.0,1.0,1.0,False,False
Petra Nemcova,Dmitry Chaplin,Model,,Czechoslovakia,31,Eliminated Week 5,8,25.0,8.333333333333334,1.0,10,12,3,4,single_elimination,False,0.11682242990654206,0.10000560724067219,1.0,0.21682803714721424,9.0,2.0,9.0,0.0,0.0,0.0,1.0,1.0,False,False
Chelsea Kane,Mark Ballas,Actor/Actress,Arizona,United States,22,3rd Place,3,23.0,7.666666666666667,3.0,10,12,3,4,single_elimination,False,0.10747663551401869,0.09999958565078929,6.0,0.20747622116480796,7.0,9.0,4.0,-3.0,3.0,0.0,1.0,1.0,False,False
Kendra Wilkinson,Louis van Amstel,TV Personality,California,United States,25,Eliminated Week 7,6,23.0,7.666666666666667,3.0,10,12,3,4,single_elimination,False,0.10747663551401869,0.09999958565078929,6.0,0.20747622116480796,7.0,9.0,4.0,-3.0,3.0,0.0,1.0,1.0,False,False
Chris Jericho,Cheryl Burke,Athlete,New York,United States,40,Eliminated Week 6,7,21.0,7.0,5.0,10,12,3,4,single_elimination,False,0.09813084112149532,0.10000124035157398,3.0,0.19813208147306932,4.0,8.0,6.0,2.0,2.0,0.0,1.0,1.0,False,False
Kirstie Alley,Maksim Chmerkoskiy,Actor/Actress,Kansas,United States,60,2nd Place,2,21.0,7.0,5.0,10,12,3,4,single_elimination,False,0.09813084112149532,0.10000124035157398,3.0,0.19813208147306932,4.0,8.0,6.0,2.0,2.0,0.0,1.0,1.0,False,False
Ralph Macchio,Karina Smirnoff,Actor/Actress,New York,United States,49,Eliminated Week 9,4,21.0,7.0,5.0,10,12,3,4,single_elimination,False,0.09813084112149532,0.10000124035157398,3.0,0.19813208147306932,4.0,8.0,6.0,2.0,2.0,0.0,1.0,1.0,False,False
Romeo,Chelsie Hightower,Singer/Rapper,Louisiana,United States,21,Eliminated Week 8,5,20.0,6.666666666666667,8.0,10,12,3,4,single_elimination,False,0.09345794392523364,0.0999913481979525,10.0,0.19344929212318612,2.0,18.0,2.0,-2.0,2.0,0.0,1.0,1.0,False,False
Sugar Ray Leonard,Anna Trebunskaya,Athlete,North Carolina,United States,54,Eliminated Week 4,9,20.0,6.666666666666667,8.0,10,12,3,4,single_elimination,False,0.09345794392523364,0.09999930141219074,8.0,0.19345724533742437,3.0,16.0,3.0,0.0,0.0,0.0,1.0,1.0,False,False
Wendy Williams,Tony Dovolani,TV Personality,New Jersey,United States,46,Eliminated Week 3,10,15.0,5.0,10.0,10,12,3,4,single_elimination,True,0.07009345794392523,0.09999524296500188,9.0,0.1700887009089271,1.0,19.0,1.0,1.0,1.0,0.0,0.12990654205607477,0.12990654205607477,True,True
Chelsea Kane,Mark Ballas,Actor/Actress,Arizona,United States,22,3rd Place,3,26.0,8.666666666666666,1.0,9,12,4,5,single_elimination,False,0.1262135922330097,0.11106419881959692,2.0,0.23727779105260663,9.0,3.0,9.0,-1.0,1.0,0.0,0.9854368932038835,0.9854368932038835,False,False
Hines Ward,Kym Johnson,Athlete,,South Korea,35,1st Place,1,25.0,8.333333333333334,2.0,9,12,4,5,single_elimination,False,0.12135922330097088,0.11105352372641936,7.0,0.23241274702739023,7.0,9.0,4.0,-5.0,5.0,0.0,0.9854368932038835,0.9854368932038835,False,False
Ralph Macchio,Karina Smirnoff,Actor/Actress,New York,United States,49,Eliminated Week 9,4,25.0,8.333333333333334,2.0,9,12,4,5,single_elimination,False,0.12135922330097088,0.11105352372641936,7.0,0.23241274702739023,7.0,9.0,4.0,-5.0,5.0,0.0,0.9854368932038835,0.9854368932038835,False,False
Chris Jericho,Cheryl Burke,Athlete,New York,United States,40,Eliminated Week 6,7,23.0,7.666666666666667,4.0,9,12,4,5,single_elimination,False,0.11165048543689321,0.111056276843327,4.0,0.2227067622802202,4.0,8.0,6.0,0.0,0.0,0.0,0.9854368932038835,0.9854368932038835,False,False
Petra Nemcova,Dmitry Chaplin,Model,,Czechoslovakia,31,Eliminated Week 5,8,23.0,7.666666666666667,4.0,9,12,4,5,single_elimination,False,0.11165048543689321,0.111056276843327,4.0,0.2227067622802202,4.0,8.0,6.0,0.0,0.0,0.0,0.9854368932038835,0.9854368932038835,False,False
Romeo,Chelsie Hightower,Singer/Rapper,Louisiana,United States,21,Eliminated Week 8,5,23.0,7.666666666666667,4.0,9,12,4,5,single_elimination,False,0.11165048543689321,0.111056276843327,4.0,0.2227067622802202,4.0,8.0,6.0,0.0,0.0,0.0,0.9854368932038835,0.9854368932038835,False,False
Kirstie Alley,Maksim Chmerkoskiy,Actor/Actress,Kansas,United States,60,2nd Place,2,22.0,7.333333333333333,7.0,9,12,4,5,single_elimination,False,0.10679611650485436,0.11106306162301187,3.0,0.21785917812786623,3.0,10.0,2.0,4.0,4.0,0.0,0.9854368932038835,0.9854368932038835,False,False
Sugar Ray Leonard,Anna Trebunskaya,Athlete,North Carolina,United States,54,Eliminated Week 4,9,21.0,7.0,8.0,9,12,4,5,single_elimination,True,0.10194174757281553,0.10401687492902145,9.0,0.205958622501837,1.0,17.0,1.0,-1.0,1.0,0.0,0.12028047464940668,0.12028047464940668,True,True
Kendra Wilkinson,Louis van Amstel,TV Personality,California,United States,25,Eliminated Week 7,6,18.0,6.0,9.0,9,12,4,5,single_elimination,False,0.08737864077669903,0.11857998584903184,1.0,0.2059586266257309,2.0,10.0,2.0,8.0,8.0,0.014563106796116498,1.0,0.9854368932038835,False,False
Hines Ward,Kym Johnson,Athlete,,South Korea,35,1st Place,1,27.0,9.0,1.0,8,12,5,6,single_elimination,False,0.13917525773195877,0.12501174810382187,1.0,0.26418700583578064,8.0,2.0,8.0,0.0,0.0,0.0,1.0,1.0,False,False
Chelsea Kane,Mark Ballas,Actor/Actress,Arizona,United States,22,3rd Place,3,26.0,8.666666666666666,2.0,8,12,5,6,single_elimination,False,0.13402061855670103,0.12499736090262434,5.0,0.25901797945932536,5.0,7.0,5.0,-3.0,3.0,0.0,1.0,1.0,False,False
Chris Jericho,Cheryl Burke,Athlete,New York,United States,40,Eliminated Week 6,7,26.0,8.666666666666666,2.0,8,12,5,6,single_elimination,False,0.13402061855670103,0.12499736090262434,5.0,0.25901797945932536,5.0,7.0,5.0,-3.0,3.0,0.0,1.0,1.0,False,False
Romeo,Chelsie Hightower,Singer/Rapper,Louisiana,United States,21,Eliminated Week 8,5,26.0,8.666666666666666,2.0,8,12,5,6,single_elimination,False,0.13402061855670103,0.12499736090262434,5.0,0.25901797945932536,5.0,7.0,5.0,-3.0,3.0,0.0,1.0,1.0,False,False
Kirstie Alley,Maksim Chmerkoskiy,Actor/Actress,Kansas,United States,60,2nd Place,2,23.0,7.666666666666667,5.0,8,12,5,6,single_elimination,False,0.11855670103092783,0.1250027402811563,3.0,0.24355944131208412,4.0,8.0,3.0,2.0,2.0,0.0,1.0,1.0,False,False
Kendra Wilkinson,Louis van Amstel,TV Personality,California,United States,25,Eliminated Week 7,6,22.0,7.333333333333333,6.0,8,12,5,6,single_elimination,False,0.1134020618556701,0.12499856823147858,4.0,0.23840063008714868,2.0,10.0,2.0,2.0,2.0,0.0,1.0,1.0,False,False
Petra Nemcova,Dmitry Chaplin,Model,,Czechoslovakia,31,Eliminated Week 5,8,22.0,7.333333333333333,6.0,8,12,5,6,single_elimination,True,0.1134020618556701,0.12498768295095866,8.0,0.23838974480662878,1.0,14.0,1.0,-2.0,2.0,0.0,0.13659793814432986,0.13659793814432986,True,True
Ralph Macchio,Karina Smirnoff,Actor/Actress,New York,United States,49,Eliminated Week 9,4,22.0,7.333333333333333,6.0,8,12,5,6,single_elimination,False,0.1134020618556701,0.12500717650874232,2.0,0.2384092383644124,3.0,8.0,3.0,4.0,4.0,0.0,1.0,1.0,False,False
Chelsea Kane,Mark Ballas,Actor/Actress,Arizona,United States,22,3rd Place,3,28.0,9.333333333333334,1.0,7,12,6,7,single_elimination,False,0.15555555555555556,0.14285848634951404,4.0,0.2984140419050696,6.0,5.0,6.0,-3.0,3.0,0.0,1.0,1.0,False,False
Romeo,Chelsie Hightower,Singer/Rapper,Louisiana,United States,21,Eliminated Week 8,5,28.0,9.333333333333334,1.0,7,12,6,7,single_elimination,False,0.15555555555555556,0.14285848634951404,4.0,0.2984140419050696,6.0,5.0,6.0,-3.0,3.0,0.0,1.0,1.0,False,False
Hines Ward,Kym Johnson,Athlete,,South Korea,35,1st Place,1,27.0,9.0,3.0,7,12,6,7,single_elimination,False,0.15,0.14285208894317836,6.0,0.2928520889431784,5.0,9.0,2.0,-3.0,3.0,0.0,1.0,1.0,False,False
Kirstie Alley,Maksim Chmerkoskiy,Actor/Actress,Kansas,United States,60,2nd Place,2,26.0,8.666666666666666,4.0,7,12,6,7,single_elimination,False,0.14444444444444443,0.14286149770734843,3.0,0.28730594215179284,4.0,7.0,3.0,1.0,1.0,0.0,1.0,1.0,False,False
Kendra Wilkinson,Louis van Amstel,TV Personality,California,United States,25,Eliminated Week 7,6,25.0,8.333333333333334,5.0,7,12,6,7,single_elimination,False,0.1388888888888889,0.14286175217112498,2.0,0.2817506410600139,3.0,7.0,3.0,3.0,3.0,0.0,1.0,1.0,False,False
Ralph Macchio,Karina Smirnoff,Actor/Actress,New York,United States,49,Eliminated Week 9,4,24.0,8.0,6.0,7,12,6,7,single_elimination,False,0.13333333333333333,0.14286229317687246,1.0,0.2761956265102058,2.0,7.0,3.0,5.0,5.0,0.0,1.0,1.0,False,False
Chris Jericho,Cheryl Burke,Athlete,New York,United States,40,Eliminated Week 6,7,22.0,7.333333333333333,7.0,7,12,6,7,single_elimination,True,0.12222222222222222,0.14284539366384957,7.0,0.2650676158860718,1.0,14.0,1.0,0.0,0.0,0.0,0.1634920634920635,0.1634920634920635,True,True
Hines Ward,Kym Johnson,Athlete,,South Korea,35,1st Place,1,33.0,8.25,1.0,6,12,7,8,single_elimination,False,0.17506631299734748,0.16666645498155766,4.0,0.34173276797890517,5.0,5.0,5.0,-3.0,3.0,0.0,0.9946949602122015,0.9946949602122015,False,False
Ralph Macchio,Karina Smirnoff,Actor/Actress,New York,United States,49,Eliminated Week 9,4,33.0,8.25,1.0,6,12,7,8,single_elimination,False,0.17506631299734748,0.16666645498155766,4.0,0.34173276797890517,5.0,5.0,5.0,-3.0,3.0,0.0,0.9946949602122015,0.9946949602122015,False,False
Chelsea Kane,Mark Ballas,Actor/Actress,Arizona,United States,22,3rd Place,3,32.0,8.0,3.0,6,12,7,8,single_elimination,False,0.16976127320954906,0.166666711677132,3.0,0.3364279848866811,4.0,6.0,3.0,0.0,0.0,0.0,0.9946949602122015,0.9946949602122015,False,False
Kendra Wilkinson,Louis van Amstel,TV Personality,California,United States,25,Eliminated Week 7,6,30.5,7.625,4.0,6,12,7,8,single_elimination,True,0.16180371352785147,0.1648983846088142,6.0,0.3267020981366657,1.0,10.0,1.0,-2.0,2.0,0.0,0.17152961980548184,0.17152961980548184,True,True
Kirstie Alley,Maksim Chmerkoskiy,Actor/Actress,Kansas,United States,60,2nd Place,2,30.0,7.5,5.0,6,12,7,8,single_elimination,False,0.15915119363395225,0.16755099849418398,1.0,0.3267021921281362,3.0,6.0,3.0,4.0,4.0,0.0026525198938992245,0.9973474801061007,0.9946949602122015,False,False
Romeo,Chelsie Hightower,Singer/Rapper,Louisiana,United States,21,Eliminated Week 8,5,30.0,7.5,5.0,6,12,7,8,single_elimination,False,0.15915119363395225,0.16755099453063227,2.0,0.3267021881645845,2.0,7.0,2.0,3.0,3.0,0.0026525198938992245,0.9973474801061007,0.9946949602122015,False,False
Chelsea Kane,Mark Ballas,Actor/Actress,Arizona,United States,22,3rd Place,3,27.5,9.166666666666666,1.0,5,12,8,9,single_elimination,False,0.21153846153846154,0.1998548513846304,4.0,0.41139331292309195,5.0,5.0,3.0,-3.0,3.0,0.0,0.9769230769230769,0.9769230769230769,False,False
Hines Ward,Kym Johnson,Athlete,,South Korea,35,1st Place,1,27.0,9.0,2.0,5,12,8,9,single_elimination,False,0.2076923076923077,0.19986279996718434,3.0,0.40755510765949204,4.0,5.0,3.0,-1.0,1.0,0.0,0.9769230769230769,0.9769230769230769,False,False
Kirstie Alley,Maksim Chmerkoskiy,Actor/Actress,Kansas,United States,60,2nd Place,2,26.5,8.833333333333334,3.0,5,12,8,9,single_elimination,False,0.20384615384615384,0.19987708318124173,2.0,0.40372323702739554,3.0,5.0,3.0,1.0,1.0,0.0,0.9769230769230769,0.9769230769230769,False,False
Romeo,Chelsie Hightower,Singer/Rapper,Louisiana,United States,21,Eliminated Week 8,5,26.0,8.666666666666666,4.0,5,12,8,9,single_elimination,True,0.2,0.18866416760501983,5.0,0.3886641676050199,1.0,9.0,1.0,-1.0,1.0,0.0,0.19999999999999998,0.19999999999999998,True,True
Ralph Macchio,Karina Smirnoff,Actor/Actress,New York,United States,49,Eliminated Week 9,4,23.0,7.666666666666667,5.0,5,12,8,9,single_elimination,False,0.17692307692307693,0.2117410971749856,1.0,0.38866417409806253,2.0,6.0,2.0,4.0,4.0,0.023076923076923078,1.0,0.9769230769230769,False,False
Chelsea Kane,Mark Ballas,Actor/Actress,Arizona,United States,22,3rd Place,3,36.5,12.166666666666666,1.0,4,12,9,10,single_elimination,False,0.31063829787234043,0.24998311425028563,4.0,0.5606214121226261,4.0,5.0,2.0,-3.0,3.0,0.0,1.0,1.0,False,False
Hines Ward,Kym Johnson,Athlete,,South Korea,35,1st Place,1,30.0,10.0,2.0,4,12,9,10,single_elimination,False,0.2553191489361702,0.2500034564865495,2.0,0.5053226054227197,3.0,4.0,3.0,0.0,0.0,0.0,1.0,1.0,False,False
Kirstie Alley,Maksim Chmerkoskiy,Actor/Actress,Kansas,United States,60,2nd Place,2,27.0,9.0,3.0,4,12,9,10,single_elimination,False,0.2297872340425532,0.2500147182914286,1.0,0.47980195233398176,2.0,4.0,3.0,2.0,2.0,0.0,1.0,1.0,False,False
Ralph Macchio,Karina Smirnoff,Actor/Actress,New York,United States,49,Eliminated Week 9,4,24.0,8.0,4.0,4,12,9,10,single_elimination,True,0.20425531914893616,0.24999871007367042,3.0,0.4542540292226066,1.0,7.0,1.0,1.0,1.0,0.0,0.29574468085106387,0.29574468085106387,True,True
Chynna Phillips,Tony Dovolani,Singer/Rapper,California,United States,43,Eliminated Week 4,9,22.0,7.333333333333333,1.0,12,13,1,2,single_elimination,False,0.10138248847926268,0.08333519183193659,4.0,0.18471768031119928,11.0,5.0,10.0,-3.0,3.0,0.0,1.0,1.0,False,False
J.R. Martinez,Karina Smirnoff,Actor/Actress,Louisiana,United States,28,1st Place,1,22.0,7.333333333333333,1.0,12,13,1,2,single_elimination,False,0.10138248847926268,0.08333519183193659,4.0,0.18471768031119928,11.0,5.0,10.0,-3.0,3.0,0.0,1.0,1.0,False,False
Hope Solo,Maksim Chmerkoskiy,Athlete,Washington,United States,30,Eliminated Week 9,4,21.0,7.0,3.0,12,13,1,2,single_elimination,False,0.0967741935483871,0.08333534505737863,3.0,0.18010953860576573,10.0,6.0,9.0,0.0,0.0,0.0,1.0,1.0,False,False
Ricki Lake,Derek Hough,Actor/Actress,New York,United States,42,3rd Place,3,20.0,6.666666666666667,4.0,12,13,1,2,single_elimination,False,0.09216589861751152,0.08334076947091429,1.0,0.1755066680884258,9.0,5.0,10.0,3.0,3.0,0.0,1.0,1.0,False,False
Kristin Cavallari,Mark Ballas,TV Personality,Colorado,United States,24,Eliminated Week 3,10,19.0,6.333333333333333,5.0,12,13,1,2,single_elimination,False,0.08755760368663594,0.08333248432049067,8.0,0.17089008800712663,8.0,13.0,5.0,-3.0,3.0,0.0,1.0,1.0,False,False
David Arquette,Kym Johnson,Actor/Actress,Virginia,United States,40,Eliminated Week 7,6,18.0,6.0,6.0,12,13,1,2,single_elimination,False,0.08294930875576037,0.08333771038129537,2.0,0.16628701913705574,7.0,8.0,8.0,4.0,4.0,0.0,1.0,1.0,False,False
Carson Kressley,Anna Trebunskaya,TV Personality,Pennsylvania,United States,41,Eliminated Week 5,8,17.0,5.666666666666667,7.0,12,13,1,2,single_elimination,False,0.07834101382488479,0.08333469808273566,6.0,0.16167571190762045,5.0,13.0,5.0,1.0,1.0,0.0,1.0,1.0,False,False
Chaz Bono,Lacey Schwimmer,TV Personality,California,United States,42,Eliminated Week 6,7,17.0,5.666666666666667,7.0,12,13,1,2,single_elimination,False,0.07834101382488479,0.08333469808273566,6.0,0.16167571190762045,5.0,13.0,5.0,1.0,1.0,0.0,1.0,1.0,False,False
Nancy Grace,Tristan MacManus,TV Personality,Georgia,United States,51,Eliminated Week 8,5,16.0,5.333333333333333,9.0,12,13,1,2,single_elimination,False,0.07373271889400922,0.08332929961521937,10.0,0.15706201850922857,3.0,19.0,3.0,-1.0,1.0,0.0,1.0,1.0,False,False
Rob Kardashian,Cheryl Burke,TV Personality,California,United States,24,2nd Place,2,16.0,5.333333333333333,9.0,12,13,1,2,single_elimination,False,0.07373271889400922,0.08332929961521937,10.0,0.15706201850922857,3.0,19.0,3.0,-1.0,1.0,0.0,1.0,1.0,False,False
Elisabetta Canalis,Valentin Chmerkovskiy,Actor/Actress,,Italy,33,Eliminated Week 2,11,15.0,5.0,11.0,12,13,1,2,single_elimination,False,0.06912442396313365,0.08332957658890001,9.0,0.15245400055203367,2.0,20.0,2.0,2.0,2.0,0.0,1.0,1.0,False,False
Metta World Peace (Ron),Peta Murgatroyd,Athlete,New York,United States,31,Eliminated Week 1,12,14.0,4.666666666666667,12.0,12,13,1,2,single_elimination,True,0.06451612903225806,0.08332573407149416,12.0,0.14784186310375222,1.0,24.0,1.0,0.0,0.0,0.0,0.10215053763440862,0.10215053763440862,True,True
Ricki Lake,Derek Hough,Actor/Actress,New York,United States,42,3rd Place,3,23.0,7.666666666666667,1.0,11,13,2,3,single_elimination,False,0.1031390134529148,0.09081573685116351,7.0,0.19395475030407833,11.0,8.0,9.0,-6.0,6.0,0.0,0.9461883408071747,0.9461883408071747,False,False
J.R. Martinez,Karina Smirnoff,Actor/Actress,Louisiana,United States,28,1st Place,1,22.0,7.333333333333333,2.0,11,13,2,3,single_elimination,False,0.09865470852017937,0.0908218839952409,4.0,0.18947659251542026,9.0,6.0,10.0,-2.0,2.0,0.0,0.9461883408071747,0.9461883408071747,False,False
Kristin Cavallari,Mark Ballas,TV Personality,Colorado,United States,24,Eliminated Week 3,10,22.0,7.333333333333333,2.0,11,13,2,3,single_elimination,False,0.09865470852017937,0.0908218839952409,4.0,0.18947659251542026,9.0,6.0,10.0,-2.0,2.0,0.0,0.9461883408071747,0.9461883408071747,False,False
Chynna Phillips,Tony Dovolani,Singer/Rapper,California,United States,43,Eliminated Week 4,9,21.0,7.0,4.0,11,13,2,3,single_elimination,False,0.09417040358744394,0.09081796916239117,6.0,0.1849883727498351,8.0,10.0,8.0,-2.0,2.0,0.0,0.9461883408071747,0.9461883408071747,False,False
Elisabetta Canalis,Valentin Chmerkovskiy,Actor/Actress,,Italy,33,Eliminated Week 2,11,21.0,7.0,4.0,11,13,2,3,single_elimination,True,0.09417040358744394,0.07986055329315919,11.0,0.17403095688060313,1.0,15.0,2.0,-7.0,7.0,0.0,0.08764777823073786,0.08764777823073786,True,False
Nancy Grace,Tristan MacManus,TV Personality,Georgia,United States,51,Eliminated Week 8,5,21.0,7.0,4.0,11,13,2,3,single_elimination,False,0.09417040358744394,0.09081502487382738,8.0,0.1849854284612713,6.0,12.0,3.0,-4.0,4.0,0.0,0.9461883408071747,0.9461883408071747,False,False
Rob Kardashian,Cheryl Burke,TV Personality,California,United States,24,2nd Place,2,21.0,7.0,4.0,11,13,2,3,single_elimination,False,0.09417040358744394,0.09081502487382738,8.0,0.1849854284612713,6.0,12.0,3.0,-4.0,4.0,0.0,0.9461883408071747,0.9461883408071747,False,False
Hope Solo,Maksim Chmerkoskiy,Athlete,Washington,United States,30,Eliminated Week 9,4,19.0,6.333333333333333,8.0,11,13,2,3,single_elimination,False,0.08520179372197309,0.09080716276513971,10.0,0.1760089564871128,5.0,18.0,1.0,-2.0,2.0,0.00896860986547085,0.9551569506726456,0.9461883408071747,False,True
Carson Kressley,Anna Trebunskaya,TV Personality,Pennsylvania,United States,41,Eliminated Week 5,8,18.0,6.0,9.0,11,13,2,3,single_elimination,False,0.08071748878923767,0.09331349081193584,2.0,0.1740309796011735,3.0,11.0,6.0,7.0,7.0,0.013452914798206275,0.959641255605381,0.9461883408071747,False,False
David Arquette,Kym Johnson,Actor/Actress,Virginia,United States,40,Eliminated Week 7,6,18.0,6.0,9.0,11,13,2,3,single_elimination,False,0.08071748878923767,0.09331349081193584,2.0,0.1740309796011735,3.0,11.0,6.0,7.0,7.0,0.013452914798206275,0.959641255605381,0.9461883408071747,False,False
Chaz Bono,Lacey Schwimmer,TV Personality,California,United States,42,Eliminated Week 6,7,17.0,5.666666666666667,11.0,11,13,2,3,single_elimination,False,0.07623318385650224,0.09779777763806957,1.0,0.1740309614945718,2.0,12.0,3.0,10.0,10.0,0.0179372197309417,0.9641255605381165,0.9461883408071747,False,False
Ricki Lake,Derek Hough,Actor/Actress,New York,United States,42,3rd Place,3,27.0,9.0,1.0,10,13,3,4,single_elimination,False,0.11392405063291139,0.09982778204243321,9.0,0.2137518326753446,10.0,10.0,5.0,-8.0,8.0,0.0,0.9578059071729959,0.9578059071729959,False,False
Chynna Phillips,Tony Dovolani,Singer/Rapper,California,United States,43,Eliminated Week 4,9,26.0,8.666666666666666,2.0,10,13,3,4,single_elimination,False,0.10970464135021098,0.09984381218226135,3.0,0.2095484535324723,8.0,5.0,9.0,-1.0,1.0,0.0,0.9578059071729959,0.9578059071729959,False,False
J.R. Martinez,Karina Smirnoff,Actor/Actress,Louisiana,United States,28,1st Place,1,26.0,8.666666666666666,2.0,10,13,3,4,single_elimination,False,0.10970464135021098,0.09984381218226135,3.0,0.2095484535324723,8.0,5.0,9.0,-1.0,1.0,0.0,0.9578059071729959,0.9578059071729959,False,False
David Arquette,Kym Johnson,Actor/Actress,Virginia,United States,40,Eliminated Week 7,6,24.0,8.0,4.0,10,13,3,4,single_elimination,False,0.10126582278481013,0.09983945156054855,6.0,0.2011052743453587,5.0,10.0,5.0,-2.0,2.0,0.0,0.9578059071729959,0.9578059071729959,False,False
Hope Solo,Maksim Chmerkoskiy,Athlete,Washington,United States,30,Eliminated Week 9,4,24.0,8.0,4.0,10,13,3,4,single_elimination,False,0.10126582278481013,0.09983945156054855,6.0,0.2011052743453587,5.0,10.0,5.0,-2.0,2.0,0.0,0.9578059071729959,0.9578059071729959,False,False
Kristin Cavallari,Mark Ballas,TV Personality,Colorado,United States,24,Eliminated Week 3,10,24.0,8.0,4.0,10,13,3,4,single_elimination,True,0.10126582278481013,0.08771916773550217,10.0,0.1889849905203123,1.0,14.0,2.0,-6.0,6.0,0.0,0.09873417721518989,0.09873417721518989,True,False
Rob Kardashian,Cheryl Burke,TV Personality,California,United States,24,2nd Place,2,24.0,8.0,4.0,10,13,3,4,single_elimination,False,0.10126582278481013,0.09984026144072371,5.0,0.20110608422553383,7.0,9.0,8.0,-1.0,1.0,0.0,0.9578059071729959,0.9578059071729959,False,False
Carson Kressley,Anna Trebunskaya,TV Personality,Pennsylvania,United States,41,Eliminated Week 5,8,23.0,7.666666666666667,8.0,10,13,3,4,single_elimination,False,0.0970464135021097,0.09983302637995632,8.0,0.19687943988206602,4.0,16.0,1.0,0.0,0.0,0.004219409282700426,0.9620253164556962,0.9578059071729959,False,True
Nancy Grace,Tristan MacManus,TV Personality,Georgia,United States,51,Eliminated Week 8,5,21.0,7.0,9.0,10,13,3,4,single_elimination,False,0.08860759493670886,0.1003776088391439,2.0,0.18898520377585276,3.0,11.0,3.0,7.0,7.0,0.012658227848101264,0.9704641350210971,0.9578059071729959,False,False
Chaz Bono,Lacey Schwimmer,TV Personality,California,United States,42,Eliminated Week 6,7,18.0,6.0,10.0,10,13,3,4,single_elimination,False,0.0759493670886076,0.11303562486527804,1.0,0.18898499195388563,2.0,11.0,3.0,9.0,9.0,0.025316455696202528,0.9831223628691984,0.9578059071729959,False,False
Ricki Lake,Derek Hough,Actor/Actress,New York,United States,42,3rd Place,3,29.0,9.666666666666666,1.0,9,13,4,5,single_elimination,False,0.13875598086124402,0.11110750645248611,4.0,0.24986348731373015,9.0,5.0,8.0,-3.0,3.0,0.0,0.9952153110047847,0.9952153110047847,False,False
J.R. Martinez,Karina Smirnoff,Actor/Actress,Louisiana,United States,28,1st Place,1,26.0,8.666666666666666,2.0,9,13,4,5,single_elimination,False,0.12440191387559808,0.1111091484123939,3.0,0.23551106228799198,8.0,5.0,8.0,-1.0,1.0,0.0,0.9952153110047847,0.9952153110047847,False,False
Hope Solo,Maksim Chmerkoskiy,Athlete,Washington,United States,30,Eliminated Week 9,4,24.0,8.0,3.0,9,13,4,5,single_elimination,False,0.11483253588516747,0.11110151859825342,7.0,0.22593405448342088,6.0,10.0,4.0,-4.0,4.0,0.0,0.9952153110047847,0.9952153110047847,False,False
Rob Kardashian,Cheryl Burke,TV Personality,California,United States,24,2nd Place,2,24.0,8.0,3.0,9,13,4,5,single_elimination,False,0.11483253588516747,0.11110151859825342,7.0,0.22593405448342088,6.0,10.0,4.0,-4.0,4.0,0.0,0.9952153110047847,0.9952153110047847,False,False
David Arquette,Kym Johnson,Actor/Actress,Virginia,United States,40,Eliminated Week 7,6,23.0,7.666666666666667,5.0,9,13,4,5,single_elimination,False,0.11004784688995216,0.11110348745327192,6.0,0.2211513343432241,5.0,11.0,2.0,-1.0,1.0,0.0,0.9952153110047847,0.9952153110047847,False,False
Chaz Bono,Lacey Schwimmer,TV Personality,California,United States,42,Eliminated Week 6,7,21.0,7.0,6.0,9,13,4,5,single_elimination,False,0.10047846889952153,0.11111570963675996,2.0,0.21159417853628149,4.0,8.0,7.0,4.0,4.0,0.0,0.9952153110047847,0.9952153110047847,False,False
Chynna Phillips,Tony Dovolani,Singer/Rapper,California,United States,43,Eliminated Week 4,9,21.0,7.0,6.0,9,13,4,5,single_elimination,True,0.10047846889952153,0.10873479256512153,9.0,0.20921326146464306,1.0,15.0,1.0,-3.0,3.0,0.0,0.12174375332270068,0.12174375332270068,True,True
Nancy Grace,Tristan MacManus,TV Personality,Georgia,United States,51,Eliminated Week 8,5,21.0,7.0,6.0,9,13,4,5,single_elimination,False,0.10047846889952153,0.1111068264823673,5.0,0.21158529538188883,3.0,11.0,2.0,1.0,1.0,0.0,0.9952153110047847,0.9952153110047847,False,False
Carson Kressley,Anna Trebunskaya,TV Personality,Pennsylvania,United States,41,Eliminated Week 5,8,20.0,6.666666666666667,9.0,9,13,4,5,single_elimination,False,0.09569377990430622,0.11351949077490733,1.0,0.20921327067921355,2.0,10.0,4.0,8.0,8.0,0.004784688995215308,1.0,0.9952153110047847,False,False
J.R. Martinez,Karina Smirnoff,Actor/Actress,Louisiana,United States,28,1st Place,1,28.0,9.333333333333334,1.0,8,13,5,6,single_elimination,False,0.14893617021276595,0.12500084226998445,6.0,0.2739370124827504,8.0,7.0,5.0,-5.0,5.0,0.0,1.0,1.0,False,False
David Arquette,Kym Johnson,Actor/Actress,Virginia,United States,40,Eliminated Week 7,6,25.0,8.333333333333334,2.0,8,13,5,6,single_elimination,False,0.13297872340425532,0.12500228763535787,2.0,0.2579810110396132,6.0,4.0,7.0,0.0,0.0,0.0,1.0,1.0,False,False
Rob Kardashian,Cheryl Burke,TV Personality,California,United States,24,2nd Place,2,25.0,8.333333333333334,2.0,8,13,5,6,single_elimination,False,0.13297872340425532,0.12500228763535787,2.0,0.2579810110396132,6.0,4.0,7.0,0.0,0.0,0.0,1.0,1.0,False,False
Hope Solo,Maksim Chmerkoskiy,Athlete,Washington,United States,30,Eliminated Week 9,4,24.0,8.0,4.0,8,13,5,6,single_elimination,False,0.1276595744680851,0.1250021641174729,4.0,0.25266173858555796,4.0,8.0,3.0,0.0,0.0,0.0,1.0,1.0,False,False
Ricki Lake,Derek Hough,Actor/Actress,New York,United States,42,3rd Place,3,24.0,8.0,4.0,8,13,5,6,single_elimination,False,0.1276595744680851,0.1250021641174729,4.0,0.25266173858555796,4.0,8.0,3.0,0.0,0.0,0.0,1.0,1.0,False,False
Nancy Grace,Tristan MacManus,TV Personality,Georgia,United States,51,Eliminated Week 8,5,22.0,7.333333333333333,6.0,8,13,5,6,single_elimination,False,0.11702127659574468,0.12500435646071356,1.0,0.24202563305645824,3.0,7.0,5.0,5.0,5.0,0.0,1.0,1.0,False,False
Chaz Bono,Lacey Schwimmer,TV Personality,California,United States,42,Eliminated Week 6,7,21.0,7.0,7.0,8,13,5,6,single_elimination,False,0.11170212765957446,0.12499974260710793,7.0,0.23670187026668238,2.0,14.0,2.0,0.0,0.0,0.0,1.0,1.0,False,False
Carson Kressley,Anna Trebunskaya,TV Personality,Pennsylvania,United States,41,Eliminated Week 5,8,19.0,6.333333333333333,8.0,8,13,5,6,single_elimination,True,0.10106382978723404,0.12498615434678981,8.0,0.22604998413402383,1.0,16.0,1.0,0.0,0.0,0.0,0.14893617021276598,0.14893617021276598,True,True
J.R. Martinez,Karina Smirnoff,Actor/Actress,Louisiana,United States,28,1st Place,1,29.0,9.666666666666666,1.0,7,13,6,7,single_elimination,False,0.1746987951807229,0.14286049709351384,3.0,0.31755929227423674,6.0,4.0,6.0,-2.0,2.0,0.0,1.0,1.0,False,False
Ricki Lake,Derek Hough,Actor/Actress,New York,United States,42,3rd Place,3,29.0,9.666666666666666,1.0,7,13,6,7,single_elimination,False,0.1746987951807229,0.14286049709351384,3.0,0.31755929227423674,6.0,4.0,6.0,-2.0,2.0,0.0,1.0,1.0,False,False
Nancy Grace,Tristan MacManus,TV Personality,Georgia,United States,51,Eliminated Week 8,5,24.0,8.0,3.0,7,13,6,7,single_elimination,False,0.14457831325301204,0.14284568712166698,7.0,0.287424000374679,5.0,10.0,2.0,-4.0,4.0,0.0,1.0,1.0,False,False
David Arquette,Kym Johnson,Actor/Actress,Virginia,United States,40,Eliminated Week 7,6,23.0,7.666666666666667,4.0,7,13,6,7,single_elimination,False,0.13855421686746988,0.14286131603607538,2.0,0.28141553290354526,4.0,6.0,5.0,2.0,2.0,0.0,1.0,1.0,False,False
Rob Kardashian,Cheryl Burke,TV Personality,California,United States,24,2nd Place,2,22.0,7.333333333333333,5.0,7,13,6,7,single_elimination,False,0.13253012048192772,0.1428572553515232,5.0,0.2753873758334509,3.0,10.0,2.0,0.0,0.0,0.0,1.0,1.0,False,False
Hope Solo,Maksim Chmerkoskiy,Athlete,Washington,United States,30,Eliminated Week 9,4,20.0,6.666666666666667,6.0,7,13,6,7,single_elimination,False,0.12048192771084337,0.14286235398213645,1.0,0.26334428169297985,2.0,7.0,4.0,5.0,5.0,0.0,1.0,1.0,False,False
Chaz Bono,Lacey Schwimmer,TV Personality,California,United States,42,Eliminated Week 6,7,19.0,6.333333333333333,7.0,7,13,6,7,single_elimination,True,0.1144578313253012,0.14285239245938658,6.0,0.25731022378468776,1.0,13.0,1.0,1.0,1.0,0.0,0.17125645438898454,0.17125645438898454,True,True
Ricki Lake,Derek Hough,Actor/Actress,New York,United States,42,3rd Place,3,26.5,8.833333333333334,1.0,6,13,7,8,single_elimination,False,0.18088737201365188,0.16663772128254659,4.0,0.34752509329619846,6.0,5.0,5.0,-3.0,3.0,0.0,0.9897610921501707,0.9897610921501707,False,False
Rob Kardashian,Cheryl Burke,TV Personality,California,United States,24,2nd Place,2,25.5,8.5,2.0,6,13,7,8,single_elimination,False,0.17406143344709898,0.1666319095084734,5.0,0.3406933429555724,5.0,7.0,2.0,-3.0,3.0,0.0,0.9897610921501707,0.9897610921501707,False,False
Hope Solo,Maksim Chmerkoskiy,Athlete,Washington,United States,30,Eliminated Week 9,4,25.0,8.333333333333334,3.0,6,13,7,8,single_elimination,False,0.17064846416382254,0.16664469078620214,2.0,0.33729315495002465,4.0,5.0,5.0,1.0,1.0,0.0,0.9897610921501707,0.9897610921501707,False,False
J.R. Martinez,Karina Smirnoff,Actor/Actress,Louisiana,United States,28,1st Place,1,24.0,8.0,4.0,6,13,7,8,single_elimination,False,0.16382252559726962,0.16664358734013948,3.0,0.33046611293740913,3.0,7.0,2.0,1.0,1.0,0.0,0.9897610921501707,0.9897610921501707,False,False
David Arquette,Kym Johnson,Actor/Actress,Virginia,United States,40,Eliminated Week 7,6,23.5,7.833333333333333,5.0,6,13,7,8,single_elimination,True,0.16040955631399317,0.1616015829694447,6.0,0.3220111392834379,1.0,11.0,1.0,-1.0,1.0,0.0,0.17292377701934017,0.17292377701934017,True,True
Nancy Grace,Tristan MacManus,TV Personality,Georgia,United States,51,Eliminated Week 8,5,22.0,7.333333333333333,6.0,6,13,7,8,single_elimination,False,0.15017064846416384,0.1718405067132333,1.0,0.32201115517739715,2.0,7.0,2.0,5.0,5.0,0.010238907849829337,1.0,0.9897610921501707,False,False
J.R. Martinez,Karina Smirnoff,Actor/Actress,Louisiana,United States,28,1st Place,1,30.0,10.0,1.0,5,13,8,9,single_elimination,False,0.23166023166023167,0.2000074991489119,1.0,0.43166773080914356,5.0,2.0,5.0,0.0,0.0,0.0,1.0,1.0,False,False
Hope Solo,Maksim Chmerkoskiy,Athlete,Washington,United States,30,Eliminated Week 9,4,26.0,8.666666666666666,2.0,5,13,8,9,single_elimination,False,0.20077220077220076,0.20000729674020482,2.0,0.4007794975124056,3.0,4.0,3.0,0.0,0.0,0.0,1.0,1.0,False,False
Ricki Lake,Derek Hough,Actor/Actress,New York,United States,42,3rd Place,3,26.0,8.666666666666666,2.0,5,13,8,9,single_elimination,False,0.20077220077220076,0.20000729674020482,2.0,0.4007794975124056,3.0,4.0,3.0,0.0,0.0,0.0,1.0,1.0,False,False
Rob Kardashian,Cheryl Burke,TV Personality,California,United States,24,2nd Place,2,25.5,8.5,4.0,5,13,8,9,single_elimination,False,0.1969111969111969,0.20000117381331098,4.0,0.3969123707245079,2.0,8.0,2.0,0.0,0.0,0.0,1.0,1.0,False,False
Nancy Grace,Tristan MacManus,TV Personality,Georgia,United States,51,Eliminated Week 8,5,22.0,7.333333333333333,5.0,5,13,8,9,single_elimination,True,0.16988416988416988,0.19997673134439248,5.0,0.36986090122856236,1.0,10.0,1.0,0.0,0.0,0.0,0.2301158301158301,0.2301158301158301,True,True
Ricki Lake,Derek Hough,Actor/Actress,New York,United States,42,3rd Place,3,33.4999,11.166633333333332,1.0,4,13,9,10,single_elimination,False,0.28270077088932866,0.24998427652388389,4.0,0.5326850474132125,4.0,5.0,3.0,-3.0,3.0,0.0,1.0,1.0,False,False
Rob Kardashian,Cheryl Burke,TV Personality,California,United States,24,2nd Place,2,32.4998,10.833266666666667,2.0,4,13,9,10,single_elimination,False,0.27426107283153095,0.2500113306532119,1.0,0.5242724034847428,3.0,3.0,4.0,1.0,1.0,0.0,1.0,1.0,False,False
J.R. Martinez,Karina Smirnoff,Actor/Actress,Louisiana,United States,28,1st Place,1,28.0,9.333333333333334,3.0,4,13,9,10,single_elimination,False,0.23628791682665332,0.24999414705151632,3.0,0.48628206387816963,2.0,6.0,1.0,0.0,0.0,0.0,1.0,1.0,False,True
Hope Solo,Maksim Chmerkoskiy,Athlete,Washington,United States,30,Eliminated Week 9,4,24.4998,8.1666,4.0,4,13,9,10,single_elimination,True,0.20675023945248716,0.2500102435390429,2.0,0.45676048299153005,1.0,6.0,1.0,2.0,2.0,0.0,0.29324976054751284,0.29324976054751284,True,False
Katherine Jenkins,Mark Ballas,Singer/Rapper,,Wales,31,2nd Place,2,26.0,8.666666666666666,1.0,12,14,2,3,single_elimination,False,0.09665427509293681,0.08333553896315293,2.0,0.17998981405608974,11.0,3.0,11.0,-1.0,1.0,0.0,1.0,1.0,False,False
Roshon Fegan,Chelsie Hightower,Actor/Actress,California,United States,20,Eliminated Week 8,6,26.0,8.666666666666666,1.0,12,14,2,3,single_elimination,False,0.09665427509293681,0.08333553896315293,2.0,0.17998981405608974,11.0,3.0,11.0,-1.0,1.0,0.0,1.0,1.0,False,False
Maria Menounos,Derek Hough,TV Personality,Massachusetts,United States,33,Eliminated Week 9,4,25.0,8.333333333333334,3.0,12,14,2,3,single_elimination,False,0.09293680297397769,0.08333063996114581,8.0,0.1762674429351235,9.0,11.0,7.0,-5.0,5.0,0.0,1.0,1.0,False,False
William Levy,Cheryl Burke,Actor/Actress,,Cuba,31,3rd Place,3,25.0,8.333333333333334,3.0,12,14,2,3,single_elimination,False,0.09293680297397769,0.08333063996114581,8.0,0.1762674429351235,9.0,11.0,7.0,-5.0,5.0,0.0,1.0,1.0,False,False
Donald Driver,Peta Murgatroyd,Athlete,Texas,United States,37,1st Place,1,24.0,8.0,5.0,12,14,2,3,single_elimination,False,0.08921933085501858,0.08333464357675086,5.0,0.17255397443176945,8.0,10.0,9.0,0.0,0.0,0.0,1.0,1.0,False,False
Sherri Sheperd,Valentin Chmerkovskiy,Actor/Actress,Illinois,United States,44,Eliminated Week 4,10,23.0,7.666666666666667,6.0,12,14,2,3,single_elimination,False,0.08550185873605948,0.08333249633152962,7.0,0.1688343550675891,7.0,13.0,6.0,-1.0,1.0,0.0,1.0,1.0,False,False
Jaleel White,Kym Johnson,Actor/Actress,California,United States,35,Eliminated Week 7,7,22.0,7.333333333333333,7.0,12,14,2,3,single_elimination,False,0.08178438661710037,0.08333990340783781,1.0,0.16512429002493817,6.0,8.0,10.0,6.0,6.0,0.0,1.0,1.0,False,False
Gavin DeGraw,Karina Smirnoff,Singer/Rapper,New York,United States,35,Eliminated Week 5,9,21.0,7.0,8.0,12,14,2,3,single_elimination,False,0.07806691449814127,0.0833305177104411,10.0,0.16139743220858238,4.0,18.0,2.0,-2.0,2.0,0.0,1.0,1.0,False,False
Jack Wagner,Anna Trebunskaya,Actor/Actress,Missouri,United States,52,Eliminated Week 3,11,21.0,7.0,8.0,12,14,2,3,single_elimination,False,0.07806691449814127,0.0833305177104411,10.0,0.16139743220858238,4.0,18.0,2.0,-2.0,2.0,0.0,1.0,1.0,False,False
Melissa Gilbert,Maksim Chmerkoskiy,Actor/Actress,California,United States,47,Eliminated Week 8,5,20.0,6.666666666666667,10.0,12,14,2,3,single_elimination,False,0.07434944237918216,0.0833297956192785,12.0,0.15767923799846068,3.0,22.0,1.0,-2.0,2.0,0.0,1.0,1.0,False,True
Gladys Knight,Tristan MacManus,Singer/Rapper,Georgia,United States,67,Eliminated Week 6,8,19.0,6.333333333333333,11.0,12,14,2,3,single_elimination,False,0.07063197026022305,0.08333515495260202,4.0,0.15396712521282507,2.0,15.0,5.0,7.0,7.0,0.0,1.0,1.0,False,False
Martina Navratilova,Tony Dovolani,Athlete,,Czechoslovakia,55,Eliminated Week 2,12,17.0,5.666666666666667,12.0,12,14,2,3,single_elimination,True,0.06319702602230483,0.08333461198341534,6.0,0.14653163800572017,1.0,18.0,2.0,6.0,6.0,0.0,0.10346964064436186,0.10346964064436186,True,False
Katherine Jenkins,Mark Ballas,Singer/Rapper,,Wales,31,2nd Place,2,29.0,9.666666666666666,1.0,11,14,3,4,single_elimination,False,0.10357142857142858,0.09091254186228079,3.0,0.19448397043370935,11.0,4.0,10.0,-2.0,2.0,0.0,1.0,1.0,False,False
William Levy,Cheryl Burke,Actor/Actress,,Cuba,31,3rd Place,3,28.0,9.333333333333334,2.0,11,14,3,4,single_elimination,False,0.1,0.09090915345200647,6.0,0.19090915345200649,10.0,8.0,9.0,-4.0,4.0,0.0,1.0,1.0,False,False
Maria Menounos,Derek Hough,TV Personality,Massachusetts,United States,33,Eliminated Week 9,4,27.0,9.0,3.0,11,14,3,4,single_elimination,False,0.09642857142857143,0.09091646860110643,1.0,0.18734504002967786,9.0,4.0,10.0,2.0,2.0,0.0,1.0,1.0,False,False
Donald Driver,Peta Murgatroyd,Athlete,Texas,United States,37,1st Place,1,26.0,8.666666666666666,4.0,11,14,3,4,single_elimination,False,0.09285714285714286,0.09090650703298259,8.0,0.18376364989012545,8.0,12.0,5.0,-4.0,4.0,0.0,1.0,1.0,False,False
Jaleel White,Kym Johnson,Actor/Actress,California,United States,35,Eliminated Week 7,7,25.0,8.333333333333334,5.0,11,14,3,4,single_elimination,False,0.08928571428571429,0.09090565706242355,9.0,0.18019137134813784,6.0,14.0,2.0,-4.0,4.0,0.0,1.0,1.0,False,False
Roshon Fegan,Chelsie Hightower,Actor/Actress,California,United States,20,Eliminated Week 8,6,25.0,8.333333333333334,5.0,11,14,3,4,single_elimination,False,0.08928571428571429,0.09090565706242355,9.0,0.18019137134813784,6.0,14.0,2.0,-4.0,4.0,0.0,1.0,1.0,False,False
Gavin DeGraw,Karina Smirnoff,Singer/Rapper,New York,United States,35,Eliminated Week 5,9,24.0,8.0,7.0,11,14,3,4,single_elimination,False,0.08571428571428572,0.09091084718462207,4.0,0.1766251328989078,3.0,11.0,6.0,3.0,3.0,0.0,1.0,1.0,False,False
Gladys Knight,Tristan MacManus,Singer/Rapper,Georgia,United States,67,Eliminated Week 6,8,24.0,8.0,7.0,11,14,3,4,single_elimination,False,0.08571428571428572,0.09091084718462207,4.0,0.1766251328989078,3.0,11.0,6.0,3.0,3.0,0.0,1.0,1.0,False,False
Jack Wagner,Anna Trebunskaya,Actor/Actress,Missouri,United States,52,Eliminated Week 3,11,24.0,8.0,7.0,11,14,3,4,single_elimination,True,0.08571428571428572,0.0908995277915393,11.0,0.176613813505825,1.0,18.0,1.0,-4.0,4.0,0.0,0.0961038961038961,0.0961038961038961,True,True
Melissa Gilbert,Maksim Chmerkoskiy,Actor/Actress,California,United States,47,Eliminated Week 8,5,24.0,8.0,7.0,11,14,3,4,single_elimination,False,0.08571428571428572,0.09090826550991644,7.0,0.17662255122420217,2.0,14.0,2.0,0.0,0.0,0.0,1.0,1.0,False,False
Sherri Sheperd,Valentin Chmerkovskiy,Actor/Actress,Illinois,United States,44,Eliminated Week 4,10,24.0,8.0,7.0,11,14,3,4,single_elimination,False,0.08571428571428572,0.09091452607950093,2.0,0.17662881179378664,5.0,9.0,8.0,5.0,5.0,0.0,1.0,1.0,False,False
Donald Driver,Peta Murgatroyd,Athlete,Texas,United States,37,1st Place,1,27.0,9.0,1.0,10,14,4,5,single_elimination,False,0.11587982832618025,0.09999616807884161,5.0,0.21587599640502186,10.0,6.0,10.0,-4.0,4.0,0.0,0.9957081545064378,0.9957081545064378,False,False
Maria Menounos,Derek Hough,TV Personality,Massachusetts,United States,33,Eliminated Week 9,4,26.0,8.666666666666666,2.0,10,14,4,5,single_elimination,False,0.11158798283261803,0.09999436680214752,6.0,0.21158234963476555,8.0,8.0,5.0,-4.0,4.0,0.0,0.9957081545064378,0.9957081545064378,False,False
Roshon Fegan,Chelsie Hightower,Actor/Actress,California,United States,20,Eliminated Week 8,6,26.0,8.666666666666666,2.0,10,14,4,5,single_elimination,False,0.11158798283261803,0.09999436680214752,6.0,0.21158234963476555,8.0,8.0,5.0,-4.0,4.0,0.0,0.9957081545064378,0.9957081545064378,False,False
Katherine Jenkins,Mark Ballas,Singer/Rapper,,Wales,31,2nd Place,2,24.0,8.0,4.0,10,14,4,5,single_elimination,False,0.10300429184549356,0.099987325257678,9.0,0.20299161710317157,7.0,13.0,2.0,-5.0,5.0,0.0,0.9957081545064378,0.9957081545064378,False,False
Gavin DeGraw,Karina Smirnoff,Singer/Rapper,New York,United States,35,Eliminated Week 5,9,23.0,7.666666666666667,5.0,10,14,4,5,single_elimination,False,0.09871244635193133,0.0999927009040406,8.0,0.19870514725597194,6.0,13.0,2.0,-3.0,3.0,0.0,0.9957081545064378,0.9957081545064378,False,False
Jaleel White,Kym Johnson,Actor/Actress,California,United States,35,Eliminated Week 7,7,22.0,7.333333333333333,6.0,10,14,4,5,single_elimination,False,0.0944206008583691,0.09999812807088168,2.0,0.19441872892925077,3.0,8.0,5.0,4.0,4.0,0.0,0.9957081545064378,0.9957081545064378,False,False
Melissa Gilbert,Maksim Chmerkoskiy,Actor/Actress,California,United States,47,Eliminated Week 8,5,22.0,7.333333333333333,6.0,10,14,4,5,single_elimination,False,0.0944206008583691,0.09999812807088168,2.0,0.19441872892925077,3.0,8.0,5.0,4.0,4.0,0.0,0.9957081545064378,0.9957081545064378,False,False
William Levy,Cheryl Burke,Actor/Actress,,Cuba,31,3rd Place,3,22.0,7.333333333333333,6.0,10,14,4,5,single_elimination,False,0.0944206008583691,0.09999812807088168,2.0,0.19441872892925077,3.0,8.0,5.0,4.0,4.0,0.0,0.9957081545064378,0.9957081545064378,False,False
Sherri Sheperd,Valentin Chmerkovskiy,Actor/Actress,Illinois,United States,44,Eliminated Week 4,10,21.0,7.0,9.0,10,14,4,5,single_elimination,True,0.09012875536480687,0.09787440252048675,10.0,0.18800315788529362,1.0,19.0,1.0,-1.0,1.0,0.0,0.10987124463519315,0.10987124463519315,True,True
Gladys Knight,Tristan MacManus,Singer/Rapper,Georgia,United States,67,Eliminated Week 6,8,20.0,6.666666666666667,10.0,10,14,4,5,single_elimination,False,0.08583690987124463,0.1021662842284235,1.0,0.18800319409966815,2.0,11.0,4.0,9.0,9.0,0.004291845493562235,1.0,0.9957081545064378,False,False
Katherine Jenkins,Mark Ballas,Singer/Rapper,,Wales,31,2nd Place,2,29.0,9.666666666666666,1.0,9,14,5,6,single_elimination,False,0.12946428571428573,0.11111522031611036,1.0,0.24057950603039607,8.0,2.0,8.0,0.0,0.0,0.0,1.0,1.0,False,False
William Levy,Cheryl Burke,Actor/Actress,,Cuba,31,3rd Place,3,29.0,9.666666666666666,1.0,9,14,5,6,single_elimination,False,0.12946428571428573,0.11111522031611036,1.0,0.24057950603039607,8.0,2.0,8.0,0.0,0.0,0.0,1.0,1.0,False,False
Donald Driver,Peta Murgatroyd,Athlete,Texas,United States,37,1st Place,1,27.0,9.0,3.0,9,14,5,6,single_elimination,False,0.12053571428571429,0.11111129756455644,5.0,0.23164701185027073,6.0,8.0,6.0,-2.0,2.0,0.0,1.0,1.0,False,False
Maria Menounos,Derek Hough,TV Personality,Massachusetts,United States,33,Eliminated Week 9,4,27.0,9.0,3.0,9,14,5,6,single_elimination,False,0.12053571428571429,0.11111129756455644,5.0,0.23164701185027073,6.0,8.0,6.0,-2.0,2.0,0.0,1.0,1.0,False,False
Roshon Fegan,Chelsie Hightower,Actor/Actress,California,United States,20,Eliminated Week 8,6,26.0,8.666666666666666,5.0,9,14,5,6,single_elimination,False,0.11607142857142858,0.11111168539475882,4.0,0.2271831139661874,5.0,9.0,5.0,1.0,1.0,0.0,1.0,1.0,False,False
Jaleel White,Kym Johnson,Actor/Actress,California,United States,35,Eliminated Week 7,7,24.0,8.0,6.0,9,14,5,6,single_elimination,False,0.10714285714285714,0.1111110663669697,7.0,0.21825392350982684,4.0,13.0,3.0,-1.0,1.0,0.0,1.0,1.0,False,False
Gladys Knight,Tristan MacManus,Singer/Rapper,Georgia,United States,67,Eliminated Week 6,8,22.0,7.333333333333333,7.0,9,14,5,6,single_elimination,False,0.09821428571428571,0.11110186517499362,9.0,0.20931615088927935,3.0,16.0,2.0,-2.0,2.0,0.0,1.0,1.0,False,False
Melissa Gilbert,Maksim Chmerkoskiy,Actor/Actress,California,United States,47,Eliminated Week 8,5,21.0,7.0,8.0,9,14,5,6,single_elimination,False,0.09375,0.11111427348329501,3.0,0.204864273483295,2.0,11.0,4.0,5.0,5.0,0.0,1.0,1.0,False,False
Gavin DeGraw,Karina Smirnoff,Singer/Rapper,New York,United States,35,Eliminated Week 5,9,19.0,6.333333333333333,9.0,9,14,5,6,single_elimination,True,0.08482142857142858,0.11110807331472651,8.0,0.1959295018861551,1.0,17.0,1.0,1.0,1.0,0.0,0.1374007936507937,0.1374007936507937,True,True
Katherine Jenkins,Mark Ballas,Singer/Rapper,,Wales,31,2nd Place,2,38.9999,12.999966666666666,1.0,8,14,6,7,single_elimination,False,0.15116281323243902,0.1250077589062844,1.0,0.2761705721387234,8.0,2.0,8.0,0.0,0.0,0.0,1.0,1.0,False,False
Jaleel White,Kym Johnson,Actor/Actress,California,United States,35,Eliminated Week 7,7,36.9998,12.333266666666667,2.0,8,14,6,7,single_elimination,False,0.1434104666175451,0.12500303545170416,3.0,0.2684135020692493,7.0,5.0,7.0,-1.0,1.0,0.0,1.0,1.0,False,False
William Levy,Cheryl Burke,Actor/Actress,,Cuba,31,3rd Place,3,36.0,12.0,3.0,8,14,6,7,single_elimination,False,0.13953526230497526,0.12500189687329472,4.0,0.26453715917827,6.0,7.0,5.0,-1.0,1.0,0.0,1.0,1.0,False,False
Donald Driver,Peta Murgatroyd,Athlete,Texas,United States,37,1st Place,1,33.9999,11.3333,4.0,8,14,6,7,single_elimination,False,0.13178291569008135,0.1250031671442995,2.0,0.25678608283438087,5.0,6.0,6.0,2.0,2.0,0.0,1.0,1.0,False,False
Melissa Gilbert,Maksim Chmerkoskiy,Actor/Actress,California,United States,47,Eliminated Week 8,5,30.0,10.0,5.0,8,14,6,7,single_elimination,False,0.11627938525414606,0.12499233097532224,8.0,0.2412717162294683,3.0,13.0,1.0,-3.0,3.0,0.0,1.0,1.0,False,True
Maria Menounos,Derek Hough,TV Personality,Massachusetts,United States,33,Eliminated Week 9,4,29.999899999999997,9.999966666666666,6.0,8,14,6,7,single_elimination,False,0.1162789976561952,0.12499524182252483,7.0,0.24127423947872004,4.0,13.0,1.0,-1.0,1.0,0.0,1.0,1.0,False,False
Roshon Fegan,Chelsie Hightower,Actor/Actress,California,United States,20,Eliminated Week 8,6,27.9998,9.333266666666667,7.0,8,14,6,7,single_elimination,False,0.1085266510413013,0.1249974750209866,6.0,0.2335241260622879,2.0,13.0,1.0,1.0,1.0,0.0,1.0,1.0,False,False
Gladys Knight,Tristan MacManus,Singer/Rapper,Georgia,United States,67,Eliminated Week 6,8,24.0,8.0,8.0,8,14,6,7,single_elimination,True,0.09302350820331685,0.12499909302714603,5.0,0.21802260123046288,1.0,13.0,1.0,3.0,3.0,0.0,0.15697649179668316,0.15697649179668316,True,False
Maria Menounos,Derek Hough,TV Personality,Massachusetts,United States,33,Eliminated Week 9,4,28.5,9.5,1.0,7,14,7,8,single_elimination,False,0.1553133514986376,0.14282857491779782,4.0,0.29814192641643544,7.0,5.0,5.0,-3.0,3.0,0.0,0.9891008174386922,0.9891008174386922,False,False
Katherine Jenkins,Mark Ballas,Singer/Rapper,,Wales,31,2nd Place,2,27.0,9.0,2.0,7,14,7,8,single_elimination,False,0.14713896457765668,0.14281983510609747,6.0,0.28995879968375415,6.0,8.0,3.0,-4.0,4.0,0.0,0.9891008174386922,0.9891008174386922,False,False
Donald Driver,Peta Murgatroyd,Athlete,Texas,United States,37,1st Place,1,26.5,8.833333333333334,3.0,7,14,7,8,single_elimination,False,0.1444141689373297,0.142838178464367,2.0,0.2872523474016967,4.0,5.0,5.0,1.0,1.0,0.0,0.9891008174386922,0.9891008174386922,False,False
William Levy,Cheryl Burke,Actor/Actress,,Cuba,31,3rd Place,3,26.5,8.833333333333334,3.0,7,14,7,8,single_elimination,False,0.1444141689373297,0.142838178464367,2.0,0.2872523474016967,4.0,5.0,5.0,1.0,1.0,0.0,0.9891008174386922,0.9891008174386922,False,False
Roshon Fegan,Chelsie Hightower,Actor/Actress,California,United States,20,Eliminated Week 8,6,26.0,8.666666666666666,5.0,7,14,7,8,single_elimination,False,0.14168937329700274,0.14282653750557092,5.0,0.28451591080257366,3.0,10.0,2.0,0.0,0.0,0.0,0.9891008174386922,0.9891008174386922,False,False
Jaleel White,Kym Johnson,Actor/Actress,California,United States,35,Eliminated Week 7,7,25.5,8.5,6.0,7,14,7,8,single_elimination,True,0.13896457765667575,0.1374747480440536,7.0,0.2764393257007294,1.0,13.0,1.0,-1.0,1.0,0.0,0.14674970805761,0.14674970805761,True,True
Melissa Gilbert,Maksim Chmerkoskiy,Actor/Actress,California,United States,47,Eliminated Week 8,5,23.5,7.833333333333333,7.0,7,14,7,8,single_elimination,False,0.12806539509536785,0.1483739456562753,1.0,0.2764393407516431,2.0,8.0,3.0,6.0,6.0,0.010899182561307896,1.0,0.9891008174386922,False,False
William Levy,Cheryl Burke,Actor/Actress,,Cuba,31,3rd Place,3,28.5,9.5,1.0,6,14,8,9,multi_elimination,False,0.1743119266055046,0.16663009590618927,5.0,0.34094202251169387,6.0,6.0,3.0,-4.0,4.0,0.0,0.9847094801223242,0.9847094801223242,False,False
Roshon Fegan,Chelsie Hightower,Actor/Actress,California,United States,20,Eliminated Week 8,6,28.0,9.333333333333334,2.0,6,14,8,9,multi_elimination,True,0.1712538226299694,0.16212931732560376,6.0,0.33338313995557317,2.0,8.0,1.0,-4.0,4.0,0.0,0.19755351681957187,0.19755351681957187,True,True
Donald Driver,Peta Murgatroyd,Athlete,Texas,United States,37,1st Place,1,27.5,9.166666666666666,3.0,6,14,8,9,multi_elimination,False,0.16819571865443425,0.1666455221131692,3.0,0.33484124076760347,4.0,6.0,3.0,0.0,0.0,0.003058103975535159,0.9877675840978594,0.9847094801223242,False,False
Katherine Jenkins,Mark Ballas,Singer/Rapper,,Wales,31,2nd Place,2,27.5,9.166666666666666,3.0,6,14,8,9,multi_elimination,False,0.16819571865443425,0.1666455221131692,3.0,0.33484124076760347,4.0,6.0,3.0,0.0,0.0,0.003058103975535159,0.9877675840978593,0.9847094801223241,False,False
Maria Menounos,Derek Hough,TV Personality,Massachusetts,United States,33,Eliminated Week 9,4,26.5,8.833333333333334,5.0,6,14,8,9,multi_elimination,False,0.1620795107033639,0.17130363958200903,1.0,0.3333831502853729,3.0,6.0,3.0,4.0,4.0,0.009174311926605505,0.9938837920489296,0.9847094801223242,False,False
Melissa Gilbert,Maksim Chmerkoskiy,Actor/Actress,California,United States,47,Eliminated Week 8,5,25.5,8.5,6.0,6,14,8,9,multi_elimination,True,0.1559633027522936,0.16664590150543096,2.0,0.32260920425772455,1.0,8.0,1.0,4.0,4.0,0.0,0.2097859327217126,0.2097859327217126,True,True
Maria Menounos,Derek Hough,TV Personality,Massachusetts,United States,33,Eliminated Week 9,4,29.5,9.833333333333334,1.0,4,14,9,10,single_elimination,True,0.2565217391304348,0.24276870393903963,4.0,0.49929044306947445,1.0,5.0,1.0,-3.0,3.0,0.0,0.2434782608695652,0.2434782608695652,True,True
William Levy,Cheryl Burke,Actor/Actress,,Cuba,31,3rd Place,3,29.0,9.666666666666666,2.0,4,14,9,10,single_elimination,False,0.25217391304347825,0.2499543007707779,3.0,0.5021282138142562,4.0,5.0,1.0,-1.0,1.0,0.004347826086956552,0.9782608695652173,0.9739130434782608,False,False
Donald Driver,Peta Murgatroyd,Athlete,Texas,United States,37,1st Place,1,28.5,9.5,3.0,4,14,9,10,single_elimination,False,0.24782608695652175,0.25146477472141593,2.0,0.4992908616779377,3.0,5.0,1.0,1.0,1.0,0.008695652173913049,0.9826086956521739,0.9739130434782608,False,False
Katherine Jenkins,Mark Ballas,Singer/Rapper,,Wales,31,2nd Place,2,28.0,9.333333333333334,4.0,4,14,9,10,single_elimination,False,0.24347826086956523,0.25581221812771304,1.0,0.4992904789972783,2.0,5.0,1.0,3.0,3.0,0.013043478260869573,0.9869565217391305,0.9739130434782609,False,False
Emmitt Smith,Cheryl Burke,Athlete,Florida,United States,43,Eliminated Week 9,4,24.5,8.166666666666666,1.0,13,15,1,2,single_elimination,False,0.08860759493670886,0.07692922898724253,2.0,0.1655368239239514,13.0,3.0,13.0,-1.0,1.0,0.0,1.0,1.0,False,False
Gilles Marini,Peta Murgatroyd,Actor/Actress,,France,36,Eliminated Week 8,6,24.0,8.0,2.0,13,15,1,2,single_elimination,False,0.0867992766726944,0.07692592164844247,5.0,0.16372519832113686,12.0,7.0,10.0,-3.0,3.0,0.0,1.0,1.0,False,False
Sabrina Bryan,Louis van Amstel,Actor/Actress,California,United States,28,Eliminated Week 6,8,22.5,7.5,3.0,13,15,1,2,single_elimination,False,0.081374321880651,0.07691718579077984,13.0,0.15829150767143085,11.0,16.0,5.0,-10.0,10.0,0.0,1.0,1.0,False,False
Apolo Anton Ohno,Karina Smirnoff,Athlete,Washington,United States,30,Eliminated Week 9,5,22.0,7.333333333333333,4.0,13,15,1,2,single_elimination,False,0.07956600361663653,0.07692807711681113,3.0,0.15649408073344767,9.0,7.0,10.0,1.0,1.0,0.0,1.0,1.0,False,False
Shawn Johnson,Derek Hough,Athlete,Iowa,United States,20,2nd Place,2,22.0,7.333333333333333,4.0,13,15,1,2,single_elimination,False,0.07956600361663653,0.07692807711681113,3.0,0.15649408073344767,9.0,7.0,10.0,1.0,1.0,0.0,1.0,1.0,False,False
Drew Lachey,Anna Trebunskaya,Singer/Rapper,Ohio,United States,36,Eliminated Week 3,11,21.5,7.166666666666667,6.0,13,15,1,2,single_elimination,False,0.07775768535262206,0.0769174248179265,10.0,0.15467511017054858,6.0,16.0,5.0,-4.0,4.0,0.0,1.0,1.0,False,False
Helio Castroneves,Chelsie Hightower,Racing Driver,,Brazil,37,Eliminated Week 3,10,21.5,7.166666666666667,6.0,13,15,1,2,single_elimination,False,0.07775768535262206,0.0769174248179265,10.0,0.15467511017054858,6.0,16.0,5.0,-4.0,4.0,0.0,1.0,1.0,False,False
Kelly Monaco,Valentin Chmerkovskiy,Actor/Actress,Pennsylvania,United States,36,3rd Place,3,21.5,7.166666666666667,6.0,13,15,1,2,single_elimination,False,0.07775768535262206,0.0769174248179265,10.0,0.15467511017054858,6.0,16.0,5.0,-4.0,4.0,0.0,1.0,1.0,False,False
Melissa Rycroft,Tony Dovolani,TV Personality,Texas,United States,29,1st Place,1,21.0,7.0,9.0,13,15,1,2,single_elimination,False,0.0759493670886076,0.07692062147113671,8.0,0.15286998855974432,5.0,17.0,2.0,1.0,1.0,0.0,1.0,1.0,False,False
Joey Fatone,Kym Johnson,Singer/Rapper,New York,United States,35,Eliminated Week 2,12,20.5,6.833333333333333,10.0,13,15,1,2,single_elimination,False,0.07414104882459313,0.07692568530919028,7.0,0.1510667341337834,4.0,17.0,2.0,3.0,3.0,0.0,1.0,1.0,False,False
Bristol Palin,Mark Ballas,TV Personality,Alaska,United States,21,Eliminated Week 4,9,19.5,6.5,11.0,13,15,1,2,single_elimination,False,0.0705244122965642,0.0769258691853286,6.0,0.1474502814818928,3.0,17.0,2.0,5.0,5.0,0.0,1.0,1.0,False,False
Kirstie Alley,Maksim Chmerkoskiy,Actor/Actress,Kansas,United States,61,Eliminated Week 8,7,19.0,6.333333333333333,12.0,13,15,1,2,single_elimination,False,0.06871609403254973,0.07691769083328777,9.0,0.1456337848658375,2.0,21.0,1.0,3.0,3.0,0.0,1.0,1.0,False,True
Pamela Anderson,Tristan MacManus,Model,,Canada,45,Eliminated Week 1,13,17.0,5.666666666666667,13.0,13,15,1,2,single_elimination,True,0.06148282097649186,0.07692936694553339,1.0,0.13841218792202525,1.0,14.0,9.0,12.0,12.0,0.0,0.09236333286966196,0.09236333286966196,True,False
Sabrina Bryan,Louis van Amstel,Actor/Actress,California,United States,28,Eliminated Week 6,8,26.0,8.666666666666666,1.0,12,15,2,3,single_elimination,False,0.09420289855072464,0.08326177125007363,10.0,0.17746466980079828,12.0,11.0,8.0,-9.0,9.0,0.0,0.9764492753623188,0.9764492753623188,False,False
Gilles Marini,Peta Murgatroyd,Actor/Actress,,France,36,Eliminated Week 8,6,25.5,8.5,2.0,12,15,2,3,single_elimination,False,0.09239130434782608,0.08326831208467722,6.0,0.1756596164325033,11.0,8.0,11.0,-4.0,4.0,0.0,0.9764492753623188,0.9764492753623188,False,False
Shawn Johnson,Derek Hough,Athlete,Iowa,United States,20,2nd Place,2,25.0,8.333333333333334,3.0,12,15,2,3,single_elimination,False,0.09057971014492754,0.08326104616453306,11.0,0.1738407563094606,10.0,14.0,4.0,-8.0,8.0,0.0,0.9764492753623188,0.9764492753623188,False,False
Apolo Anton Ohno,Karina Smirnoff,Athlete,Washington,United States,30,Eliminated Week 9,5,24.5,8.166666666666666,4.0,12,15,2,3,single_elimination,False,0.08876811594202899,0.08326963655940872,3.0,0.1720377525014377,9.0,7.0,12.0,1.0,1.0,0.0,0.9764492753623188,0.9764492753623188,False,False
Melissa Rycroft,Tony Dovolani,TV Personality,Texas,United States,29,1st Place,1,23.5,7.833333333333333,5.0,12,15,2,3,single_elimination,False,0.08514492753623189,0.08326635761102892,7.0,0.1684112851472608,8.0,12.0,6.0,-2.0,2.0,0.0,0.9764492753623188,0.9764492753623188,False,False
Helio Castroneves,Chelsie Hightower,Racing Driver,,Brazil,37,Eliminated Week 3,10,23.0,7.666666666666667,6.0,12,15,2,3,single_elimination,False,0.08333333333333333,0.08326456255634694,9.0,0.16659789588968027,7.0,15.0,3.0,-3.0,3.0,0.0,0.9764492753623188,0.9764492753623188,False,False
Drew Lachey,Anna Trebunskaya,Singer/Rapper,Ohio,United States,36,Eliminated Week 3,11,22.5,7.5,7.0,12,15,2,3,single_elimination,False,0.08152173913043478,0.08326952375593256,4.0,0.16479126288636736,5.0,11.0,8.0,3.0,3.0,0.0,0.9764492753623188,0.9764492753623188,False,False
Emmitt Smith,Cheryl Burke,Athlete,Florida,United States,43,Eliminated Week 9,4,22.5,7.5,7.0,12,15,2,3,single_elimination,False,0.08152173913043478,0.08326952375593256,4.0,0.16479126288636736,5.0,11.0,8.0,3.0,3.0,0.0,0.9764492753623188,0.9764492753623188,False,False
Joey Fatone,Kym Johnson,Singer/Rapper,New York,United States,35,Eliminated Week 2,12,22.5,7.5,7.0,12,15,2,3,single_elimination,True,0.08152173913043478,0.07551383168604214,12.0,0.15703557081647693,1.0,19.0,1.0,-5.0,5.0,0.0,0.0851449275362319,0.0851449275362319,True,True
Kelly Monaco,Valentin Chmerkovskiy,Actor/Actress,Pennsylvania,United States,36,3rd Place,3,22.0,7.333333333333333,10.0,12,15,2,3,single_elimination,False,0.07971014492753623,0.08327142054040607,2.0,0.1629815654679423,4.0,12.0,6.0,8.0,8.0,0.0018115942028985588,0.9782608695652174,0.9764492753623188,False,False
Kirstie Alley,Maksim Chmerkoskiy,Actor/Actress,Kansas,United States,61,Eliminated Week 8,7,21.0,7.0,11.0,12,15,2,3,single_elimination,False,0.07608695652173914,0.0832658316860372,8.0,0.15935278820777632,3.0,19.0,1.0,3.0,3.0,0.0054347826086956486,0.9818840579710145,0.9764492753623188,False,False
Bristol Palin,Mark Ballas,TV Personality,Alaska,United States,21,Eliminated Week 4,9,18.0,6.0,12.0,12,15,2,3,single_elimination,False,0.06521739130434782,0.09181818182061763,1.0,0.15703557312496547,2.0,13.0,5.0,11.0,11.0,0.01630434782608696,0.9927536231884058,0.9764492753623188,False,False
Kelly Monaco,Valentin Chmerkovskiy,Actor/Actress,Pennsylvania,United States,36,3rd Place,3,27.0,9.0,1.0,11,15,3,4,multi_elimination,False,0.09712230215827339,0.0908884669024296,3.0,0.188010769060703,10.0,4.0,10.0,-2.0,2.0,0.0,0.9820143884892086,0.9820143884892086,False,False
Melissa Rycroft,Tony Dovolani,TV Personality,Texas,United States,29,1st Place,1,27.0,9.0,1.0,11,15,3,4,multi_elimination,False,0.09712230215827339,0.0908884669024296,3.0,0.188010769060703,10.0,4.0,10.0,-2.0,2.0,0.0,0.9820143884892086,0.9820143884892086,False,False
Shawn Johnson,Derek Hough,Athlete,Iowa,United States,20,2nd Place,2,26.5,8.833333333333334,3.0,11,15,3,4,multi_elimination,False,0.09532374100719425,0.09088135826485579,7.0,0.18620509927205003,9.0,10.0,8.0,-4.0,4.0,0.0,0.9820143884892086,0.9820143884892086,False,False
Apolo Anton Ohno,Karina Smirnoff,Athlete,Washington,United States,30,Eliminated Week 9,5,25.5,8.5,4.0,11,15,3,4,multi_elimination,False,0.09172661870503597,0.09087366019337488,9.0,0.18260027889841085,6.0,13.0,4.0,-5.0,5.0,0.0,0.9820143884892086,0.9820143884892086,False,False
Gilles Marini,Peta Murgatroyd,Actor/Actress,,France,36,Eliminated Week 8,6,25.5,8.5,4.0,11,15,3,4,multi_elimination,False,0.09172661870503597,0.09087366019337488,9.0,0.18260027889841085,6.0,13.0,4.0,-5.0,5.0,0.0,0.9820143884892086,0.9820143884892086,False,False
Helio Castroneves,Chelsie Hightower,Racing Driver,,Brazil,37,Eliminated Week 3,10,25.5,8.5,4.0,11,15,3,4,multi_elimination,True,0.09172661870503597,0.08558792323096642,11.0,0.17731454193600238,2.0,15.0,2.0,-7.0,7.0,0.0,0.09964028776978417,0.09964028776978417,True,True
Sabrina Bryan,Louis van Amstel,Actor/Actress,California,United States,28,Eliminated Week 6,8,25.5,8.5,4.0,11,15,3,4,multi_elimination,False,0.09172661870503597,0.0908816252693011,6.0,0.18260824397433706,8.0,10.0,8.0,-2.0,2.0,0.0,0.9820143884892086,0.9820143884892086,False,False
Emmitt Smith,Cheryl Burke,Athlete,Florida,United States,43,Eliminated Week 9,4,25.0,8.333333333333334,8.0,11,15,3,4,multi_elimination,False,0.08992805755395683,0.09087844200253294,8.0,0.18080649955648975,5.0,16.0,1.0,0.0,0.0,0.0017985611510791394,0.9838129496402878,0.9820143884892086,False,True
Drew Lachey,Anna Trebunskaya,Singer/Rapper,Ohio,United States,36,Eliminated Week 3,11,24.0,8.0,9.0,11,15,3,4,multi_elimination,True,0.08633093525179857,0.09088301297023295,5.0,0.17721394822203151,1.0,14.0,3.0,4.0,4.0,0.0,0.10449640287769782,0.10449640287769782,True,False
Kirstie Alley,Maksim Chmerkoskiy,Actor/Actress,Kansas,United States,61,Eliminated Week 8,7,24.0,8.0,9.0,11,15,3,4,multi_elimination,False,0.08633093525179857,0.09098408543490981,2.0,0.17731502068670837,4.0,11.0,7.0,7.0,7.0,0.005395683453237404,0.987410071942446,0.9820143884892086,False,False
Bristol Palin,Mark Ballas,TV Personality,Alaska,United States,21,Eliminated Week 4,9,22.5,7.5,11.0,11,15,3,4,multi_elimination,False,0.08093525179856115,0.09637929773960266,1.0,0.1773145495381638,3.0,12.0,6.0,10.0,10.0,0.010791366906474822,0.9928057553956835,0.9820143884892086,False,False
Gilles Marini,Peta Murgatroyd,Actor/Actress,,France,36,Eliminated Week 8,6,39.5,9.875,1.0,9,15,4,5,single_elimination,False,0.12286158631415241,0.11110305155326591,4.0,0.23396463786741833,8.0,5.0,8.0,-3.0,3.0,0.0,0.9937791601866252,0.9937791601866252,False,False
Shawn Johnson,Derek Hough,Athlete,Iowa,United States,20,2nd Place,2,39.5,9.875,1.0,9,15,4,5,single_elimination,False,0.12286158631415241,0.11110305155326591,4.0,0.23396463786741833,8.0,5.0,8.0,-3.0,3.0,0.0,0.9937791601866252,0.9937791601866252,False,False
Kelly Monaco,Valentin Chmerkovskiy,Actor/Actress,Pennsylvania,United States,36,3rd Place,3,37.5,9.375,3.0,9,15,4,5,single_elimination,False,0.1166407465007776,0.11110484513424745,3.0,0.22774559163502506,7.0,6.0,6.0,0.0,0.0,0.0,0.9937791601866252,0.9937791601866252,False,False
Melissa Rycroft,Tony Dovolani,TV Personality,Texas,United States,29,1st Place,1,37.0,9.25,4.0,9,15,4,5,single_elimination,False,0.1150855365474339,0.11110570263467016,2.0,0.22619123918210407,6.0,6.0,6.0,2.0,2.0,0.0,0.9937791601866252,0.9937791601866252,False,False
Emmitt Smith,Cheryl Burke,Athlete,Florida,United States,43,Eliminated Week 9,4,36.0,9.0,5.0,9,15,4,5,single_elimination,False,0.1119751166407465,0.1110925146187843,8.0,0.2230676312595308,5.0,13.0,2.0,-3.0,3.0,0.0,0.9937791601866252,0.9937791601866252,False,False
Sabrina Bryan,Louis van Amstel,Actor/Actress,California,United States,28,Eliminated Week 6,8,35.5,8.875,6.0,9,15,4,5,single_elimination,False,0.1104199066874028,0.1110956307233373,7.0,0.2215155374107401,4.0,13.0,2.0,-1.0,1.0,0.0,0.9937791601866252,0.9937791601866252,False,False
Apolo Anton Ohno,Karina Smirnoff,Athlete,Washington,United States,30,Eliminated Week 9,5,34.5,8.625,7.0,9,15,4,5,single_elimination,False,0.10730948678071539,0.11110170831307921,6.0,0.21841119509379459,3.0,13.0,2.0,1.0,1.0,0.0,0.9937791601866252,0.9937791601866252,False,False
Bristol Palin,Mark Ballas,TV Personality,Alaska,United States,21,Eliminated Week 4,9,32.0,8.0,8.0,9,15,4,5,single_elimination,True,0.09953343701399689,0.10803632194538529,9.0,0.20756975895938218,1.0,17.0,1.0,-1.0,1.0,0.0,0.12268878520822533,0.12268878520822533,True,True
Kirstie Alley,Maksim Chmerkoskiy,Actor/Actress,Kansas,United States,61,Eliminated Week 8,7,30.0,7.5,9.0,9,15,4,5,single_elimination,False,0.09331259720062209,0.1142571729462574,1.0,0.2075697701468795,2.0,10.0,5.0,8.0,8.0,0.006220839813374804,1.0,0.9937791601866252,False,False
Apolo Anton Ohno,Karina Smirnoff,Athlete,Washington,United States,30,Eliminated Week 9,5,30.0,10.0,1.0,8,15,6,7,single_elimination,False,0.13274336283185842,0.12492310144951613,7.0,0.2576664642813745,8.0,8.0,5.0,-6.0,6.0,0.0,0.9380530973451326,0.9380530973451326,False,False
Sabrina Bryan,Louis van Amstel,Actor/Actress,California,United States,28,Eliminated Week 6,8,30.0,10.0,1.0,8,15,6,7,single_elimination,True,0.13274336283185842,0.11486527073752077,8.0,0.24760863356937918,1.0,9.0,2.0,-7.0,7.0,0.0,0.11725663716814158,0.11725663716814158,True,False
Melissa Rycroft,Tony Dovolani,TV Personality,Texas,United States,29,1st Place,1,29.5,9.833333333333334,3.0,8,15,6,7,single_elimination,False,0.13053097345132744,0.12494042162630727,5.0,0.2554713950776347,7.0,8.0,5.0,-2.0,2.0,0.002212389380530977,0.9402654867256637,0.9380530973451326,False,False
Shawn Johnson,Derek Hough,Athlete,Iowa,United States,20,2nd Place,2,28.0,9.333333333333334,4.0,8,15,6,7,single_elimination,False,0.12389380530973451,0.12492473312384365,6.0,0.24881853843357815,6.0,10.0,1.0,-2.0,2.0,0.008849557522123908,0.9469026548672566,0.9380530973451326,False,True
Gilles Marini,Peta Murgatroyd,Actor/Actress,,France,36,Eliminated Week 8,6,27.5,9.166666666666666,5.0,8,15,6,7,single_elimination,False,0.12168141592920353,0.12592742323768125,3.0,0.24760883916688478,4.0,8.0,5.0,2.0,2.0,0.011061946902654884,0.9491150442477876,0.9380530973451326,False,False
Kirstie Alley,Maksim Chmerkoskiy,Actor/Actress,Kansas,United States,61,Eliminated Week 8,7,27.5,9.166666666666666,5.0,8,15,6,7,single_elimination,False,0.12168141592920353,0.12592742323768125,3.0,0.24760883916688478,4.0,8.0,5.0,2.0,2.0,0.011061946902654884,0.9491150442477875,0.9380530973451326,False,False
Kelly Monaco,Valentin Chmerkovskiy,Actor/Actress,Pennsylvania,United States,36,3rd Place,3,27.0,9.0,7.0,8,15,6,7,single_elimination,False,0.11946902654867257,0.12813961666379356,2.0,0.24760864321246612,2.0,9.0,2.0,5.0,5.0,0.013274336283185847,0.9513274336283184,0.9380530973451325,False,False
Emmitt Smith,Cheryl Burke,Athlete,Florida,United States,43,Eliminated Week 9,4,26.5,8.833333333333334,8.0,8,15,6,7,single_elimination,False,0.1172566371681416,0.13035200855702084,1.0,0.24760864572516245,3.0,9.0,2.0,7.0,7.0,0.015486725663716824,0.9535398230088493,0.9380530973451325,False,False
Melissa Rycroft,Tony Dovolani,TV Personality,Texas,United States,29,1st Place,1,30.0,10.0,1.0,7,15,8,9,multi_elimination,False,0.15054391516549293,0.1428539874506893,3.0,0.29339790261618226,7.0,4.0,7.0,-2.0,2.0,0.0,0.9868971594370461,0.9868971594370461,False,False
Apolo Anton Ohno,Karina Smirnoff,Athlete,Washington,United States,30,Eliminated Week 9,5,29.2777,9.759233333333333,2.0,7,15,8,9,multi_elimination,False,0.1469193195013584,0.14284421831559152,4.0,0.2897635378169499,6.0,6.0,6.0,-2.0,2.0,0.0,0.9868971594370461,0.9868971594370461,False,False
Gilles Marini,Peta Murgatroyd,Actor/Actress,,France,36,Eliminated Week 8,6,29.2777,9.759233333333333,2.0,7,15,8,9,multi_elimination,True,0.1469193195013584,0.13887813446793382,7.0,0.28579745396929224,2.0,9.0,3.0,-5.0,5.0,0.0,0.1650869591835301,0.1650869591835301,True,False
Emmitt Smith,Cheryl Burke,Athlete,Florida,United States,43,Eliminated Week 9,4,29.0554,9.685133333333333,4.0,7,15,8,9,multi_elimination,False,0.1458037890899821,0.14283949359584536,6.0,0.28864328268582745,5.0,10.0,2.0,-2.0,2.0,0.0011155304113762976,0.9880126898484224,0.9868971594370461,False,True
Kelly Monaco,Valentin Chmerkovskiy,Actor/Actress,Pennsylvania,United States,36,3rd Place,3,28.3333,9.444433333333334,5.0,7,15,8,9,multi_elimination,False,0.1421801970519487,0.14361746707942433,2.0,0.28579766413137303,4.0,7.0,4.0,3.0,3.0,0.004739122449409688,0.9916362818864557,0.986897159437046,False,False
Shawn Johnson,Derek Hough,Athlete,Iowa,United States,20,2nd Place,2,27.8333,9.277766666666666,6.0,7,15,8,9,multi_elimination,False,0.13967113179919047,0.14612635898529872,1.0,0.2857974907844892,3.0,7.0,4.0,5.0,5.0,0.007248187702167924,0.994145347139214,0.986897159437046,False,False
Kirstie Alley,Maksim Chmerkoskiy,Actor/Actress,Kansas,United States,61,Eliminated Week 8,7,25.5,8.5,7.0,7,15,8,9,multi_elimination,True,0.127962327890669,0.14284033870702934,5.0,0.27080266659769836,1.0,12.0,1.0,2.0,2.0,0.0,0.18088445219243796,0.18088445219243796,True,True
Shawn Johnson,Derek Hough,Athlete,Iowa,United States,20,2nd Place,2,29.5,9.833333333333334,1.0,5,15,9,10,multi_elimination,False,0.2092203033056099,0.19997833630044082,2.0,0.40919863960605074,5.0,3.0,5.0,-1.0,1.0,0.0,0.9893616794929351,0.9893616794929351,False,False
Melissa Rycroft,Tony Dovolani,TV Personality,Texas,United States,29,1st Place,1,28.7777,9.592566666666666,2.0,5,15,9,10,multi_elimination,False,0.20409759737077457,0.19996315163058292,4.0,0.40406074900135747,4.0,6.0,3.0,-2.0,2.0,0.0,0.9893616794929351,0.9893616794929351,False,False
Apolo Anton Ohno,Karina Smirnoff,Athlete,Washington,United States,30,Eliminated Week 9,5,28.611,9.537,3.0,5,15,9,10,multi_elimination,True,0.20291532535175608,0.19472159959458624,5.0,0.3976369249463423,2.0,8.0,1.0,-2.0,2.0,0.0,0.24921223236645185,0.24921223236645185,True,True
Kelly Monaco,Valentin Chmerkovskiy,Actor/Actress,Pennsylvania,United States,36,3rd Place,3,27.110999999999997,9.036999999999999,4.0,5,15,9,10,multi_elimination,False,0.19227700484469115,0.20535994298184762,1.0,0.3976369478265388,3.0,5.0,4.0,3.0,3.0,0.010638320507064924,1.0,0.9893616794929351,False,False
Emmitt Smith,Cheryl Burke,Athlete,Florida,United States,43,Eliminated Week 9,4,27.0,9.0,5.0,5,15,9,10,multi_elimination,True,0.19148976912716836,0.19997696791552894,3.0,0.3914667370426973,1.0,8.0,1.0,2.0,2.0,0.0,0.2577813995348926,0.2577813995348926,True,True
Kellie Pickler,Derek Hough,Singer/Rapper,North Carolina,United States,26,1st Place,1,26.0,8.666666666666666,1.0,12,16,2,3,single_elimination,False,0.10655737704918032,0.08333407676968019,7.0,0.18989145381886052,11.0,8.0,10.0,-6.0,6.0,0.0,1.0,1.0,False,False
Zendaya,Valentin Chmerkovskiy,Actor/Actress,California,United States,16,2nd Place,2,26.0,8.666666666666666,1.0,12,16,2,3,single_elimination,False,0.10655737704918032,0.08333407676968019,7.0,0.18989145381886052,11.0,8.0,10.0,-6.0,6.0,0.0,1.0,1.0,False,False
Alexandra Raisman,Mark Ballas,Athlete,Massachusetts,United States,18,Eliminated Week 10,4,24.0,8.0,3.0,12,16,2,3,single_elimination,False,0.09836065573770492,0.08333669529255333,2.0,0.18169735103025825,10.0,5.0,12.0,1.0,1.0,0.0,1.0,1.0,False,False
Jacoby Jones,Karina Smirnoff,Athlete,Louisiana,United States,28,3rd Place,3,23.0,7.666666666666667,4.0,12,16,2,3,single_elimination,False,0.0942622950819672,0.08333457125518129,6.0,0.1775968663371485,9.0,10.0,9.0,-2.0,2.0,0.0,1.0,1.0,False,False
Andy Dick,Sharna Burgess,Comedian,South Carolina,United States,47,Eliminated Week 7,7,20.0,6.666666666666667,5.0,12,16,2,3,single_elimination,False,0.08196721311475409,0.08332695850768979,10.0,0.16529417162244386,6.0,15.0,2.0,-5.0,5.0,0.0,1.0,1.0,False,False
Ingo Rademacher,Kym Johnson,Actor/Actress,,Germany,41,Eliminated Week 9,5,20.0,6.666666666666667,5.0,12,16,2,3,single_elimination,False,0.08196721311475409,0.08332695850768979,10.0,0.16529417162244386,6.0,15.0,2.0,-5.0,5.0,0.0,1.0,1.0,False,False
Sean Lowe,Peta Murgatroyd,TV Personality,Texas,United States,29,Eliminated Week 8,6,20.0,6.666666666666667,5.0,12,16,2,3,single_elimination,False,0.08196721311475409,0.08332695850768979,10.0,0.16529417162244386,6.0,15.0,2.0,-5.0,5.0,0.0,1.0,1.0,False,False
Lisa Vanderpump,Gleb Savchenko,TV Personality,,England,52,Eliminated Week 4,10,18.0,6.0,8.0,12,16,2,3,single_elimination,False,0.07377049180327869,0.08333647060881273,3.0,0.15710696241209143,3.0,11.0,6.0,5.0,5.0,0.0,1.0,1.0,False,False
Victor Ortiz,Lindsay Arnold,Athlete,Kansas,United States,26,Eliminated Week 6,8,18.0,6.0,8.0,12,16,2,3,single_elimination,False,0.07377049180327869,0.08333647060881273,3.0,0.15710696241209143,3.0,11.0,6.0,5.0,5.0,0.0,1.0,1.0,False,False
Wynonna Judd,Tony Dovolani,Singer/Rapper,Kentucky,United States,48,Eliminated Week 3,11,18.0,6.0,8.0,12,16,2,3,single_elimination,False,0.07377049180327869,0.08333647060881273,3.0,0.15710696241209143,3.0,11.0,6.0,5.0,5.0,0.0,1.0,1.0,False,False
D. L. Hughley,Cheryl Burke,Comedian,Virginia,United States,50,Eliminated Week 5,9,16.0,5.333333333333333,11.0,12,16,2,3,single_elimination,False,0.06557377049180328,0.08332764160535297,9.0,0.14890141209715624,2.0,20.0,1.0,2.0,2.0,0.0,1.0,1.0,False,True
Dorothy Hamill,Tristan MacManus,Athlete,Illinois,United States,56,Withdrew,12,15.0,5.0,12.0,12,16,2,3,single_elimination,True,0.06147540983606557,0.0833426495117733,1.0,0.14481805934783887,1.0,13.0,5.0,11.0,11.0,0.0,0.10519125683060108,0.10519125683060108,True,False
Jacoby Jones,Karina Smirnoff,Athlete,Louisiana,United States,28,3rd Place,3,25.9998,8.6666,1.0,11,16,3,4,single_elimination,False,0.11063763512788959,0.09091356849939523,2.0,0.20155120362728482,10.0,3.0,10.0,-1.0,1.0,0.0,1.0,1.0,False,False
Zendaya,Valentin Chmerkovskiy,Actor/Actress,California,United States,16,2nd Place,2,25.9998,8.6666,1.0,11,16,3,4,single_elimination,False,0.11063763512788959,0.09091356849939523,2.0,0.20155120362728482,10.0,3.0,10.0,-1.0,1.0,0.0,1.0,1.0,False,False
Kellie Pickler,Derek Hough,Singer/Rapper,North Carolina,United States,26,1st Place,1,25.0,8.333333333333334,3.0,11,16,3,4,single_elimination,False,0.10638315980112308,0.09091590155564158,1.0,0.19729906135676467,9.0,4.0,9.0,2.0,2.0,0.0,1.0,1.0,False,False
Alexandra Raisman,Mark Ballas,Athlete,Massachusetts,United States,18,Eliminated Week 10,4,23.0,7.666666666666667,4.0,11,16,3,4,single_elimination,False,0.09787250701703322,0.09090747282485659,5.0,0.18877997984188982,7.0,9.0,7.0,-1.0,1.0,0.0,1.0,1.0,False,False
Victor Ortiz,Lindsay Arnold,Athlete,Kansas,United States,26,Eliminated Week 6,8,23.0,7.666666666666667,4.0,11,16,3,4,single_elimination,False,0.09787250701703322,0.09090747282485659,5.0,0.18877997984188982,7.0,9.0,7.0,-1.0,1.0,0.0,1.0,1.0,False,False
Ingo Rademacher,Kym Johnson,Actor/Actress,,Germany,41,Eliminated Week 9,5,21.0,7.0,6.0,11,16,3,4,single_elimination,False,0.08936185423294338,0.09090636758100985,8.0,0.18026822181395324,4.0,14.0,4.0,-2.0,2.0,0.0,1.0,1.0,False,False
Lisa Vanderpump,Gleb Savchenko,TV Personality,,England,52,Eliminated Week 4,10,21.0,7.0,6.0,11,16,3,4,single_elimination,False,0.08936185423294338,0.09090636758100985,8.0,0.18026822181395324,4.0,14.0,4.0,-2.0,2.0,0.0,1.0,1.0,False,False
Sean Lowe,Peta Murgatroyd,TV Personality,Texas,United States,29,Eliminated Week 8,6,21.0,7.0,6.0,11,16,3,4,single_elimination,False,0.08936185423294338,0.09090636758100985,8.0,0.18026822181395324,4.0,14.0,4.0,-2.0,2.0,0.0,1.0,1.0,False,False
Andy Dick,Sharna Burgess,Comedian,South Carolina,United States,47,Eliminated Week 7,7,18.0,6.0,9.0,11,16,3,4,single_elimination,False,0.07659587505680861,0.09090512999972522,11.0,0.1675010050565338,3.0,20.0,1.0,-2.0,2.0,0.0,1.0,1.0,False,True
D. L. Hughley,Cheryl Burke,Comedian,Virginia,United States,50,Eliminated Week 5,9,16.0,5.333333333333333,10.0,11,16,3,4,single_elimination,False,0.06808522227271877,0.09090739842616692,7.0,0.1589926206988857,2.0,17.0,2.0,3.0,3.0,0.0,1.0,1.0,False,False
Wynonna Judd,Tony Dovolani,Singer/Rapper,Kentucky,United States,48,Eliminated Week 3,11,15.0,5.0,11.0,11,16,3,4,single_elimination,True,0.06382989588067384,0.09091038435338222,4.0,0.15474028023405606,1.0,15.0,3.0,7.0,7.0,0.0,0.11798828593750797,0.11798828593750797,True,False
Alexandra Raisman,Mark Ballas,Athlete,Massachusetts,United States,18,Eliminated Week 10,4,27.0,9.0,1.0,10,16,4,5,single_elimination,False,0.12053571428571429,0.10000667385018579,2.0,0.22054238813590007,10.0,3.0,10.0,-1.0,1.0,0.0,1.0,1.0,False,False
Kellie Pickler,Derek Hough,Singer/Rapper,North Carolina,United States,26,1st Place,1,26.0,8.666666666666666,2.0,10,16,4,5,single_elimination,False,0.11607142857142858,0.10000006912846462,5.0,0.2160714976998932,8.0,7.0,7.0,-3.0,3.0,0.0,1.0,1.0,False,False
Zendaya,Valentin Chmerkovskiy,Actor/Actress,California,United States,16,2nd Place,2,26.0,8.666666666666666,2.0,10,16,4,5,single_elimination,False,0.11607142857142858,0.10000006912846462,5.0,0.2160714976998932,8.0,7.0,7.0,-3.0,3.0,0.0,1.0,1.0,False,False
Jacoby Jones,Karina Smirnoff,Athlete,Louisiana,United States,28,3rd Place,3,24.0,8.0,4.0,10,16,4,5,single_elimination,False,0.10714285714285714,0.09999288653224782,9.0,0.20713574367510496,7.0,13.0,2.0,-5.0,5.0,0.0,1.0,1.0,False,False
Ingo Rademacher,Kym Johnson,Actor/Actress,,Germany,41,Eliminated Week 9,5,23.0,7.666666666666667,5.0,10,16,4,5,single_elimination,False,0.10267857142857142,0.10000996387328515,1.0,0.20268853530185657,6.0,6.0,9.0,4.0,4.0,0.0,1.0,1.0,False,False
Andy Dick,Sharna Burgess,Comedian,South Carolina,United States,47,Eliminated Week 7,7,21.0,7.0,6.0,10,16,4,5,single_elimination,False,0.09375,0.09999610392078169,7.0,0.19374610392078168,4.0,13.0,2.0,-1.0,1.0,0.0,1.0,1.0,False,False
D. L. Hughley,Cheryl Burke,Comedian,Virginia,United States,50,Eliminated Week 5,9,21.0,7.0,6.0,10,16,4,5,single_elimination,False,0.09375,0.09999610392078169,7.0,0.19374610392078168,4.0,13.0,2.0,-1.0,1.0,0.0,1.0,1.0,False,False
Sean Lowe,Peta Murgatroyd,TV Personality,Texas,United States,29,Eliminated Week 8,6,20.0,6.666666666666667,8.0,10,16,4,5,single_elimination,False,0.08928571428571429,0.10000138040398676,4.0,0.18928709468970106,3.0,12.0,5.0,4.0,4.0,0.0,1.0,1.0,False,False
Lisa Vanderpump,Gleb Savchenko,TV Personality,,England,52,Eliminated Week 4,10,18.0,6.0,9.0,10,16,4,5,single_elimination,True,0.08035714285714286,0.09999131366822778,10.0,0.18034845652537063,1.0,19.0,1.0,-1.0,1.0,0.0,0.11964285714285716,0.11964285714285716,True,True
Victor Ortiz,Lindsay Arnold,Athlete,Kansas,United States,26,Eliminated Week 6,8,18.0,6.0,9.0,10,16,4,5,single_elimination,False,0.08035714285714286,0.10000543417980223,3.0,0.18036257703694508,2.0,12.0,5.0,6.0,6.0,0.0,1.0,1.0,False,False
Zendaya,Valentin Chmerkovskiy,Actor/Actress,California,United States,16,2nd Place,2,29.0,9.666666666666666,1.0,9,16,5,6,single_elimination,False,0.13875598086124402,0.11110458968633799,8.0,0.249860570547582,9.0,9.0,5.0,-7.0,7.0,0.0,1.0,1.0,False,False
Kellie Pickler,Derek Hough,Singer/Rapper,North Carolina,United States,26,1st Place,1,27.0,9.0,2.0,9,16,5,6,single_elimination,False,0.1291866028708134,0.11110562480068371,7.0,0.2402922276714971,8.0,9.0,5.0,-5.0,5.0,0.0,1.0,1.0,False,False
Jacoby Jones,Karina Smirnoff,Athlete,Louisiana,United States,28,3rd Place,3,26.0,8.666666666666666,3.0,9,16,5,6,single_elimination,False,0.12440191387559808,0.11111990551709229,1.0,0.23552181939269037,7.0,4.0,9.0,2.0,2.0,0.0,1.0,1.0,False,False
Alexandra Raisman,Mark Ballas,Athlete,Massachusetts,United States,18,Eliminated Week 10,4,25.0,8.333333333333334,4.0,9,16,5,6,single_elimination,False,0.11961722488038277,0.11110869111087766,6.0,0.23072591599126044,6.0,10.0,3.0,-2.0,2.0,0.0,1.0,1.0,False,False
Sean Lowe,Peta Murgatroyd,TV Personality,Texas,United States,29,Eliminated Week 8,6,24.0,8.0,5.0,9,16,5,6,single_elimination,False,0.11483253588516747,0.11111034116280907,5.0,0.22594287704797655,5.0,10.0,3.0,0.0,0.0,0.0,1.0,1.0,False,False
Ingo Rademacher,Kym Johnson,Actor/Actress,,Germany,41,Eliminated Week 9,5,21.0,7.0,6.0,9,16,5,6,single_elimination,False,0.10047846889952153,0.11111789820087054,2.0,0.21159636710039206,3.0,8.0,7.0,4.0,4.0,0.0,1.0,1.0,False,False
Victor Ortiz,Lindsay Arnold,Athlete,Kansas,United States,26,Eliminated Week 6,8,21.0,7.0,6.0,9,16,5,6,single_elimination,False,0.10047846889952153,0.11111789820087054,2.0,0.21159636710039206,3.0,8.0,7.0,4.0,4.0,0.0,1.0,1.0,False,False
Andy Dick,Sharna Burgess,Comedian,South Carolina,United States,47,Eliminated Week 7,7,18.0,6.0,8.0,9,16,5,6,single_elimination,False,0.0861244019138756,0.1111148247324233,4.0,0.1972392266462989,2.0,12.0,2.0,4.0,4.0,0.0,1.0,1.0,False,False
D. L. Hughley,Cheryl Burke,Comedian,Virginia,United States,50,Eliminated Week 5,9,18.0,6.0,8.0,9,16,5,6,single_elimination,True,0.0861244019138756,0.11110022480706043,9.0,0.19722462672093605,1.0,17.0,1.0,-1.0,1.0,0.0,0.1360978203083466,0.1360978203083466,True,True
Kellie Pickler,Derek Hough,Singer/Rapper,North Carolina,United States,26,1st Place,1,27.0,9.0,1.0,8,16,6,7,single_elimination,False,0.14323607427055704,0.12500030960944863,6.0,0.2682363838800057,8.0,7.0,4.0,-5.0,5.0,0.0,1.0,1.0,False,False
Alexandra Raisman,Mark Ballas,Athlete,Massachusetts,United States,18,Eliminated Week 10,4,26.0,8.666666666666666,2.0,8,16,6,7,single_elimination,False,0.13793103448275862,0.1249863458010957,8.0,0.2629173802838543,7.0,10.0,3.0,-6.0,6.0,0.0,1.0,1.0,False,False
Zendaya,Valentin Chmerkovskiy,Actor/Actress,California,United States,16,2nd Place,2,25.5,8.5,3.0,8,16,6,7,single_elimination,False,0.13527851458885942,0.12500219276997765,4.0,0.26028070735883707,6.0,7.0,4.0,-1.0,1.0,0.0,1.0,1.0,False,False
Ingo Rademacher,Kym Johnson,Actor/Actress,,Germany,41,Eliminated Week 9,5,23.0,7.666666666666667,4.0,8,16,6,7,single_elimination,False,0.1220159151193634,0.12500247742335607,2.0,0.24701839254271946,4.0,6.0,7.0,2.0,2.0,0.0,1.0,1.0,False,False
Sean Lowe,Peta Murgatroyd,TV Personality,Texas,United States,29,Eliminated Week 8,6,23.0,7.666666666666667,4.0,8,16,6,7,single_elimination,False,0.1220159151193634,0.12500247742335607,2.0,0.24701839254271946,4.0,6.0,7.0,2.0,2.0,0.0,1.0,1.0,False,False
Jacoby Jones,Karina Smirnoff,Athlete,Louisiana,United States,28,3rd Place,3,22.5,7.5,6.0,8,16,6,7,single_elimination,False,0.11936339522546419,0.12500482512307495,1.0,0.24436822034853914,3.0,7.0,4.0,5.0,5.0,0.0,1.0,1.0,False,False
Andy Dick,Sharna Burgess,Comedian,South Carolina,United States,47,Eliminated Week 7,7,21.5,7.166666666666667,7.0,8,16,6,7,single_elimination,False,0.11405835543766578,0.12500129571296867,5.0,0.23905965115063443,2.0,12.0,2.0,2.0,2.0,0.0,1.0,1.0,False,False
Victor Ortiz,Lindsay Arnold,Athlete,Kansas,United States,26,Eliminated Week 6,8,20.0,6.666666666666667,8.0,8,16,6,7,single_elimination,True,0.10610079575596817,0.125000075305694,7.0,0.23110087106166216,1.0,15.0,1.0,1.0,1.0,0.0,0.14389920424403183,0.14389920424403183,True,True
Alexandra Raisman,Mark Ballas,Athlete,Massachusetts,United States,18,Eliminated Week 10,4,32.0,10.666666666666666,1.0,7,16,7,8,single_elimination,False,0.17391304347826086,0.1428573541244639,3.0,0.31677039760272474,7.0,4.0,6.0,-2.0,2.0,0.0,1.0,1.0,False,False
Zendaya,Valentin Chmerkovskiy,Actor/Actress,California,United States,16,2nd Place,2,30.0,10.0,2.0,7,16,7,8,single_elimination,False,0.16304347826086957,0.14284891730642707,7.0,0.30589239556729664,6.0,9.0,3.0,-5.0,5.0,0.0,1.0,1.0,False,False
Kellie Pickler,Derek Hough,Singer/Rapper,North Carolina,United States,26,1st Place,1,29.0,9.666666666666666,3.0,7,16,7,8,single_elimination,False,0.15760869565217392,0.14287094846746584,1.0,0.3004796441196398,5.0,4.0,6.0,2.0,2.0,0.0,1.0,1.0,False,False
Jacoby Jones,Karina Smirnoff,Athlete,Louisiana,United States,28,3rd Place,3,27.0,9.0,4.0,7,16,7,8,single_elimination,False,0.14673913043478262,0.14285317271002074,5.0,0.28959230314480333,4.0,9.0,3.0,-1.0,1.0,0.0,1.0,1.0,False,False
Ingo Rademacher,Kym Johnson,Actor/Actress,,Germany,41,Eliminated Week 9,5,25.0,8.333333333333334,5.0,7,16,7,8,single_elimination,False,0.1358695652173913,0.14286675604624943,2.0,0.27873632126364073,3.0,7.0,5.0,3.0,3.0,0.0,1.0,1.0,False,False
Sean Lowe,Peta Murgatroyd,TV Personality,Texas,United States,29,Eliminated Week 8,6,24.0,8.0,6.0,7,16,7,8,single_elimination,False,0.13043478260869565,0.14285376254012025,4.0,0.2732885451488159,2.0,10.0,2.0,2.0,2.0,0.0,1.0,1.0,False,False
Andy Dick,Sharna Burgess,Comedian,South Carolina,United States,47,Eliminated Week 7,7,17.0,5.666666666666667,7.0,7,16,7,8,single_elimination,True,0.09239130434782608,0.1428490879909424,6.0,0.23524039233876848,1.0,13.0,1.0,1.0,1.0,0.0,0.19332298136645965,0.19332298136645965,True,True
Zendaya,Valentin Chmerkovskiy,Actor/Actress,California,United States,16,2nd Place,2,29.0,9.666666666666666,1.0,6,16,8,9,single_elimination,False,0.1864951768488746,0.1666656476671619,3.0,0.3531608245160365,6.0,4.0,5.0,-2.0,2.0,0.0,1.0,1.0,False,False
Alexandra Raisman,Mark Ballas,Athlete,Massachusetts,United States,18,Eliminated Week 10,4,28.0,9.333333333333334,2.0,6,16,8,9,single_elimination,False,0.18006430868167203,0.16665969185376828,4.0,0.3467240005354403,5.0,6.0,4.0,-2.0,2.0,0.0,1.0,1.0,False,False
Kellie Pickler,Derek Hough,Singer/Rapper,North Carolina,United States,26,1st Place,1,27.5,9.166666666666666,3.0,6,16,8,9,single_elimination,False,0.17684887459807075,0.1666835690924123,1.0,0.3435324436904831,4.0,4.0,5.0,2.0,2.0,0.0,1.0,1.0,False,False
Jacoby Jones,Karina Smirnoff,Athlete,Louisiana,United States,28,3rd Place,3,26.0,8.666666666666666,4.0,6,16,8,9,single_elimination,False,0.16720257234726688,0.1666581788539209,5.0,0.33386075120118774,3.0,9.0,2.0,-1.0,1.0,0.0,1.0,1.0,False,False
Ingo Rademacher,Kym Johnson,Actor/Actress,,Germany,41,Eliminated Week 9,5,24.0,8.0,5.0,6,16,8,9,single_elimination,False,0.15434083601286175,0.16665580696153628,6.0,0.320996642974398,2.0,11.0,1.0,-1.0,1.0,0.0,1.0,1.0,False,True
Sean Lowe,Peta Murgatroyd,TV Personality,Texas,United States,29,Eliminated Week 8,6,21.0,7.0,6.0,6,16,8,9,single_elimination,True,0.13504823151125403,0.1666771046116182,2.0,0.3017253361228722,1.0,8.0,3.0,4.0,4.0,0.0,0.19828510182207928,0.19828510182207928,True,False
Alexandra Raisman,Mark Ballas,Athlete,Massachusetts,United States,18,Eliminated Week 10,4,29.5,9.833333333333334,1.0,5,16,9,10,single_elimination,False,0.20921985815602837,0.20000460306015988,2.0,0.4092244612161883,4.0,3.0,4.0,-1.0,1.0,0.0,1.0,1.0,False,False
Jacoby Jones,Karina Smirnoff,Athlete,Louisiana,United States,28,3rd Place,3,29.5,9.833333333333334,1.0,5,16,9,10,single_elimination,False,0.20921985815602837,0.20000460306015988,2.0,0.4092244612161883,4.0,3.0,4.0,-1.0,1.0,0.0,1.0,1.0,False,False
Kellie Pickler,Derek Hough,Singer/Rapper,North Carolina,United States,26,1st Place,1,29.0,9.666666666666666,3.0,5,16,9,10,single_elimination,False,0.20567375886524822,0.1999843721410455,5.0,0.4056581310062937,3.0,8.0,2.0,-2.0,2.0,0.0,1.0,1.0,False,False
Zendaya,Valentin Chmerkovskiy,Actor/Actress,California,United States,16,2nd Place,2,27.5,9.166666666666666,4.0,5,16,9,10,single_elimination,False,0.1950354609929078,0.20000546107898515,1.0,0.39504092207189295,2.0,5.0,3.0,3.0,3.0,0.0,1.0,1.0,False,False
Ingo Rademacher,Kym Johnson,Actor/Actress,,Germany,41,Eliminated Week 9,5,25.5,8.5,5.0,5,16,9,10,single_elimination,True,0.18085106382978725,0.20000095967609122,4.0,0.38085202350587843,1.0,9.0,1.0,1.0,1.0,0.0,0.21914893617021275,0.21914893617021275,True,True
Corbin Bleu,Karina Smirnoff,Actor/Actress,New York,United States,24,2nd Place,2,26.0,8.666666666666666,1.0,12,17,2,3,single_elimination,False,0.09774436090225563,0.0833303860951344,8.0,0.18107474699739004,12.0,9.0,7.0,-7.0,7.0,0.0,0.9962406015037594,0.9962406015037594,False,False
Christina Milian,Mark Ballas,Singer/Rapper,New Jersey,United States,31,Eliminated Week 5,9,25.0,8.333333333333334,2.0,12,17,2,3,single_elimination,False,0.09398496240601503,0.0833356770122663,2.0,0.17732063941828133,10.0,4.0,11.0,0.0,0.0,0.0,0.9962406015037594,0.9962406015037594,False,False
Elizabeth Berkley Lauren,Valentin Chmerkovskiy,Actor/Actress,Michigan,United States,39,Eliminated Week 9,6,25.0,8.333333333333334,2.0,12,17,2,3,single_elimination,False,0.09398496240601503,0.0833356770122663,2.0,0.17732063941828133,10.0,4.0,11.0,0.0,0.0,0.0,0.9962406015037594,0.9962406015037594,False,False
Amber Riley,Derek Hough,Actor/Actress,California,United States,27,1st Place,1,24.0,8.0,4.0,12,17,2,3,single_elimination,False,0.09022556390977443,0.08333418696546631,4.0,0.17355975087524073,7.0,8.0,8.0,0.0,0.0,0.0,0.9962406015037594,0.9962406015037594,False,False
Jack Osbourne,Cheryl Burke,TV Personality,,England,27,3rd Place,3,24.0,8.0,4.0,12,17,2,3,single_elimination,False,0.09022556390977443,0.08333418696546631,4.0,0.17355975087524073,7.0,8.0,8.0,0.0,0.0,0.0,0.9962406015037594,0.9962406015037594,False,False
Leah Remini,Tony Dovolani,Actor/Actress,New York,United States,43,Eliminated Week 10,5,24.0,8.0,4.0,12,17,2,3,single_elimination,False,0.09022556390977443,0.08333418696546631,4.0,0.17355975087524073,7.0,8.0,8.0,0.0,0.0,0.0,0.9962406015037594,0.9962406015037594,False,False
Brant Daugherty,Peta Murgatroyd,Actor/Actress,Ohio,United States,28,Eliminated Week 8,7,23.0,7.666666666666667,7.0,12,17,2,3,single_elimination,False,0.08646616541353383,0.08331758934115853,11.0,0.16978375475469237,6.0,18.0,3.0,-4.0,4.0,0.0,0.9962406015037594,0.9962406015037594,False,False
Bill Engvall,Emma Slater,Comedian,Texas,United States,56,Eliminated Week 11,4,21.0,7.0,8.0,12,17,2,3,single_elimination,False,0.07894736842105263,0.08332652906447438,9.0,0.162273897485527,5.0,17.0,4.0,-1.0,1.0,0.0,0.9962406015037594,0.9962406015037594,False,False
"Nicole ""Snooki"" Polizzi",Sasha Farber,TV Personality,,Chile,25,Eliminated Week 7,8,20.0,6.666666666666667,9.0,12,17,2,3,single_elimination,False,0.07518796992481203,0.0833326484725371,7.0,0.15852061839734913,4.0,16.0,5.0,2.0,2.0,0.0,0.9962406015037594,0.9962406015037594,False,False
Valerie Harper,Tristan MacManus,Actor/Actress,New York,United States,74,Eliminated Week 4,10,19.0,6.333333333333333,10.0,12,17,2,3,single_elimination,False,0.07142857142857142,0.08332296807507399,10.0,0.1547515395036454,3.0,20.0,2.0,0.0,0.0,0.0,0.9962406015037594,0.9962406015037594,False,False
Keyshawn Johnson,Sharna Burgess,Athlete,California,United States,41,Eliminated Week 2,12,18.0,6.0,11.0,12,17,2,3,single_elimination,True,0.06766917293233082,0.08146827014733969,12.0,0.14913744307967053,1.0,23.0,1.0,-1.0,1.0,0.0,0.09899749373433585,0.09899749373433585,True,True
Bill Nye,Tyne Stecklein,TV Personality,Washington D.C.,United States,57,Eliminated Week 3,11,17.0,5.666666666666667,12.0,12,17,2,3,single_elimination,False,0.06390977443609022,0.0852276930361234,1.0,0.14913746747221363,2.0,13.0,6.0,11.0,11.0,0.0037593984962406013,1.0,0.9962406015037594,False,False
Brant Daugherty,Peta Murgatroyd,Actor/Actress,Ohio,United States,28,Eliminated Week 8,7,27.0,9.0,1.0,11,17,3,4,single_elimination,False,0.10588235294117647,0.09090338480317724,9.0,0.1967857377443537,11.0,10.0,8.0,-8.0,8.0,0.0,1.0,1.0,False,False
Christina Milian,Mark Ballas,Singer/Rapper,New Jersey,United States,31,Eliminated Week 5,9,26.0,8.666666666666666,2.0,11,17,3,4,single_elimination,False,0.10196078431372549,0.09090291531310511,10.0,0.1928636996268306,9.0,12.0,2.0,-8.0,8.0,0.0,1.0,1.0,False,False
Corbin Bleu,Karina Smirnoff,Actor/Actress,New York,United States,24,2nd Place,2,26.0,8.666666666666666,2.0,11,17,3,4,single_elimination,False,0.10196078431372549,0.09090291531310511,10.0,0.1928636996268306,9.0,12.0,2.0,-8.0,8.0,0.0,1.0,1.0,False,False
Elizabeth Berkley Lauren,Valentin Chmerkovskiy,Actor/Actress,Michigan,United States,39,Eliminated Week 9,6,25.0,8.333333333333334,4.0,11,17,3,4,single_elimination,False,0.09803921568627451,0.09091177621401947,3.0,0.18895099190029396,7.0,7.0,10.0,1.0,1.0,0.0,1.0,1.0,False,False
"Nicole ""Snooki"" Polizzi",Sasha Farber,TV Personality,,Chile,25,Eliminated Week 7,8,25.0,8.333333333333334,4.0,11,17,3,4,single_elimination,False,0.09803921568627451,0.09091177621401947,3.0,0.18895099190029396,7.0,7.0,10.0,1.0,1.0,0.0,1.0,1.0,False,False
Amber Riley,Derek Hough,Actor/Actress,California,United States,27,1st Place,1,24.0,8.0,6.0,11,17,3,4,single_elimination,False,0.09411764705882353,0.09090858315331848,6.0,0.185026230212142,4.0,12.0,2.0,0.0,0.0,0.0,1.0,1.0,False,False
Bill Engvall,Emma Slater,Comedian,Texas,United States,56,Eliminated Week 11,4,24.0,8.0,6.0,11,17,3,4,single_elimination,False,0.09411764705882353,0.09090858315331848,6.0,0.185026230212142,4.0,12.0,2.0,0.0,0.0,0.0,1.0,1.0,False,False
Leah Remini,Tony Dovolani,Actor/Actress,New York,United States,43,Eliminated Week 10,5,24.0,8.0,6.0,11,17,3,4,single_elimination,False,0.09411764705882353,0.09090858315331848,6.0,0.185026230212142,4.0,12.0,2.0,0.0,0.0,0.0,1.0,1.0,False,False
Jack Osbourne,Cheryl Burke,TV Personality,,England,27,3rd Place,3,22.0,7.333333333333333,9.0,11,17,3,4,single_elimination,False,0.08627450980392157,0.09091638700116644,1.0,0.177190896805088,3.0,10.0,8.0,8.0,8.0,0.0,1.0,1.0,False,False
Bill Nye,Tyne Stecklein,TV Personality,Washington D.C.,United States,57,Eliminated Week 3,11,16.0,5.333333333333333,10.0,11,17,3,4,single_elimination,True,0.06274509803921569,0.09090878288796837,5.0,0.15365388092718407,1.0,15.0,1.0,5.0,5.0,0.0,0.11907308377896612,0.11907308377896612,True,True
Valerie Harper,Tristan MacManus,Actor/Actress,New York,United States,74,Eliminated Week 4,10,16.0,5.333333333333333,10.0,11,17,3,4,single_elimination,False,0.06274509803921569,0.09091631173155301,2.0,0.1536614097707687,2.0,12.0,2.0,8.0,8.0,0.0,1.0,1.0,False,False
Amber Riley,Derek Hough,Actor/Actress,California,United States,27,1st Place,1,27.0,9.0,1.0,10,17,4,5,single_elimination,False,0.11392405063291139,0.10000526610909236,1.0,0.21392931674200374,8.0,2.0,8.0,0.0,0.0,0.0,1.0,1.0,False,False
Corbin Bleu,Karina Smirnoff,Actor/Actress,New York,United States,24,2nd Place,2,27.0,9.0,1.0,10,17,4,5,single_elimination,False,0.11392405063291139,0.10000526610909236,1.0,0.21392931674200374,8.0,2.0,8.0,0.0,0.0,0.0,1.0,1.0,False,False
Elizabeth Berkley Lauren,Valentin Chmerkovskiy,Actor/Actress,Michigan,United States,39,Eliminated Week 9,6,27.0,9.0,1.0,10,17,4,5,single_elimination,False,0.11392405063291139,0.10000526610909236,1.0,0.21392931674200374,8.0,2.0,8.0,0.0,0.0,0.0,1.0,1.0,False,False
Christina Milian,Mark Ballas,Singer/Rapper,New Jersey,United States,31,Eliminated Week 5,9,24.0,8.0,4.0,10,17,4,5,single_elimination,False,0.10126582278481013,0.09999479022033587,7.0,0.201260613005146,4.0,11.0,4.0,-3.0,3.0,0.0,1.0,1.0,False,False
Jack Osbourne,Cheryl Burke,TV Personality,,England,27,3rd Place,3,24.0,8.0,4.0,10,17,4,5,single_elimination,False,0.10126582278481013,0.09999479022033587,7.0,0.201260613005146,4.0,11.0,4.0,-3.0,3.0,0.0,1.0,1.0,False,False
Leah Remini,Tony Dovolani,Actor/Actress,New York,United States,43,Eliminated Week 10,5,24.0,8.0,4.0,10,17,4,5,single_elimination,False,0.10126582278481013,0.09999479022033587,7.0,0.201260613005146,4.0,11.0,4.0,-3.0,3.0,0.0,1.0,1.0,False,False
"Nicole ""Snooki"" Polizzi",Sasha Farber,TV Personality,,Chile,25,Eliminated Week 7,8,24.0,8.0,4.0,10,17,4,5,single_elimination,False,0.10126582278481013,0.09999479022033587,7.0,0.201260613005146,4.0,11.0,4.0,-3.0,3.0,0.0,1.0,1.0,False,False
Bill Engvall,Emma Slater,Comedian,Texas,United States,56,Eliminated Week 11,4,21.0,7.0,8.0,10,17,4,5,single_elimination,False,0.08860759493670886,0.10000223308338409,4.0,0.18860982802009296,3.0,12.0,3.0,4.0,4.0,0.0,1.0,1.0,False,False
Brant Daugherty,Peta Murgatroyd,Actor/Actress,Ohio,United States,28,Eliminated Week 8,7,21.0,7.0,8.0,10,17,4,5,single_elimination,False,0.08860759493670886,0.10000085424311501,6.0,0.1886084491798239,2.0,14.0,2.0,2.0,2.0,0.0,1.0,1.0,False,False
Valerie Harper,Tristan MacManus,Actor/Actress,New York,United States,74,Eliminated Week 4,10,18.0,6.0,10.0,10,17,4,5,single_elimination,True,0.0759493670886076,0.10000195285768002,5.0,0.1759513199462876,1.0,15.0,1.0,5.0,5.0,0.0,0.12405063291139237,0.12405063291139237,True,True
Christina Milian,Mark Ballas,Singer/Rapper,New Jersey,United States,31,Eliminated Week 5,9,28.0,9.333333333333334,1.0,9,17,5,6,single_elimination,True,0.11914893617021277,0.09727241619337172,9.0,0.2164213523635845,1.0,10.0,3.0,-8.0,8.0,0.0,0.10307328605200944,0.10307328605200944,True,False
Corbin Bleu,Karina Smirnoff,Actor/Actress,New York,United States,24,2nd Place,2,28.0,9.333333333333334,1.0,9,17,5,6,single_elimination,False,0.11914893617021277,0.11093453166381557,6.0,0.23008346783402833,9.0,7.0,6.0,-5.0,5.0,0.0,0.927659574468085,0.927659574468085,False,False
Brant Daugherty,Peta Murgatroyd,Actor/Actress,Ohio,United States,28,Eliminated Week 8,7,27.0,9.0,3.0,9,17,5,6,single_elimination,False,0.1148936170212766,0.11094318250947681,3.0,0.22583679953075342,6.0,6.0,7.0,0.0,0.0,0.004255319148936176,0.9319148936170212,0.927659574468085,False,False
Jack Osbourne,Cheryl Burke,TV Personality,,England,27,3rd Place,3,27.0,9.0,3.0,9,17,5,6,single_elimination,False,0.1148936170212766,0.11094318250947681,3.0,0.22583679953075342,6.0,6.0,7.0,0.0,0.0,0.004255319148936176,0.9319148936170212,0.927659574468085,False,False
"Nicole ""Snooki"" Polizzi",Sasha Farber,TV Personality,,Chile,25,Eliminated Week 7,8,27.0,9.0,3.0,9,17,5,6,single_elimination,False,0.1148936170212766,0.11094318250947681,3.0,0.22583679953075342,6.0,6.0,7.0,0.0,0.0,0.004255319148936176,0.9319148936170212,0.927659574468085,False,False
Amber Riley,Derek Hough,Actor/Actress,California,United States,27,1st Place,1,26.0,8.666666666666666,6.0,9,17,5,6,single_elimination,False,0.11063829787234042,0.11093273536876005,7.0,0.22157103324110047,4.0,13.0,1.0,-1.0,1.0,0.008510638297872353,0.9361702127659574,0.927659574468085,False,True
Elizabeth Berkley Lauren,Valentin Chmerkovskiy,Actor/Actress,Michigan,United States,39,Eliminated Week 9,6,26.0,8.666666666666666,6.0,9,17,5,6,single_elimination,False,0.11063829787234042,0.11093273536876005,7.0,0.22157103324110047,4.0,13.0,1.0,-1.0,1.0,0.008510638297872353,0.9361702127659574,0.927659574468085,False,False
Bill Engvall,Emma Slater,Comedian,Texas,United States,56,Eliminated Week 11,4,24.0,8.0,8.0,9,17,5,6,single_elimination,False,0.10212765957446808,0.11429370087151877,2.0,0.21642136044598687,3.0,10.0,3.0,6.0,6.0,0.01702127659574469,0.9446808510638297,0.927659574468085,False,False
Leah Remini,Tony Dovolani,Actor/Actress,New York,United States,43,Eliminated Week 10,5,22.0,7.333333333333333,9.0,9,17,5,6,single_elimination,False,0.09361702127659574,0.1228043325627826,1.0,0.21642135383937833,2.0,10.0,3.0,8.0,8.0,0.02553191489361703,0.9531914893617021,0.927659574468085,False,False
Amber Riley,Derek Hough,Actor/Actress,California,United States,27,1st Place,1,29.5,9.833333333333334,1.0,8,17,7,8,single_elimination,False,0.13318284424379231,0.12497687495441753,2.0,0.25815971919820985,7.0,3.0,7.0,-1.0,1.0,0.0,0.9887133182844244,0.9887133182844244,False,False
Corbin Bleu,Karina Smirnoff,Actor/Actress,New York,United States,24,2nd Place,2,29.5,9.833333333333334,1.0,8,17,7,8,single_elimination,False,0.13318284424379231,0.12497687495441753,2.0,0.25815971919820985,7.0,3.0,7.0,-1.0,1.0,0.0,0.9887133182844244,0.9887133182844244,False,False
Brant Daugherty,Peta Murgatroyd,Actor/Actress,Ohio,United States,28,Eliminated Week 8,7,28.5,9.5,3.0,8,17,7,8,single_elimination,False,0.12866817155756208,0.12497299216487313,5.0,0.2536411637224352,5.0,8.0,5.0,-2.0,2.0,0.0,0.9887133182844244,0.9887133182844244,False,False
Jack Osbourne,Cheryl Burke,TV Personality,,England,27,3rd Place,3,28.5,9.5,3.0,8,17,7,8,single_elimination,False,0.12866817155756208,0.12497299216487313,5.0,0.2536411637224352,5.0,8.0,5.0,-2.0,2.0,0.0,0.9887133182844244,0.9887133182844244,False,False
Elizabeth Berkley Lauren,Valentin Chmerkovskiy,Actor/Actress,Michigan,United States,39,Eliminated Week 9,6,27.0,9.0,5.0,8,17,7,8,single_elimination,False,0.12189616252821671,0.12497642711655957,4.0,0.24687258964477626,4.0,9.0,3.0,1.0,1.0,0.0,0.9887133182844244,0.9887133182844244,False,False
"Nicole ""Snooki"" Polizzi",Sasha Farber,TV Personality,,Chile,25,Eliminated Week 7,8,27.0,9.0,5.0,8,17,7,8,single_elimination,True,0.12189616252821671,0.12056201423403615,8.0,0.24245817676225284,1.0,13.0,2.0,-3.0,3.0,0.0,0.12810383747178328,0.12810383747178328,True,False
Leah Remini,Tony Dovolani,Actor/Actress,New York,United States,43,Eliminated Week 10,5,26.5,8.833333333333334,7.0,8,17,7,8,single_elimination,False,0.11963882618510158,0.12497044286409745,7.0,0.24460926904919902,3.0,14.0,1.0,0.0,0.0,0.002257336343115132,0.9909706546275395,0.9887133182844244,False,True
Bill Engvall,Emma Slater,Comedian,Texas,United States,56,Eliminated Week 11,4,25.0,8.333333333333334,8.0,8,17,7,8,single_elimination,False,0.11286681715575621,0.1295913796649065,1.0,0.24245819682066272,2.0,9.0,3.0,7.0,7.0,0.009029345372460501,0.9977426636568849,0.9887133182844244,False,False
Corbin Bleu,Karina Smirnoff,Actor/Actress,New York,United States,24,2nd Place,2,30.0,10.0,1.0,7,17,8,9,single_elimination,False,0.15625,0.14280083786920564,3.0,0.2990508378692056,6.0,4.0,6.0,-2.0,2.0,0.0,0.9739583333333334,0.9739583333333334,False,False
Jack Osbourne,Cheryl Burke,TV Personality,,England,27,3rd Place,3,30.0,10.0,1.0,7,17,8,9,single_elimination,False,0.15625,0.14280083786920564,3.0,0.2990508378692056,6.0,4.0,6.0,-2.0,2.0,0.0,0.9739583333333334,0.9739583333333334,False,False
Amber Riley,Derek Hough,Actor/Actress,California,United States,27,1st Place,1,28.0,9.333333333333334,3.0,7,17,8,9,single_elimination,False,0.14583333333333334,0.14279173263878184,5.0,0.2886250659721152,4.0,8.0,2.0,-2.0,2.0,0.0,0.9739583333333334,0.9739583333333334,False,False
Leah Remini,Tony Dovolani,Actor/Actress,New York,United States,43,Eliminated Week 10,5,28.0,9.333333333333334,3.0,7,17,8,9,single_elimination,False,0.14583333333333334,0.14279173263878184,5.0,0.2886250659721152,4.0,8.0,2.0,-2.0,2.0,0.0,0.9739583333333334,0.9739583333333334,False,False
Brant Daugherty,Peta Murgatroyd,Actor/Actress,Ohio,United States,28,Eliminated Week 8,7,27.0,9.0,5.0,7,17,8,9,single_elimination,True,0.140625,0.13425770742576756,7.0,0.2748827074257676,1.0,12.0,1.0,-2.0,2.0,0.0,0.14508928571428573,0.14508928571428573,True,True
Elizabeth Berkley Lauren,Valentin Chmerkovskiy,Actor/Actress,Michigan,United States,39,Eliminated Week 9,6,25.0,8.333333333333334,6.0,7,17,8,9,single_elimination,False,0.13020833333333334,0.14467443596464885,2.0,0.27488276929798217,3.0,8.0,2.0,4.0,4.0,0.010416666666666657,0.984375,0.9739583333333334,False,False
Bill Engvall,Emma Slater,Comedian,Texas,United States,56,Eliminated Week 11,4,24.0,8.0,7.0,7,17,8,9,single_elimination,False,0.125,0.1498827145080615,1.0,0.2748827145080615,2.0,8.0,2.0,6.0,6.0,0.015625,0.9895833333333334,0.9739583333333334,False,False
Corbin Bleu,Karina Smirnoff,Actor/Actress,New York,United States,24,2nd Place,2,29.0,9.666666666666666,1.0,6,17,9,10,single_elimination,False,0.18412698412698414,0.16617560258903685,4.0,0.350302586716021,6.0,5.0,4.0,-3.0,3.0,0.0,0.926984126984127,0.926984126984127,False,False
Elizabeth Berkley Lauren,Valentin Chmerkovskiy,Actor/Actress,Michigan,United States,39,Eliminated Week 9,6,28.0,9.333333333333334,2.0,6,17,9,10,single_elimination,True,0.17777777777777778,0.1454301190018926,6.0,0.3232078967796704,1.0,8.0,2.0,-4.0,4.0,0.0,0.15555555555555556,0.15555555555555556,True,False
Jack Osbourne,Cheryl Burke,TV Personality,,England,27,3rd Place,3,27.0,9.0,3.0,6,17,9,10,single_elimination,False,0.17142857142857143,0.1661764307686747,2.0,0.3376050021972461,4.0,5.0,4.0,1.0,1.0,0.006349206349206354,0.9333333333333333,0.926984126984127,False,False
Leah Remini,Tony Dovolani,Actor/Actress,New York,United States,43,Eliminated Week 10,5,27.0,9.0,3.0,6,17,9,10,single_elimination,False,0.17142857142857143,0.1661764307686747,2.0,0.3376050021972461,4.0,5.0,4.0,1.0,1.0,0.006349206349206354,0.9333333333333333,0.926984126984127,False,False
Amber Riley,Derek Hough,Actor/Actress,California,United States,27,1st Place,1,25.5,8.5,5.0,6,17,9,10,single_elimination,False,0.1619047619047619,0.16616685018846553,5.0,0.32807161209322744,3.0,10.0,1.0,0.0,0.0,0.015873015873015872,0.9428571428571428,0.926984126984127,False,True
Bill Engvall,Emma Slater,Comedian,Texas,United States,56,Eliminated Week 11,4,21.0,7.0,6.0,6,17,9,10,single_elimination,False,0.13333333333333333,0.18987456602325634,1.0,0.32320789935658967,2.0,7.0,3.0,5.0,5.0,0.04444444444444445,0.9714285714285715,0.926984126984127,False,False
Amber Riley,Derek Hough,Actor/Actress,California,United States,27,1st Place,1,39.5,9.875,1.0,5,17,10,11,single_elimination,False,0.2257142857142857,0.19993650762546902,4.0,0.42565079333975475,5.0,5.0,4.0,-3.0,3.0,0.0,0.9857142857142858,0.9857142857142858,False,False
Corbin Bleu,Karina Smirnoff,Actor/Actress,New York,United States,24,2nd Place,2,37.5,9.375,2.0,5,17,10,11,single_elimination,False,0.21428571428571427,0.19997004774474975,2.0,0.414255762030464,4.0,4.0,5.0,0.0,0.0,0.0,0.9857142857142858,0.9857142857142858,False,False
Jack Osbourne,Cheryl Burke,TV Personality,,England,27,3rd Place,3,35.5,8.875,3.0,5,17,10,11,single_elimination,False,0.20285714285714285,0.1999556658185566,3.0,0.40281280867569946,3.0,6.0,2.0,0.0,0.0,0.0,0.9857142857142858,0.9857142857142858,False,False
Leah Remini,Tony Dovolani,Actor/Actress,New York,United States,43,Eliminated Week 10,5,32.5,8.125,4.0,5,17,10,11,single_elimination,True,0.18571428571428572,0.19292602266026132,5.0,0.37864030837454704,1.0,9.0,1.0,-1.0,1.0,0.0,0.21428571428571427,0.21428571428571427,True,True
Bill Engvall,Emma Slater,Comedian,Texas,United States,56,Eliminated Week 11,4,30.0,7.5,5.0,5,17,10,11,single_elimination,False,0.17142857142857143,0.20721175471742867,1.0,0.3786403261460001,2.0,6.0,2.0,4.0,4.0,0.01428571428571429,1.0,0.9857142857142858,False,False
Charlie White,Sharna Burgess,Athlete,Michigan,United States,26,Eliminated Week 9,5,27.0,9.0,1.0,12,18,1,2,single_elimination,False,0.10305343511450382,0.08330538392694964,2.0,0.18635881904145346,12.0,3.0,12.0,-1.0,1.0,0.0,0.9885496183206107,0.9885496183206107,False,False
Candace Cameron Bure,Mark Ballas,Actor/Actress,California,United States,37,3rd Place,3,25.0,8.333333333333334,2.0,12,18,1,2,single_elimination,False,0.09541984732824428,0.08329600962258944,10.0,0.17871585695083372,11.0,12.0,5.0,-8.0,8.0,0.0,0.9885496183206107,0.9885496183206107,False,False
Amy Purdy,Derek Hough,Athlete,Nevada,United States,34,2nd Place,2,24.0,8.0,3.0,12,18,1,2,single_elimination,False,0.0916030534351145,0.08330118035614582,6.0,0.17490423379126033,8.0,9.0,9.0,-3.0,3.0,0.0,0.9885496183206107,0.9885496183206107,False,False
Danica McKellar,Valentin Chmerkovskiy,Actor/Actress,California,United States,39,Eliminated Week 8,6,24.0,8.0,3.0,12,18,1,2,single_elimination,False,0.0916030534351145,0.08330118035614582,6.0,0.17490423379126033,8.0,9.0,9.0,-3.0,3.0,0.0,0.9885496183206107,0.9885496183206107,False,False
Meryl Davis,Maksim Chmerkoskiy,Athlete,Michigan,United States,27,1st Place,1,24.0,8.0,3.0,12,18,1,2,single_elimination,False,0.0916030534351145,0.08330118035614582,6.0,0.17490423379126033,8.0,9.0,9.0,-3.0,3.0,0.0,0.9885496183206107,0.9885496183206107,False,False
Cody Simpson,Witney Carson,Singer/Rapper,,Australia,17,Eliminated Week 5,9,22.0,7.333333333333333,6.0,12,18,1,2,single_elimination,False,0.08396946564885496,0.08329103378609395,11.0,0.16726049943494892,7.0,17.0,3.0,-5.0,5.0,0.0,0.9885496183206107,0.9885496183206107,False,False
Drew Carey,Cheryl Burke,Comedian,Ohio,United States,55,Eliminated Week 6,8,21.0,7.0,7.0,12,18,1,2,single_elimination,False,0.08015267175572519,0.08330140883527086,3.0,0.16345408059099603,4.0,10.0,6.0,4.0,4.0,0.0,0.9885496183206107,0.9885496183206107,False,False
James Maslow,Peta Murgatroyd,Actor/Actress,New York,United States,23,Eliminated Week 10,4,21.0,7.0,7.0,12,18,1,2,single_elimination,False,0.08015267175572519,0.08330140883527086,3.0,0.16345408059099603,4.0,10.0,6.0,4.0,4.0,0.0,0.9885496183206107,0.9885496183206107,False,False
NeNe Leakes,Tony Dovolani,TV Personality,New York,United States,46,Eliminated Week 7,7,21.0,7.0,7.0,12,18,1,2,single_elimination,False,0.08015267175572519,0.08330140883527086,3.0,0.16345408059099603,4.0,10.0,6.0,4.0,4.0,0.0,0.9885496183206107,0.9885496183206107,False,False
Sean Avery,Karina Smirnoff,Athlete,,Canada,33,Eliminated Week 2,11,20.0,6.666666666666667,10.0,12,18,1,2,single_elimination,False,0.07633587786259542,0.08330111916045131,9.0,0.15963699702304673,3.0,19.0,2.0,1.0,1.0,0.0,0.9885496183206107,0.9885496183206107,False,False
Diana Nyad,Henry Byalikov,Athlete,New York,United States,64,Eliminated Week 2,12,18.0,6.0,11.0,12,18,1,2,single_elimination,True,0.06870229007633588,0.07777414400214921,12.0,0.1464764340784851,1.0,23.0,1.0,-1.0,1.0,0.0,0.0979643765903308,0.0979643765903308,True,True
Billy Dee Williams,Emma Slater,Actor/Actress,New York,United States,76,Withdrew,10,15.0,5.0,12.0,12,18,1,2,single_elimination,False,0.05725190839694656,0.08922454068970252,1.0,0.14647644908664909,2.0,13.0,4.0,11.0,11.0,0.011450381679389318,1.0,0.9885496183206107,False,False
Charlie White,Sharna Burgess,Athlete,Michigan,United States,26,Eliminated Week 9,5,25.0,8.333333333333334,1.0,11,18,2,3,multi_elimination,False,0.10245901639344263,0.09091035226531623,5.0,0.19336936865875887,9.0,6.0,9.0,-4.0,4.0,0.0,1.0,1.0,False,False
James Maslow,Peta Murgatroyd,Actor/Actress,New York,United States,23,Eliminated Week 10,4,25.0,8.333333333333334,1.0,11,18,2,3,multi_elimination,False,0.10245901639344263,0.09091035226531623,5.0,0.19336936865875887,9.0,6.0,9.0,-4.0,4.0,0.0,1.0,1.0,False,False
Meryl Davis,Maksim Chmerkoskiy,Athlete,Michigan,United States,27,1st Place,1,25.0,8.333333333333334,1.0,11,18,2,3,multi_elimination,False,0.10245901639344263,0.09091035226531623,5.0,0.19336936865875887,9.0,6.0,9.0,-4.0,4.0,0.0,1.0,1.0,False,False
Amy Purdy,Derek Hough,Athlete,Nevada,United States,34,2nd Place,2,24.0,8.0,4.0,11,18,2,3,multi_elimination,False,0.09836065573770492,0.09090942944583412,8.0,0.18927008518353905,7.0,12.0,3.0,-4.0,4.0,0.0,1.0,1.0,False,False
Danica McKellar,Valentin Chmerkovskiy,Actor/Actress,California,United States,39,Eliminated Week 8,6,24.0,8.0,4.0,11,18,2,3,multi_elimination,False,0.09836065573770492,0.09090942944583412,8.0,0.18927008518353905,7.0,12.0,3.0,-4.0,4.0,0.0,1.0,1.0,False,False
Cody Simpson,Witney Carson,Singer/Rapper,,Australia,17,Eliminated Week 5,9,22.0,7.333333333333333,6.0,11,18,2,3,multi_elimination,False,0.09016393442622951,0.0909113026161079,1.0,0.1810752370423374,6.0,7.0,8.0,5.0,5.0,0.0,1.0,1.0,False,False
Candace Cameron Bure,Mark Ballas,Actor/Actress,California,United States,37,3rd Place,3,21.0,7.0,7.0,11,18,2,3,multi_elimination,False,0.0860655737704918,0.09091083662847818,2.0,0.17697641039897,3.0,9.0,5.0,5.0,5.0,0.0,1.0,1.0,False,False
Drew Carey,Cheryl Burke,Comedian,Ohio,United States,55,Eliminated Week 6,8,21.0,7.0,7.0,11,18,2,3,multi_elimination,False,0.0860655737704918,0.09091083662847818,2.0,0.17697641039897,3.0,9.0,5.0,5.0,5.0,0.0,1.0,1.0,False,False
NeNe Leakes,Tony Dovolani,TV Personality,New York,United States,46,Eliminated Week 7,7,21.0,7.0,7.0,11,18,2,3,multi_elimination,False,0.0860655737704918,0.09091083662847818,2.0,0.17697641039897,3.0,9.0,5.0,5.0,5.0,0.0,1.0,1.0,False,False
Sean Avery,Karina Smirnoff,Athlete,,Canada,33,Eliminated Week 2,11,21.0,7.0,7.0,11,18,2,3,multi_elimination,True,0.0860655737704918,0.09089991556101895,11.0,0.17696548933151074,2.0,18.0,2.0,-4.0,4.0,0.0,0.10778688524590165,0.10778688524590165,True,True
Billy Dee Williams,Emma Slater,Actor/Actress,New York,United States,76,Withdrew,10,15.0,5.0,11.0,11,18,2,3,multi_elimination,True,0.06147540983606557,0.09090635570470658,10.0,0.15238176554077215,1.0,21.0,1.0,1.0,1.0,0.0,0.1299180327868852,0.1299180327868852,True,True
James Maslow,Peta Murgatroyd,Actor/Actress,New York,United States,23,Eliminated Week 10,4,40.0,10.0,1.0,9,18,5,6,single_elimination,False,0.12422360248447205,0.11101307086722095,8.0,0.23523667335169302,9.0,9.0,4.0,-7.0,7.0,0.0,0.9813664596273292,0.9813664596273292,False,False
Danica McKellar,Valentin Chmerkovskiy,Actor/Actress,California,United States,39,Eliminated Week 8,6,39.0,9.75,2.0,9,18,5,6,single_elimination,False,0.12111801242236025,0.11103297244679705,2.0,0.2321509848691573,8.0,4.0,9.0,0.0,0.0,0.0,0.9813664596273292,0.9813664596273292,False,False
Amy Purdy,Derek Hough,Athlete,Nevada,United States,34,2nd Place,2,37.0,9.25,3.0,9,18,5,6,single_elimination,False,0.11490683229813664,0.11102101617467788,6.0,0.22592784847281452,6.0,9.0,4.0,-3.0,3.0,0.0,0.9813664596273292,0.9813664596273292,False,False
Charlie White,Sharna Burgess,Athlete,Michigan,United States,26,Eliminated Week 9,5,37.0,9.25,3.0,9,18,5,6,single_elimination,False,0.11490683229813664,0.11102101617467788,6.0,0.22592784847281452,6.0,9.0,4.0,-3.0,3.0,0.0,0.9813664596273292,0.9813664596273292,False,False
Meryl Davis,Maksim Chmerkoskiy,Athlete,Michigan,United States,27,1st Place,1,36.0,9.0,5.0,9,18,5,6,single_elimination,False,0.11180124223602485,0.11102486683692002,4.0,0.22282610907294487,4.0,9.0,4.0,1.0,1.0,0.0,0.9813664596273292,0.9813664596273292,False,False
NeNe Leakes,Tony Dovolani,TV Personality,New York,United States,46,Eliminated Week 7,7,36.0,9.0,5.0,9,18,5,6,single_elimination,False,0.11180124223602485,0.11102486683692002,4.0,0.22282610907294487,4.0,9.0,4.0,1.0,1.0,0.0,0.9813664596273292,0.9813664596273292,False,False
Candace Cameron Bure,Mark Ballas,Actor/Actress,California,United States,37,3rd Place,3,35.0,8.75,7.0,9,18,5,6,single_elimination,False,0.10869565217391304,0.11102874220855,3.0,0.21972439438246305,3.0,10.0,2.0,4.0,4.0,0.0,0.9813664596273292,0.9813664596273292,False,False
Cody Simpson,Witney Carson,Singer/Rapper,,Australia,17,Eliminated Week 5,9,34.0,8.5,8.0,9,18,5,6,single_elimination,True,0.10559006211180125,0.10209995178874089,9.0,0.20769001390054215,1.0,17.0,1.0,-1.0,1.0,0.0,0.11663216011042098,0.11663216011042098,True,True
Drew Carey,Cheryl Burke,Comedian,Ohio,United States,55,Eliminated Week 6,8,28.0,7.0,9.0,9,18,5,6,single_elimination,False,0.08695652173913043,0.12073349576132704,1.0,0.20769001750045746,2.0,10.0,2.0,8.0,8.0,0.018633540372670815,1.0,0.9813664596273292,False,False
Meryl Davis,Maksim Chmerkoskiy,Athlete,Michigan,United States,27,1st Place,1,40.0,10.0,1.0,8,18,6,7,single_elimination,False,0.14184397163120568,0.12500484279576596,2.0,0.2668488144269716,8.0,3.0,8.0,-1.0,1.0,0.0,1.0,1.0,False,False
Amy Purdy,Derek Hough,Athlete,Nevada,United States,34,2nd Place,2,38.0,9.5,2.0,8,18,6,7,single_elimination,False,0.1347517730496454,0.12499526890574822,7.0,0.2597470419553936,7.0,9.0,3.0,-5.0,5.0,0.0,1.0,1.0,False,False
Charlie White,Sharna Burgess,Athlete,Michigan,United States,26,Eliminated Week 9,5,36.0,9.0,3.0,8,18,6,7,single_elimination,False,0.1276595744680851,0.1249997453945716,4.0,0.2526593198626567,5.0,7.0,6.0,-1.0,1.0,0.0,1.0,1.0,False,False
Danica McKellar,Valentin Chmerkovskiy,Actor/Actress,California,United States,39,Eliminated Week 8,6,36.0,9.0,3.0,8,18,6,7,single_elimination,False,0.1276595744680851,0.1249997453945716,4.0,0.2526593198626567,5.0,7.0,6.0,-1.0,1.0,0.0,1.0,1.0,False,False
James Maslow,Peta Murgatroyd,Actor/Actress,New York,United States,23,Eliminated Week 10,4,35.0,8.75,5.0,8,18,6,7,single_elimination,False,0.12411347517730496,0.12500198014799915,3.0,0.2491154553253041,4.0,8.0,4.0,2.0,2.0,0.0,1.0,1.0,False,False
NeNe Leakes,Tony Dovolani,TV Personality,New York,United States,46,Eliminated Week 7,7,33.0,8.25,6.0,8,18,6,7,single_elimination,False,0.11702127659574468,0.12499812805595188,6.0,0.24201940465169658,3.0,12.0,2.0,0.0,0.0,0.0,1.0,1.0,False,False
Candace Cameron Bure,Mark Ballas,Actor/Actress,California,United States,37,3rd Place,3,32.0,8.0,7.0,8,18,6,7,single_elimination,False,0.11347517730496454,0.12500557796453188,1.0,0.23848075526949641,2.0,8.0,4.0,6.0,6.0,0.0,1.0,1.0,False,False
Drew Carey,Cheryl Burke,Comedian,Ohio,United States,55,Eliminated Week 6,8,32.0,8.0,7.0,8,18,6,7,single_elimination,True,0.11347517730496454,0.12499471095815995,8.0,0.23846988826312449,1.0,15.0,1.0,-1.0,1.0,0.0,0.13652482269503546,0.13652482269503546,True,True
Meryl Davis,Maksim Chmerkoskiy,Athlete,Michigan,United States,27,1st Place,1,39.0,9.75,1.0,7,18,7,8,single_elimination,False,0.1541501976284585,0.14286784867590074,2.0,0.29701804630435924,7.0,3.0,7.0,-1.0,1.0,0.0,1.0,1.0,False,False
Amy Purdy,Derek Hough,Athlete,Nevada,United States,34,2nd Place,2,37.5,9.375,2.0,7,18,7,8,single_elimination,False,0.1482213438735178,0.14285429775190686,4.0,0.29107564162542465,6.0,6.0,5.0,-2.0,2.0,0.0,1.0,1.0,False,False
Candace Cameron Bure,Mark Ballas,Actor/Actress,California,United States,37,3rd Place,3,37.0,9.25,3.0,7,18,7,8,single_elimination,False,0.14624505928853754,0.14285790367524867,3.0,0.28910296296378624,5.0,6.0,5.0,0.0,0.0,0.0,1.0,1.0,False,False
Danica McKellar,Valentin Chmerkovskiy,Actor/Actress,California,United States,39,Eliminated Week 8,6,36.0,9.0,4.0,7,18,7,8,single_elimination,False,0.1422924901185771,0.1428536137797334,5.0,0.2851461038983105,4.0,9.0,3.0,-1.0,1.0,0.0,1.0,1.0,False,False
Charlie White,Sharna Burgess,Athlete,Michigan,United States,26,Eliminated Week 9,5,35.5,8.875,5.0,7,18,7,8,single_elimination,False,0.14031620553359683,0.1428446222737067,7.0,0.28316082780730356,3.0,12.0,1.0,-2.0,2.0,0.0,1.0,1.0,False,True
James Maslow,Peta Murgatroyd,Actor/Actress,New York,United States,23,Eliminated Week 10,4,35.0,8.75,6.0,7,18,7,8,single_elimination,False,0.1383399209486166,0.14285214489699197,6.0,0.2811920658456086,2.0,12.0,1.0,0.0,0.0,0.0,1.0,1.0,False,False
NeNe Leakes,Tony Dovolani,TV Personality,New York,United States,46,Eliminated Week 7,7,33.0,8.25,7.0,7,18,7,8,single_elimination,True,0.13043478260869565,0.14286956705710674,1.0,0.2733043496658024,1.0,8.0,4.0,6.0,6.0,0.0,0.15527950310559002,0.15527950310559002,True,False
Amy Purdy,Derek Hough,Athlete,Nevada,United States,34,2nd Place,2,40.0,10.0,1.0,6,18,8,9,single_elimination,False,0.17699115044247787,0.16663401597930408,4.0,0.343625166421782,5.0,5.0,3.0,-3.0,3.0,0.0,0.9734513274336283,0.9734513274336283,False,False
Charlie White,Sharna Burgess,Athlete,Michigan,United States,26,Eliminated Week 9,5,40.0,10.0,1.0,6,18,8,9,single_elimination,False,0.17699115044247787,0.16663401597930408,4.0,0.343625166421782,5.0,5.0,3.0,-3.0,3.0,0.0,0.9734513274336283,0.9734513274336283,False,False
Danica McKellar,Valentin Chmerkovskiy,Actor/Actress,California,United States,39,Eliminated Week 8,6,38.0,9.5,3.0,6,18,8,9,single_elimination,True,0.168141592920354,0.16004580274715535,6.0,0.3281873956675093,1.0,9.0,1.0,-3.0,3.0,0.0,0.16519174041297935,0.16519174041297935,True,True
Candace Cameron Bure,Mark Ballas,Actor/Actress,California,United States,37,3rd Place,3,36.0,9.0,4.0,6,18,8,9,single_elimination,False,0.1592920353982301,0.16889538831544768,1.0,0.32818742371367776,3.0,5.0,3.0,3.0,3.0,0.008849557522123908,0.9823008849557522,0.9734513274336283,False,False
James Maslow,Peta Murgatroyd,Actor/Actress,New York,United States,23,Eliminated Week 10,4,36.0,9.0,4.0,6,18,8,9,single_elimination,False,0.1592920353982301,0.16889538831544768,1.0,0.32818742371367776,3.0,5.0,3.0,3.0,3.0,0.008849557522123908,0.9823008849557522,0.9734513274336283,False,False
Meryl Davis,Maksim Chmerkoskiy,Athlete,Michigan,United States,27,1st Place,1,36.0,9.0,4.0,6,18,8,9,single_elimination,False,0.1592920353982301,0.16889538806576487,3.0,0.328187423463995,2.0,7.0,2.0,1.0,1.0,0.008849557522123908,0.9823008849557522,0.9734513274336283,False,False
Meryl Davis,Maksim Chmerkoskiy,Athlete,Michigan,United States,27,1st Place,1,40.0,10.0,1.0,5,18,9,10,single_elimination,False,0.2094240837696335,0.19997077450891274,4.0,0.40939485827854627,5.0,5.0,3.0,-3.0,3.0,0.0,0.9895287958115183,0.9895287958115183,False,False
Amy Purdy,Derek Hough,Athlete,Nevada,United States,34,2nd Place,2,39.0,9.75,2.0,5,18,9,10,single_elimination,False,0.20418848167539266,0.1999716083190588,3.0,0.40416008999445147,4.0,5.0,3.0,-1.0,1.0,0.0,0.9895287958115183,0.9895287958115183,False,False
Charlie White,Sharna Burgess,Athlete,Michigan,United States,26,Eliminated Week 9,5,38.0,9.5,3.0,5,18,9,10,single_elimination,True,0.19895287958115182,0.1948024943159071,5.0,0.39375537389705895,1.0,8.0,1.0,-2.0,2.0,0.0,0.20104712041884817,0.20104712041884817,True,True
James Maslow,Peta Murgatroyd,Actor/Actress,New York,United States,23,Eliminated Week 10,4,38.0,9.5,3.0,5,18,9,10,single_elimination,False,0.19895287958115182,0.19998141043870854,2.0,0.39893429001986036,3.0,5.0,3.0,1.0,1.0,0.0,0.9895287958115183,0.9895287958115183,False,False
Candace Cameron Bure,Mark Ballas,Actor/Actress,California,United States,37,3rd Place,3,36.0,9.0,5.0,5,18,9,10,single_elimination,False,0.18848167539267016,0.2052737105561625,1.0,0.39375538594883264,2.0,6.0,2.0,4.0,4.0,0.010471204188481659,1.0,0.9895287958115183,False,False
Alfonso Ribeiro,Witney Carson,Actor/Actress,New York,United States,42,1st Place,1,36.0,9.0,1.0,13,19,1,2,single_elimination,False,0.0967741935483871,0.0769096165140055,12.0,0.17368381006239259,13.0,13.0,8.0,-11.0,11.0,0.0,0.9946236559139785,0.9946236559139785,False,False
Sadie Robertson,Mark Ballas,TV Personality,Louisiana,United States,17,2nd Place,2,34.0,8.5,2.0,13,19,1,2,single_elimination,False,0.0913978494623656,0.07691967304949657,3.0,0.16831752251186216,12.0,5.0,13.0,-1.0,1.0,0.0,0.9946236559139785,0.9946236559139785,False,False
Bethany Mota,Derek Hough,Social Media Personality,California,United States,18,Eliminated Week 11,4,32.0,8.0,3.0,13,19,1,2,single_elimination,False,0.08602150537634409,0.07691823745841003,5.0,0.16293974283475413,10.0,8.0,10.0,-2.0,2.0,0.0,0.9946236559139785,0.9946236559139785,False,False
Lea Thompson,Artem Chigvintsev,Actor/Actress,Minnesota,United States,53,Eliminated Week 9,6,32.0,8.0,3.0,13,19,1,2,single_elimination,False,0.08602150537634409,0.07691823745841003,5.0,0.16293974283475413,10.0,8.0,10.0,-2.0,2.0,0.0,0.9946236559139785,0.9946236559139785,False,False
Randy Couture,Karina Smirnoff,Athlete,Washington,United States,51,Eliminated Week 3,11,31.0,7.75,5.0,13,19,1,2,single_elimination,False,0.08333333333333333,0.0769117673883461,11.0,0.1602451007216794,9.0,16.0,4.0,-6.0,6.0,0.0,0.9946236559139785,0.9946236559139785,False,False
Jonathan Bennett,Allison Holker,Actor/Actress,Ohio,United States,33,Eliminated Week 6,9,30.0,7.5,6.0,13,19,1,2,single_elimination,False,0.08064516129032258,0.07692036490621253,2.0,0.1575655261965351,8.0,8.0,10.0,4.0,4.0,0.0,0.9946236559139785,0.9946236559139785,False,False
Janel Parrish,Valentin Chmerkovskiy,Actor/Actress,Hawaii,United States,25,3rd Place,3,29.0,7.25,7.0,13,19,1,2,single_elimination,False,0.07795698924731183,0.07691762311166114,7.0,0.15487461235897299,6.0,14.0,5.0,0.0,0.0,0.0,0.9946236559139785,0.9946236559139785,False,False
Tavis Smiley,Sharna Burgess,Radio Personality,Mississippi,United States,50,Eliminated Week 2,12,29.0,7.25,7.0,13,19,1,2,single_elimination,False,0.07795698924731183,0.07691762311166114,7.0,0.15487461235897299,6.0,14.0,5.0,0.0,0.0,0.0,0.9946236559139785,0.9946236559139785,False,False
Tommy Chong,Peta Murgatroyd,Comedian,,Canada,76,Eliminated Week 10,5,27.0,6.75,9.0,13,19,1,2,single_elimination,False,0.07258064516129033,0.07691840909440849,4.0,0.14949905425569882,5.0,13.0,8.0,5.0,5.0,0.0,0.9946236559139785,0.9946236559139785,False,False
Antonio Sabato Jr.,Cheryl Burke,Actor/Actress,,Italy,42,Eliminated Week 7,8,25.0,6.25,10.0,13,19,1,2,single_elimination,False,0.06720430107526881,0.07691478184520677,9.0,0.1441190829204756,3.0,19.0,2.0,1.0,1.0,0.0,0.9946236559139785,0.9946236559139785,False,False
Michael Waltrip,Emma Slater,Racing Driver,Kentucky,United States,51,Eliminated Week 8,7,25.0,6.25,10.0,13,19,1,2,single_elimination,False,0.06720430107526881,0.07691478184520677,9.0,0.1441190829204756,3.0,19.0,2.0,1.0,1.0,0.0,0.9946236559139785,0.9946236559139785,False,False
Lolo Jones,Keo Motsepe,Athlete,Iowa,United States,32,Eliminated Week 1,13,22.0,5.5,12.0,13,19,1,2,single_elimination,True,0.05913978494623656,0.07427126082720426,13.0,0.13341104577344082,1.0,25.0,1.0,-1.0,1.0,0.0,0.09470636889991728,0.09470636889991728,True,True
Betsey Johnson,Tony Dovolani,Fashion Designer,Connecticut,United States,72,Eliminated Week 4,10,20.0,5.0,13.0,13,19,1,2,single_elimination,False,0.053763440860215055,0.0796476224348618,1.0,0.13341106329507685,2.0,14.0,5.0,12.0,12.0,0.0053763440860215075,1.0,0.9946236559139785,False,False
Lea Thompson,Artem Chigvintsev,Actor/Actress,Minnesota,United States,53,Eliminated Week 9,6,35.0,8.75,1.0,12,19,2,3,single_elimination,False,0.09668508287292818,0.08329503113442684,11.0,0.17998011400735503,12.0,12.0,7.0,-10.0,10.0,0.0,0.988950276243094,0.988950276243094,False,False
Janel Parrish,Valentin Chmerkovskiy,Actor/Actress,Hawaii,United States,25,3rd Place,3,34.0,8.5,2.0,12,19,2,3,single_elimination,False,0.09392265193370165,0.08330635556993438,4.0,0.17722900750363602,11.0,6.0,12.0,-2.0,2.0,0.0,0.988950276243094,0.988950276243094,False,False
Bethany Mota,Derek Hough,Social Media Personality,California,United States,18,Eliminated Week 11,4,33.0,8.25,3.0,12,19,2,3,single_elimination,False,0.09116022099447514,0.0833006314565811,7.0,0.17446085245105625,10.0,10.0,8.0,-4.0,4.0,0.0,0.988950276243094,0.988950276243094,False,False
Alfonso Ribeiro,Witney Carson,Actor/Actress,New York,United States,42,1st Place,1,32.0,8.0,4.0,12,19,2,3,single_elimination,False,0.08839779005524862,0.08330071275457855,6.0,0.17169850280982718,9.0,10.0,8.0,-2.0,2.0,0.0,0.988950276243094,0.988950276243094,False,False
Antonio Sabato Jr.,Cheryl Burke,Actor/Actress,,Italy,42,Eliminated Week 7,8,31.0,7.75,5.0,12,19,2,3,single_elimination,False,0.0856353591160221,0.08330019507330862,8.0,0.1689355541893307,7.0,13.0,3.0,-3.0,3.0,0.0,0.988950276243094,0.988950276243094,False,False
Sadie Robertson,Mark Ballas,TV Personality,Louisiana,United States,17,2nd Place,2,31.0,7.75,5.0,12,19,2,3,single_elimination,False,0.0856353591160221,0.08330019507330862,8.0,0.1689355541893307,7.0,13.0,3.0,-3.0,3.0,0.0,0.988950276243094,0.988950276243094,False,False
Jonathan Bennett,Allison Holker,Actor/Actress,Ohio,United States,33,Eliminated Week 6,9,30.0,7.5,7.0,12,19,2,3,single_elimination,False,0.08287292817679558,0.08329835693119342,10.0,0.166171285107989,6.0,17.0,2.0,-3.0,3.0,0.0,0.988950276243094,0.988950276243094,False,False
Betsey Johnson,Tony Dovolani,Fashion Designer,Connecticut,United States,72,Eliminated Week 4,10,28.0,7.0,8.0,12,19,2,3,single_elimination,False,0.07734806629834254,0.0833092560989297,2.0,0.16065732239727223,4.0,10.0,8.0,6.0,6.0,0.0,0.988950276243094,0.988950276243094,False,False
Randy Couture,Karina Smirnoff,Athlete,Washington,United States,51,Eliminated Week 3,11,28.0,7.0,8.0,12,19,2,3,single_elimination,False,0.07734806629834254,0.0833092560989297,2.0,0.16065732239727223,4.0,10.0,8.0,6.0,6.0,0.0,0.988950276243094,0.988950276243094,False,False
Tavis Smiley,Sharna Burgess,Radio Personality,Mississippi,United States,50,Eliminated Week 2,12,28.0,7.0,8.0,12,19,2,3,single_elimination,True,0.07734806629834254,0.07796358535342073,12.0,0.15531165165176325,1.0,20.0,1.0,-4.0,4.0,0.0,0.08931860036832412,0.08931860036832412,True,True
Tommy Chong,Peta Murgatroyd,Comedian,,Canada,76,Eliminated Week 10,5,28.0,7.0,8.0,12,19,2,3,single_elimination,False,0.07734806629834254,0.08330310854472522,5.0,0.16065117484306776,3.0,13.0,3.0,3.0,3.0,0.0,0.988950276243094,0.988950276243094,False,False
Michael Waltrip,Emma Slater,Racing Driver,Kentucky,United States,51,Eliminated Week 8,7,24.0,6.0,12.0,12,19,2,3,single_elimination,False,0.06629834254143646,0.08901331502026583,1.0,0.1553116575617023,2.0,13.0,3.0,11.0,11.0,0.011049723756906077,1.0,0.988950276243094,False,False
Bethany Mota,Derek Hough,Social Media Personality,California,United States,18,Eliminated Week 11,4,40.0,10.0,1.0,11,19,3,4,single_elimination,False,0.11331444759206799,0.0909227701690843,1.0,0.20423721776115228,10.0,2.0,10.0,0.0,0.0,0.0,1.0,1.0,False,False
Janel Parrish,Valentin Chmerkovskiy,Actor/Actress,Hawaii,United States,25,3rd Place,3,40.0,10.0,1.0,11,19,3,4,single_elimination,False,0.11331444759206799,0.0909227701690843,1.0,0.20423721776115228,10.0,2.0,10.0,0.0,0.0,0.0,1.0,1.0,False,False
Tommy Chong,Peta Murgatroyd,Comedian,,Canada,76,Eliminated Week 10,5,34.0,8.5,3.0,11,19,3,4,single_elimination,False,0.09631728045325778,0.0909128426988586,5.0,0.1872301231521164,9.0,8.0,9.0,-2.0,2.0,0.0,1.0,1.0,False,False
Alfonso Ribeiro,Witney Carson,Actor/Actress,New York,United States,42,1st Place,1,32.0,8.0,4.0,11,19,3,4,single_elimination,False,0.0906515580736544,0.0908998639000088,8.0,0.1815514219736632,6.0,12.0,5.0,-4.0,4.0,0.0,1.0,1.0,False,False
Jonathan Bennett,Allison Holker,Actor/Actress,Ohio,United States,33,Eliminated Week 6,9,32.0,8.0,4.0,11,19,3,4,single_elimination,False,0.0906515580736544,0.0908998639000088,8.0,0.1815514219736632,6.0,12.0,5.0,-4.0,4.0,0.0,1.0,1.0,False,False
Sadie Robertson,Mark Ballas,TV Personality,Louisiana,United States,17,2nd Place,2,32.0,8.0,4.0,11,19,3,4,single_elimination,False,0.0906515580736544,0.0908998639000088,8.0,0.1815514219736632,6.0,12.0,5.0,-4.0,4.0,0.0,1.0,1.0,False,False
Lea Thompson,Artem Chigvintsev,Actor/Actress,Minnesota,United States,53,Eliminated Week 9,6,31.0,7.75,7.0,11,19,3,4,single_elimination,False,0.08781869688385269,0.0909173873468737,3.0,0.1787360842307264,5.0,10.0,8.0,4.0,4.0,0.0,1.0,1.0,False,False
Antonio Sabato Jr.,Cheryl Burke,Actor/Actress,,Italy,42,Eliminated Week 7,8,29.0,7.25,8.0,11,19,3,4,single_elimination,False,0.0821529745042493,0.0909046045636404,6.0,0.1730575790678897,3.0,14.0,2.0,2.0,2.0,0.0,1.0,1.0,False,False
Betsey Johnson,Tony Dovolani,Fashion Designer,Connecticut,United States,72,Eliminated Week 4,10,29.0,7.25,8.0,11,19,3,4,single_elimination,False,0.0821529745042493,0.0909046045636404,6.0,0.1730575790678897,3.0,14.0,2.0,2.0,2.0,0.0,1.0,1.0,False,False
Michael Waltrip,Emma Slater,Racing Driver,Kentucky,United States,51,Eliminated Week 8,7,28.0,7.0,10.0,11,19,3,4,single_elimination,False,0.07932011331444759,0.0909161079934688,4.0,0.17023622130791638,2.0,14.0,2.0,6.0,6.0,0.0,1.0,1.0,False,False
Randy Couture,Karina Smirnoff,Athlete,Washington,United States,51,Eliminated Week 3,11,26.0,6.5,11.0,11,19,3,4,single_elimination,True,0.07365439093484419,0.0908993193643926,11.0,0.1645537102992368,1.0,22.0,1.0,0.0,0.0,0.0,0.10816379088333766,0.10816379088333766,True,True
Alfonso Ribeiro,Witney Carson,Actor/Actress,New York,United States,42,1st Place,1,40.0,10.0,1.0,10,19,4,5,single_elimination,False,0.125,0.09992435331063015,8.0,0.22492435331063015,10.0,9.0,7.0,-7.0,7.0,0.0,0.96875,0.96875,False,False
Lea Thompson,Artem Chigvintsev,Actor/Actress,Minnesota,United States,53,Eliminated Week 9,6,39.0,9.75,2.0,10,19,4,5,single_elimination,False,0.121875,0.09993284516067302,6.0,0.22180784516067303,9.0,8.0,8.0,-4.0,4.0,0.0,0.96875,0.96875,False,False
Sadie Robertson,Mark Ballas,TV Personality,Louisiana,United States,17,2nd Place,2,37.0,9.25,3.0,10,19,4,5,single_elimination,False,0.115625,0.09991862537928664,9.0,0.21554362537928665,8.0,12.0,4.0,-6.0,6.0,0.0,0.96875,0.96875,False,False
Janel Parrish,Valentin Chmerkovskiy,Actor/Actress,Hawaii,United States,25,3rd Place,3,36.0,9.0,4.0,10,19,4,5,single_elimination,False,0.1125,0.09993399306748789,4.0,0.2124339930674879,7.0,8.0,8.0,0.0,0.0,0.0,0.96875,0.96875,False,False
Bethany Mota,Derek Hough,Social Media Personality,California,United States,18,Eliminated Week 11,4,33.0,8.25,5.0,10,19,4,5,single_elimination,False,0.103125,0.09993876878467611,3.0,0.2030637687846761,6.0,8.0,8.0,2.0,2.0,0.0,0.96875,0.96875,False,False
Antonio Sabato Jr.,Cheryl Burke,Actor/Actress,,Italy,42,Eliminated Week 7,8,29.0,7.25,6.0,10,19,4,5,single_elimination,False,0.090625,0.09992913156490714,7.0,0.19055413156490714,5.0,13.0,2.0,-1.0,1.0,0.0,0.96875,0.96875,False,False
Betsey Johnson,Tony Dovolani,Fashion Designer,Connecticut,United States,72,Eliminated Week 4,10,29.0,7.25,6.0,10,19,4,5,single_elimination,True,0.090625,0.09078804762520849,10.0,0.1814130476252085,1.0,16.0,1.0,-4.0,4.0,0.0,0.109375,0.109375,True,True
Tommy Chong,Peta Murgatroyd,Comedian,,Canada,76,Eliminated Week 10,5,28.0,7.0,8.0,10,19,4,5,single_elimination,False,0.0875,0.09993313235089944,5.0,0.18743313235089942,4.0,13.0,2.0,3.0,3.0,0.0031250000000000028,0.971875,0.96875,False,False
Michael Waltrip,Emma Slater,Racing Driver,Kentucky,United States,51,Eliminated Week 8,7,25.0,6.25,9.0,10,19,4,5,single_elimination,False,0.078125,0.10328805163159215,2.0,0.18141305163159216,3.0,11.0,5.0,7.0,7.0,0.012499999999999997,0.98125,0.96875,False,False
Jonathan Bennett,Allison Holker,Actor/Actress,Ohio,United States,33,Eliminated Week 6,9,24.0,6.0,10.0,10,19,4,5,single_elimination,False,0.075,0.10641305065332526,1.0,0.18141305065332525,2.0,11.0,5.0,9.0,9.0,0.015625,0.984375,0.96875,False,False
Alfonso Ribeiro,Witney Carson,Actor/Actress,New York,United States,42,1st Place,1,39.0,9.75,1.0,9,19,6,7,single_elimination,False,0.13310580204778158,0.11105121091170342,4.0,0.244157012959485,9.0,5.0,8.0,-3.0,3.0,0.0,0.9658703071672355,0.9658703071672355,False,False
Bethany Mota,Derek Hough,Social Media Personality,California,United States,18,Eliminated Week 11,4,36.0,9.0,2.0,9,19,6,7,single_elimination,False,0.12286689419795221,0.11105462646990413,3.0,0.23392152066785635,8.0,5.0,8.0,-1.0,1.0,0.0,0.9658703071672355,0.9658703071672355,False,False
Sadie Robertson,Mark Ballas,TV Personality,Louisiana,United States,17,2nd Place,2,35.0,8.75,3.0,9,19,6,7,single_elimination,False,0.11945392491467577,0.1110406246679625,8.0,0.23049454958263826,7.0,11.0,4.0,-5.0,5.0,0.0,0.9658703071672355,0.9658703071672355,False,False
Janel Parrish,Valentin Chmerkovskiy,Actor/Actress,Hawaii,United States,25,3rd Place,3,33.0,8.25,4.0,9,19,6,7,single_elimination,False,0.11262798634812286,0.11104708748401097,5.0,0.22367507383213384,6.0,9.0,6.0,-1.0,1.0,0.0,0.9658703071672355,0.9658703071672355,False,False
Jonathan Bennett,Allison Holker,Actor/Actress,Ohio,United States,33,Eliminated Week 6,9,32.0,8.0,5.0,9,19,6,7,single_elimination,True,0.10921501706484642,0.10213967690314608,9.0,0.2113546939679925,1.0,14.0,1.0,-4.0,4.0,0.0,0.1130072051573758,0.1130072051573758,True,True
Lea Thompson,Artem Chigvintsev,Actor/Actress,Minnesota,United States,53,Eliminated Week 9,6,32.0,8.0,5.0,9,19,6,7,single_elimination,False,0.10921501706484642,0.1110409173596692,7.0,0.22025593442451563,5.0,12.0,3.0,-2.0,2.0,0.0,0.9658703071672355,0.9658703071672355,False,False
Michael Waltrip,Emma Slater,Racing Driver,Kentucky,United States,51,Eliminated Week 8,7,30.0,7.5,7.0,9,19,6,7,single_elimination,False,0.10238907849829351,0.11104273878544123,6.0,0.21343181728373473,4.0,13.0,2.0,1.0,1.0,0.006825938566552905,0.9726962457337884,0.9658703071672355,False,False
Antonio Sabato Jr.,Cheryl Burke,Actor/Actress,,Italy,42,Eliminated Week 7,8,28.0,7.0,8.0,9,19,6,7,single_elimination,False,0.09556313993174062,0.11579155831880361,2.0,0.21135469825054423,2.0,10.0,5.0,6.0,6.0,0.013651877133105797,0.9795221843003413,0.9658703071672355,False,False
Tommy Chong,Peta Murgatroyd,Comedian,,Canada,76,Eliminated Week 10,5,28.0,7.0,8.0,9,19,6,7,single_elimination,False,0.09556313993174062,0.11579155832831256,1.0,0.21135469826005318,3.0,9.0,6.0,7.0,7.0,0.013651877133105797,0.9795221843003413,0.9658703071672355,False,False
Bethany Mota,Derek Hough,Social Media Personality,California,United States,18,Eliminated Week 11,4,37.5,9.375,1.0,8,19,7,8,single_elimination,False,0.1450676982591876,0.1250067160864459,2.0,0.2700744143456335,8.0,3.0,8.0,-1.0,1.0,0.0,0.9941972920696325,0.9941972920696325,False,False
Lea Thompson,Artem Chigvintsev,Actor/Actress,Minnesota,United States,53,Eliminated Week 9,6,35.0,8.75,2.0,8,19,7,8,single_elimination,False,0.13539651837524178,0.1249898335772775,5.0,0.26038635195251925,7.0,7.0,7.0,-3.0,3.0,0.0,0.9941972920696325,0.9941972920696325,False,False
Alfonso Ribeiro,Witney Carson,Actor/Actress,New York,United States,42,1st Place,1,34.0,8.5,3.0,8,19,7,8,single_elimination,False,0.13152804642166344,0.12497250691959706,7.0,0.2565005533412605,6.0,10.0,3.0,-4.0,4.0,0.0,0.9941972920696325,0.9941972920696325,False,False
Janel Parrish,Valentin Chmerkovskiy,Actor/Actress,Hawaii,United States,25,3rd Place,3,33.5,8.375,4.0,8,19,7,8,single_elimination,False,0.12959381044487428,0.12499302187274347,4.0,0.25458683231761775,5.0,8.0,5.0,0.0,0.0,0.0,0.9941972920696325,0.9941972920696325,False,False
Sadie Robertson,Mark Ballas,TV Personality,Louisiana,United States,17,2nd Place,2,31.0,7.75,5.0,8,19,7,8,single_elimination,False,0.11992263056092843,0.12500456012148675,3.0,0.2449271906824152,4.0,8.0,5.0,2.0,2.0,0.0,0.9941972920696325,0.9941972920696325,False,False
Tommy Chong,Peta Murgatroyd,Comedian,,Canada,76,Eliminated Week 10,5,30.0,7.5,6.0,8,19,7,8,single_elimination,False,0.11605415860735009,0.12498658526599497,6.0,0.24104074387334506,3.0,12.0,2.0,0.0,0.0,0.0,0.9941972920696325,0.9941972920696325,False,False
Antonio Sabato Jr.,Cheryl Burke,Actor/Actress,,Italy,42,Eliminated Week 7,8,29.5,7.375,7.0,8,19,7,8,single_elimination,True,0.11411992263056092,0.12212202363816356,8.0,0.23624194626872447,1.0,15.0,1.0,-1.0,1.0,0.0,0.13588007736943905,0.13588007736943905,True,True
Michael Waltrip,Emma Slater,Racing Driver,Kentucky,United States,51,Eliminated Week 8,7,28.0,7.0,8.0,8,19,7,8,single_elimination,False,0.10831721470019343,0.12792475105018344,1.0,0.23624196575037687,2.0,9.0,4.0,7.0,7.0,0.0058027079303674955,1.0,0.9941972920696325,False,False
Janel Parrish,Valentin Chmerkovskiy,Actor/Actress,Hawaii,United States,25,3rd Place,3,43.0,10.75,1.0,7,19,8,9,single_elimination,False,0.17338709677419356,0.14285640963984336,4.0,0.3162435064140369,7.0,5.0,6.0,-3.0,3.0,0.0,1.0,1.0,False,False
Alfonso Ribeiro,Witney Carson,Actor/Actress,New York,United States,42,1st Place,1,41.0,10.25,2.0,7,19,8,9,single_elimination,False,0.16532258064516128,0.14286377144885157,1.0,0.30818635209401285,6.0,3.0,7.0,1.0,1.0,0.0,1.0,1.0,False,False
Bethany Mota,Derek Hough,Social Media Personality,California,United States,18,Eliminated Week 11,4,40.0,10.0,3.0,7,19,8,9,single_elimination,False,0.16129032258064516,0.14285813717897167,3.0,0.3041484597596168,5.0,6.0,5.0,0.0,0.0,0.0,1.0,1.0,False,False
Sadie Robertson,Mark Ballas,TV Personality,Louisiana,United States,17,2nd Place,2,38.0,9.5,4.0,7,19,8,9,single_elimination,False,0.1532258064516129,0.14285389595930387,5.0,0.29607970241091675,4.0,9.0,3.0,-1.0,1.0,0.0,1.0,1.0,False,False
Lea Thompson,Artem Chigvintsev,Actor/Actress,Minnesota,United States,53,Eliminated Week 9,6,32.0,8.0,5.0,7,19,8,9,single_elimination,False,0.12903225806451613,0.14286188350545925,2.0,0.2718941415699754,3.0,7.0,4.0,3.0,3.0,0.0,1.0,1.0,False,False
Tommy Chong,Peta Murgatroyd,Comedian,,Canada,76,Eliminated Week 10,5,29.0,7.25,6.0,7,19,8,9,single_elimination,False,0.11693548387096774,0.14285273560387557,7.0,0.2597882194748433,2.0,13.0,1.0,-1.0,1.0,0.0,1.0,1.0,False,True
Michael Waltrip,Emma Slater,Racing Driver,Kentucky,United States,51,Eliminated Week 8,7,25.0,6.25,7.0,7,19,8,9,single_elimination,True,0.10080645161290322,0.14285316635377246,6.0,0.24365961796667568,1.0,13.0,1.0,1.0,1.0,0.0,0.1849078341013825,0.1849078341013825,True,False
Alfonso Ribeiro,Witney Carson,Actor/Actress,New York,United States,42,1st Place,1,38.5,9.625,1.0,6,19,9,10,single_elimination,False,0.17990654205607476,0.16643278096251737,3.0,0.34633932301859216,5.0,4.0,5.0,-2.0,2.0,0.0,0.969626168224299,0.969626168224299,False,False
Janel Parrish,Valentin Chmerkovskiy,Actor/Actress,Hawaii,United States,25,3rd Place,3,38.5,9.625,1.0,6,19,9,10,single_elimination,False,0.17990654205607476,0.16643278096251737,3.0,0.34633932301859216,5.0,4.0,5.0,-2.0,2.0,0.0,0.969626168224299,0.969626168224299,False,False
Bethany Mota,Derek Hough,Social Media Personality,California,United States,18,Eliminated Week 11,4,37.0,9.25,3.0,6,19,9,10,single_elimination,False,0.17289719626168223,0.16643842182367938,2.0,0.3393356180853616,4.0,5.0,4.0,1.0,1.0,0.0,0.969626168224299,0.969626168224299,False,False
Sadie Robertson,Mark Ballas,TV Personality,Louisiana,United States,17,2nd Place,2,36.5,9.125,4.0,6,19,9,10,single_elimination,False,0.1705607476635514,0.1664310378058101,5.0,0.3369917854693615,3.0,9.0,2.0,-1.0,1.0,0.0,0.969626168224299,0.969626168224299,False,False
Lea Thompson,Artem Chigvintsev,Actor/Actress,Minnesota,United States,53,Eliminated Week 9,6,35.0,8.75,5.0,6,19,9,10,single_elimination,True,0.16355140186915887,0.15194557139455978,6.0,0.3154969732637186,1.0,11.0,1.0,-1.0,1.0,0.0,0.16978193146417445,0.16978193146417445,True,True
Tommy Chong,Peta Murgatroyd,Comedian,,Canada,76,Eliminated Week 10,5,28.5,7.125,6.0,6,19,9,10,single_elimination,False,0.13317757009345793,0.1823194065016713,1.0,0.3154969765951292,2.0,7.0,3.0,5.0,5.0,0.030373831775700938,1.0,0.969626168224299,False,False
Janel Parrish,Valentin Chmerkovskiy,Actor/Actress,Hawaii,United States,25,3rd Place,3,39.0,9.75,1.0,5,19,10,11,single_elimination,False,0.2136986301369863,0.19999916406295337,2.0,0.4136977941999397,5.0,3.0,5.0,-1.0,1.0,0.0,1.0,1.0,False,False
Bethany Mota,Derek Hough,Social Media Personality,California,United States,18,Eliminated Week 11,4,38.0,9.5,2.0,5,19,10,11,single_elimination,False,0.20821917808219179,0.1999977343928168,3.0,0.4082169124750086,4.0,5.0,3.0,-1.0,1.0,0.0,1.0,1.0,False,False
Alfonso Ribeiro,Witney Carson,Actor/Actress,New York,United States,42,1st Place,1,37.5,9.375,3.0,5,19,10,11,single_elimination,False,0.2054794520547945,0.20001248069934274,1.0,0.40549193275413725,3.0,4.0,4.0,2.0,2.0,0.0,1.0,1.0,False,False
Sadie Robertson,Mark Ballas,TV Personality,Louisiana,United States,17,2nd Place,2,37.0,9.25,4.0,5,19,10,11,single_elimination,False,0.20273972602739726,0.19999551483036346,4.0,0.4027352408577607,2.0,8.0,2.0,0.0,0.0,0.0,1.0,1.0,False,False
Tommy Chong,Peta Murgatroyd,Comedian,,Canada,76,Eliminated Week 10,5,31.0,7.75,5.0,5,19,10,11,single_elimination,True,0.16986301369863013,0.19999510504838267,5.0,0.3698581187470128,1.0,10.0,1.0,0.0,0.0,0.0,0.2301369863013699,0.2301369863013699,True,True
Nastia Liukin,Derek Hough,Athlete,,Russia,25,Eliminated Week 9,4,34.0,8.5,1.0,12,20,2,3,single_elimination,False,0.09798270893371758,0.08313075898480385,7.0,0.18111346791852143,12.0,8.0,9.0,-6.0,6.0,0.0,0.9106628242074927,0.9106628242074927,False,False
Riker Lynch,Allison Holker,Actor/Actress,Colorado,United States,23,2nd Place,2,32.0,8.0,2.0,12,20,2,3,single_elimination,False,0.09221902017291066,0.08313396230677389,4.0,0.17535298247968456,9.0,6.0,10.0,-2.0,2.0,0.0,0.9106628242074927,0.9106628242074927,False,False
Rumer Willis,Valentin Chmerkovskiy,Actor/Actress,Kentucky,United States,26,1st Place,1,32.0,8.0,2.0,12,20,2,3,single_elimination,False,0.09221902017291066,0.08313396230677389,4.0,0.17535298247968456,9.0,6.0,10.0,-2.0,2.0,0.0,0.9106628242074927,0.9106628242074927,False,False
Willow Shields,Mark Ballas,Actor/Actress,New Mexico,United States,14,Eliminated Week 7,7,32.0,8.0,2.0,12,20,2,3,single_elimination,False,0.09221902017291066,0.08313396230677389,4.0,0.17535298247968456,9.0,6.0,10.0,-2.0,2.0,0.0,0.9106628242074927,0.9106628242074927,False,False
Redfoo,Emma Slater,Singer/Rapper,California,United States,39,Eliminated Week 2,12,31.0,7.75,5.0,12,20,2,3,single_elimination,True,0.0893371757925072,0.06954297598329913,12.0,0.15888015177580633,1.0,17.0,1.0,-7.0,7.0,0.0,0.07732949087415945,0.07732949087415945,True,True
Michael Sam,Peta Murgatroyd,Athlete,Texas,United States,25,Eliminated Week 4,10,28.0,7.0,6.0,12,20,2,3,single_elimination,False,0.08069164265129683,0.08311903544261319,8.0,0.16381067809391003,5.0,14.0,2.0,-2.0,2.0,0.008645533141210374,0.9193083573487031,0.9106628242074927,False,False
Patti LaBelle,Artem Chigvintsev,Singer/Rapper,Pennsylvania,United States,70,Eliminated Week 6,8,28.0,7.0,6.0,12,20,2,3,single_elimination,False,0.08069164265129683,0.08311903544261319,8.0,0.16381067809391003,5.0,14.0,2.0,-2.0,2.0,0.008645533141210374,0.9193083573487031,0.9106628242074927,False,False
Robert Herjavec,Kym Johnson,Entrepreneur,,Croatia,52,Eliminated Week 8,6,28.0,7.0,6.0,12,20,2,3,single_elimination,False,0.08069164265129683,0.08311903544261319,8.0,0.16381067809391003,5.0,14.0,2.0,-2.0,2.0,0.008645533141210374,0.9193083573487031,0.9106628242074927,False,False
Suzanne Somers,Tony Dovolani,Actor/Actress,California,United States,68,Eliminated Week 5,9,28.0,7.0,6.0,12,20,2,3,single_elimination,False,0.08069164265129683,0.08311903544261319,8.0,0.16381067809391003,5.0,14.0,2.0,-2.0,2.0,0.008645533141210374,0.9193083573487031,0.9106628242074927,False,False
Noah Galloway,Sharna Burgess,Motivational Speaker,Alabama,United States,33,3rd Place,3,27.0,6.75,10.0,12,20,2,3,single_elimination,False,0.07780979827089338,0.08313450292038345,3.0,0.16094430119127684,4.0,13.0,6.0,7.0,7.0,0.011527377521613827,0.9221902017291065,0.9106628242074927,False,False
Charlotte McKinney,Keo Motsepe,Model,Florida,United States,21,Eliminated Week 3,11,26.0,6.5,11.0,12,20,2,3,single_elimination,False,0.07492795389048991,0.08395230751201502,2.0,0.15888026140250494,3.0,13.0,6.0,9.0,9.0,0.014409221902017294,0.92507204610951,0.9106628242074927,False,False
Chris Soules,Witney Carson,TV Personality,Iowa,United States,33,Eliminated Week 8,5,21.0,5.25,12.0,12,20,2,3,single_elimination,False,0.06051873198847262,0.09836142444251686,1.0,0.1588801564309895,2.0,13.0,6.0,11.0,11.0,0.02881844380403458,0.9394812680115272,0.9106628242074927,False,False
Nastia Liukin,Derek Hough,Athlete,,Russia,25,Eliminated Week 9,4,34.0,8.5,1.0,11,20,3,4,single_elimination,False,0.10862619808306709,0.09091974885236334,1.0,0.19954594693543043,10.0,2.0,10.0,0.0,0.0,0.0,1.0,1.0,False,False
Riker Lynch,Allison Holker,Actor/Actress,Colorado,United States,23,2nd Place,2,34.0,8.5,1.0,11,20,3,4,single_elimination,False,0.10862619808306709,0.09091974885236334,1.0,0.19954594693543043,10.0,2.0,10.0,0.0,0.0,0.0,1.0,1.0,False,False
Rumer Willis,Valentin Chmerkovskiy,Actor/Actress,Kentucky,United States,26,1st Place,1,33.0,8.25,3.0,11,20,3,4,single_elimination,False,0.10543130990415335,0.09089975703170265,9.0,0.196331066935856,9.0,12.0,6.0,-6.0,6.0,0.0,1.0,1.0,False,False
Willow Shields,Mark Ballas,Actor/Actress,New Mexico,United States,14,Eliminated Week 7,7,32.0,8.0,4.0,11,20,3,4,single_elimination,False,0.10223642172523961,0.09091019622405501,4.0,0.1931466179492946,8.0,8.0,8.0,0.0,0.0,0.0,1.0,1.0,False,False
Noah Galloway,Sharna Burgess,Motivational Speaker,Alabama,United States,33,3rd Place,3,30.0,7.5,5.0,11,20,3,4,single_elimination,False,0.09584664536741214,0.09091752931104859,3.0,0.18676417467846074,7.0,8.0,8.0,2.0,2.0,0.0,1.0,1.0,False,False
Robert Herjavec,Kym Johnson,Entrepreneur,,Croatia,52,Eliminated Week 8,6,29.0,7.25,6.0,11,20,3,4,single_elimination,False,0.0926517571884984,0.0908997328643509,10.0,0.1835514900528493,6.0,16.0,3.0,-4.0,4.0,0.0,1.0,1.0,False,False
Chris Soules,Witney Carson,TV Personality,Iowa,United States,33,Eliminated Week 8,5,28.0,7.0,7.0,11,20,3,4,single_elimination,False,0.08945686900958466,0.09090985532450786,5.0,0.1803667243340925,5.0,12.0,6.0,2.0,2.0,0.0,1.0,1.0,False,False
Suzanne Somers,Tony Dovolani,Actor/Actress,California,United States,68,Eliminated Week 5,9,25.0,6.25,8.0,11,20,3,4,single_elimination,False,0.07987220447284345,0.09090825903803909,7.0,0.17078046351088255,4.0,15.0,5.0,1.0,1.0,0.0,1.0,1.0,False,False
Michael Sam,Peta Murgatroyd,Athlete,Texas,United States,25,Eliminated Week 4,10,24.0,6.0,9.0,11,20,3,4,single_elimination,False,0.07667731629392971,0.09090808717972666,8.0,0.16758540347365636,3.0,17.0,2.0,1.0,1.0,0.0,1.0,1.0,False,False
Charlotte McKinney,Keo Motsepe,Model,Florida,United States,21,Eliminated Week 3,11,22.0,5.5,10.0,11,20,3,4,single_elimination,True,0.07028753993610223,0.09089806786741186,11.0,0.1611856078035141,1.0,21.0,1.0,-1.0,1.0,0.0,0.11153064188207958,0.11153064188207958,True,True
Patti LaBelle,Artem Chigvintsev,Singer/Rapper,Pennsylvania,United States,70,Eliminated Week 6,8,22.0,5.5,10.0,11,20,3,4,single_elimination,False,0.07028753993610223,0.09090901610905387,6.0,0.1611965560451561,2.0,16.0,3.0,4.0,4.0,0.0,1.0,1.0,False,False
Willow Shields,Mark Ballas,Actor/Actress,New Mexico,United States,14,Eliminated Week 7,7,39.0,9.75,1.0,10,20,4,5,single_elimination,False,0.12,0.09997307479398984,6.0,0.21997307479398984,10.0,7.0,9.0,-5.0,5.0,0.0,0.9846153846153846,0.9846153846153846,False,False
Nastia Liukin,Derek Hough,Athlete,,Russia,25,Eliminated Week 9,4,36.0,9.0,2.0,10,20,4,5,single_elimination,False,0.11076923076923077,0.09998150483733514,4.0,0.21075073560656593,9.0,6.0,10.0,-2.0,2.0,0.0,0.9846153846153846,0.9846153846153846,False,False
Rumer Willis,Valentin Chmerkovskiy,Actor/Actress,Kentucky,United States,26,1st Place,1,35.0,8.75,3.0,10,20,4,5,single_elimination,False,0.1076923076923077,0.09996962846120386,9.0,0.20766193615351156,8.0,12.0,2.0,-6.0,6.0,0.0,0.9846153846153846,0.9846153846153846,False,False
Riker Lynch,Allison Holker,Actor/Actress,Colorado,United States,23,2nd Place,2,34.0,8.5,4.0,10,20,4,5,single_elimination,False,0.10461538461538461,0.0999722773552831,7.0,0.20458766197066772,6.0,11.0,4.0,-3.0,3.0,0.0,0.9846153846153846,0.9846153846153846,False,False
Robert Herjavec,Kym Johnson,Entrepreneur,,Croatia,52,Eliminated Week 8,6,34.0,8.5,4.0,10,20,4,5,single_elimination,False,0.10461538461538461,0.0999722773552831,7.0,0.20458766197066772,6.0,11.0,4.0,-3.0,3.0,0.0,0.9846153846153846,0.9846153846153846,False,False
Noah Galloway,Sharna Burgess,Motivational Speaker,Alabama,United States,33,3rd Place,3,32.0,8.0,6.0,10,20,4,5,single_elimination,False,0.09846153846153846,0.09998995690426736,3.0,0.1984514953658058,5.0,9.0,8.0,3.0,3.0,0.0,0.9846153846153846,0.9846153846153846,False,False
Michael Sam,Peta Murgatroyd,Athlete,Texas,United States,25,Eliminated Week 4,10,30.0,7.5,7.0,10,20,4,5,single_elimination,True,0.09230769230769231,0.09492655416097581,10.0,0.18723424646866813,1.0,17.0,1.0,-3.0,3.0,0.0,0.10769230769230768,0.10769230769230768,True,True
Patti LaBelle,Artem Chigvintsev,Singer/Rapper,Pennsylvania,United States,70,Eliminated Week 6,8,30.0,7.5,7.0,10,20,4,5,single_elimination,False,0.09230769230769231,0.09997687449637181,5.0,0.19228456680406414,4.0,12.0,2.0,2.0,2.0,0.0,0.9846153846153846,0.9846153846153846,False,False
Suzanne Somers,Tony Dovolani,Actor/Actress,California,United States,68,Eliminated Week 5,9,28.0,7.0,9.0,10,20,4,5,single_elimination,False,0.08615384615384615,0.10108051758112346,2.0,0.1872343637349696,3.0,11.0,4.0,7.0,7.0,0.0061538461538461625,0.9907692307692307,0.9846153846153846,False,False
Chris Soules,Witney Carson,TV Personality,Iowa,United States,33,Eliminated Week 8,5,27.0,6.75,10.0,10,20,4,5,single_elimination,False,0.08307692307692308,0.10415733242015518,1.0,0.18723425549707826,2.0,11.0,4.0,9.0,9.0,0.009230769230769237,0.9938461538461538,0.9846153846153846,False,False
Rumer Willis,Valentin Chmerkovskiy,Actor/Actress,Kentucky,United States,26,1st Place,1,39.0,9.75,1.0,9,20,5,6,single_elimination,False,0.13780918727915195,0.11106813821024573,2.0,0.24887732548939767,9.0,3.0,9.0,-1.0,1.0,0.0,0.9787985865724381,0.9787985865724381,False,False
Nastia Liukin,Derek Hough,Athlete,,Russia,25,Eliminated Week 9,4,38.0,9.5,2.0,9,20,5,6,single_elimination,False,0.13427561837455831,0.11105409444274407,6.0,0.24532971281730237,7.0,8.0,6.0,-4.0,4.0,0.0,0.9787985865724381,0.9787985865724381,False,False
Riker Lynch,Allison Holker,Actor/Actress,Colorado,United States,23,2nd Place,2,38.0,9.5,2.0,9,20,5,6,single_elimination,False,0.13427561837455831,0.11105409444274407,6.0,0.24532971281730237,7.0,8.0,6.0,-4.0,4.0,0.0,0.9787985865724381,0.9787985865724381,False,False
Willow Shields,Mark Ballas,Actor/Actress,New Mexico,United States,14,Eliminated Week 7,7,34.0,8.5,4.0,9,20,5,6,single_elimination,False,0.12014134275618374,0.1110492855245734,8.0,0.23119062828075715,6.0,12.0,2.0,-4.0,4.0,0.0,0.9787985865724381,0.9787985865724381,False,False
Noah Galloway,Sharna Burgess,Motivational Speaker,Alabama,United States,33,3rd Place,3,28.0,7.0,5.0,9,20,5,6,single_elimination,False,0.0989399293286219,0.11106714054747496,3.0,0.21000706987609685,5.0,8.0,6.0,2.0,2.0,0.0,0.9787985865724381,0.9787985865724381,False,False
Suzanne Somers,Tony Dovolani,Actor/Actress,California,United States,68,Eliminated Week 5,9,28.0,7.0,5.0,9,20,5,6,single_elimination,True,0.0989399293286219,0.1042200571107224,9.0,0.2031599864393443,1.0,14.0,1.0,-4.0,4.0,0.0,0.12328229289360032,0.12328229289360032,True,True
Chris Soules,Witney Carson,TV Personality,Iowa,United States,33,Eliminated Week 8,5,27.0,6.75,7.0,9,20,5,6,single_elimination,False,0.09540636042402827,0.11106642546791154,4.0,0.2064727858919398,3.0,11.0,3.0,3.0,3.0,0.003533568904593637,0.9823321554770318,0.9787985865724381,False,False
Patti LaBelle,Artem Chigvintsev,Singer/Rapper,Pennsylvania,United States,70,Eliminated Week 6,8,27.0,6.75,7.0,9,20,5,6,single_elimination,False,0.09540636042402827,0.11106642546791154,4.0,0.2064727858919398,3.0,11.0,3.0,3.0,3.0,0.003533568904593637,0.9823321554770318,0.9787985865724381,False,False
Robert Herjavec,Kym Johnson,Entrepreneur,,Croatia,52,Eliminated Week 8,6,24.0,6.0,9.0,9,20,5,6,single_elimination,False,0.08480565371024736,0.11835433772163823,1.0,0.20315999143188557,2.0,10.0,5.0,8.0,8.0,0.014134275618374548,0.9929328621908127,0.9787985865724381,False,False
Riker Lynch,Allison Holker,Actor/Actress,Colorado,United States,23,2nd Place,2,38.0,9.5,1.0,8,20,6,7,single_elimination,False,0.13427561837455831,0.12499345404777512,6.0,0.25926907242233344,8.0,7.0,5.0,-5.0,5.0,0.0,0.9982332155477032,0.9982332155477032,False,False
Nastia Liukin,Derek Hough,Athlete,,Russia,25,Eliminated Week 9,4,36.5,9.125,2.0,8,20,6,7,single_elimination,False,0.12897526501766785,0.12500720935084467,3.0,0.2539824743685125,6.0,5.0,7.0,-1.0,1.0,0.0,0.9982332155477032,0.9982332155477032,False,False
Willow Shields,Mark Ballas,Actor/Actress,New Mexico,United States,14,Eliminated Week 7,7,36.5,9.125,2.0,8,20,6,7,single_elimination,False,0.12897526501766785,0.12500720935084467,3.0,0.2539824743685125,6.0,5.0,7.0,-1.0,1.0,0.0,0.9982332155477032,0.9982332155477032,False,False
Rumer Willis,Valentin Chmerkovskiy,Actor/Actress,Kentucky,United States,26,1st Place,1,35.5,8.875,4.0,8,20,6,7,single_elimination,False,0.1254416961130742,0.12500744011003292,2.0,0.25044913622310716,5.0,6.0,6.0,2.0,2.0,0.0,0.9982332155477032,0.9982332155477032,False,False
Chris Soules,Witney Carson,TV Personality,Iowa,United States,33,Eliminated Week 8,5,35.0,8.75,5.0,8,20,6,7,single_elimination,False,0.12367491166077739,0.1250048921429471,5.0,0.2486798038037245,4.0,10.0,3.0,0.0,0.0,0.0,0.9982332155477032,0.9982332155477032,False,False
Noah Galloway,Sharna Burgess,Motivational Speaker,Alabama,United States,33,3rd Place,3,34.0,8.5,6.0,8,20,6,7,single_elimination,False,0.12014134275618374,0.1249874949406171,7.0,0.24512883769680083,3.0,13.0,2.0,-1.0,1.0,0.0,0.9982332155477032,0.9982332155477032,False,False
Patti LaBelle,Artem Chigvintsev,Singer/Rapper,Pennsylvania,United States,70,Eliminated Week 6,8,34.0,8.5,6.0,8,20,6,7,single_elimination,True,0.12014134275618374,0.12411271853665339,8.0,0.2442540612928371,1.0,14.0,1.0,-2.0,2.0,0.0,0.1298586572438163,0.1298586572438163,True,True
Robert Herjavec,Kym Johnson,Entrepreneur,,Croatia,52,Eliminated Week 8,6,33.5,8.375,8.0,8,20,6,7,single_elimination,False,0.11837455830388692,0.12587957956147539,1.0,0.24425413786536232,2.0,9.0,4.0,7.0,7.0,0.0017667844522968185,1.0,0.9982332155477032,False,False
Nastia Liukin,Derek Hough,Athlete,,Russia,25,Eliminated Week 9,4,41.0,10.25,1.0,7,20,7,8,single_elimination,False,0.16141732283464566,0.14250953921980822,5.0,0.30392686205445385,7.0,6.0,7.0,-4.0,4.0,0.0,0.9173228346456694,0.9173228346456694,False,False
Willow Shields,Mark Ballas,Actor/Actress,New Mexico,United States,14,Eliminated Week 7,7,39.0,9.75,2.0,7,20,7,8,single_elimination,True,0.15354330708661418,0.12232319315260248,7.0,0.27586650023921666,1.0,9.0,1.0,-5.0,5.0,0.0,0.13217097862767158,0.13217097862767158,True,True
Noah Galloway,Sharna Burgess,Motivational Speaker,Alabama,United States,33,3rd Place,3,38.0,9.5,3.0,7,20,7,8,single_elimination,False,0.14960629921259844,0.1425064759627545,6.0,0.29211277517535295,6.0,9.0,1.0,-3.0,3.0,0.003937007874015741,0.9212598425196852,0.9173228346456694,False,False
Riker Lynch,Allison Holker,Actor/Actress,Colorado,United States,23,2nd Place,2,37.0,9.25,4.0,7,20,7,8,single_elimination,False,0.14566929133858267,0.14251113401978516,3.0,0.28818042535836785,4.0,7.0,4.0,1.0,1.0,0.00787401574803151,0.9251968503937009,0.9173228346456694,False,False
Rumer Willis,Valentin Chmerkovskiy,Actor/Actress,Kentucky,United States,26,1st Place,1,37.0,9.25,4.0,7,20,7,8,single_elimination,False,0.14566929133858267,0.14251113401978516,3.0,0.28818042535836785,4.0,7.0,4.0,1.0,1.0,0.00787401574803151,0.9251968503937009,0.9173228346456694,False,False
Chris Soules,Witney Carson,TV Personality,Iowa,United States,33,Eliminated Week 8,5,31.0,7.75,6.0,7,20,7,8,single_elimination,False,0.1220472440944882,0.1538192614342863,2.0,0.27586650552877445,2.0,8.0,3.0,4.0,4.0,0.031496062992125984,0.9488188976377954,0.9173228346456694,False,False
Robert Herjavec,Kym Johnson,Entrepreneur,,Croatia,52,Eliminated Week 8,6,31.0,7.75,6.0,7,20,7,8,single_elimination,False,0.1220472440944882,0.1538192614401974,1.0,0.2758665055346856,3.0,7.0,4.0,5.0,5.0,0.031496062992125984,0.9488188976377954,0.9173228346456694,False,False
Rumer Willis,Valentin Chmerkovskiy,Actor/Actress,Kentucky,United States,26,1st Place,1,40.0,10.0,1.0,6,20,8,9,multi_elimination,False,0.18912529550827423,0.16666074896602318,5.0,0.3557860444742974,6.0,6.0,3.0,-4.0,4.0,0.0,0.9976359338061466,0.9976359338061466,False,False
Riker Lynch,Allison Holker,Actor/Actress,Colorado,United States,23,2nd Place,2,39.0,9.75,2.0,6,20,8,9,multi_elimination,False,0.18439716312056736,0.16666149635455565,4.0,0.35105865947512305,5.0,6.0,3.0,-2.0,2.0,0.0,0.9976359338061466,0.9976359338061466,False,False
Nastia Liukin,Derek Hough,Athlete,,Russia,25,Eliminated Week 9,4,38.0,9.5,3.0,6,20,8,9,multi_elimination,False,0.17966903073286053,0.16666545579520536,3.0,0.34633448652806587,4.0,6.0,3.0,0.0,0.0,0.0,0.9976359338061466,0.9976359338061466,False,False
Chris Soules,Witney Carson,TV Personality,Iowa,United States,33,Eliminated Week 8,5,32.0,8.0,4.0,6,20,8,9,multi_elimination,True,0.15130023640661938,0.16548960565118978,6.0,0.31678984205780913,2.0,10.0,1.0,-2.0,2.0,0.0,0.2193853427895981,0.2193853427895981,True,True
Noah Galloway,Sharna Burgess,Motivational Speaker,Alabama,United States,33,3rd Place,3,31.5,7.875,5.0,6,20,8,9,multi_elimination,False,0.14893617021276595,0.167853781103135,1.0,0.31678995131590093,3.0,6.0,3.0,4.0,4.0,0.0023640661938534313,1.0,0.9976359338061466,False,False
Robert Herjavec,Kym Johnson,Entrepreneur,,Croatia,52,Eliminated Week 8,6,31.0,7.75,6.0,6,20,8,9,multi_elimination,True,0.14657210401891252,0.1666689113357177,2.0,0.3132410153546302,1.0,8.0,2.0,4.0,4.0,0.0,0.22316784869976364,0.22316784869976364,True,True
Nastia Liukin,Derek Hough,Athlete,,Russia,25,Eliminated Week 9,4,40.0,10.0,1.0,4,20,9,10,single_elimination,True,0.25477707006369427,0.2436380348931905,4.0,0.4984151049568848,1.0,5.0,1.0,-3.0,3.0,0.0,0.24522292993630573,0.24522292993630573,True,True
Riker Lynch,Allison Holker,Actor/Actress,Colorado,United States,23,2nd Place,2,40.0,10.0,1.0,4,20,9,10,single_elimination,False,0.25477707006369427,0.24997110336985012,3.0,0.5047481734335444,4.0,4.0,4.0,-2.0,2.0,0.0,0.9808917197452229,0.9808917197452229,False,False
Rumer Willis,Valentin Chmerkovskiy,Actor/Actress,Kentucky,United States,26,1st Place,1,39.0,9.75,3.0,4,20,9,10,single_elimination,False,0.2484076433121019,0.25001395388683934,2.0,0.49842159719894125,3.0,5.0,1.0,1.0,1.0,0.006369426751592355,0.9872611464968153,0.9808917197452229,False,False
Noah Galloway,Sharna Burgess,Motivational Speaker,Alabama,United States,33,3rd Place,3,38.0,9.5,4.0,4,20,9,10,single_elimination,False,0.24203821656050956,0.2563769067140629,1.0,0.49841512327457244,2.0,5.0,1.0,3.0,3.0,0.01273885350318471,0.9936305732484076,0.9808917197452229,False,False
Tamar Braxton,Valentin Chmerkovskiy,Singer/Rapper,Maryland,United States,38,Withdrew,5,24.5,8.166666666666666,1.0,13,21,2,3,multi_elimination,False,0.09057301293900184,0.07689972229447024,11.0,0.1674727352334721,13.0,12.0,7.0,-10.0,10.0,0.0,0.9926062846580407,0.9926062846580407,False,False
Bindi Irwin,Derek Hough,TV Personality,,Australia,17,1st Place,1,24.0,8.0,2.0,13,21,2,3,multi_elimination,False,0.08872458410351201,0.07691157006323353,2.0,0.16563615416674554,12.0,4.0,13.0,0.0,0.0,0.0,0.9926062846580407,0.9926062846580407,False,False
Alexa PenaVega,Mark Ballas,Actor/Actress,Florida,United States,27,Eliminated Week 9,6,23.0,7.666666666666667,3.0,13,21,2,3,multi_elimination,False,0.08502772643253234,0.07690358589080218,9.0,0.16193131232333452,11.0,12.0,7.0,-6.0,6.0,0.0,0.9926062846580407,0.9926062846580407,False,False
Alek Skarlatos,Lindsay Arnold,Military,California,United States,22,3rd Place,3,22.5,7.5,4.0,13,21,2,3,multi_elimination,False,0.08317929759704251,0.07690421282486927,5.0,0.16008351042191177,7.0,9.0,9.0,-1.0,1.0,0.0,0.9926062846580407,0.9926062846580407,False,False
Carlos PenaVega,Witney Carson,Actor/Actress,Missouri,United States,26,Eliminated Week 11,4,22.5,7.5,4.0,13,21,2,3,multi_elimination,False,0.08317929759704251,0.07690421282486927,5.0,0.16008351042191177,7.0,9.0,9.0,-1.0,1.0,0.0,0.9926062846580407,0.9926062846580407,False,False
Hayes Grier,Emma Slater,Social Media Personality,North Carolina,United States,15,Eliminated Week 7,8,22.5,7.5,4.0,13,21,2,3,multi_elimination,False,0.08317929759704251,0.07690421282486927,5.0,0.16008351042191177,7.0,9.0,9.0,-1.0,1.0,0.0,0.9926062846580407,0.9926062846580407,False,False
Nick Carter,Sharna Burgess,Singer/Rapper,New York,United States,35,2nd Place,2,22.5,7.5,4.0,13,21,2,3,multi_elimination,False,0.08317929759704251,0.07690421282486927,5.0,0.16008351042191177,7.0,9.0,9.0,-1.0,1.0,0.0,0.9926062846580407,0.9926062846580407,False,False
Andy Grammer,Allison Holker,Singer/Rapper,California,United States,31,Eliminated Week 8,7,22.0,7.333333333333333,8.0,13,21,2,3,multi_elimination,False,0.08133086876155268,0.07690321053084344,10.0,0.15823407929239613,6.0,18.0,3.0,-2.0,2.0,0.0,0.9926062846580407,0.9926062846580407,False,True
Kim Zolciak-Biermann,Tony Dovolani,TV Personality,Florida,United States,37,Withdrew,11,18.5,6.166666666666667,9.0,13,21,2,3,multi_elimination,True,0.06839186691312385,0.07451869934364745,13.0,0.1429105662567713,2.0,22.0,1.0,-4.0,4.0,0.0,0.10216770290707447,0.10216770290707447,True,True
Paula Deen,Louis van Amstel,TV Personality,Georgia,United States,68,Eliminated Week 6,9,18.5,6.166666666666667,9.0,13,21,2,3,multi_elimination,False,0.06839186691312385,0.07690485298566689,4.0,0.14529671989879073,5.0,13.0,5.0,5.0,5.0,0.0,0.9926062846580407,0.9926062846580407,False,False
Victor Espinoza,Karina Smirnoff,Athlete,,Mexico,43,Eliminated Week 2,12,18.5,6.166666666666667,9.0,13,21,2,3,multi_elimination,True,0.06839186691312385,0.07451869945212541,12.0,0.14291056636524926,3.0,21.0,2.0,-3.0,3.0,0.0,0.10216770290707447,0.10216770290707447,True,True
Gary Busey,Anna Trebunskaya,Actor/Actress,Texas,United States,71,Eliminated Week 4,10,16.5,5.5,12.0,13,21,2,3,multi_elimination,False,0.06099815157116451,0.08191242142558461,1.0,0.1429105729967491,4.0,13.0,5.0,11.0,11.0,0.007393715341959428,1.0,0.9926062846580406,False,False
Chaka Khan,Keo Motsepe,Singer/Rapper,Illinois,United States,62,Eliminated Week 2,13,15.0,5.0,13.0,13,21,2,3,multi_elimination,True,0.05545286506469501,0.07691038570280245,3.0,0.13236325076749747,1.0,16.0,4.0,10.0,10.0,0.0,0.11393043186019153,0.11393043186019153,True,False
Bindi Irwin,Derek Hough,TV Personality,,Australia,17,1st Place,1,28.0,9.333333333333334,1.0,10,21,4,5,single_elimination,False,0.11864406779661017,0.10000054494383745,1.0,0.2186446127404476,10.0,2.0,10.0,0.0,0.0,0.0,1.0,1.0,False,False
Hayes Grier,Emma Slater,Social Media Personality,North Carolina,United States,15,Eliminated Week 7,8,27.0,9.0,2.0,10,21,4,5,single_elimination,False,0.11440677966101695,0.09999970978102996,8.0,0.2144064894420469,7.0,10.0,5.0,-6.0,6.0,0.0,1.0,1.0,False,False
Nick Carter,Sharna Burgess,Singer/Rapper,New York,United States,35,2nd Place,2,27.0,9.0,2.0,10,21,4,5,single_elimination,False,0.11440677966101695,0.09999970978102996,8.0,0.2144064894420469,7.0,10.0,5.0,-6.0,6.0,0.0,1.0,1.0,False,False
Tamar Braxton,Valentin Chmerkovskiy,Singer/Rapper,Maryland,United States,38,Withdrew,5,27.0,9.0,2.0,10,21,4,5,single_elimination,False,0.11440677966101695,0.09999970978102996,8.0,0.2144064894420469,7.0,10.0,5.0,-6.0,6.0,0.0,1.0,1.0,False,False
Carlos PenaVega,Witney Carson,Actor/Actress,Missouri,United States,26,Eliminated Week 11,4,25.0,8.333333333333334,5.0,10,21,4,5,single_elimination,False,0.1059322033898305,0.09999972333738358,7.0,0.20593192672721408,6.0,12.0,3.0,-2.0,2.0,0.0,1.0,1.0,False,False
Alek Skarlatos,Lindsay Arnold,Military,California,United States,22,3rd Place,3,24.0,8.0,6.0,10,21,4,5,single_elimination,False,0.1016949152542373,0.10000010169462319,4.0,0.2016950169488605,5.0,10.0,5.0,2.0,2.0,0.0,1.0,1.0,False,False
Andy Grammer,Allison Holker,Singer/Rapper,California,United States,31,Eliminated Week 8,7,23.0,7.666666666666667,7.0,10,21,4,5,single_elimination,False,0.09745762711864407,0.10000011613968865,3.0,0.1974577432583327,4.0,10.0,5.0,4.0,4.0,0.0,1.0,1.0,False,False
Alexa PenaVega,Mark Ballas,Actor/Actress,Florida,United States,27,Eliminated Week 9,6,21.0,7.0,8.0,10,21,4,5,single_elimination,False,0.08898305084745763,0.10000008962638574,5.0,0.18898314047384335,3.0,13.0,2.0,3.0,3.0,0.0,1.0,1.0,False,False
Paula Deen,Louis van Amstel,TV Personality,Georgia,United States,68,Eliminated Week 6,9,18.0,6.0,9.0,10,21,4,5,single_elimination,False,0.07627118644067797,0.10000004378733764,6.0,0.1762712302280156,2.0,15.0,1.0,3.0,3.0,0.0,1.0,1.0,False,True
Gary Busey,Anna Trebunskaya,Actor/Actress,Texas,United States,71,Eliminated Week 4,10,16.0,5.333333333333333,10.0,10,21,4,5,single_elimination,True,0.06779661016949153,0.10000025068706196,2.0,0.1677968608565535,1.0,12.0,3.0,8.0,8.0,0.0,0.13220338983050847,0.13220338983050847,True,False
Andy Grammer,Allison Holker,Singer/Rapper,California,United States,31,Eliminated Week 8,7,40.0,10.0,1.0,9,21,6,7,single_elimination,False,0.12779552715654952,0.11111373944115817,2.0,0.23890926659770767,7.0,3.0,7.0,-1.0,1.0,0.0,1.0,1.0,False,False
Bindi Irwin,Derek Hough,TV Personality,,Australia,17,1st Place,1,40.0,10.0,1.0,9,21,6,7,single_elimination,False,0.12779552715654952,0.11111373944115817,2.0,0.23890926659770767,7.0,3.0,7.0,-1.0,1.0,0.0,1.0,1.0,False,False
Tamar Braxton,Valentin Chmerkovskiy,Singer/Rapper,Maryland,United States,38,Withdrew,5,40.0,10.0,1.0,9,21,6,7,single_elimination,False,0.12779552715654952,0.11111373944115817,2.0,0.23890926659770767,7.0,3.0,7.0,-1.0,1.0,0.0,1.0,1.0,False,False
Nick Carter,Sharna Burgess,Singer/Rapper,New York,United States,35,2nd Place,2,39.0,9.75,4.0,9,21,6,7,single_elimination,False,0.12460063897763578,0.11110506963864576,8.0,0.23570570861628154,6.0,12.0,3.0,-4.0,4.0,0.0,1.0,1.0,False,False
Carlos PenaVega,Witney Carson,Actor/Actress,Missouri,United States,26,Eliminated Week 11,4,38.0,9.5,5.0,9,21,6,7,single_elimination,False,0.12140575079872204,0.11112070167692048,1.0,0.23252645247564252,5.0,6.0,6.0,4.0,4.0,0.0,1.0,1.0,False,False
Hayes Grier,Emma Slater,Social Media Personality,North Carolina,United States,15,Eliminated Week 7,8,32.0,8.0,6.0,9,21,6,7,single_elimination,False,0.10223642172523961,0.1111092566431624,6.0,0.21334567836840201,4.0,12.0,3.0,0.0,0.0,0.0,1.0,1.0,False,False
Alek Skarlatos,Lindsay Arnold,Military,California,United States,22,3rd Place,3,30.0,7.5,7.0,9,21,6,7,single_elimination,False,0.09584664536741214,0.11110433156584915,9.0,0.20695097693326128,2.0,16.0,1.0,-2.0,2.0,0.0,1.0,1.0,False,True
Alexa PenaVega,Mark Ballas,Actor/Actress,Florida,United States,27,Eliminated Week 9,6,30.0,7.5,7.0,9,21,6,7,single_elimination,False,0.09584664536741214,0.11111107328604708,5.0,0.20695771865345922,3.0,12.0,3.0,2.0,2.0,0.0,1.0,1.0,False,False
Paula Deen,Louis van Amstel,TV Personality,Georgia,United States,68,Eliminated Week 6,9,24.0,6.0,9.0,9,21,6,7,single_elimination,True,0.07667731629392971,0.1111083482890273,7.0,0.187785664582957,1.0,16.0,1.0,2.0,2.0,0.0,0.1455449059282925,0.1455449059282925,True,False
Bindi Irwin,Derek Hough,TV Personality,,Australia,17,1st Place,1,29.0,9.666666666666666,1.0,8,21,7,8,single_elimination,False,0.13122171945701358,0.12499238760220298,4.0,0.25621410705921654,8.0,5.0,8.0,-3.0,3.0,0.0,0.9819004524886878,0.9819004524886878,False,False
Andy Grammer,Allison Holker,Singer/Rapper,California,United States,31,Eliminated Week 8,7,28.0,9.333333333333334,2.0,8,21,7,8,single_elimination,False,0.12669683257918551,0.12498664161009347,5.0,0.251683474189279,6.0,7.0,6.0,-3.0,3.0,0.0,0.9819004524886878,0.9819004524886878,False,False
Carlos PenaVega,Witney Carson,Actor/Actress,Missouri,United States,26,Eliminated Week 11,4,28.0,9.333333333333334,2.0,8,21,7,8,single_elimination,False,0.12669683257918551,0.12498664161009347,5.0,0.251683474189279,6.0,7.0,6.0,-3.0,3.0,0.0,0.9819004524886878,0.9819004524886878,False,False
Hayes Grier,Emma Slater,Social Media Personality,North Carolina,United States,15,Eliminated Week 7,8,28.0,9.333333333333334,2.0,8,21,7,8,single_elimination,True,0.12669683257918551,0.12105269101069756,8.0,0.24774952358988306,1.0,10.0,2.0,-6.0,6.0,0.0,0.12330316742081449,0.12330316742081449,True,False
Alexa PenaVega,Mark Ballas,Actor/Actress,Florida,United States,27,Eliminated Week 9,6,27.5,9.166666666666666,5.0,8,21,7,8,single_elimination,False,0.1244343891402715,0.12498633092511877,7.0,0.24942072006539026,5.0,12.0,1.0,-2.0,2.0,0.002262443438914019,0.9841628959276019,0.9819004524886878,False,True
Nick Carter,Sharna Burgess,Singer/Rapper,New York,United States,35,2nd Place,2,27.0,9.0,6.0,8,21,7,8,single_elimination,False,0.12217194570135746,0.12557763762744423,2.0,0.2477495833288017,3.0,8.0,4.0,4.0,4.0,0.004524886877828052,0.9864253393665159,0.9819004524886878,False,False
Tamar Braxton,Valentin Chmerkovskiy,Singer/Rapper,Maryland,United States,38,Withdrew,5,27.0,9.0,6.0,8,21,7,8,single_elimination,False,0.12217194570135746,0.12557763762744423,2.0,0.2477495833288017,3.0,8.0,4.0,4.0,4.0,0.004524886877828052,0.9864253393665159,0.9819004524886878,False,False
Alek Skarlatos,Lindsay Arnold,Military,California,United States,22,3rd Place,3,26.5,8.833333333333334,8.0,8,21,7,8,single_elimination,False,0.11990950226244344,0.12784003155114887,1.0,0.24774953381359233,2.0,9.0,3.0,7.0,7.0,0.006787330316742071,0.9886877828054299,0.9819004524886878,False,False
Nick Carter,Sharna Burgess,Singer/Rapper,New York,United States,35,2nd Place,2,33.0,11.0,1.0,7,21,8,9,single_elimination,False,0.1701036188771718,0.14287174223526725,1.0,0.31297536111243907,7.0,2.0,7.0,0.0,0.0,0.0,1.0,1.0,False,False
Carlos PenaVega,Witney Carson,Actor/Actress,Missouri,United States,26,Eliminated Week 11,4,28.9998,9.6666,2.0,7,21,8,9,single_elimination,False,0.14948396747618808,0.14284980494656987,7.0,0.29233377242275793,6.0,9.0,2.0,-5.0,5.0,0.0,1.0,1.0,False,False
Bindi Irwin,Derek Hough,TV Personality,,Australia,17,1st Place,1,28.0,9.333333333333334,3.0,7,21,8,9,single_elimination,False,0.14433034328972152,0.14285382246363135,4.0,0.28718416575335287,4.0,7.0,5.0,-1.0,1.0,0.0,1.0,1.0,False,False
Tamar Braxton,Valentin Chmerkovskiy,Singer/Rapper,Maryland,United States,38,Withdrew,5,28.0,9.333333333333334,3.0,7,21,8,9,single_elimination,False,0.14433034328972152,0.14285382246363135,4.0,0.28718416575335287,4.0,7.0,5.0,-1.0,1.0,0.0,1.0,1.0,False,False
Alexa PenaVega,Mark Ballas,Actor/Actress,Florida,United States,27,Eliminated Week 9,6,26.9998,8.999933333333333,5.0,7,21,8,9,single_elimination,False,0.13917465724120798,0.1428544612224043,3.0,0.2820291184636123,3.0,8.0,4.0,2.0,2.0,0.0,1.0,1.0,False,False
Alek Skarlatos,Lindsay Arnold,Military,California,United States,22,3rd Place,3,25.0,8.333333333333334,6.0,7,21,8,9,single_elimination,False,0.12886637793725136,0.14285303178585657,6.0,0.27171940972310793,2.0,12.0,1.0,0.0,0.0,0.0,1.0,1.0,False,True
Andy Grammer,Allison Holker,Singer/Rapper,California,United States,31,Eliminated Week 8,7,23.9998,7.999933333333334,7.0,7,21,8,9,single_elimination,True,0.12371069188873782,0.14286331341491382,2.0,0.2665740053036516,1.0,9.0,2.0,5.0,5.0,0.0,0.16200359382554794,0.16200359382554794,True,False
Alexa PenaVega,Mark Ballas,Actor/Actress,Florida,United States,27,Eliminated Week 9,6,30.0,10.0,1.0,6,21,9,10,multi_elimination,True,0.182370820668693,0.15156813473997113,6.0,0.33393895540866414,2.0,7.0,2.0,-5.0,5.0,0.0,0.1878419452887538,0.1878419452887538,True,True
Bindi Irwin,Derek Hough,TV Personality,,Australia,17,1st Place,1,30.0,10.0,1.0,6,21,9,10,multi_elimination,False,0.182370820668693,0.1664711605592659,4.0,0.3488419812279589,6.0,5.0,6.0,-3.0,3.0,0.0,0.9392097264437691,0.9392097264437691,False,False
Nick Carter,Sharna Burgess,Singer/Rapper,New York,United States,35,2nd Place,2,27.5,9.166666666666666,3.0,6,21,9,10,multi_elimination,False,0.16717325227963525,0.16676664065263697,3.0,0.3339398929322722,5.0,6.0,3.0,0.0,0.0,0.015197568389057753,0.9544072948328268,0.9392097264437691,False,False
Carlos PenaVega,Witney Carson,Actor/Actress,Missouri,United States,26,Eliminated Week 11,4,27.0,9.0,4.0,6,21,9,10,multi_elimination,False,0.1641337386018237,0.16980526465530912,2.0,0.3339390032571328,4.0,6.0,3.0,2.0,2.0,0.018237082066869303,0.9574468085106383,0.9392097264437691,False,False
Alek Skarlatos,Lindsay Arnold,Military,California,United States,22,3rd Place,3,25.5,8.5,5.0,6,21,9,10,multi_elimination,False,0.15501519756838905,0.17892376845437571,1.0,0.33393896602276474,3.0,6.0,3.0,4.0,4.0,0.027355623100303955,0.9665653495440729,0.939209726443769,False,False
Tamar Braxton,Valentin Chmerkovskiy,Singer/Rapper,Maryland,United States,38,Withdrew,5,24.5,8.166666666666666,6.0,6,21,9,10,multi_elimination,True,0.14893617021276595,0.16646502955294917,5.0,0.3154011997657151,1.0,11.0,1.0,1.0,1.0,0.0,0.21458966565349544,0.21458966565349544,True,True
Paige VanZant,Mark Ballas,Athlete,Oregon,United States,22,2nd Place,2,24.0,8.0,1.0,12,22,2,3,single_elimination,False,0.1016949152542373,0.08333060718727157,7.0,0.18502552244150888,11.0,8.0,9.0,-6.0,6.0,0.0,1.0,1.0,False,False
Wanya Morris,Lindsay Arnold,Singer/Rapper,Pennsylvania,United States,42,Eliminated Week 9,4,24.0,8.0,1.0,12,22,2,3,single_elimination,False,0.1016949152542373,0.08333060718727157,7.0,0.18502552244150888,11.0,8.0,9.0,-6.0,6.0,0.0,1.0,1.0,False,False
Ginger Zee,Valentin Chmerkovskiy,News Anchor,California,United States,35,3rd Place,3,21.0,7.0,3.0,12,22,2,3,single_elimination,False,0.08898305084745763,0.08333452735542553,3.0,0.17231757820288315,9.0,6.0,11.0,0.0,0.0,0.0,1.0,1.0,False,False
Jodie Sweetin,Keo Motsepe,Actor/Actress,California,United States,34,Eliminated Week 8,6,21.0,7.0,3.0,12,22,2,3,single_elimination,False,0.08898305084745763,0.08333452735542553,3.0,0.17231757820288315,9.0,6.0,11.0,0.0,0.0,0.0,1.0,1.0,False,False
Doug Flutie,Karina Smirnoff,Athlete,Maryland,United States,53,Eliminated Week 6,9,20.0,6.666666666666667,5.0,12,22,2,3,single_elimination,False,0.0847457627118644,0.08333023840036034,9.0,0.16807600111222476,5.0,14.0,1.0,-4.0,4.0,0.0,1.0,1.0,False,True
Marla Maples,Tony Dovolani,TV Personality,Georgia,United States,52,Eliminated Week 4,10,20.0,6.666666666666667,5.0,12,22,2,3,single_elimination,False,0.0847457627118644,0.08333023840036034,9.0,0.16807600111222476,5.0,14.0,1.0,-4.0,4.0,0.0,1.0,1.0,False,False
Nyle DiMarco,Peta Murgatroyd,Model,New York,United States,26,1st Place,1,20.0,6.666666666666667,5.0,12,22,2,3,single_elimination,False,0.0847457627118644,0.08333023840036034,9.0,0.16807600111222476,5.0,14.0,1.0,-4.0,4.0,0.0,1.0,1.0,False,False
Von Miller,Witney Carson,Athlete,Texas,United States,27,Eliminated Week 7,7,20.0,6.666666666666667,5.0,12,22,2,3,single_elimination,False,0.0847457627118644,0.08333023840036034,9.0,0.16807600111222476,5.0,14.0,1.0,-4.0,4.0,0.0,1.0,1.0,False,False
Antonio Brown,Sharna Burgess,Athlete,Florida,United States,27,Eliminated Week 9,5,19.0,6.333333333333333,9.0,12,22,2,3,single_elimination,False,0.08050847457627118,0.08333292156533816,5.0,0.16384139614160934,3.0,14.0,1.0,4.0,4.0,0.0,1.0,1.0,False,False
Kim Fields,Sasha Farber,Actor/Actress,New York,United States,46,Eliminated Week 7,8,19.0,6.333333333333333,9.0,12,22,2,3,single_elimination,False,0.08050847457627118,0.08333292156533816,5.0,0.16384139614160934,3.0,14.0,1.0,4.0,4.0,0.0,1.0,1.0,False,False
Mischa Barton,Artem Chigvintsev,Actor/Actress,,England,30,Eliminated Week 3,11,15.0,5.0,11.0,12,22,2,3,single_elimination,False,0.0635593220338983,0.08334060878441603,2.0,0.14689993081831432,2.0,13.0,7.0,9.0,9.0,0.0,1.0,1.0,False,False
Geraldo Rivera,Edyta Sliwinska,Journalist,New York,United States,72,Eliminated Week 2,12,13.0,4.333333333333333,12.0,12,22,2,3,single_elimination,True,0.05508474576271186,0.08334232446895427,1.0,0.13842707023166614,1.0,13.0,7.0,11.0,11.0,0.0,0.11158192090395476,0.11158192090395476,True,False
Nyle DiMarco,Peta Murgatroyd,Model,New York,United States,26,1st Place,1,25.0,8.333333333333334,1.0,11,22,3,4,single_elimination,False,0.10548523206751055,0.09091302859636338,4.0,0.19639826066387395,11.0,5.0,11.0,-3.0,3.0,0.0,1.0,1.0,False,False
Wanya Morris,Lindsay Arnold,Singer/Rapper,Pennsylvania,United States,42,Eliminated Week 9,4,24.0,8.0,2.0,11,22,3,4,single_elimination,False,0.10126582278481013,0.0909105581137559,5.0,0.19217638089856603,10.0,7.0,8.0,-3.0,3.0,0.0,1.0,1.0,False,False
Jodie Sweetin,Keo Motsepe,Actor/Actress,California,United States,34,Eliminated Week 8,6,23.0,7.666666666666667,3.0,11,22,3,4,single_elimination,False,0.0970464135021097,0.09090691031292315,7.0,0.18795332381503285,8.0,10.0,5.0,-4.0,4.0,0.0,1.0,1.0,False,False
Paige VanZant,Mark Ballas,Athlete,Oregon,United States,22,2nd Place,2,23.0,7.666666666666667,3.0,11,22,3,4,single_elimination,False,0.0970464135021097,0.09090691031292315,7.0,0.18795332381503285,8.0,10.0,5.0,-4.0,4.0,0.0,1.0,1.0,False,False
Kim Fields,Sasha Farber,Actor/Actress,New York,United States,46,Eliminated Week 7,8,22.0,7.333333333333333,5.0,11,22,3,4,single_elimination,False,0.09282700421940929,0.09091316825944146,3.0,0.18374017247885074,7.0,8.0,7.0,2.0,2.0,0.0,1.0,1.0,False,False
Ginger Zee,Valentin Chmerkovskiy,News Anchor,California,United States,35,3rd Place,3,21.0,7.0,6.0,11,22,3,4,single_elimination,False,0.08860759493670886,0.09091347295511425,1.0,0.1795210678918231,5.0,7.0,8.0,5.0,5.0,0.0,1.0,1.0,False,False
Marla Maples,Tony Dovolani,TV Personality,Georgia,United States,52,Eliminated Week 4,10,21.0,7.0,6.0,11,22,3,4,single_elimination,False,0.08860759493670886,0.09091347295511425,1.0,0.1795210678918231,5.0,7.0,8.0,5.0,5.0,0.0,1.0,1.0,False,False
Antonio Brown,Sharna Burgess,Athlete,Florida,United States,27,Eliminated Week 9,5,20.0,6.666666666666667,8.0,11,22,3,4,single_elimination,False,0.08438818565400844,0.09090373649718408,10.0,0.17529192215119252,2.0,18.0,1.0,-2.0,2.0,0.0,1.0,1.0,False,True
Doug Flutie,Karina Smirnoff,Athlete,Maryland,United States,53,Eliminated Week 6,9,20.0,6.666666666666667,8.0,11,22,3,4,single_elimination,False,0.08438818565400844,0.09090373649718408,10.0,0.17529192215119252,2.0,18.0,1.0,-2.0,2.0,0.0,1.0,1.0,False,False
Von Miller,Witney Carson,Athlete,Texas,United States,27,Eliminated Week 7,7,20.0,6.666666666666667,8.0,11,22,3,4,single_elimination,False,0.08438818565400844,0.09090551317844846,9.0,0.17529369883245688,4.0,17.0,3.0,-1.0,1.0,0.0,1.0,1.0,False,False
Mischa Barton,Artem Chigvintsev,Actor/Actress,,England,30,Eliminated Week 3,11,18.0,6.0,11.0,11,22,3,4,single_elimination,True,0.0759493670886076,0.09090949106232772,6.0,0.16685885815093532,1.0,17.0,3.0,5.0,5.0,0.0,0.1058688147295742,0.1058688147295742,True,False
Ginger Zee,Valentin Chmerkovskiy,News Anchor,California,United States,35,3rd Place,3,36.0,9.0,1.0,10,22,4,5,single_elimination,False,0.11285266457680251,0.09996780458766871,2.0,0.21282046916447123,9.0,3.0,9.0,-1.0,1.0,0.0,0.9843260188087775,0.9843260188087775,False,False
Paige VanZant,Mark Ballas,Athlete,Oregon,United States,22,2nd Place,2,36.0,9.0,1.0,10,22,4,5,single_elimination,False,0.11285266457680251,0.09996780458766871,2.0,0.21282046916447123,9.0,3.0,9.0,-1.0,1.0,0.0,0.9843260188087775,0.9843260188087775,False,False
Antonio Brown,Sharna Burgess,Athlete,Florida,United States,27,Eliminated Week 9,5,35.0,8.75,3.0,10,22,4,5,single_elimination,False,0.109717868338558,0.09995718169962223,6.0,0.2096750500381802,7.0,9.0,7.0,-3.0,3.0,0.0,0.9843260188087775,0.9843260188087775,False,False
Wanya Morris,Lindsay Arnold,Singer/Rapper,Pennsylvania,United States,42,Eliminated Week 9,4,35.0,8.75,3.0,10,22,4,5,single_elimination,False,0.109717868338558,0.09995718169962223,6.0,0.2096750500381802,7.0,9.0,7.0,-3.0,3.0,0.0,0.9843260188087775,0.9843260188087775,False,False
Nyle DiMarco,Peta Murgatroyd,Model,New York,United States,26,1st Place,1,34.0,8.5,5.0,10,22,4,5,single_elimination,False,0.10658307210031348,0.0999560283618649,8.0,0.20653910046217838,6.0,13.0,3.0,-3.0,3.0,0.0,0.9843260188087775,0.9843260188087775,False,False
Kim Fields,Sasha Farber,Actor/Actress,New York,United States,46,Eliminated Week 7,8,32.0,8.0,6.0,10,22,4,5,single_elimination,False,0.10031347962382445,0.09995983668150651,4.0,0.20027331630533096,4.0,10.0,5.0,2.0,2.0,0.0,0.9843260188087775,0.9843260188087775,False,False
Von Miller,Witney Carson,Athlete,Texas,United States,27,Eliminated Week 7,7,32.0,8.0,6.0,10,22,4,5,single_elimination,False,0.10031347962382445,0.09995983668150651,4.0,0.20027331630533096,4.0,10.0,5.0,2.0,2.0,0.0,0.9843260188087775,0.9843260188087775,False,False
Marla Maples,Tony Dovolani,TV Personality,Georgia,United States,52,Eliminated Week 4,10,28.0,7.0,8.0,10,22,4,5,single_elimination,True,0.0877742946708464,0.09389001916804043,10.0,0.18166431383888682,1.0,18.0,1.0,-2.0,2.0,0.0,0.1122257053291536,0.1122257053291536,True,True
Jodie Sweetin,Keo Motsepe,Actor/Actress,California,United States,34,Eliminated Week 8,6,27.0,6.75,9.0,10,22,4,5,single_elimination,False,0.08463949843260188,0.09995509789895163,9.0,0.1845945963315535,3.0,18.0,1.0,0.0,0.0,0.0031347962382445166,0.987460815047022,0.9843260188087775,False,False
Doug Flutie,Karina Smirnoff,Athlete,Maryland,United States,53,Eliminated Week 6,9,24.0,6.0,10.0,10,22,4,5,single_elimination,False,0.07523510971786834,0.10642920809691327,1.0,0.1816643178147816,2.0,11.0,4.0,9.0,9.0,0.012539184952978052,0.9968652037617555,0.9843260188087775,False,False
Wanya Morris,Lindsay Arnold,Singer/Rapper,Pennsylvania,United States,42,Eliminated Week 9,4,29.0,9.666666666666666,1.0,9,22,6,7,single_elimination,False,0.1277533039647577,0.11112023741792368,1.0,0.23887354138268138,9.0,2.0,9.0,0.0,0.0,0.0,1.0,1.0,False,False
Paige VanZant,Mark Ballas,Athlete,Oregon,United States,22,2nd Place,2,28.0,9.333333333333334,2.0,9,22,6,7,single_elimination,False,0.12334801762114538,0.11111571908787782,4.0,0.2344637367090232,8.0,6.0,8.0,-2.0,2.0,0.0,1.0,1.0,False,False
Antonio Brown,Sharna Burgess,Athlete,Florida,United States,27,Eliminated Week 9,5,27.0,9.0,3.0,9,22,6,7,single_elimination,False,0.11894273127753303,0.11110708458582264,8.0,0.23004981586335566,7.0,11.0,2.0,-5.0,5.0,0.0,1.0,1.0,False,False
Jodie Sweetin,Keo Motsepe,Actor/Actress,California,United States,34,Eliminated Week 8,6,25.0,8.333333333333334,4.0,9,22,6,7,single_elimination,False,0.11013215859030837,0.11110751765204355,6.0,0.2212396762423519,5.0,10.0,4.0,-2.0,2.0,0.0,1.0,1.0,False,False
Nyle DiMarco,Peta Murgatroyd,Model,New York,United States,26,1st Place,1,25.0,8.333333333333334,4.0,9,22,6,7,single_elimination,False,0.11013215859030837,0.11110751765204355,6.0,0.2212396762423519,5.0,10.0,4.0,-2.0,2.0,0.0,1.0,1.0,False,False
Ginger Zee,Valentin Chmerkovskiy,News Anchor,California,United States,35,3rd Place,3,24.0,8.0,6.0,9,22,6,7,single_elimination,False,0.10572687224669604,0.1111189130652261,2.0,0.21684578531192214,3.0,8.0,6.0,4.0,4.0,0.0,1.0,1.0,False,False
Kim Fields,Sasha Farber,Actor/Actress,New York,United States,46,Eliminated Week 7,8,24.0,8.0,6.0,9,22,6,7,single_elimination,False,0.10572687224669604,0.1111189130652261,2.0,0.21684578531192214,3.0,8.0,6.0,4.0,4.0,0.0,1.0,1.0,False,False
Von Miller,Witney Carson,Athlete,Texas,United States,27,Eliminated Week 7,7,24.0,8.0,6.0,9,22,6,7,single_elimination,False,0.10572687224669604,0.11111167519418313,5.0,0.21683854744087916,2.0,11.0,2.0,1.0,1.0,0.0,1.0,1.0,False,False
Doug Flutie,Karina Smirnoff,Athlete,Maryland,United States,53,Eliminated Week 6,9,21.0,7.0,9.0,9,22,6,7,single_elimination,True,0.09251101321585903,0.11109242082959718,9.0,0.20360343404545622,1.0,18.0,1.0,0.0,0.0,0.0,0.1297112090063632,0.1297112090063632,True,True
Nyle DiMarco,Peta Murgatroyd,Model,New York,United States,26,1st Place,1,28.0,9.333333333333334,1.0,8,22,7,8,multi_elimination,False,0.1308411214953271,0.1250080285798964,2.0,0.25584915007522346,8.0,3.0,8.0,-1.0,1.0,0.0,0.9976635514018691,0.9976635514018691,False,False
Ginger Zee,Valentin Chmerkovskiy,News Anchor,California,United States,35,3rd Place,3,27.5,9.166666666666666,2.0,8,22,7,8,multi_elimination,False,0.12850467289719625,0.12499210384097498,4.0,0.2534967767381712,5.0,6.0,5.0,-2.0,2.0,0.0,0.9976635514018691,0.9976635514018691,False,False
Paige VanZant,Mark Ballas,Athlete,Oregon,United States,22,2nd Place,2,27.5,9.166666666666666,2.0,8,22,7,8,multi_elimination,False,0.12850467289719625,0.12499210384097498,4.0,0.2534967767381712,5.0,6.0,5.0,-2.0,2.0,0.0,0.9976635514018691,0.9976635514018691,False,False
Wanya Morris,Lindsay Arnold,Singer/Rapper,Pennsylvania,United States,42,Eliminated Week 9,4,27.5,9.166666666666666,2.0,8,22,7,8,multi_elimination,False,0.12850467289719625,0.12499210384097498,4.0,0.2534967767381712,5.0,6.0,5.0,-2.0,2.0,0.0,0.9976635514018691,0.9976635514018691,False,False
Antonio Brown,Sharna Burgess,Athlete,Florida,United States,27,Eliminated Week 9,5,26.0,8.666666666666666,5.0,8,22,7,8,multi_elimination,False,0.12149532710280374,0.12499883493026255,3.0,0.2464941620330663,4.0,8.0,4.0,2.0,2.0,0.0,0.9976635514018691,0.9976635514018691,False,False
Kim Fields,Sasha Farber,Actor/Actress,New York,United States,46,Eliminated Week 7,8,26.0,8.666666666666666,5.0,8,22,7,8,multi_elimination,True,0.12149532710280374,0.12422677846600184,8.0,0.24572210556880558,1.0,13.0,1.0,-3.0,3.0,0.0,0.14686248331108143,0.14686248331108143,True,True
Von Miller,Witney Carson,Athlete,Texas,United States,27,Eliminated Week 7,7,26.0,8.666666666666666,5.0,8,22,7,8,multi_elimination,True,0.12149532710280374,0.12422677903219087,7.0,0.24572210613499462,2.0,12.0,2.0,-2.0,2.0,0.0,0.14686248331108143,0.14686248331108143,True,True
Jodie Sweetin,Keo Motsepe,Actor/Actress,California,United States,34,Eliminated Week 8,6,25.5,8.5,8.0,8,22,7,8,multi_elimination,False,0.1191588785046729,0.12656326699484052,1.0,0.24572214549951343,3.0,9.0,3.0,7.0,7.0,0.0023364485981308414,1.0,0.9976635514018691,False,False
Ginger Zee,Valentin Chmerkovskiy,News Anchor,California,United States,35,3rd Place,3,30.0,10.0,1.0,6,22,8,9,single_elimination,False,0.17751479289940827,0.16643254927232412,5.0,0.3439473421717324,6.0,6.0,6.0,-4.0,4.0,0.0,0.9349112426035504,0.9349112426035504,False,False
Jodie Sweetin,Keo Motsepe,Actor/Actress,California,United States,34,Eliminated Week 8,6,30.0,10.0,1.0,6,22,8,9,single_elimination,True,0.17751479289940827,0.1511121609515405,6.0,0.32862695385094876,1.0,7.0,1.0,-5.0,5.0,0.0,0.15581854043392507,0.15581854043392507,True,True
Nyle DiMarco,Peta Murgatroyd,Model,New York,United States,26,1st Place,1,29.0,9.666666666666666,3.0,6,22,8,9,single_elimination,False,0.17159763313609466,0.16644315614952174,4.0,0.3380407892856164,5.0,7.0,1.0,-1.0,1.0,0.005917159763313612,0.940828402366864,0.9349112426035504,False,False
Paige VanZant,Mark Ballas,Athlete,Oregon,United States,22,2nd Place,2,28.0,9.333333333333334,4.0,6,22,8,9,single_elimination,False,0.16568047337278108,0.16645044757526684,3.0,0.3321309209480479,4.0,7.0,1.0,1.0,1.0,0.011834319526627196,0.9467455621301776,0.9349112426035504,False,False
Antonio Brown,Sharna Burgess,Athlete,Florida,United States,27,Eliminated Week 9,5,27.0,9.0,5.0,6,22,8,9,single_elimination,False,0.15976331360946747,0.16886371430020208,2.0,0.3286270279096696,3.0,7.0,1.0,3.0,3.0,0.017751479289940808,0.9526627218934911,0.9349112426035503,False,False
Wanya Morris,Lindsay Arnold,Singer/Rapper,Pennsylvania,United States,42,Eliminated Week 9,4,25.0,8.333333333333334,6.0,6,22,8,9,single_elimination,False,0.14792899408284024,0.1806979704308792,1.0,0.3286269645137194,2.0,7.0,1.0,5.0,5.0,0.029585798816568032,0.9644970414201184,0.9349112426035504,False,False
Wanya Morris,Lindsay Arnold,Singer/Rapper,Pennsylvania,United States,42,Eliminated Week 9,4,30.0,10.0,1.0,5,22,9,10,multi_elimination,True,0.20905923344947736,0.191904156039868,5.0,0.40096338948934535,2.0,6.0,2.0,-4.0,4.0,0.0,0.24303135888501742,0.24303135888501742,True,True
Paige VanZant,Mark Ballas,Athlete,Oregon,United States,22,2nd Place,2,29.5,9.833333333333334,2.0,5,22,9,10,multi_elimination,False,0.20557491289198607,0.19994818230729236,4.0,0.4055230951992784,5.0,6.0,2.0,-2.0,2.0,0.0034843205574912883,0.975609756097561,0.9721254355400697,False,False
Nyle DiMarco,Peta Murgatroyd,Model,New York,United States,26,1st Place,1,28.5,9.5,3.0,5,22,9,10,multi_elimination,False,0.1986062717770035,0.20235722485660884,2.0,0.4009634966336123,4.0,5.0,4.0,1.0,1.0,0.010452961672473865,0.9825783972125436,0.9721254355400697,False,False
Ginger Zee,Valentin Chmerkovskiy,News Anchor,California,United States,35,3rd Place,3,28.0,9.333333333333334,4.0,5,22,9,10,multi_elimination,False,0.1951219512195122,0.20584146672417306,1.0,0.4009634179436853,3.0,5.0,4.0,3.0,3.0,0.013937282229965153,0.9860627177700348,0.9721254355400697,False,False
Antonio Brown,Sharna Burgess,Athlete,Florida,United States,27,Eliminated Week 9,5,27.5,9.166666666666666,5.0,5,22,9,10,multi_elimination,True,0.1916376306620209,0.1999489685963692,3.0,0.3915865992583901,1.0,8.0,1.0,2.0,2.0,0.0,0.25609756097560976,0.25609756097560976,True,True
Laurie Hernandez,Valentin Chmerkovskiy,Athlete,New Jersey,United States,16,1st Place,1,32.0,8.0,1.0,13,23,2,3,single_elimination,False,0.09090909090909091,0.07690963203911819,12.0,0.1678187229482091,13.0,13.0,6.0,-11.0,11.0,0.0,0.9943181818181819,0.9943181818181819,False,False
Terra Jole,Sasha Farber,TV Personality,Texas,United States,36,Eliminated Week 10,5,31.0,7.75,2.0,13,23,2,3,single_elimination,False,0.08806818181818182,0.07691494540087358,7.0,0.1649831272190554,12.0,9.0,12.0,-5.0,5.0,0.0,0.9943181818181819,0.9943181818181819,False,False
Babyface,Allison Holker,Singer/Rapper,Indiana,United States,57,Eliminated Week 4,11,30.0,7.5,3.0,13,23,2,3,single_elimination,False,0.08522727272727272,0.07691845073043495,3.0,0.16214572345770767,11.0,6.0,13.0,0.0,0.0,0.0,0.9943181818181819,0.9943181818181819,False,False
James Hinchcliffe,Sharna Burgess,Racing Driver,,Canada,29,2nd Place,2,29.0,7.25,4.0,13,23,2,3,single_elimination,False,0.08238636363636363,0.07691449614890085,8.0,0.15930085978526448,9.0,12.0,9.0,-4.0,4.0,0.0,0.9943181818181819,0.9943181818181819,False,False
Jana Kramer,Gleb Savchenko,Singer/Rapper,Michigan,United States,32,Eliminated Week 11,4,29.0,7.25,4.0,13,23,2,3,single_elimination,False,0.08238636363636363,0.07691449614890085,8.0,0.15930085978526448,9.0,12.0,9.0,-4.0,4.0,0.0,0.9943181818181819,0.9943181818181819,False,False
Calvin Johnson Jr.,Lindsay Arnold,Athlete,Georgia,United States,30,3rd Place,3,28.0,7.0,6.0,13,23,2,3,single_elimination,False,0.07954545454545454,0.0769142634269066,10.0,0.15645971797236113,8.0,16.0,3.0,-4.0,4.0,0.0,0.9943181818181819,0.9943181818181819,False,False
Marilu Henner,Derek Hough,Actor/Actress,Illinois,United States,64,Eliminated Week 9,6,27.0,6.75,7.0,13,23,2,3,single_elimination,False,0.07670454545454546,0.07691164604679882,11.0,0.15361619150134426,7.0,18.0,2.0,-4.0,4.0,0.0,0.9943181818181819,0.9943181818181819,False,False
Maureen McCormick,Artem Chigvintsev,Actor/Actress,California,United States,60,Eliminated Week 7,8,26.0,6.5,8.0,13,23,2,3,single_elimination,False,0.07386363636363637,0.07691572885943017,5.0,0.15077936522306654,5.0,13.0,6.0,3.0,3.0,0.0,0.9943181818181819,0.9943181818181819,False,False
Vanilla Ice,Witney Carson,Singer/Rapper,Texas,United States,48,Eliminated Week 4,10,26.0,6.5,8.0,13,23,2,3,single_elimination,False,0.07386363636363637,0.07691572885943017,5.0,0.15077936522306654,5.0,13.0,6.0,3.0,3.0,0.0,0.9943181818181819,0.9943181818181819,False,False
Amber Rose,Maksim Chmerkoskiy,Model,Pennsylvania,United States,32,Eliminated Week 6,9,24.0,6.0,10.0,13,23,2,3,single_elimination,False,0.06818181818181818,0.07691720133724479,4.0,0.14509901951906296,3.0,14.0,4.0,6.0,6.0,0.0,0.9943181818181819,0.9943181818181819,False,False
Jake T. Austin,Jenna Johnson,Actor/Actress,New York,United States,21,Eliminated Week 2,13,24.0,6.0,10.0,13,23,2,3,single_elimination,True,0.06818181818181818,0.0741256637010586,13.0,0.14230748188287679,1.0,23.0,1.0,-3.0,3.0,0.0,0.08566433566433566,0.08566433566433566,True,True
Ryan Lochte,Cheryl Burke,Athlete,New York,United States,32,Eliminated Week 8,7,24.0,6.0,10.0,13,23,2,3,single_elimination,False,0.06818181818181818,0.07692026187116309,2.0,0.14510208005298125,4.0,12.0,9.0,8.0,8.0,0.0,0.9943181818181819,0.9943181818181819,False,False
Rick Perry,Emma Slater,Politician,Texas,United States,66,Eliminated Week 3,12,22.0,5.5,13.0,13,23,2,3,single_elimination,False,0.0625,0.07980748503606015,1.0,0.14230748503606017,2.0,14.0,4.0,12.0,12.0,0.005681818181818177,1.0,0.9943181818181819,False,False
Calvin Johnson Jr.,Lindsay Arnold,Athlete,Georgia,United States,30,3rd Place,3,32.0,8.0,1.0,12,23,3,4,single_elimination,False,0.09846153846153846,0.08334167924556356,1.0,0.181803217707102,12.0,2.0,12.0,0.0,0.0,0.0,1.0,1.0,False,False
Laurie Hernandez,Valentin Chmerkovskiy,Athlete,New Jersey,United States,16,1st Place,1,31.0,7.75,2.0,12,23,3,4,single_elimination,False,0.09538461538461539,0.08333705005514312,5.0,0.1787216654397585,11.0,7.0,9.0,-3.0,3.0,0.0,1.0,1.0,False,False
Terra Jole,Sasha Farber,TV Personality,Texas,United States,36,Eliminated Week 10,5,30.0,7.5,3.0,12,23,3,4,single_elimination,False,0.09230769230769231,0.0833282578451772,10.0,0.1756359501528695,10.0,13.0,7.0,-7.0,7.0,0.0,1.0,1.0,False,False
James Hinchcliffe,Sharna Burgess,Racing Driver,,Canada,29,2nd Place,2,29.0,7.25,4.0,12,23,3,4,single_elimination,False,0.08923076923076922,0.08333064298131064,9.0,0.17256141221207988,9.0,13.0,7.0,-5.0,5.0,0.0,1.0,1.0,False,False
Marilu Henner,Derek Hough,Actor/Actress,Illinois,United States,64,Eliminated Week 9,6,28.0,7.0,5.0,12,23,3,4,single_elimination,False,0.08615384615384615,0.08334072509242348,2.0,0.16949457124626963,7.0,7.0,9.0,3.0,3.0,0.0,1.0,1.0,False,False
Maureen McCormick,Artem Chigvintsev,Actor/Actress,California,United States,60,Eliminated Week 7,8,28.0,7.0,5.0,12,23,3,4,single_elimination,False,0.08615384615384615,0.08334072509242348,2.0,0.16949457124626963,7.0,7.0,9.0,3.0,3.0,0.0,1.0,1.0,False,False
Jana Kramer,Gleb Savchenko,Singer/Rapper,Michigan,United States,32,Eliminated Week 11,4,26.0,6.5,7.0,12,23,3,4,single_elimination,False,0.08,0.08332278247031123,12.0,0.16332278247031123,6.0,19.0,2.0,-5.0,5.0,0.0,1.0,1.0,False,False
Amber Rose,Maksim Chmerkoskiy,Model,Pennsylvania,United States,32,Eliminated Week 6,9,25.0,6.25,8.0,12,23,3,4,single_elimination,False,0.07692307692307693,0.08333090420310331,6.0,0.16025398112618022,3.0,14.0,4.0,2.0,2.0,0.0,1.0,1.0,False,False
Babyface,Allison Holker,Singer/Rapper,Indiana,United States,57,Eliminated Week 4,11,25.0,6.25,8.0,12,23,3,4,single_elimination,False,0.07692307692307693,0.08333090420310331,6.0,0.16025398112618022,3.0,14.0,4.0,2.0,2.0,0.0,1.0,1.0,False,False
Ryan Lochte,Cheryl Burke,Athlete,New York,United States,32,Eliminated Week 8,7,25.0,6.25,8.0,12,23,3,4,single_elimination,False,0.07692307692307693,0.08333090420310331,6.0,0.16025398112618022,3.0,14.0,4.0,2.0,2.0,0.0,1.0,1.0,False,False
Rick Perry,Emma Slater,Politician,Texas,United States,66,Eliminated Week 3,12,23.0,5.75,11.0,12,23,3,4,single_elimination,True,0.07076923076923076,0.08332666389399512,11.0,0.15409589466322587,1.0,22.0,1.0,0.0,0.0,0.0,0.0958974358974359,0.0958974358974359,True,True
Vanilla Ice,Witney Carson,Singer/Rapper,Texas,United States,48,Eliminated Week 4,10,23.0,5.75,11.0,12,23,3,4,single_elimination,False,0.07076923076923076,0.08333875949346192,4.0,0.15410799026269267,2.0,15.0,3.0,7.0,7.0,0.0,1.0,1.0,False,False
Laurie Hernandez,Valentin Chmerkovskiy,Athlete,New Jersey,United States,16,1st Place,1,30.0,10.0,1.0,11,23,4,5,multi_elimination,False,0.11494252873563218,0.09088925608014127,9.0,0.20583178481577347,11.0,10.0,9.0,-8.0,8.0,0.0,0.9885057471264368,0.9885057471264368,False,False
James Hinchcliffe,Sharna Burgess,Racing Driver,,Canada,29,2nd Place,2,28.0,9.333333333333334,2.0,11,23,4,5,multi_elimination,False,0.10727969348659004,0.09088860932698313,10.0,0.19816830281357317,10.0,12.0,3.0,-8.0,8.0,0.0,0.9885057471264368,0.9885057471264368,False,False
Terra Jole,Sasha Farber,TV Personality,Texas,United States,36,Eliminated Week 10,5,25.0,8.333333333333334,3.0,11,23,4,5,multi_elimination,False,0.09578544061302682,0.09089217244426605,8.0,0.18667761305729286,9.0,11.0,6.0,-5.0,5.0,0.0,0.9885057471264368,0.9885057471264368,False,False
Amber Rose,Maksim Chmerkoskiy,Model,Pennsylvania,United States,32,Eliminated Week 6,9,24.0,8.0,4.0,11,23,4,5,multi_elimination,False,0.09195402298850575,0.09090300882977591,4.0,0.18285703181828167,7.0,8.0,10.0,0.0,0.0,0.0,0.9885057471264368,0.9885057471264368,False,False
Maureen McCormick,Artem Chigvintsev,Actor/Actress,California,United States,60,Eliminated Week 7,8,24.0,8.0,4.0,11,23,4,5,multi_elimination,False,0.09195402298850575,0.09090300882977591,4.0,0.18285703181828167,7.0,8.0,10.0,0.0,0.0,0.0,0.9885057471264368,0.9885057471264368,False,False
Calvin Johnson Jr.,Lindsay Arnold,Athlete,Georgia,United States,30,3rd Place,3,23.0,7.666666666666667,6.0,11,23,4,5,multi_elimination,False,0.08812260536398467,0.09089232635026294,6.0,0.1790149317142476,5.0,12.0,3.0,0.0,0.0,0.0,0.9885057471264368,0.9885057471264368,False,False
Jana Kramer,Gleb Savchenko,Singer/Rapper,Michigan,United States,32,Eliminated Week 11,4,23.0,7.666666666666667,6.0,11,23,4,5,multi_elimination,False,0.08812260536398467,0.09089232635026294,6.0,0.1790149317142476,5.0,12.0,3.0,0.0,0.0,0.0,0.9885057471264368,0.9885057471264368,False,False
Vanilla Ice,Witney Carson,Singer/Rapper,Texas,United States,48,Eliminated Week 4,10,23.0,7.666666666666667,6.0,11,23,4,5,multi_elimination,True,0.08812260536398467,0.08711248445452353,11.0,0.17523508981850822,2.0,17.0,1.0,-5.0,5.0,0.0,0.1049808429118774,0.1049808429118774,True,True
Ryan Lochte,Cheryl Burke,Athlete,New York,United States,32,Eliminated Week 8,7,22.0,7.333333333333333,9.0,11,23,4,5,multi_elimination,False,0.0842911877394636,0.0909462042555572,2.0,0.1752373919950208,4.0,11.0,6.0,7.0,7.0,0.0038314176245210635,0.9923371647509579,0.9885057471264368,False,False
Marilu Henner,Derek Hough,Actor/Actress,Illinois,United States,64,Eliminated Week 9,6,21.0,7.0,10.0,11,23,4,5,multi_elimination,False,0.08045977011494253,0.09477533063760198,1.0,0.1752351007525445,3.0,11.0,6.0,9.0,9.0,0.007662835249042141,0.9961685823754789,0.9885057471264368,False,False
Babyface,Allison Holker,Singer/Rapper,Indiana,United States,57,Eliminated Week 4,11,18.0,6.0,11.0,11,23,4,5,multi_elimination,True,0.06896551724137931,0.09090527099361512,3.0,0.15987078823499443,1.0,14.0,2.0,8.0,8.0,0.0,0.12222222222222222,0.12222222222222222,True,True
Jana Kramer,Gleb Savchenko,Singer/Rapper,Michigan,United States,32,Eliminated Week 11,4,40.0,10.0,1.0,9,23,6,7,single_elimination,False,0.13114754098360656,0.11111921329568732,3.0,0.2422667542792939,9.0,4.0,8.0,-2.0,2.0,0.0,1.0,1.0,False,False
James Hinchcliffe,Sharna Burgess,Racing Driver,,Canada,29,2nd Place,2,38.0,9.5,2.0,9,23,6,7,single_elimination,False,0.12459016393442623,0.11112584006322536,2.0,0.23571600399765158,8.0,4.0,8.0,0.0,0.0,0.0,1.0,1.0,False,False
Calvin Johnson Jr.,Lindsay Arnold,Athlete,Georgia,United States,30,3rd Place,3,37.0,9.25,3.0,9,23,6,7,single_elimination,False,0.12131147540983607,0.11110352924076997,7.0,0.23241500465060605,6.0,10.0,4.0,-4.0,4.0,0.0,1.0,1.0,False,False
Laurie Hernandez,Valentin Chmerkovskiy,Athlete,New Jersey,United States,16,1st Place,1,37.0,9.25,3.0,9,23,6,7,single_elimination,False,0.12131147540983607,0.11110352924076997,7.0,0.23241500465060605,6.0,10.0,4.0,-4.0,4.0,0.0,1.0,1.0,False,False
Marilu Henner,Derek Hough,Actor/Actress,Illinois,United States,64,Eliminated Week 9,6,34.0,8.5,5.0,9,23,6,7,single_elimination,False,0.11147540983606558,0.11110849740286093,4.0,0.22258390723892651,5.0,9.0,6.0,1.0,1.0,0.0,1.0,1.0,False,False
Maureen McCormick,Artem Chigvintsev,Actor/Actress,California,United States,60,Eliminated Week 7,8,31.0,7.75,6.0,9,23,6,7,single_elimination,False,0.10163934426229508,0.1111083051523066,5.0,0.21274764941460167,4.0,11.0,3.0,1.0,1.0,0.0,1.0,1.0,False,False
Ryan Lochte,Cheryl Burke,Athlete,New York,United States,32,Eliminated Week 8,7,30.0,7.5,7.0,9,23,6,7,single_elimination,False,0.09836065573770492,0.11112782844005337,1.0,0.20948848417775828,3.0,8.0,7.0,6.0,6.0,0.0,1.0,1.0,False,False
Terra Jole,Sasha Farber,TV Personality,Texas,United States,36,Eliminated Week 10,5,30.0,7.5,7.0,9,23,6,7,single_elimination,False,0.09836065573770492,0.1111035430927736,6.0,0.2094641988304785,2.0,13.0,2.0,1.0,1.0,0.0,1.0,1.0,False,False
Amber Rose,Maksim Chmerkoskiy,Model,Pennsylvania,United States,32,Eliminated Week 6,9,28.0,7.0,9.0,9,23,6,7,single_elimination,True,0.09180327868852459,0.11109971226633988,9.0,0.20290299095486447,1.0,18.0,1.0,0.0,0.0,0.0,0.13041894353369765,0.13041894353369765,True,True
Calvin Johnson Jr.,Lindsay Arnold,Athlete,Georgia,United States,30,3rd Place,3,37.0,9.25,1.0,8,23,7,8,single_elimination,False,0.13430127041742287,0.12499745937903299,2.0,0.25929872979645585,7.0,3.0,7.0,-1.0,1.0,0.0,0.9963702359346642,0.9963702359346642,False,False
James Hinchcliffe,Sharna Burgess,Racing Driver,,Canada,29,2nd Place,2,37.0,9.25,1.0,8,23,7,8,single_elimination,False,0.13430127041742287,0.12499745937903299,2.0,0.25929872979645585,7.0,3.0,7.0,-1.0,1.0,0.0,0.9963702359346642,0.9963702359346642,False,False
Jana Kramer,Gleb Savchenko,Singer/Rapper,Michigan,United States,32,Eliminated Week 11,4,34.5,8.625,3.0,8,23,7,8,single_elimination,False,0.12522686025408347,0.12499725453516267,4.0,0.2502241147892461,4.0,7.0,4.0,-1.0,1.0,0.0,0.9963702359346642,0.9963702359346642,False,False
Laurie Hernandez,Valentin Chmerkovskiy,Athlete,New Jersey,United States,16,1st Place,1,34.5,8.625,3.0,8,23,7,8,single_elimination,False,0.12522686025408347,0.12499725453516267,4.0,0.2502241147892461,4.0,7.0,4.0,-1.0,1.0,0.0,0.9963702359346642,0.9963702359346642,False,False
Terra Jole,Sasha Farber,TV Personality,Texas,United States,36,Eliminated Week 10,5,34.5,8.625,3.0,8,23,7,8,single_elimination,False,0.12522686025408347,0.12499725453516267,4.0,0.2502241147892461,4.0,7.0,4.0,-1.0,1.0,0.0,0.9963702359346642,0.9963702359346642,False,False
Maureen McCormick,Artem Chigvintsev,Actor/Actress,California,United States,60,Eliminated Week 7,8,33.0,8.25,6.0,8,23,7,8,single_elimination,True,0.11978221415607986,0.12319339610230272,8.0,0.24297561025838257,1.0,14.0,1.0,-2.0,2.0,0.0,0.13021778584392013,0.13021778584392013,True,True
Ryan Lochte,Cheryl Burke,Athlete,New York,United States,32,Eliminated Week 8,7,33.0,8.25,6.0,8,23,7,8,single_elimination,False,0.11978221415607986,0.1249967251015102,7.0,0.24477893925759006,3.0,13.0,2.0,-1.0,1.0,0.0,0.9963702359346642,0.9963702359346642,False,False
Marilu Henner,Derek Hough,Actor/Actress,Illinois,United States,64,Eliminated Week 9,6,32.0,8.0,8.0,8,23,7,8,single_elimination,False,0.1161524500907441,0.126823195631784,1.0,0.2429756457225281,2.0,9.0,3.0,7.0,7.0,0.0036297640653357582,1.0,0.9963702359346642,False,False
James Hinchcliffe,Sharna Burgess,Racing Driver,,Canada,29,2nd Place,2,34.9998,11.6666,1.0,7,23,8,9,single_elimination,False,0.1741285314711756,0.14279166665108148,6.0,0.3169201981222571,7.0,7.0,4.0,-5.0,5.0,0.0,0.9751243533575655,0.9751243533575655,False,False
Laurie Hernandez,Valentin Chmerkovskiy,Athlete,New Jersey,United States,16,1st Place,1,33.0,11.0,2.0,7,23,8,9,single_elimination,False,0.1641792678400675,0.14280342755621897,3.0,0.3069826953962865,6.0,5.0,7.0,-1.0,1.0,0.0,0.9751243533575655,0.9751243533575655,False,False
Calvin Johnson Jr.,Lindsay Arnold,Athlete,Georgia,United States,30,3rd Place,3,30.0,10.0,3.0,7,23,8,9,single_elimination,False,0.14925387985460684,0.14280046754962442,4.0,0.29205434740423125,4.0,7.0,4.0,-1.0,1.0,0.0,0.9751243533575655,0.9751243533575655,False,False
Jana Kramer,Gleb Savchenko,Singer/Rapper,Michigan,United States,32,Eliminated Week 11,4,30.0,10.0,3.0,7,23,8,9,single_elimination,False,0.14925387985460684,0.14280046754962442,4.0,0.29205434740423125,4.0,7.0,4.0,-1.0,1.0,0.0,0.9751243533575655,0.9751243533575655,False,False
Ryan Lochte,Cheryl Burke,Athlete,New York,United States,32,Eliminated Week 8,7,26.0,8.666666666666666,5.0,7,23,8,9,single_elimination,True,0.12935336254065924,0.13464276187997026,7.0,0.2639961244206295,1.0,12.0,1.0,-2.0,2.0,0.0,0.1563609231736265,0.1563609231736265,True,True
Terra Jole,Sasha Farber,TV Personality,Texas,United States,36,Eliminated Week 10,5,24.0,8.0,6.0,7,23,8,9,single_elimination,False,0.11940310388368545,0.14459305094053385,2.0,0.2639961548242193,3.0,8.0,2.0,4.0,4.0,0.009950258656973784,0.9850746120145393,0.9751243533575655,False,False
Marilu Henner,Derek Hough,Actor/Actress,Illinois,United States,64,Eliminated Week 9,6,23.0,7.666666666666667,7.0,7,23,8,9,single_elimination,False,0.11442797455519857,0.14956815728879508,1.0,0.2639961318439936,2.0,8.0,2.0,6.0,6.0,0.01492538798546067,0.9900497413430263,0.9751243533575655,False,False
Jana Kramer,Gleb Savchenko,Singer/Rapper,Michigan,United States,32,Eliminated Week 11,4,40.0,10.0,1.0,6,23,9,10,single_elimination,False,0.1762114537444934,0.16666274476925716,4.0,0.34287419851375056,5.0,5.0,5.0,-3.0,3.0,0.0,1.0,1.0,False,False
Laurie Hernandez,Valentin Chmerkovskiy,Athlete,New Jersey,United States,16,1st Place,1,40.0,10.0,1.0,6,23,9,10,single_elimination,False,0.1762114537444934,0.16666274476925716,4.0,0.34287419851375056,5.0,5.0,5.0,-3.0,3.0,0.0,1.0,1.0,False,False
Terra Jole,Sasha Farber,TV Personality,Texas,United States,36,Eliminated Week 10,5,38.0,9.5,3.0,6,23,9,10,single_elimination,False,0.16740088105726872,0.16665081882915916,6.0,0.3340516998864279,4.0,9.0,1.0,-3.0,3.0,0.0,1.0,1.0,False,True
Calvin Johnson Jr.,Lindsay Arnold,Athlete,Georgia,United States,30,3rd Place,3,37.0,9.25,4.0,6,23,9,10,single_elimination,False,0.16299559471365638,0.16666930475816355,2.0,0.3296648994718199,3.0,6.0,3.0,2.0,2.0,0.0,1.0,1.0,False,False
James Hinchcliffe,Sharna Burgess,Racing Driver,,Canada,29,2nd Place,2,36.0,9.0,5.0,6,23,9,10,single_elimination,False,0.15859030837004406,0.16669004898380646,1.0,0.3252803573538505,2.0,6.0,3.0,4.0,4.0,0.0,1.0,1.0,False,False
Marilu Henner,Derek Hough,Actor/Actress,Illinois,United States,64,Eliminated Week 9,6,36.0,9.0,5.0,6,23,9,10,single_elimination,True,0.15859030837004406,0.16666433657279434,3.0,0.3252546449428384,1.0,8.0,2.0,2.0,2.0,0.0,0.17474302496328928,0.17474302496328928,True,False
Laurie Hernandez,Valentin Chmerkovskiy,Athlete,New Jersey,United States,16,1st Place,1,30.0,10.0,1.0,5,23,10,11,single_elimination,False,0.20477815699658702,0.19994485791797048,4.0,0.40472301491455753,5.0,5.0,5.0,-3.0,3.0,0.0,0.9761092150170649,0.9761092150170649,False,False
Terra Jole,Sasha Farber,TV Personality,Texas,United States,36,Eliminated Week 10,5,30.0,10.0,1.0,5,23,10,11,single_elimination,True,0.20477815699658702,0.1932076455764984,5.0,0.3979858025730854,1.0,6.0,1.0,-4.0,4.0,0.0,0.195221843003413,0.195221843003413,True,True
James Hinchcliffe,Sharna Burgess,Racing Driver,,Canada,29,2nd Place,2,29.5,9.833333333333334,3.0,5,23,10,11,single_elimination,False,0.20136518771331058,0.19995262862266094,3.0,0.4013178163359715,4.0,6.0,1.0,0.0,0.0,0.0034129692832764458,0.9795221843003413,0.9761092150170649,False,False
Jana Kramer,Gleb Savchenko,Singer/Rapper,Michigan,United States,32,Eliminated Week 11,4,29.0,9.666666666666666,4.0,5,23,10,11,single_elimination,False,0.19795221843003413,0.20003533691831238,2.0,0.3979875553483465,3.0,6.0,1.0,2.0,2.0,0.0068259385665528916,0.9829351535836177,0.9761092150170648,False,False
Calvin Johnson Jr.,Lindsay Arnold,Athlete,Georgia,United States,30,3rd Place,3,28.0,9.333333333333334,5.0,5,23,10,11,single_elimination,False,0.19112627986348124,0.20685953023213438,1.0,0.3979858100956156,2.0,6.0,1.0,4.0,4.0,0.013651877133105783,0.9897610921501706,0.9761092150170648,False,False
Normani,Valentin Chmerkovskiy,Singer/Rapper,Georgia,United States,20,3rd Place,3,32.0,8.0,1.0,12,24,2,3,single_elimination,False,0.0975609756097561,0.0833334245573552,6.0,0.1808944001671113,11.0,7.0,10.0,-5.0,5.0,0.0,1.0,1.0,False,False
Rashad Jennings,Emma Slater,Athlete,Virginia,United States,32,1st Place,1,32.0,8.0,1.0,12,24,2,3,single_elimination,False,0.0975609756097561,0.0833334245573552,6.0,0.1808944001671113,11.0,7.0,10.0,-5.0,5.0,0.0,1.0,1.0,False,False
Heather Morris,Maksim Chmerkoskiy,Actor/Actress,California,United States,30,Eliminated Week 6,8,30.0,7.5,3.0,12,24,2,3,single_elimination,False,0.09146341463414634,0.08334043377696318,2.0,0.17480384841110952,10.0,5.0,12.0,1.0,1.0,0.0,1.0,1.0,False,False
Simone Biles,Sasha Farber,Athlete,Ohio,United States,20,Eliminated Week 9,4,29.0,7.25,4.0,12,24,2,3,single_elimination,False,0.08841463414634146,0.08332793155759283,11.0,0.17174256570393429,9.0,15.0,5.0,-7.0,7.0,0.0,1.0,1.0,False,False
Bonner Bolton,Sharna Burgess,Athlete,Texas,United States,29,Eliminated Week 8,5,28.0,7.0,5.0,12,24,2,3,single_elimination,False,0.08536585365853659,0.08333671069119086,3.0,0.16870256434972747,6.0,8.0,7.0,2.0,2.0,0.0,1.0,1.0,False,False
Erika Jayne,Gleb Savchenko,Singer/Rapper,Georgia,United States,45,Eliminated Week 5,9,28.0,7.0,5.0,12,24,2,3,single_elimination,False,0.08536585365853659,0.08333671069119086,3.0,0.16870256434972747,6.0,8.0,7.0,2.0,2.0,0.0,1.0,1.0,False,False
Nancy Kerrigan,Artem Chigvintsev,Athlete,Massachusetts,United States,47,Eliminated Week 7,7,28.0,7.0,5.0,12,24,2,3,single_elimination,False,0.08536585365853659,0.08333671069119086,3.0,0.16870256434972747,6.0,8.0,7.0,2.0,2.0,0.0,1.0,1.0,False,False
David Ross,Lindsay Arnold,Athlete,Georgia,United States,40,2nd Place,2,27.0,6.75,8.0,12,24,2,3,single_elimination,False,0.08231707317073171,0.08333018562156962,8.0,0.16564725879230133,5.0,16.0,4.0,0.0,0.0,0.0,1.0,1.0,False,False
Charo,Keo Motsepe,Actor/Actress,,Spain,66,Eliminated Week 3,11,25.0,6.25,9.0,12,24,2,3,single_elimination,False,0.07621951219512195,0.08332966094244008,9.0,0.15954917313756203,3.0,18.0,2.0,0.0,0.0,0.0,1.0,1.0,False,False
Nick Viall,Peta Murgatroyd,TV Personality,Wisconsin,United States,36,Eliminated Week 7,6,25.0,6.25,9.0,12,24,2,3,single_elimination,False,0.07621951219512195,0.08332966094244008,9.0,0.15954917313756203,3.0,18.0,2.0,0.0,0.0,0.0,1.0,1.0,False,False
Chris Kattan,Witney Carson,Comedian,California,United States,46,Eliminated Week 2,12,22.0,5.5,11.0,12,24,2,3,single_elimination,True,0.06707317073170732,0.08332462538982699,12.0,0.1503977961215343,1.0,23.0,1.0,-1.0,1.0,0.0,0.09959349593495932,0.09959349593495932,True,True
Mr. T,Kym Herjavec,Actor/Actress,Illinois,United States,64,Eliminated Week 4,10,22.0,5.5,11.0,12,24,2,3,single_elimination,False,0.06707317073170732,0.08334051928499583,1.0,0.15041369001670316,2.0,12.0,6.0,10.0,10.0,0.0,1.0,1.0,False,False
Normani,Valentin Chmerkovskiy,Singer/Rapper,Georgia,United States,20,3rd Place,3,34.0,8.5,1.0,11,24,3,4,single_elimination,False,0.10793650793650794,0.09091423090579065,2.0,0.1988507388422986,11.0,3.0,11.0,-1.0,1.0,0.0,1.0,1.0,False,False
Heather Morris,Maksim Chmerkoskiy,Actor/Actress,California,United States,30,Eliminated Week 6,8,33.0,8.25,2.0,11,24,3,4,single_elimination,False,0.10476190476190476,0.09091090979253065,5.0,0.19567281455443541,9.0,7.0,9.0,-3.0,3.0,0.0,1.0,1.0,False,False
Nancy Kerrigan,Artem Chigvintsev,Athlete,Massachusetts,United States,47,Eliminated Week 7,7,33.0,8.25,2.0,11,24,3,4,single_elimination,False,0.10476190476190476,0.09091090979253065,5.0,0.19567281455443541,9.0,7.0,9.0,-3.0,3.0,0.0,1.0,1.0,False,False
Simone Biles,Sasha Farber,Athlete,Ohio,United States,20,Eliminated Week 9,4,32.0,8.0,4.0,11,24,3,4,single_elimination,False,0.10158730158730159,0.09090555967382369,10.0,0.19249286126112528,8.0,14.0,5.0,-6.0,6.0,0.0,1.0,1.0,False,False
David Ross,Lindsay Arnold,Athlete,Georgia,United States,40,2nd Place,2,31.0,7.75,5.0,11,24,3,4,single_elimination,False,0.09841269841269841,0.09091177103570319,4.0,0.1893244694484016,7.0,9.0,7.0,1.0,1.0,0.0,1.0,1.0,False,False
Rashad Jennings,Emma Slater,Athlete,Virginia,United States,32,1st Place,1,28.0,7.0,6.0,11,24,3,4,single_elimination,False,0.08888888888888889,0.09091349874748796,3.0,0.17980238763637685,6.0,9.0,7.0,3.0,3.0,0.0,1.0,1.0,False,False
Erika Jayne,Gleb Savchenko,Singer/Rapper,Georgia,United States,45,Eliminated Week 5,9,26.0,6.5,7.0,11,24,3,4,single_elimination,False,0.08253968253968254,0.09090757125995727,8.0,0.17344725379963982,4.0,15.0,3.0,-1.0,1.0,0.0,1.0,1.0,False,False
Nick Viall,Peta Murgatroyd,TV Personality,Wisconsin,United States,36,Eliminated Week 7,6,26.0,6.5,7.0,11,24,3,4,single_elimination,False,0.08253968253968254,0.09090757125995727,8.0,0.17344725379963982,4.0,15.0,3.0,-1.0,1.0,0.0,1.0,1.0,False,False
Bonner Bolton,Sharna Burgess,Athlete,Texas,United States,29,Eliminated Week 8,5,24.0,6.0,9.0,11,24,3,4,single_elimination,False,0.0761904761904762,0.09090823754505811,7.0,0.1670987137355343,2.0,16.0,2.0,2.0,2.0,0.0,1.0,1.0,False,False
Charo,Keo Motsepe,Actor/Actress,,Spain,66,Eliminated Week 3,11,24.0,6.0,9.0,11,24,3,4,single_elimination,True,0.0761904761904762,0.09089464029367968,11.0,0.16708511648415586,1.0,20.0,1.0,-2.0,2.0,0.0,0.10562770562770558,0.10562770562770558,True,True
Mr. T,Kym Herjavec,Actor/Actress,Illinois,United States,64,Eliminated Week 4,10,24.0,6.0,9.0,11,24,3,4,single_elimination,False,0.0761904761904762,0.09091509836887895,1.0,0.16710557455935515,3.0,10.0,6.0,8.0,8.0,0.0,1.0,1.0,False,False
Rashad Jennings,Emma Slater,Athlete,Virginia,United States,32,1st Place,1,39.0,9.75,1.0,10,24,4,5,single_elimination,False,0.1196319018404908,0.09998863505978121,10.0,0.219620536900272,10.0,11.0,5.0,-9.0,9.0,0.0,1.0,1.0,False,False
Simone Biles,Sasha Farber,Athlete,Ohio,United States,20,Eliminated Week 9,4,36.0,9.0,2.0,10,24,4,5,single_elimination,False,0.11042944785276074,0.09999386989550847,9.0,0.21042331774826922,9.0,11.0,5.0,-7.0,7.0,0.0,1.0,1.0,False,False
Heather Morris,Maksim Chmerkoskiy,Actor/Actress,California,United States,30,Eliminated Week 6,8,35.0,8.75,3.0,10,24,4,5,single_elimination,False,0.10736196319018405,0.10000575768789664,3.0,0.2073677208780807,8.0,6.0,9.0,0.0,0.0,0.0,1.0,1.0,False,False
Nancy Kerrigan,Artem Chigvintsev,Athlete,Massachusetts,United States,47,Eliminated Week 7,7,33.0,8.25,4.0,10,24,4,5,single_elimination,False,0.10122699386503067,0.10000954965462248,1.0,0.20123654351965314,7.0,5.0,10.0,3.0,3.0,0.0,1.0,1.0,False,False
Bonner Bolton,Sharna Burgess,Athlete,Texas,United States,29,Eliminated Week 8,5,32.0,8.0,5.0,10,24,4,5,single_elimination,False,0.09815950920245399,0.10000033805091055,5.0,0.19815984725336455,5.0,10.0,7.0,0.0,0.0,0.0,1.0,1.0,False,False
Normani,Valentin Chmerkovskiy,Singer/Rapper,Georgia,United States,20,3rd Place,3,32.0,8.0,5.0,10,24,4,5,single_elimination,False,0.09815950920245399,0.10000033805091055,5.0,0.19815984725336455,5.0,10.0,7.0,0.0,0.0,0.0,1.0,1.0,False,False
David Ross,Lindsay Arnold,Athlete,Georgia,United States,40,2nd Place,2,31.0,7.75,7.0,10,24,4,5,single_elimination,False,0.0950920245398773,0.0999955996217337,8.0,0.19508762416161102,4.0,15.0,1.0,-1.0,1.0,0.0,1.0,1.0,False,True
Erika Jayne,Gleb Savchenko,Singer/Rapper,Georgia,United States,45,Eliminated Week 5,9,30.0,7.5,8.0,10,24,4,5,single_elimination,False,0.09202453987730061,0.0999973862016838,7.0,0.1920219260789844,2.0,15.0,1.0,1.0,1.0,0.0,1.0,1.0,False,False
Nick Viall,Peta Murgatroyd,TV Personality,Wisconsin,United States,36,Eliminated Week 7,6,30.0,7.5,8.0,10,24,4,5,single_elimination,False,0.09202453987730061,0.10000264525783459,4.0,0.1920271851351352,3.0,12.0,3.0,4.0,4.0,0.0,1.0,1.0,False,False
Mr. T,Kym Herjavec,Actor/Actress,Illinois,United States,64,Eliminated Week 4,10,28.0,7.0,10.0,10,24,4,5,single_elimination,True,0.08588957055214724,0.10000587954687405,2.0,0.1858954500990213,1.0,12.0,3.0,8.0,8.0,0.0,0.11411042944785274,0.11411042944785274,True,False
Normani,Valentin Chmerkovskiy,Singer/Rapper,Georgia,United States,20,3rd Place,3,39.0,9.75,1.0,9,24,5,6,single_elimination,False,0.12828947368421054,0.11109048846316516,3.0,0.2393799621473757,9.0,4.0,9.0,-2.0,2.0,0.0,0.9835526315789475,0.9835526315789475,False,False
Simone Biles,Sasha Farber,Athlete,Ohio,United States,20,Eliminated Week 9,4,38.0,9.5,2.0,9,24,5,6,single_elimination,False,0.125,0.11108807109358199,4.0,0.23608807109358199,8.0,6.0,8.0,-2.0,2.0,0.0,0.9835526315789475,0.9835526315789475,False,False
Nancy Kerrigan,Artem Chigvintsev,Athlete,Massachusetts,United States,47,Eliminated Week 7,7,36.0,9.0,3.0,9,24,5,6,single_elimination,False,0.11842105263157894,0.11108244046947925,7.0,0.2295034931010582,7.0,10.0,3.0,-4.0,4.0,0.0,0.9835526315789475,0.9835526315789475,False,False
Heather Morris,Maksim Chmerkoskiy,Actor/Actress,California,United States,30,Eliminated Week 6,8,34.0,8.5,4.0,9,24,5,6,single_elimination,False,0.1118421052631579,0.11108729920695486,5.0,0.22292940447011275,5.0,9.0,6.0,-1.0,1.0,0.0,0.9835526315789475,0.9835526315789475,False,False
Nick Viall,Peta Murgatroyd,TV Personality,Wisconsin,United States,36,Eliminated Week 7,6,34.0,8.5,4.0,9,24,5,6,single_elimination,False,0.1118421052631579,0.11108729920695486,5.0,0.22292940447011275,5.0,9.0,6.0,-1.0,1.0,0.0,0.9835526315789475,0.9835526315789475,False,False
Erika Jayne,Gleb Savchenko,Singer/Rapper,Georgia,United States,45,Eliminated Week 5,9,32.0,8.0,6.0,9,24,5,6,single_elimination,True,0.10526315789473684,0.10567905065731208,9.0,0.21094220855204893,1.0,15.0,1.0,-3.0,3.0,0.0,0.11695906432748537,0.11695906432748537,True,True
Rashad Jennings,Emma Slater,Athlete,Virginia,United States,32,1st Place,1,32.0,8.0,6.0,9,24,5,6,single_elimination,False,0.10526315789473684,0.11107982888540188,8.0,0.21634298678013872,4.0,14.0,2.0,-2.0,2.0,0.0,0.9835526315789475,0.9835526315789475,False,False
Bonner Bolton,Sharna Burgess,Athlete,Texas,United States,29,Eliminated Week 8,5,30.0,7.5,8.0,9,24,5,6,single_elimination,False,0.09868421052631579,0.11225804157275197,2.0,0.21094225209906775,3.0,10.0,3.0,6.0,6.0,0.006578947368421045,0.9901315789473685,0.9835526315789475,False,False
David Ross,Lindsay Arnold,Athlete,Georgia,United States,40,2nd Place,2,29.0,7.25,9.0,9,24,5,6,single_elimination,False,0.09539473684210527,0.11554747986232301,1.0,0.21094221670442828,2.0,10.0,3.0,8.0,8.0,0.009868421052631568,0.993421052631579,0.9835526315789475,False,False
Heather Morris,Maksim Chmerkoskiy,Actor/Actress,California,United States,30,Eliminated Week 6,8,37.0,9.25,1.0,8,24,6,7,single_elimination,True,0.137546468401487,0.10847560402075328,8.0,0.24602207242224028,1.0,9.0,3.0,-7.0,7.0,0.0,0.11245353159851301,0.11245353159851301,True,False
Normani,Valentin Chmerkovskiy,Singer/Rapper,Georgia,United States,20,3rd Place,3,36.0,9.0,2.0,8,24,6,7,single_elimination,False,0.13382899628252787,0.12479844861281308,5.0,0.25862744489534095,8.0,7.0,8.0,-3.0,3.0,0.0037174721189591198,0.9033457249070632,0.8996282527881041,False,False
Rashad Jennings,Emma Slater,Athlete,Virginia,United States,32,1st Place,1,35.0,8.75,3.0,8,24,6,7,single_elimination,False,0.13011152416356878,0.12478713404334288,7.0,0.25489865820691165,7.0,10.0,1.0,-4.0,4.0,0.007434944237918212,0.9070631970260223,0.8996282527881041,False,True
Simone Biles,Sasha Farber,Athlete,Ohio,United States,20,Eliminated Week 9,4,34.5,8.625,4.0,8,24,6,7,single_elimination,False,0.12825278810408922,0.12479397468823097,6.0,0.2530467627923202,6.0,10.0,1.0,-2.0,2.0,0.009293680297397772,0.9089219330855018,0.8996282527881041,False,False
Nancy Kerrigan,Artem Chigvintsev,Athlete,Massachusetts,United States,47,Eliminated Week 7,7,33.5,8.375,5.0,8,24,6,7,single_elimination,False,0.12453531598513011,0.12480348283168015,4.0,0.24933879881681026,5.0,9.0,3.0,1.0,1.0,0.013011152416356878,0.912639405204461,0.8996282527881041,False,False
Bonner Bolton,Sharna Burgess,Athlete,Texas,United States,29,Eliminated Week 8,5,31.5,7.875,6.0,8,24,6,7,single_elimination,False,0.1171003717472119,0.12892172357555276,3.0,0.24602209532276464,4.0,9.0,3.0,3.0,3.0,0.02044609665427509,0.9200743494423792,0.8996282527881041,False,False
David Ross,Lindsay Arnold,Athlete,Georgia,United States,40,2nd Place,2,31.0,7.75,7.0,8,24,6,7,single_elimination,False,0.11524163568773234,0.13078044709573147,2.0,0.24602208278346382,2.0,9.0,3.0,5.0,5.0,0.02230483271375465,0.9219330855018587,0.8996282527881041,False,False
Nick Viall,Peta Murgatroyd,TV Personality,Wisconsin,United States,36,Eliminated Week 7,6,30.5,7.625,8.0,8,24,6,7,single_elimination,False,0.11338289962825279,0.13263918349014842,1.0,0.2460220831184012,3.0,9.0,3.0,7.0,7.0,0.024163568773234195,0.9237918215613383,0.8996282527881041,False,False
Normani,Valentin Chmerkovskiy,Singer/Rapper,Georgia,United States,20,3rd Place,3,42.0,10.5,1.0,7,24,7,8,multi_elimination,False,0.16600790513833993,0.14275119161278793,3.0,0.3087590967511279,7.0,4.0,7.0,-2.0,2.0,0.0,0.9644268774703557,0.9644268774703557,False,False
Rashad Jennings,Emma Slater,Athlete,Virginia,United States,32,1st Place,1,39.0,9.75,2.0,7,24,7,8,multi_elimination,False,0.1541501976284585,0.14273920108094576,4.0,0.29688939870940423,5.0,6.0,5.0,-2.0,2.0,0.0,0.9644268774703557,0.9644268774703557,False,False
Simone Biles,Sasha Farber,Athlete,Ohio,United States,20,Eliminated Week 9,4,39.0,9.75,2.0,7,24,7,8,multi_elimination,False,0.1541501976284585,0.14273920108094576,4.0,0.29688939870940423,5.0,6.0,5.0,-2.0,2.0,0.0,0.9644268774703557,0.9644268774703557,False,False
Nancy Kerrigan,Artem Chigvintsev,Athlete,Massachusetts,United States,47,Eliminated Week 7,7,36.0,9.0,4.0,7,24,7,8,multi_elimination,True,0.1422924901185771,0.1320730487757032,7.0,0.2743655388942803,2.0,11.0,1.0,-3.0,3.0,0.0,0.16864295125164688,0.16864295125164688,True,True
Nick Viall,Peta Murgatroyd,TV Personality,Wisconsin,United States,36,Eliminated Week 7,6,34.0,8.5,5.0,7,24,7,8,multi_elimination,True,0.13438735177865613,0.1399780690370116,6.0,0.2743654208156677,1.0,11.0,1.0,-1.0,1.0,0.0,0.17523056653491434,0.17523056653491434,True,True
David Ross,Lindsay Arnold,Athlete,Georgia,United States,40,2nd Place,2,32.0,8.0,6.0,7,24,7,8,multi_elimination,False,0.12648221343873517,0.1478833711327481,2.0,0.2743655845714833,4.0,8.0,3.0,4.0,4.0,0.015810276679841917,0.9802371541501976,0.9644268774703557,False,False
Bonner Bolton,Sharna Burgess,Athlete,Texas,United States,29,Eliminated Week 8,5,31.0,7.75,7.0,7,24,7,8,multi_elimination,False,0.1225296442687747,0.15183591530344603,1.0,0.27436555957222075,3.0,8.0,3.0,6.0,6.0,0.019762845849802382,0.9841897233201581,0.9644268774703557,False,False
Normani,Valentin Chmerkovskiy,Singer/Rapper,Georgia,United States,20,3rd Place,3,39.5,9.875,1.0,5,24,8,9,single_elimination,False,0.22636103151862463,0.20000508698060823,2.0,0.4263661184992329,5.0,3.0,5.0,-1.0,1.0,0.0,1.0,1.0,False,False
Rashad Jennings,Emma Slater,Athlete,Virginia,United States,32,1st Place,1,37.5,9.375,2.0,5,24,8,9,single_elimination,False,0.2148997134670487,0.20000098789412082,4.0,0.4149007013611695,4.0,6.0,3.0,-2.0,2.0,0.0,1.0,1.0,False,False
Simone Biles,Sasha Farber,Athlete,Ohio,United States,20,Eliminated Week 9,4,36.0,9.0,3.0,5,24,8,9,single_elimination,False,0.20630372492836677,0.19998514533442283,5.0,0.4062888702627896,3.0,8.0,1.0,-2.0,2.0,0.0,1.0,1.0,False,True
David Ross,Lindsay Arnold,Athlete,Georgia,United States,40,2nd Place,2,32.5,8.125,4.0,5,24,8,9,single_elimination,False,0.18624641833810887,0.20000625957259274,1.0,0.3862526779107016,2.0,5.0,4.0,3.0,3.0,0.0,1.0,1.0,False,False
Bonner Bolton,Sharna Burgess,Athlete,Texas,United States,29,Eliminated Week 8,5,29.0,7.25,5.0,5,24,8,9,single_elimination,True,0.166189111747851,0.20000251846396488,3.0,0.3661916302118159,1.0,8.0,1.0,2.0,2.0,0.0,0.23381088825214896,0.23381088825214896,True,False
Simone Biles,Sasha Farber,Athlete,Ohio,United States,20,Eliminated Week 9,4,40.0,10.0,1.0,4,24,9,10,single_elimination,True,0.264026402640264,0.23377019295358228,4.0,0.49779659559384626,1.0,5.0,1.0,-3.0,3.0,0.0,0.235973597359736,0.235973597359736,True,True
Rashad Jennings,Emma Slater,Athlete,Virginia,United States,32,1st Place,1,38.5,9.625,2.0,4,24,9,10,single_elimination,False,0.25412541254125415,0.24972360745902072,3.0,0.5038490200002749,4.0,5.0,1.0,-1.0,1.0,0.009900990099009854,0.9537953795379539,0.943894389438944,False,False
Normani,Valentin Chmerkovskiy,Singer/Rapper,Georgia,United States,20,3rd Place,3,38.0,9.5,3.0,4,24,9,10,single_elimination,False,0.2508250825082508,0.24973269700162898,2.0,0.5005577795098798,3.0,5.0,1.0,1.0,1.0,0.013201320132013195,0.9570957095709571,0.943894389438944,False,False
David Ross,Lindsay Arnold,Athlete,Georgia,United States,40,2nd Place,2,35.0,8.75,4.0,4,24,9,10,single_elimination,False,0.23102310231023102,0.26677350169702146,1.0,0.49779660400725245,2.0,5.0,1.0,3.0,3.0,0.033003300330032986,0.976897689768977,0.943894389438944,False,False
Frankie Muniz,Witney Carson,Actor/Actress,New Jersey,United States,31,3rd Place,3,24.0,8.0,1.0,13,25,2,3,multi_elimination,False,0.08775137111517367,0.07691013232136398,9.0,0.16466150343653765,12.0,10.0,11.0,-8.0,8.0,0.0,0.9817184643510055,0.9817184643510055,False,False
Jordan Fisher,Lindsay Arnold,Actor/Actress,Alabama,United States,23,1st Place,1,24.0,8.0,1.0,13,25,2,3,multi_elimination,False,0.08775137111517367,0.07691013232136398,9.0,0.16466150343653765,12.0,10.0,11.0,-8.0,8.0,0.0,0.9817184643510055,0.9817184643510055,False,False
Vanessa Lachey,Maksim Chmerkoskiy,TV Personality,,Philippines,36,Eliminated Week 7,7,23.5,7.833333333333333,3.0,13,25,2,3,multi_elimination,False,0.08592321755027423,0.07691584158519532,7.0,0.16283905913546953,11.0,10.0,11.0,-4.0,4.0,0.0,0.9817184643510055,0.9817184643510055,False,False
Lindsey Stirling,Mark Ballas,Musician,California,United States,31,2nd Place,2,22.5,7.5,4.0,13,25,2,3,multi_elimination,False,0.08226691042047532,0.07690971899001046,11.0,0.15917662941048577,9.0,15.0,3.0,-7.0,7.0,0.0,0.9817184643510055,0.9817184643510055,False,False
Sasha Pieterse,Gleb Savchenko,Actor/Actress,,South Africa,21,Eliminated Week 5,10,22.5,7.5,4.0,13,25,2,3,multi_elimination,False,0.08226691042047532,0.07690971899001046,11.0,0.15917662941048577,9.0,15.0,3.0,-7.0,7.0,0.0,0.9817184643510055,0.9817184643510055,False,False
Victoria Arlen,Valentin Chmerkovskiy,Athlete,New Hamshire,United States,22,Eliminated Week 9,5,22.0,7.333333333333333,6.0,13,25,2,3,multi_elimination,False,0.08043875685557587,0.07691782029324441,6.0,0.1573565771488203,8.0,12.0,6.0,0.0,0.0,0.0,0.9817184643510055,0.9817184643510055,False,False
Debbie Gibson,Alan Bersten,Singer/Rapper,New York,United States,47,Eliminated Week 2,12,20.5,6.833333333333333,7.0,13,25,2,3,multi_elimination,True,0.07495429616087751,0.07328049934890338,13.0,0.1482347955097809,2.0,20.0,2.0,-6.0,6.0,0.0,0.08653260207190736,0.08653260207190736,True,True
Drew Scott,Emma Slater,TV Personality,,Canada,39,Eliminated Week 10,4,20.5,6.833333333333333,7.0,13,25,2,3,multi_elimination,False,0.07495429616087751,0.0769237808242997,5.0,0.1518780769851772,7.0,12.0,6.0,2.0,2.0,0.0,0.9817184643510055,0.9817184643510055,False,False
Nikki Bella,Artem Chigvintsev,Athlete,California,United States,33,Eliminated Week 7,8,19.5,6.5,9.0,13,25,2,3,multi_elimination,False,0.0712979890310786,0.07693851015473675,3.0,0.14823649918581536,5.0,12.0,6.0,6.0,6.0,0.0036563071297989053,0.9853747714808044,0.9817184643510055,False,False
Terrell Owens,Cheryl Burke,Athlete,Alabama,United States,43,Eliminated Week 8,6,19.5,6.5,9.0,13,25,2,3,multi_elimination,False,0.0712979890310786,0.07693851015473675,3.0,0.14823649918581536,5.0,12.0,6.0,6.0,6.0,0.0036563071297989053,0.9853747714808044,0.9817184643510055,False,False
Derek Fisher,Sharna Burgess,Athlete,Arkansas,United States,43,Eliminated Week 4,11,19.0,6.333333333333333,11.0,13,25,2,3,multi_elimination,False,0.06946983546617916,0.07876497230752844,2.0,0.1482348077737076,3.0,13.0,5.0,9.0,9.0,0.005484460694698351,0.9872029250457038,0.9817184643510055,False,False
Nick Lachey,Peta Murgatroyd,Singer/Rapper,Kentucky,United States,43,Eliminated Week 6,9,19.0,6.333333333333333,11.0,13,25,2,3,multi_elimination,False,0.06946983546617916,0.07876497270836276,1.0,0.14823480817454193,4.0,12.0,6.0,10.0,10.0,0.005484460694698351,0.9872029250457038,0.9817184643510055,False,False
Barbara Corcoran,Keo Motsepe,Entrepreneur,New Jersey,United States,68,Eliminated Week 2,13,17.0,5.666666666666667,13.0,13,25,2,3,multi_elimination,True,0.062157221206581355,0.0769153888517609,8.0,0.13907261005834226,1.0,21.0,1.0,5.0,5.0,0.0,0.09826325411334551,0.09826325411334551,True,True
Jordan Fisher,Lindsay Arnold,Actor/Actress,Alabama,United States,23,1st Place,1,29.0,9.666666666666666,1.0,11,25,4,5,single_elimination,False,0.1070110701107011,0.0908932891481811,10.0,0.1979043592588822,11.0,11.0,4.0,-9.0,9.0,0.0,0.996309963099631,0.996309963099631,False,False
Victoria Arlen,Valentin Chmerkovskiy,Athlete,New Hamshire,United States,22,Eliminated Week 9,5,27.0,9.0,2.0,11,25,4,5,single_elimination,False,0.0996309963099631,0.09090406332840624,8.0,0.19053505963836934,10.0,10.0,5.0,-6.0,6.0,0.0,0.996309963099631,0.996309963099631,False,False
Lindsey Stirling,Mark Ballas,Musician,California,United States,31,2nd Place,2,26.0,8.666666666666666,3.0,11,25,4,5,single_elimination,False,0.0959409594095941,0.0908953378361017,9.0,0.18683629724569578,9.0,12.0,2.0,-6.0,6.0,0.0,0.996309963099631,0.996309963099631,False,False
Drew Scott,Emma Slater,TV Personality,,Canada,39,Eliminated Week 10,4,24.0,8.0,4.0,11,25,4,5,single_elimination,False,0.08856088560885608,0.0909102500417735,2.0,0.17947113565062958,3.0,6.0,6.0,2.0,2.0,0.0,0.996309963099631,0.996309963099631,False,False
Frankie Muniz,Witney Carson,Actor/Actress,New Jersey,United States,31,3rd Place,3,24.0,8.0,4.0,11,25,4,5,single_elimination,False,0.08856088560885608,0.0909102500417735,2.0,0.17947113565062958,3.0,6.0,6.0,2.0,2.0,0.0,0.996309963099631,0.996309963099631,False,False
Nikki Bella,Artem Chigvintsev,Athlete,California,United States,33,Eliminated Week 7,8,24.0,8.0,4.0,11,25,4,5,single_elimination,False,0.08856088560885608,0.0909102500417735,2.0,0.17947113565062958,3.0,6.0,6.0,2.0,2.0,0.0,0.996309963099631,0.996309963099631,False,False
Sasha Pieterse,Gleb Savchenko,Actor/Actress,,South Africa,21,Eliminated Week 5,10,24.0,8.0,4.0,11,25,4,5,single_elimination,False,0.08856088560885608,0.0909102500417735,2.0,0.17947113565062958,3.0,6.0,6.0,2.0,2.0,0.0,0.996309963099631,0.996309963099631,False,False
Terrell Owens,Cheryl Burke,Athlete,Alabama,United States,43,Eliminated Week 8,6,24.0,8.0,4.0,11,25,4,5,single_elimination,False,0.08856088560885608,0.0909102500417735,2.0,0.17947113565062958,3.0,6.0,6.0,2.0,2.0,0.0,0.996309963099631,0.996309963099631,False,False
Vanessa Lachey,Maksim Chmerkoskiy,TV Personality,,Philippines,36,Eliminated Week 7,7,24.0,8.0,4.0,11,25,4,5,single_elimination,False,0.08856088560885608,0.0909102500417735,2.0,0.17947113565062958,3.0,6.0,6.0,2.0,2.0,0.0,0.996309963099631,0.996309963099631,False,False
Derek Fisher,Sharna Burgess,Athlete,Arkansas,United States,43,Eliminated Week 4,11,23.0,7.666666666666667,10.0,11,25,4,5,single_elimination,True,0.08487084870848709,0.08907787380142933,11.0,0.17394872250991641,1.0,21.0,1.0,-1.0,1.0,0.0,0.09694733310969472,0.09694733310969472,True,True
Nick Lachey,Peta Murgatroyd,Singer/Rapper,Kentucky,United States,43,Eliminated Week 6,9,22.0,7.333333333333333,11.0,11,25,4,5,single_elimination,False,0.08118081180811808,0.09276793468829979,1.0,0.17394874649641787,2.0,12.0,2.0,10.0,10.0,0.0036900369003690092,1.0,0.996309963099631,False,False
Jordan Fisher,Lindsay Arnold,Actor/Actress,Alabama,United States,23,1st Place,1,30.0,10.0,1.0,10,25,5,6,single_elimination,False,0.11494252873563218,0.09998119512917739,6.0,0.21492372386480957,10.0,7.0,9.0,-5.0,5.0,0.0,0.9923371647509579,0.9923371647509579,False,False
Frankie Muniz,Witney Carson,Actor/Actress,New Jersey,United States,31,3rd Place,3,29.0,9.666666666666666,2.0,10,25,5,6,single_elimination,False,0.1111111111111111,0.09999346666138374,2.0,0.21110457777249486,9.0,4.0,10.0,0.0,0.0,0.0,0.9923371647509579,0.9923371647509579,False,False
Lindsey Stirling,Mark Ballas,Musician,California,United States,31,2nd Place,2,28.0,9.333333333333334,3.0,10,25,5,6,single_elimination,False,0.10727969348659004,0.0999749507568152,9.0,0.20725464424340523,8.0,12.0,3.0,-6.0,6.0,0.0,0.9923371647509579,0.9923371647509579,False,False
Nikki Bella,Artem Chigvintsev,Athlete,California,United States,33,Eliminated Week 7,8,27.0,9.0,4.0,10,25,5,6,single_elimination,False,0.10344827586206896,0.09997845381608682,7.0,0.20342672967815578,6.0,11.0,4.0,-3.0,3.0,0.0,0.9923371647509579,0.9923371647509579,False,False
Victoria Arlen,Valentin Chmerkovskiy,Athlete,New Hamshire,United States,22,Eliminated Week 9,5,27.0,9.0,4.0,10,25,5,6,single_elimination,False,0.10344827586206896,0.09997845381608682,7.0,0.20342672967815578,6.0,11.0,4.0,-3.0,3.0,0.0,0.9923371647509579,0.9923371647509579,False,False
Drew Scott,Emma Slater,TV Personality,,Canada,39,Eliminated Week 10,4,25.0,8.333333333333334,6.0,10,25,5,6,single_elimination,False,0.09578544061302682,0.09999316196121598,3.0,0.1957786025742428,4.0,9.0,7.0,3.0,3.0,0.0,0.9923371647509579,0.9923371647509579,False,False
Terrell Owens,Cheryl Burke,Athlete,Alabama,United States,43,Eliminated Week 8,6,25.0,8.333333333333334,6.0,10,25,5,6,single_elimination,False,0.09578544061302682,0.09999316196121598,3.0,0.1957786025742428,4.0,9.0,7.0,3.0,3.0,0.0,0.9923371647509579,0.9923371647509579,False,False
Sasha Pieterse,Gleb Savchenko,Actor/Actress,,South Africa,21,Eliminated Week 5,10,24.0,8.0,8.0,10,25,5,6,single_elimination,True,0.09195402298850575,0.09622730545509851,10.0,0.18818132844360425,1.0,18.0,1.0,-2.0,2.0,0.0,0.10804597701149427,0.10804597701149427,True,True
Vanessa Lachey,Maksim Chmerkoskiy,TV Personality,,Philippines,36,Eliminated Week 7,7,24.0,8.0,8.0,10,25,5,6,single_elimination,False,0.09195402298850575,0.09998969725447672,5.0,0.19194372024298245,3.0,13.0,2.0,3.0,3.0,0.0,0.9923371647509579,0.9923371647509579,False,False
Nick Lachey,Peta Murgatroyd,Singer/Rapper,Kentucky,United States,43,Eliminated Week 6,9,22.0,7.333333333333333,10.0,10,25,5,6,single_elimination,False,0.0842911877394636,0.10389015191493081,1.0,0.18818133965439443,2.0,11.0,4.0,9.0,9.0,0.007662835249042141,1.0,0.9923371647509579,False,False
Lindsey Stirling,Mark Ballas,Musician,California,United States,31,2nd Place,2,40.0,10.0,1.0,9,25,6,7,single_elimination,False,0.13071895424836602,0.11111385735418956,5.0,0.2418328116025556,9.0,6.0,8.0,-4.0,4.0,0.0,1.0,1.0,False,False
Jordan Fisher,Lindsay Arnold,Actor/Actress,Alabama,United States,23,1st Place,1,39.0,9.75,2.0,9,25,6,7,single_elimination,False,0.12745098039215685,0.11111727383178413,1.0,0.23856825422394098,8.0,3.0,9.0,1.0,1.0,0.0,1.0,1.0,False,False
Terrell Owens,Cheryl Burke,Athlete,Alabama,United States,43,Eliminated Week 8,6,37.0,9.25,3.0,9,25,6,7,single_elimination,False,0.12091503267973856,0.11110209664271163,8.0,0.2320171293224502,7.0,11.0,3.0,-5.0,5.0,0.0,1.0,1.0,False,False
Nikki Bella,Artem Chigvintsev,Athlete,California,United States,33,Eliminated Week 7,8,36.0,9.0,4.0,9,25,6,7,single_elimination,False,0.11764705882352941,0.1111131867478161,6.0,0.2287602455713455,5.0,10.0,4.0,-2.0,2.0,0.0,1.0,1.0,False,False
Vanessa Lachey,Maksim Chmerkoskiy,TV Personality,,Philippines,36,Eliminated Week 7,7,36.0,9.0,4.0,9,25,6,7,single_elimination,False,0.11764705882352941,0.1111131867478161,6.0,0.2287602455713455,5.0,10.0,4.0,-2.0,2.0,0.0,1.0,1.0,False,False
Frankie Muniz,Witney Carson,Actor/Actress,New Jersey,United States,31,3rd Place,3,31.0,7.75,6.0,9,25,6,7,single_elimination,False,0.10130718954248366,0.11111442918522034,2.0,0.212421618727704,3.0,8.0,6.0,4.0,4.0,0.0,1.0,1.0,False,False
Victoria Arlen,Valentin Chmerkovskiy,Athlete,New Hamshire,United States,22,Eliminated Week 9,5,31.0,7.75,6.0,9,25,6,7,single_elimination,False,0.10130718954248366,0.11111442918522034,2.0,0.212421618727704,3.0,8.0,6.0,4.0,4.0,0.0,1.0,1.0,False,False
Drew Scott,Emma Slater,TV Personality,,Canada,39,Eliminated Week 10,4,30.0,7.5,8.0,9,25,6,7,single_elimination,False,0.09803921568627451,0.11109742543024646,9.0,0.20913664111652097,2.0,17.0,1.0,-1.0,1.0,0.0,1.0,1.0,False,True
Nick Lachey,Peta Murgatroyd,Singer/Rapper,Kentucky,United States,43,Eliminated Week 6,9,26.0,6.5,9.0,9,25,6,7,single_elimination,True,0.08496732026143791,0.11111411362649985,4.0,0.19608143388793775,1.0,13.0,2.0,5.0,5.0,0.0,0.1372549019607843,0.1372549019607843,True,False
Frankie Muniz,Witney Carson,Actor/Actress,New Jersey,United States,31,3rd Place,3,30.0,10.0,1.0,8,25,7,8,multi_elimination,False,0.13953488372093023,0.12497410441398488,3.0,0.2645089881349151,8.0,4.0,8.0,-2.0,2.0,0.0,0.9813953488372092,0.9813953488372092,False,False
Drew Scott,Emma Slater,TV Personality,,Canada,39,Eliminated Week 10,4,28.5,9.5,2.0,8,25,7,8,multi_elimination,False,0.1325581395348837,0.12496137086942384,4.0,0.25751951040430754,6.0,6.0,6.0,-2.0,2.0,0.0,0.9813953488372092,0.9813953488372092,False,False
Victoria Arlen,Valentin Chmerkovskiy,Athlete,New Hamshire,United States,22,Eliminated Week 9,5,28.5,9.5,2.0,8,25,7,8,multi_elimination,False,0.1325581395348837,0.12496137086942384,4.0,0.25751951040430754,6.0,6.0,6.0,-2.0,2.0,0.0,0.9813953488372092,0.9813953488372092,False,False
Jordan Fisher,Lindsay Arnold,Actor/Actress,Alabama,United States,23,1st Place,1,27.0,9.0,4.0,8,25,7,8,multi_elimination,False,0.12558139534883722,0.12496008604351727,7.0,0.2505414813923545,5.0,11.0,3.0,-3.0,3.0,0.0,0.9813953488372092,0.9813953488372092,False,False
Vanessa Lachey,Maksim Chmerkoskiy,TV Personality,,Philippines,36,Eliminated Week 7,7,27.0,9.0,4.0,8,25,7,8,multi_elimination,True,0.12558139534883722,0.11885925463672899,8.0,0.2444406499855662,2.0,12.0,2.0,-4.0,4.0,0.0,0.1441860465116279,0.1441860465116279,True,True
Lindsey Stirling,Mark Ballas,Musician,California,United States,31,2nd Place,2,25.5,8.5,6.0,8,25,7,8,multi_elimination,False,0.1186046511627907,0.12583615523737107,2.0,0.24444080640016178,4.0,8.0,4.0,4.0,4.0,0.0069767441860465185,0.9883720930232558,0.9813953488372092,False,False
Terrell Owens,Cheryl Burke,Athlete,Alabama,United States,43,Eliminated Week 8,6,24.5,8.166666666666666,7.0,8,25,7,8,multi_elimination,False,0.11395348837209303,0.1304871794862846,1.0,0.24444066785837765,3.0,8.0,4.0,6.0,6.0,0.011627906976744193,0.9930232558139535,0.9813953488372092,False,False
Nikki Bella,Artem Chigvintsev,Athlete,California,United States,33,Eliminated Week 7,8,24.0,8.0,8.0,8,25,7,8,multi_elimination,True,0.11162790697674418,0.12496047693934469,6.0,0.23658838391608888,1.0,14.0,1.0,2.0,2.0,0.0,0.15614617940199338,0.15614617940199338,True,True
Jordan Fisher,Lindsay Arnold,Actor/Actress,Alabama,United States,23,1st Place,1,30.0,10.0,1.0,6,25,8,9,single_elimination,False,0.19169329073482427,0.16663761738280766,3.0,0.3583309081176319,6.0,4.0,6.0,-2.0,2.0,0.0,0.9776357827476039,0.9776357827476039,False,False
Lindsey Stirling,Mark Ballas,Musician,California,United States,31,2nd Place,2,27.0,9.0,2.0,6,25,8,9,single_elimination,False,0.17252396166134185,0.16661576105103873,5.0,0.3391397227123806,5.0,7.0,2.0,-3.0,3.0,0.0,0.9776357827476039,0.9776357827476039,False,False
Frankie Muniz,Witney Carson,Actor/Actress,New Jersey,United States,31,3rd Place,3,26.5,8.833333333333334,3.0,6,25,8,9,single_elimination,False,0.16932907348242812,0.16662489643010364,4.0,0.3359539699125318,4.0,7.0,2.0,-1.0,1.0,0.0,0.9776357827476039,0.9776357827476039,False,False
Terrell Owens,Cheryl Burke,Athlete,Alabama,United States,43,Eliminated Week 8,6,25.5,8.5,4.0,6,25,8,9,single_elimination,True,0.16293929712460065,0.15925245596544943,6.0,0.3221917530900501,1.0,10.0,1.0,-2.0,2.0,0.0,0.1703940362087327,0.1703940362087327,True,True
Victoria Arlen,Valentin Chmerkovskiy,Athlete,New Hamshire,United States,22,Eliminated Week 9,5,24.0,8.0,5.0,6,25,8,9,single_elimination,False,0.15335463258785942,0.16883724996647972,2.0,0.32219188255433917,3.0,7.0,2.0,3.0,3.0,0.009584664536741228,0.9872204472843451,0.9776357827476039,False,False
Drew Scott,Emma Slater,TV Personality,,Canada,39,Eliminated Week 10,4,23.5,7.833333333333333,6.0,6,25,8,9,single_elimination,False,0.1501597444089457,0.17203201734473889,1.0,0.3221917617536846,2.0,7.0,2.0,5.0,5.0,0.012779552715654952,0.9904153354632588,0.9776357827476039,False,False
Jordan Fisher,Lindsay Arnold,Actor/Actress,Alabama,United States,23,1st Place,1,29.0,9.666666666666666,1.0,5,25,9,10,single_elimination,False,0.21481481481481482,0.19977388812167596,3.0,0.41458870293649075,5.0,4.0,5.0,-2.0,2.0,0.0,0.9518518518518518,0.9518518518518518,False,False
Lindsey Stirling,Mark Ballas,Musician,California,United States,31,2nd Place,2,28.5,9.5,2.0,5,25,9,10,single_elimination,False,0.2111111111111111,0.19976352023736738,4.0,0.41087463134847846,4.0,6.0,2.0,-2.0,2.0,0.0,0.9518518518518518,0.9518518518518518,False,False
Victoria Arlen,Valentin Chmerkovskiy,Athlete,New Hamshire,United States,22,Eliminated Week 9,5,28.0,9.333333333333334,3.0,5,25,9,10,single_elimination,True,0.2074074074074074,0.18410479519909592,5.0,0.3915122026065033,1.0,8.0,1.0,-2.0,2.0,0.0,0.1925925925925926,0.1925925925925926,True,True
Frankie Muniz,Witney Carson,Actor/Actress,New Jersey,United States,31,3rd Place,3,25.5,8.5,4.0,5,25,9,10,single_elimination,False,0.18888888888888888,0.20262336987495974,2.0,0.39151225876384865,3.0,6.0,2.0,2.0,2.0,0.018518518518518517,0.9703703703703703,0.9518518518518518,False,False
Drew Scott,Emma Slater,TV Personality,,Canada,39,Eliminated Week 10,4,24.0,8.0,5.0,5,25,9,10,single_elimination,False,0.17777777777777778,0.2137344260431593,1.0,0.3915122038209371,2.0,6.0,2.0,4.0,4.0,0.029629629629629617,0.9814814814814815,0.951851851851852,False,False
Adam Rippon,Jenna Johnson,Athlete,Pennsylvania,United States,28,1st Place,1,24.0,8.0,1.0,10,26,1,2,multi_elimination,False,0.11428571428571428,0.09997523794126308,5.0,0.21426095222697736,9.0,6.0,9.0,-4.0,4.0,0.0,0.9904761904761905,0.9904761904761905,False,False
Josh Norman,Sharna Burgess,Athlete,South Carolina,United States,30,2nd Place,2,24.0,8.0,1.0,10,26,1,2,multi_elimination,False,0.11428571428571428,0.09997523794126308,5.0,0.21426095222697736,9.0,6.0,9.0,-4.0,4.0,0.0,0.9904761904761905,0.9904761904761905,False,False
Mirai Nagasu,Alan Bersten,Athlete,California,United States,25,Eliminated Week 3,4,23.0,7.666666666666667,3.0,10,26,1,2,multi_elimination,False,0.10952380952380952,0.09997085077133856,8.0,0.20949466029514807,7.0,11.0,3.0,-5.0,5.0,0.0,0.9904761904761905,0.9904761904761905,False,False
Tonya Harding,Sasha Farber,Athlete,Oregon,United States,47,3rd Place,3,23.0,7.666666666666667,3.0,10,26,1,2,multi_elimination,False,0.10952380952380952,0.09997085077133856,8.0,0.20949466029514807,7.0,11.0,3.0,-5.0,5.0,0.0,0.9904761904761905,0.9904761904761905,False,False
Chris Mazdzer,Witney Carson,Athlete,Massachusetts,United States,29,Eliminated Week 3,5,21.0,7.0,5.0,10,26,1,2,multi_elimination,False,0.1,0.09998434630952459,3.0,0.1999843463095246,5.0,8.0,7.0,2.0,2.0,0.0,0.9904761904761905,0.9904761904761905,False,False
Jennie Finch Daigle,Keo Motsepe,Athlete,California,United States,37,Eliminated Week 3,6,21.0,7.0,5.0,10,26,1,2,multi_elimination,False,0.1,0.09998434630952459,3.0,0.1999843463095246,5.0,8.0,7.0,2.0,2.0,0.0,0.9904761904761905,0.9904761904761905,False,False
Arike Ogunbowale,Gleb Savchenko,Athlete,Wisconsin,United States,21,Eliminated Week 2,7,20.0,6.666666666666667,7.0,10,26,1,2,multi_elimination,False,0.09523809523809523,0.09997334803290962,7.0,0.19521144327100487,4.0,14.0,2.0,0.0,0.0,0.0,0.9904761904761905,0.9904761904761905,False,True
Jamie Anderson,Artem Chigvintsev,Athlete,California,United States,27,Eliminated Week 1,10,19.0,6.333333333333333,8.0,10,26,1,2,multi_elimination,True,0.09047619047619047,0.09532820226105146,10.0,0.18580439273724192,2.0,18.0,1.0,-2.0,2.0,0.0,0.12222222222222219,0.12222222222222219,True,True
Johnny Damon,Emma Slater,Athlete,Kansas,United States,44,Eliminated Week 1,9,18.0,6.0,9.0,10,26,1,2,multi_elimination,True,0.08571428571428572,0.09998555893521896,2.0,0.18569984464950468,1.0,11.0,3.0,7.0,7.0,0.0,0.12645502645502643,0.12645502645502643,True,False
Kareem Abdul-Jabbar,Lindsay Arnold,Athlete,New York,United States,71,Eliminated Week 2,8,17.0,5.666666666666667,10.0,10,26,1,2,multi_elimination,False,0.08095238095238096,0.10485201989483849,1.0,0.18580440084721944,3.0,11.0,3.0,9.0,9.0,0.009523809523809518,1.0,0.9904761904761905,False,False
Adam Rippon,Jenna Johnson,Athlete,Pennsylvania,United States,28,1st Place,1,37.0,9.25,1.0,8,26,2,3,multi_elimination,False,0.1383177570093458,0.12493855858575068,4.0,0.26325631559509644,7.0,5.0,7.0,-3.0,3.0,0.0,0.9588785046728974,0.9588785046728974,False,False
Mirai Nagasu,Alan Bersten,Athlete,California,United States,25,Eliminated Week 3,4,37.0,9.25,1.0,8,26,2,3,multi_elimination,False,0.1383177570093458,0.12493855858575068,4.0,0.26325631559509644,7.0,5.0,7.0,-3.0,3.0,0.0,0.9588785046728974,0.9588785046728974,False,False
Arike Ogunbowale,Gleb Savchenko,Athlete,Wisconsin,United States,21,Eliminated Week 2,7,35.0,8.75,3.0,8,26,2,3,multi_elimination,True,0.1308411214953271,0.11637925740221816,8.0,0.24722037889754525,2.0,11.0,1.0,-5.0,5.0,0.0,0.13911882510013354,0.13911882510013354,True,True
Chris Mazdzer,Witney Carson,Athlete,Massachusetts,United States,29,Eliminated Week 3,5,33.0,8.25,4.0,8,26,2,3,multi_elimination,False,0.1233644859813084,0.12493510868900973,6.0,0.24829959467031815,5.0,10.0,3.0,-2.0,2.0,0.007476635514018684,0.966355140186916,0.9588785046728974,False,False
Tonya Harding,Sasha Farber,Athlete,Oregon,United States,47,3rd Place,3,33.0,8.25,4.0,8,26,2,3,multi_elimination,False,0.1233644859813084,0.12493510868900973,6.0,0.24829959467031815,5.0,10.0,3.0,-2.0,2.0,0.007476635514018684,0.9663551401869159,0.9588785046728973,False,False
Jennie Finch Daigle,Keo Motsepe,Athlete,California,United States,37,Eliminated Week 3,6,31.5,7.875,6.0,8,26,2,3,multi_elimination,False,0.11775700934579439,0.12946337899169602,2.0,0.2472203883374904,3.0,8.0,5.0,4.0,4.0,0.0130841121495327,0.97196261682243,0.9588785046728974,False,False
Josh Norman,Sharna Burgess,Athlete,South Carolina,United States,30,2nd Place,2,31.5,7.875,6.0,8,26,2,3,multi_elimination,False,0.11775700934579439,0.12946337904545077,1.0,0.24722038839124516,4.0,7.0,6.0,5.0,5.0,0.0130841121495327,0.97196261682243,0.9588785046728974,False,False
Kareem Abdul-Jabbar,Lindsay Arnold,Athlete,New York,United States,71,Eliminated Week 2,8,29.5,7.375,8.0,8,26,2,3,multi_elimination,True,0.1102803738317757,0.12494664934849214,3.0,0.23522702318026784,1.0,11.0,1.0,5.0,5.0,0.0,0.15674232309746328,0.15674232309746328,True,True
Adam Rippon,Jenna Johnson,Athlete,Pennsylvania,United States,28,1st Place,1,41.0,10.25,1.0,6,26,3,4,multi_elimination,False,0.1943127962085308,0.16666796490948843,3.0,0.36098076111801924,6.0,4.0,5.0,-2.0,2.0,0.0,1.0,1.0,False,False
Josh Norman,Sharna Burgess,Athlete,South Carolina,United States,30,2nd Place,2,38.0,9.5,2.0,6,26,3,4,multi_elimination,False,0.18009478672985782,0.16665980828756277,6.0,0.34675459501742056,5.0,8.0,2.0,-4.0,4.0,0.0,1.0,1.0,False,True
Mirai Nagasu,Alan Bersten,Athlete,California,United States,25,Eliminated Week 3,4,35.0,8.75,3.0,6,26,3,4,multi_elimination,True,0.16587677725118483,0.16666374442374526,5.0,0.3325405216749301,3.0,8.0,2.0,-2.0,2.0,0.0,0.26066350710900477,0.26066350710900477,True,True
Tonya Harding,Sasha Farber,Athlete,Oregon,United States,47,3rd Place,3,35.0,8.75,3.0,6,26,3,4,multi_elimination,False,0.16587677725118483,0.16667613643347118,1.0,0.332552913684656,4.0,4.0,5.0,2.0,2.0,0.0,1.0,1.0,False,False
Chris Mazdzer,Witney Carson,Athlete,Massachusetts,United States,29,Eliminated Week 3,5,33.0,8.25,5.0,6,26,3,4,multi_elimination,True,0.15639810426540285,0.16666416019374616,4.0,0.323062264459149,2.0,9.0,1.0,1.0,1.0,0.0,0.26777251184834117,0.26777251184834117,True,True
Jennie Finch Daigle,Keo Motsepe,Athlete,California,United States,37,Eliminated Week 3,6,29.0,7.25,6.0,6,26,3,4,multi_elimination,True,0.13744075829383887,0.1666681850382802,2.0,0.3041089433321191,1.0,8.0,2.0,4.0,4.0,0.0,0.2819905213270143,0.2819905213270143,True,False
DeMarcus Ware,Lindsay Arnold,Athlete,Alabama,United States,36,Eliminated Week 7,7,23.0,7.666666666666667,1.0,13,27,1,2,single_elimination,False,0.09019607843137255,0.07686987557323917,11.0,0.16706595400461172,12.0,12.0,7.0,-10.0,10.0,0.0,0.9862745098039216,0.9862745098039216,False,False
Tinashe,Brandon Armstrong,Singer/Rapper,Kentucky,United States,25,Eliminated Week 4,10,23.0,7.666666666666667,1.0,13,27,1,2,single_elimination,False,0.09019607843137255,0.07686987557323917,11.0,0.16706595400461172,12.0,12.0,7.0,-10.0,10.0,0.0,0.9862745098039216,0.9862745098039216,False,False
Alexis Ren,Alan Bersten,Social Media Personality,California,United States,21,4th Place,4,22.0,7.333333333333333,3.0,13,27,1,2,single_elimination,False,0.08627450980392157,0.07687892066243274,2.0,0.1631534304663543,10.0,5.0,12.0,1.0,1.0,0.0,0.9862745098039216,0.9862745098039216,False,False
Juan Pablo Di Pace,Cheryl Burke,Actor/Actress,,Argentina,39,Eliminated Week 8,5,22.0,7.333333333333333,3.0,13,27,1,2,single_elimination,False,0.08627450980392157,0.07687892066243274,2.0,0.1631534304663543,10.0,5.0,12.0,1.0,1.0,0.0,0.9862745098039216,0.9862745098039216,False,False
Bobby Bones,Sharna Burgess,Radio Personality,Arkansas,United States,38,1st Place,1,20.0,6.666666666666667,5.0,13,27,1,2,single_elimination,False,0.0784313725490196,0.07687749928451346,7.0,0.15530887183353306,7.0,12.0,7.0,-2.0,2.0,0.0,0.9862745098039216,0.9862745098039216,False,False
Mary Lou Retton,Sasha Farber,Athlete,West Virginia,United States,50,Eliminated Week 6,9,20.0,6.666666666666667,5.0,13,27,1,2,single_elimination,False,0.0784313725490196,0.07687749928451346,7.0,0.15530887183353306,7.0,12.0,7.0,-2.0,2.0,0.0,0.9862745098039216,0.9862745098039216,False,False
Milo Manheim,Witney Carson,Actor/Actress,California,United States,17,2nd Place,2,20.0,6.666666666666667,5.0,13,27,1,2,single_elimination,False,0.0784313725490196,0.07687749928451346,7.0,0.15530887183353306,7.0,12.0,7.0,-2.0,2.0,0.0,0.9862745098039216,0.9862745098039216,False,False
Nancy McKeon,Valentin Chmerkovskiy,Actor/Actress,New York,United States,52,Eliminated Week 3,11,19.5,6.5,8.0,13,27,1,2,single_elimination,False,0.07647058823529412,0.07687221206500812,10.0,0.15334280030030223,6.0,18.0,2.0,-2.0,2.0,0.0,0.9862745098039216,0.9862745098039216,False,False
Danelle Umstead,Artem Chigvintsev,Athlete,New Mexico,United States,46,Eliminated Week 2,12,18.0,6.0,9.0,13,27,1,2,single_elimination,False,0.07058823529411765,0.07687867653377387,4.0,0.1474669118278915,3.0,13.0,4.0,5.0,5.0,0.0,0.9862745098039216,0.9862745098039216,False,False
Evanna Lynch,Keo Motsepe,Actor/Actress,,Ireland,27,3rd Place,3,18.0,6.0,9.0,13,27,1,2,single_elimination,False,0.07058823529411765,0.07687867653377387,4.0,0.1474669118278915,3.0,13.0,4.0,5.0,5.0,0.0,0.9862745098039216,0.9862745098039216,False,False
John Schneider,Emma Slater,Actor/Actress,New York,United States,58,Eliminated Week 7,8,18.0,6.0,9.0,13,27,1,2,single_elimination,False,0.07058823529411765,0.07687867653377387,4.0,0.1474669118278915,3.0,13.0,4.0,5.0,5.0,0.0,0.9862745098039216,0.9862745098039216,False,False
Nikki Glaser,Gleb Savchenko,Comedian,Ohio,United States,34,Eliminated Week 1,13,17.5,5.833333333333333,12.0,13,27,1,2,single_elimination,True,0.06862745098039216,0.07031808722603386,13.0,0.13894553820642602,1.0,25.0,1.0,-1.0,1.0,0.0,0.08521870286576166,0.08521870286576166,True,True
Joe Amabile,Jenna Johnson,TV Personality,Illinois,United States,32,Eliminated Week 8,6,14.0,4.666666666666667,13.0,13,27,1,2,single_elimination,False,0.054901960784313725,0.08404358032800355,1.0,0.13894554111231727,2.0,14.0,3.0,12.0,12.0,0.013725490196078438,1.0,0.9862745098039216,False,False
Juan Pablo Di Pace,Cheryl Burke,Actor/Actress,,Argentina,39,Eliminated Week 8,5,26.0,8.666666666666666,1.0,12,27,2,3,single_elimination,False,0.09611829944547134,0.08332731331745159,7.0,0.17944561276292292,10.0,8.0,9.0,-6.0,6.0,0.0,0.9963031423290203,0.9963031423290203,False,False
Milo Manheim,Witney Carson,Actor/Actress,California,United States,17,2nd Place,2,26.0,8.666666666666666,1.0,12,27,2,3,single_elimination,False,0.09611829944547134,0.08332731331745159,7.0,0.17944561276292292,10.0,8.0,9.0,-6.0,6.0,0.0,0.9963031423290203,0.9963031423290203,False,False
Tinashe,Brandon Armstrong,Singer/Rapper,Kentucky,United States,25,Eliminated Week 4,10,26.0,8.666666666666666,1.0,12,27,2,3,single_elimination,False,0.09611829944547134,0.08332731331745159,7.0,0.17944561276292292,10.0,8.0,9.0,-6.0,6.0,0.0,0.9963031423290203,0.9963031423290203,False,False
Alexis Ren,Alan Bersten,Social Media Personality,California,United States,21,4th Place,4,24.5,8.166666666666666,4.0,12,27,2,3,single_elimination,False,0.09057301293900184,0.08333791595488635,2.0,0.1739109288938882,9.0,6.0,12.0,2.0,2.0,0.0,0.9963031423290203,0.9963031423290203,False,False
Evanna Lynch,Keo Motsepe,Actor/Actress,,Ireland,27,3rd Place,3,24.0,8.0,5.0,12,27,2,3,single_elimination,False,0.08872458410351201,0.08332326673296667,11.0,0.17204785083647867,8.0,16.0,3.0,-6.0,6.0,0.0,0.9963031423290203,0.9963031423290203,False,False
DeMarcus Ware,Lindsay Arnold,Athlete,Alabama,United States,36,Eliminated Week 7,7,23.5,7.833333333333333,6.0,12,27,2,3,single_elimination,False,0.08687615526802218,0.0833352195081809,3.0,0.17021137477620307,7.0,9.0,8.0,3.0,3.0,0.0,0.9963031423290203,0.9963031423290203,False,False
Mary Lou Retton,Sasha Farber,Athlete,West Virginia,United States,50,Eliminated Week 6,9,23.0,7.666666666666667,7.0,12,27,2,3,single_elimination,False,0.08502772643253234,0.08332347364948794,10.0,0.16835120008202029,6.0,17.0,2.0,-3.0,3.0,0.0,0.9963031423290203,0.9963031423290203,False,False
John Schneider,Emma Slater,Actor/Actress,New York,United States,58,Eliminated Week 7,8,21.5,7.166666666666667,8.0,12,27,2,3,single_elimination,False,0.07948243992606285,0.08332956693127405,6.0,0.1628120068573369,5.0,14.0,5.0,2.0,2.0,0.0,0.9963031423290203,0.9963031423290203,False,False
Nancy McKeon,Valentin Chmerkovskiy,Actor/Actress,New York,United States,52,Eliminated Week 3,11,20.5,6.833333333333333,9.0,12,27,2,3,single_elimination,False,0.07578558225508318,0.08333434554496635,4.0,0.15911992780004952,4.0,13.0,6.0,5.0,5.0,0.0,0.9963031423290203,0.9963031423290203,False,False
Bobby Bones,Sharna Burgess,Radio Personality,Arkansas,United States,38,1st Place,1,19.5,6.5,10.0,12,27,2,3,single_elimination,False,0.07208872458410351,0.08333337199529886,5.0,0.15542209657940237,3.0,15.0,4.0,5.0,5.0,0.0,0.9963031423290203,0.9963031423290203,False,False
Danelle Umstead,Artem Chigvintsev,Athlete,New Mexico,United States,46,Eliminated Week 2,12,18.5,6.166666666666667,11.0,12,27,2,3,single_elimination,True,0.06839186691312385,0.08150200663164352,12.0,0.14989387354476735,1.0,23.0,1.0,-1.0,1.0,0.0,0.09827479975354282,0.09827479975354282,True,True
Joe Amabile,Jenna Johnson,TV Personality,Illinois,United States,32,Eliminated Week 8,6,17.5,5.833333333333333,12.0,12,27,2,3,single_elimination,False,0.06469500924214418,0.08519889223383761,1.0,0.1498939014759818,2.0,13.0,6.0,11.0,11.0,0.0036968576709796724,1.0,0.9963031423290203,False,False
Juan Pablo Di Pace,Cheryl Burke,Actor/Actress,,Argentina,39,Eliminated Week 8,5,30.0,10.0,1.0,11,27,3,4,single_elimination,False,0.11070110701107011,0.09085441910618297,6.0,0.20155552611725308,11.0,7.0,8.0,-5.0,5.0,0.0,0.981549815498155,0.981549815498155,False,False
Evanna Lynch,Keo Motsepe,Actor/Actress,,Ireland,27,3rd Place,3,27.0,9.0,2.0,11,27,3,4,single_elimination,False,0.0996309963099631,0.09085796852415205,3.0,0.19048896483411515,8.0,5.0,9.0,-1.0,1.0,0.0,0.981549815498155,0.981549815498155,False,False
Milo Manheim,Witney Carson,Actor/Actress,California,United States,17,2nd Place,2,27.0,9.0,2.0,11,27,3,4,single_elimination,False,0.0996309963099631,0.09085796852415205,3.0,0.19048896483411515,8.0,5.0,9.0,-1.0,1.0,0.0,0.981549815498155,0.981549815498155,False,False
Tinashe,Brandon Armstrong,Singer/Rapper,Kentucky,United States,25,Eliminated Week 4,10,27.0,9.0,2.0,11,27,3,4,single_elimination,False,0.0996309963099631,0.09085796852415205,3.0,0.19048896483411515,8.0,5.0,9.0,-1.0,1.0,0.0,0.981549815498155,0.981549815498155,False,False
Alexis Ren,Alan Bersten,Social Media Personality,California,United States,21,4th Place,4,26.0,8.666666666666666,5.0,11,27,3,4,single_elimination,False,0.0959409594095941,0.09085399638805128,7.0,0.18679495579764538,6.0,12.0,4.0,-2.0,2.0,0.0,0.981549815498155,0.981549815498155,False,False
DeMarcus Ware,Lindsay Arnold,Athlete,Alabama,United States,36,Eliminated Week 7,7,26.0,8.666666666666666,5.0,11,27,3,4,single_elimination,False,0.0959409594095941,0.09085399638805128,7.0,0.18679495579764538,6.0,12.0,4.0,-2.0,2.0,0.0,0.981549815498155,0.981549815498155,False,False
Mary Lou Retton,Sasha Farber,Athlete,West Virginia,United States,50,Eliminated Week 6,9,24.0,8.0,7.0,11,27,3,4,single_elimination,False,0.08856088560885608,0.09085869996060049,2.0,0.17941958556945659,5.0,9.0,7.0,5.0,5.0,0.0,0.981549815498155,0.981549815498155,False,False
Bobby Bones,Sharna Burgess,Radio Personality,Arkansas,United States,38,1st Place,1,23.0,7.666666666666667,8.0,11,27,3,4,single_elimination,False,0.08487084870848709,0.0908449648197961,10.0,0.1757158135282832,4.0,18.0,3.0,-2.0,2.0,0.0,0.981549815498155,0.981549815498155,False,False
Nancy McKeon,Valentin Chmerkovskiy,Actor/Actress,New York,United States,52,Eliminated Week 3,11,22.0,7.333333333333333,9.0,11,27,3,4,single_elimination,True,0.08118081180811808,0.08377736201632038,11.0,0.16495817382443845,1.0,20.0,1.0,-2.0,2.0,0.0,0.10063737001006373,0.10063737001006373,True,True
John Schneider,Emma Slater,Actor/Actress,New York,United States,58,Eliminated Week 7,8,21.0,7.0,10.0,11,27,3,4,single_elimination,False,0.07749077490774908,0.09084513764177136,9.0,0.16833591254952046,3.0,19.0,2.0,1.0,1.0,0.0036900369003689953,0.985239852398524,0.981549815498155,False,False
Joe Amabile,Jenna Johnson,TV Personality,Illinois,United States,32,Eliminated Week 8,6,18.0,6.0,11.0,11,27,3,4,single_elimination,False,0.06642066420664207,0.09853751703316083,1.0,0.16495818123980288,2.0,12.0,4.0,10.0,10.0,0.014760147601476009,0.996309963099631,0.981549815498155,False,False
Milo Manheim,Witney Carson,Actor/Actress,California,United States,17,2nd Place,2,29.0,9.666666666666666,1.0,10,27,4,5,single_elimination,False,0.125,0.09942605781405468,4.0,0.22442605781405467,10.0,5.0,10.0,-3.0,3.0,0.0,0.8663793103448276,0.8663793103448276,False,False
Mary Lou Retton,Sasha Farber,Athlete,West Virginia,United States,50,Eliminated Week 6,9,26.0,8.666666666666666,2.0,10,27,4,5,single_elimination,False,0.11206896551724138,0.09942506926616577,5.0,0.21149403478340717,9.0,7.0,9.0,-3.0,3.0,0.0,0.8663793103448276,0.8663793103448276,False,False
Tinashe,Brandon Armstrong,Singer/Rapper,Kentucky,United States,25,Eliminated Week 4,10,26.0,8.666666666666666,2.0,10,27,4,5,single_elimination,True,0.11206896551724138,0.0769173455861886,10.0,0.18898631110342998,1.0,12.0,2.0,-8.0,8.0,0.0,0.08793103448275862,0.08793103448275862,True,False
Alexis Ren,Alan Bersten,Social Media Personality,California,United States,21,4th Place,4,25.0,8.333333333333334,4.0,10,27,4,5,single_elimination,False,0.10775862068965517,0.09942448276723541,6.0,0.20718310345689056,8.0,10.0,8.0,-2.0,2.0,0.0043103448275862155,0.8706896551724138,0.8663793103448276,False,False
Evanna Lynch,Keo Motsepe,Actor/Actress,,Ireland,27,3rd Place,3,24.0,8.0,5.0,10,27,4,5,single_elimination,False,0.10344827586206896,0.09942328025354998,7.0,0.20287155611561894,6.0,12.0,2.0,-2.0,2.0,0.008620689655172417,0.875,0.8663793103448276,False,False
Juan Pablo Di Pace,Cheryl Burke,Actor/Actress,,Argentina,39,Eliminated Week 8,5,24.0,8.0,5.0,10,27,4,5,single_elimination,False,0.10344827586206896,0.09942328025354998,7.0,0.20287155611561894,6.0,12.0,2.0,-2.0,2.0,0.008620689655172417,0.875,0.8663793103448276,False,False
DeMarcus Ware,Lindsay Arnold,Athlete,Alabama,United States,36,Eliminated Week 7,7,22.0,7.333333333333333,7.0,10,27,4,5,single_elimination,False,0.09482758620689655,0.09942038649043712,9.0,0.19424797269733368,5.0,16.0,1.0,-2.0,2.0,0.017241379310344834,0.8836206896551725,0.8663793103448276,False,True
John Schneider,Emma Slater,Actor/Actress,New York,United States,58,Eliminated Week 7,8,21.0,7.0,8.0,10,27,4,5,single_elimination,False,0.09051724137931035,0.0994295353066434,3.0,0.18994677668595375,4.0,11.0,5.0,5.0,5.0,0.021551724137931036,0.8879310344827587,0.8663793103448276,False,False
Bobby Bones,Sharna Burgess,Radio Personality,Arkansas,United States,38,1st Place,1,20.0,6.666666666666667,9.0,10,27,4,5,single_elimination,False,0.08620689655172414,0.10277942245225553,2.0,0.18898631900397966,3.0,11.0,5.0,7.0,7.0,0.025862068965517238,0.8922413793103449,0.8663793103448276,False,False
Joe Amabile,Jenna Johnson,TV Personality,Illinois,United States,32,Eliminated Week 8,6,15.0,5.0,10.0,10,27,4,5,single_elimination,False,0.06465517241379311,0.12433113940024257,1.0,0.1889863118140357,2.0,11.0,5.0,9.0,9.0,0.04741379310344827,0.9137931034482759,0.8663793103448276,False,False
Juan Pablo Di Pace,Cheryl Burke,Actor/Actress,,Argentina,39,Eliminated Week 8,5,30.0,10.0,1.0,9,27,6,7,single_elimination,False,0.13100436681222707,0.11099937350939391,3.0,0.24200374032162097,8.0,4.0,8.0,-2.0,2.0,0.0,0.9606986899563319,0.9606986899563319,False,False
Milo Manheim,Witney Carson,Actor/Actress,California,United States,17,2nd Place,2,30.0,10.0,1.0,9,27,6,7,single_elimination,False,0.13100436681222707,0.11099937350939391,3.0,0.24200374032162097,8.0,4.0,8.0,-2.0,2.0,0.0,0.9606986899563319,0.9606986899563319,False,False
Evanna Lynch,Keo Motsepe,Actor/Actress,,Ireland,27,3rd Place,3,29.0,9.666666666666666,3.0,9,27,6,7,single_elimination,False,0.12663755458515283,0.11098208626497098,8.0,0.23761964085012383,7.0,11.0,5.0,-5.0,5.0,0.0,0.9606986899563319,0.9606986899563319,False,False
Alexis Ren,Alan Bersten,Social Media Personality,California,United States,21,4th Place,4,27.0,9.0,4.0,9,27,6,7,single_elimination,False,0.11790393013100436,0.11100330592450636,2.0,0.22890723605551072,6.0,6.0,7.0,2.0,2.0,0.0,0.9606986899563319,0.9606986899563319,False,False
DeMarcus Ware,Lindsay Arnold,Athlete,Alabama,United States,36,Eliminated Week 7,7,26.0,8.666666666666666,5.0,9,27,6,7,single_elimination,False,0.11353711790393013,0.11098390030240372,7.0,0.22452101820633386,5.0,12.0,2.0,-2.0,2.0,0.0,0.9606986899563319,0.9606986899563319,False,False
Mary Lou Retton,Sasha Farber,Athlete,West Virginia,United States,50,Eliminated Week 6,9,24.0,8.0,6.0,9,27,6,7,single_elimination,True,0.10480349344978165,0.10060911415358872,9.0,0.20541260760337038,1.0,15.0,1.0,-3.0,3.0,0.0,0.11741872877244058,0.11741872877244058,True,True
Bobby Bones,Sharna Burgess,Radio Personality,Arkansas,United States,38,1st Place,1,22.0,7.333333333333333,7.0,9,27,6,7,single_elimination,False,0.09606986899563319,0.1109898340578369,5.0,0.2070597030534701,3.0,12.0,2.0,2.0,2.0,0.008733624454148464,0.9694323144104804,0.9606986899563319,False,False
Joe Amabile,Jenna Johnson,TV Personality,Illinois,United States,32,Eliminated Week 8,6,22.0,7.333333333333333,7.0,9,27,6,7,single_elimination,False,0.09606986899563319,0.1109898340578369,5.0,0.2070597030534701,3.0,12.0,2.0,2.0,2.0,0.008733624454148464,0.9694323144104804,0.9606986899563319,False,False
John Schneider,Emma Slater,Actor/Actress,New York,United States,58,Eliminated Week 7,8,19.0,6.333333333333333,9.0,9,27,6,7,single_elimination,False,0.08296943231441048,0.12244317701489835,1.0,0.20541260932930883,2.0,10.0,6.0,8.0,8.0,0.021834061135371174,0.982532751091703,0.9606986899563319,False,False
Evanna Lynch,Keo Motsepe,Actor/Actress,,Ireland,27,3rd Place,3,29.5,9.833333333333334,1.0,8,27,7,8,multi_elimination,False,0.135632183908046,0.12492887387259018,2.0,0.26056105778063615,8.0,3.0,8.0,-1.0,1.0,0.0,0.9816091954022989,0.9816091954022989,False,False
Milo Manheim,Witney Carson,Actor/Actress,California,United States,17,2nd Place,2,29.0,9.666666666666666,2.0,8,27,7,8,multi_elimination,False,0.13333333333333333,0.12491907304547077,6.0,0.2582524063788041,7.0,8.0,5.0,-4.0,4.0,0.0,0.9816091954022989,0.9816091954022989,False,False
Juan Pablo Di Pace,Cheryl Burke,Actor/Actress,,Argentina,39,Eliminated Week 8,5,28.0,9.333333333333334,3.0,8,27,7,8,multi_elimination,False,0.12873563218390804,0.12492343989509037,5.0,0.2536590720789984,6.0,8.0,5.0,-2.0,2.0,0.0,0.9816091954022989,0.9816091954022989,False,False
Alexis Ren,Alan Bersten,Social Media Personality,California,United States,21,4th Place,4,27.5,9.166666666666666,4.0,8,27,7,8,multi_elimination,False,0.12643678160919541,0.12492584681910492,3.0,0.2513626284283003,5.0,7.0,7.0,1.0,1.0,0.0,0.9816091954022989,0.9816091954022989,False,False
John Schneider,Emma Slater,Actor/Actress,New York,United States,58,Eliminated Week 7,8,27.0,9.0,5.0,8,27,7,8,multi_elimination,True,0.12413793103448276,0.11899567106696517,8.0,0.2431336021014479,2.0,13.0,1.0,-3.0,3.0,0.0,0.14417077175697865,0.14417077175697865,True,True
Bobby Bones,Sharna Burgess,Radio Personality,Arkansas,United States,38,1st Place,1,26.5,8.833333333333334,6.0,8,27,7,8,multi_elimination,False,0.12183908045977011,0.12492494101468199,4.0,0.2467640214744521,4.0,10.0,3.0,2.0,2.0,0.0022988505747126436,0.9839080459770115,0.9816091954022989,False,False
DeMarcus Ware,Lindsay Arnold,Athlete,Alabama,United States,36,Eliminated Week 7,7,26.5,8.833333333333334,6.0,8,27,7,8,multi_elimination,True,0.12183908045977011,0.12129450876732024,7.0,0.24313358922709036,1.0,13.0,1.0,-1.0,1.0,0.0,0.14614121510673234,0.14614121510673234,True,True
Joe Amabile,Jenna Johnson,TV Personality,Illinois,United States,32,Eliminated Week 8,6,23.5,7.833333333333333,8.0,8,27,7,8,multi_elimination,False,0.10804597701149425,0.13508764374454885,1.0,0.2431336207560431,3.0,9.0,4.0,7.0,7.0,0.016091954022988506,0.9977011494252873,0.9816091954022989,False,False
Juan Pablo Di Pace,Cheryl Burke,Actor/Actress,,Argentina,39,Eliminated Week 8,5,30.0,10.0,1.0,6,27,8,9,multi_elimination,True,0.18633540372670807,0.14445107342416236,6.0,0.3307864771508704,2.0,7.0,1.0,-5.0,5.0,0.0,0.18509316770186335,0.18509316770186335,True,True
Alexis Ren,Alan Bersten,Social Media Personality,California,United States,21,4th Place,4,29.0,9.666666666666666,2.0,6,27,8,9,multi_elimination,False,0.18012422360248448,0.16612294256187837,4.0,0.34624716616436285,5.0,6.0,5.0,-2.0,2.0,0.0062111801242235865,0.9316770186335404,0.9254658385093167,False,False
Evanna Lynch,Keo Motsepe,Actor/Actress,,Ireland,27,3rd Place,3,29.0,9.666666666666666,2.0,6,27,8,9,multi_elimination,False,0.18012422360248448,0.16612294256187837,4.0,0.34624716616436285,5.0,6.0,5.0,-2.0,2.0,0.0062111801242235865,0.9316770186335404,0.9254658385093167,False,False
Milo Manheim,Witney Carson,Actor/Actress,California,United States,17,2nd Place,2,27.5,9.166666666666666,4.0,6,27,8,9,multi_elimination,False,0.17080745341614906,0.16612872428802702,3.0,0.33693617770417605,4.0,7.0,1.0,1.0,1.0,0.015527950310559008,0.9409937888198757,0.9254658385093167,False,True
Joe Amabile,Jenna Johnson,TV Personality,Illinois,United States,32,Eliminated Week 8,6,23.0,7.666666666666667,5.0,6,27,8,9,multi_elimination,True,0.14285714285714285,0.16613938312963397,2.0,0.30899652598677685,1.0,7.0,1.0,3.0,3.0,0.0,0.21987577639751554,0.21987577639751554,True,False
Bobby Bones,Sharna Burgess,Radio Personality,Arkansas,United States,38,1st Place,1,22.5,7.5,6.0,6,27,8,9,multi_elimination,False,0.13975155279503104,0.19103493189191986,1.0,0.33078648468695093,3.0,7.0,1.0,5.0,5.0,0.04658385093167702,0.9720496894409938,0.9254658385093167,False,False
Hannah Brown,Alan Bersten,TV Personality,Alabama,United States,24,1st Place,1,24.0,8.0,1.0,12,28,2,3,multi_elimination,False,0.1095890410958904,0.08326913651393389,10.0,0.1928581776098243,12.0,11.0,5.0,-9.0,9.0,0.0,0.9863013698630136,0.9863013698630136,False,False
Kate Flannery,Pasha Pashkov,Actor/Actress,Pennsylvania,United States,55,Eliminated Week 8,7,21.0,7.0,2.0,12,28,2,3,multi_elimination,False,0.0958904109589041,0.08327628575733095,3.0,0.17916669671623506,11.0,5.0,12.0,-1.0,1.0,0.0,0.9863013698630136,0.9863013698630136,False,False
Ally Brooke,Sasha Farber,Singer/Rapper,Texas,United States,26,3rd Place,3,20.0,6.666666666666667,3.0,12,28,2,3,multi_elimination,False,0.091324200913242,0.08327023045454396,7.0,0.17459443136778596,8.0,10.0,7.0,-4.0,4.0,0.0,0.9863013698630136,0.9863013698630136,False,False
James Van Der Beek,Emma Slater,Actor/Actress,Connecticut,United States,42,Eliminated Week 10,5,20.0,6.666666666666667,3.0,12,28,2,3,multi_elimination,False,0.091324200913242,0.08327023045454396,7.0,0.17459443136778596,8.0,10.0,7.0,-4.0,4.0,0.0,0.9863013698630136,0.9863013698630136,False,False
Kel Mitchell,Witney Carson,Actor/Actress,Illinois,United States,41,2nd Place,2,20.0,6.666666666666667,3.0,12,28,2,3,multi_elimination,False,0.091324200913242,0.08327023045454396,7.0,0.17459443136778596,8.0,10.0,7.0,-4.0,4.0,0.0,0.9863013698630136,0.9863013698630136,False,False
Karamo Brown,Jenna Johnson,TV Personality,Texas,United States,38,Eliminated Week 7,8,19.0,6.333333333333333,6.0,12,28,2,3,multi_elimination,False,0.0867579908675799,0.08327356294471921,4.0,0.17003155381229912,6.0,10.0,7.0,2.0,2.0,0.0,0.9863013698630136,0.9863013698630136,False,False
Lauren Alaina,Gleb Savchenko,Singer/Rapper,Georgia,United States,24,4th Place,4,19.0,6.333333333333333,6.0,12,28,2,3,multi_elimination,False,0.0867579908675799,0.08327356294471921,4.0,0.17003155381229912,6.0,10.0,7.0,2.0,2.0,0.0,0.9863013698630136,0.9863013698630136,False,False
Sailor Brinkley-Cook,Valentin Chmerkovskiy,Model,New York,United States,21,Eliminated Week 6,9,18.0,6.0,8.0,12,28,2,3,multi_elimination,False,0.0821917808219178,0.08327273028616378,6.0,0.16546451110808158,5.0,14.0,3.0,2.0,2.0,0.0,0.9863013698630136,0.9863013698630136,False,False
Sean Spicer,Lindsay Arnold,Politician,New York,United States,48,Eliminated Week 9,6,16.0,5.333333333333333,9.0,12,28,2,3,multi_elimination,False,0.0730593607305936,0.08327874073119819,2.0,0.15633810146179178,4.0,11.0,5.0,7.0,7.0,0.0,0.9863013698630136,0.9863013698630136,False,False
Mary Wilson,Brandon Armstrong,Singer/Rapper,Nevada,United States,75,Eliminated Week 2,12,15.0,5.0,10.0,12,28,2,3,multi_elimination,True,0.0684931506849315,0.07894888526638143,12.0,0.14744203595131294,1.0,22.0,1.0,-2.0,2.0,0.0,0.10709838107098378,0.10709838107098378,True,True
Ray Lewis,Cheryl Burke,Athlete,Florida,United States,44,Withdrew,11,15.0,5.0,10.0,12,28,2,3,multi_elimination,True,0.0684931506849315,0.07894888526937446,11.0,0.14744203595430597,2.0,21.0,2.0,-1.0,1.0,0.0,0.10709838107098378,0.10709838107098378,True,True
Lamar Odom,Peta Murgatroyd,Athlete,New York,United States,39,Eliminated Week 4,10,12.0,4.0,12.0,12,28,2,3,multi_elimination,False,0.0547945205479452,0.09264751853818745,1.0,0.14744203908613265,3.0,13.0,4.0,11.0,11.0,0.0136986301369863,1.0,0.9863013698630136,False,False
Ally Brooke,Sasha Farber,Singer/Rapper,Texas,United States,26,3rd Place,3,32.0,8.0,1.0,10,28,4,5,single_elimination,False,0.11347517730496454,0.10000603581998471,1.0,0.21348121312494925,7.0,2.0,7.0,0.0,0.0,0.0,1.0,1.0,False,False
Hannah Brown,Alan Bersten,TV Personality,Alabama,United States,24,1st Place,1,32.0,8.0,1.0,10,28,4,5,single_elimination,False,0.11347517730496454,0.10000603581998471,1.0,0.21348121312494925,7.0,2.0,7.0,0.0,0.0,0.0,1.0,1.0,False,False
Kel Mitchell,Witney Carson,Actor/Actress,Illinois,United States,41,2nd Place,2,32.0,8.0,1.0,10,28,4,5,single_elimination,False,0.11347517730496454,0.10000603581998471,1.0,0.21348121312494925,7.0,2.0,7.0,0.0,0.0,0.0,1.0,1.0,False,False
Lauren Alaina,Gleb Savchenko,Singer/Rapper,Georgia,United States,24,4th Place,4,32.0,8.0,1.0,10,28,4,5,single_elimination,False,0.11347517730496454,0.10000603581998471,1.0,0.21348121312494925,7.0,2.0,7.0,0.0,0.0,0.0,1.0,1.0,False,False
Sailor Brinkley-Cook,Valentin Chmerkovskiy,Model,New York,United States,21,Eliminated Week 6,9,31.0,7.75,5.0,10,28,4,5,single_elimination,False,0.1099290780141844,0.1000038699667307,5.0,0.2099329479809151,6.0,10.0,6.0,0.0,0.0,0.0,1.0,1.0,False,False
James Van Der Beek,Emma Slater,Actor/Actress,Connecticut,United States,42,Eliminated Week 10,5,28.0,7.0,6.0,10,28,4,5,single_elimination,False,0.09929078014184398,0.10000095438866276,6.0,0.19929173453050675,4.0,12.0,4.0,0.0,0.0,0.0,1.0,1.0,False,False
Karamo Brown,Jenna Johnson,TV Personality,Texas,United States,38,Eliminated Week 7,8,28.0,7.0,6.0,10,28,4,5,single_elimination,False,0.09929078014184398,0.10000095438866276,6.0,0.19929173453050675,4.0,12.0,4.0,0.0,0.0,0.0,1.0,1.0,False,False
Kate Flannery,Pasha Pashkov,Actor/Actress,Pennsylvania,United States,55,Eliminated Week 8,7,26.0,6.5,8.0,10,28,4,5,single_elimination,False,0.09219858156028368,0.099989005062899,9.0,0.1921875866231827,3.0,17.0,3.0,-1.0,1.0,0.0,1.0,1.0,False,False
Sean Spicer,Lindsay Arnold,Politician,New York,United States,48,Eliminated Week 9,6,21.0,5.25,9.0,10,28,4,5,single_elimination,False,0.07446808510638298,0.09998538855441558,10.0,0.17445347366079855,2.0,19.0,1.0,-1.0,1.0,0.0,1.0,1.0,False,True
Lamar Odom,Peta Murgatroyd,Athlete,New York,United States,39,Eliminated Week 4,10,20.0,5.0,10.0,10,28,4,5,single_elimination,True,0.07092198581560284,0.09999568326963795,8.0,0.1709176690852408,1.0,18.0,2.0,2.0,2.0,0.0,0.12907801418439718,0.12907801418439718,True,False
James Van Der Beek,Emma Slater,Actor/Actress,Connecticut,United States,42,Eliminated Week 10,5,27.0,9.0,1.0,9,28,6,7,single_elimination,False,0.11842105263157894,0.11093498382966076,5.0,0.2293560364612397,8.0,6.0,8.0,-4.0,4.0,0.0,0.9342105263157894,0.9342105263157894,False,False
Kate Flannery,Pasha Pashkov,Actor/Actress,Pennsylvania,United States,55,Eliminated Week 8,7,27.0,9.0,1.0,9,28,6,7,single_elimination,False,0.11842105263157894,0.11093498382966076,5.0,0.2293560364612397,8.0,6.0,8.0,-4.0,4.0,0.0,0.9342105263157894,0.9342105263157894,False,False
Sailor Brinkley-Cook,Valentin Chmerkovskiy,Model,New York,United States,21,Eliminated Week 6,9,27.0,9.0,1.0,9,28,6,7,single_elimination,True,0.11842105263157894,0.09829950490610372,9.0,0.21672055753768266,1.0,10.0,3.0,-8.0,8.0,0.0,0.10380116959064327,0.10380116959064327,True,False
Kel Mitchell,Witney Carson,Actor/Actress,Illinois,United States,41,2nd Place,2,26.0,8.666666666666666,4.0,9,28,6,7,single_elimination,False,0.11403508771929824,0.11094436865337746,3.0,0.2249794563726757,6.0,7.0,6.0,1.0,1.0,0.0043859649122807015,0.9385964912280701,0.9342105263157894,False,False
Lauren Alaina,Gleb Savchenko,Singer/Rapper,Georgia,United States,24,4th Place,4,26.0,8.666666666666666,4.0,9,28,6,7,single_elimination,False,0.11403508771929824,0.11094436865337746,3.0,0.2249794563726757,6.0,7.0,6.0,1.0,1.0,0.0043859649122807015,0.9385964912280701,0.9342105263157894,False,False
Ally Brooke,Sasha Farber,Singer/Rapper,Texas,United States,26,3rd Place,3,25.0,8.333333333333334,6.0,9,28,6,7,single_elimination,False,0.10964912280701754,0.11093440908565871,7.0,0.22058353189267627,4.0,13.0,1.0,-1.0,1.0,0.008771929824561403,0.9429824561403508,0.9342105263157894,False,True
Karamo Brown,Jenna Johnson,TV Personality,Texas,United States,38,Eliminated Week 7,8,25.0,8.333333333333334,6.0,9,28,6,7,single_elimination,False,0.10964912280701754,0.11093440908565871,7.0,0.22058353189267627,4.0,13.0,1.0,-1.0,1.0,0.008771929824561403,0.9429824561403508,0.9342105263157894,False,False
Hannah Brown,Alan Bersten,TV Personality,Alabama,United States,24,1st Place,1,24.0,8.0,8.0,9,28,6,7,single_elimination,False,0.10526315789473684,0.11145767426752178,2.0,0.21672083216225863,3.0,10.0,3.0,6.0,6.0,0.013157894736842105,0.9473684210526315,0.9342105263157894,False,False
Sean Spicer,Lindsay Arnold,Politician,New York,United States,48,Eliminated Week 9,6,21.0,7.0,9.0,9,28,6,7,single_elimination,False,0.09210526315789473,0.12461529651388083,1.0,0.21672055967177556,2.0,10.0,3.0,8.0,8.0,0.02631578947368421,0.9605263157894736,0.9342105263157894,False,False
Ally Brooke,Sasha Farber,Singer/Rapper,Texas,United States,26,3rd Place,3,27.0,9.0,1.0,8,28,7,8,single_elimination,False,0.13366336633663367,0.1249230864246871,4.0,0.25858645276132075,6.0,5.0,6.0,-3.0,3.0,0.0,0.9801980198019802,0.9801980198019802,False,False
James Van Der Beek,Emma Slater,Actor/Actress,Connecticut,United States,42,Eliminated Week 10,5,27.0,9.0,1.0,8,28,7,8,single_elimination,False,0.13366336633663367,0.1249230864246871,4.0,0.25858645276132075,6.0,5.0,6.0,-3.0,3.0,0.0,0.9801980198019802,0.9801980198019802,False,False
Lauren Alaina,Gleb Savchenko,Singer/Rapper,Georgia,United States,24,4th Place,4,27.0,9.0,1.0,8,28,7,8,single_elimination,False,0.13366336633663367,0.1249230864246871,4.0,0.25858645276132075,6.0,5.0,6.0,-3.0,3.0,0.0,0.9801980198019802,0.9801980198019802,False,False
Hannah Brown,Alan Bersten,TV Personality,Alabama,United States,24,1st Place,1,26.0,8.666666666666666,4.0,8,28,7,8,single_elimination,False,0.12871287128712872,0.12492280445777476,7.0,0.2536356757449035,5.0,11.0,2.0,-3.0,3.0,0.0,0.9801980198019802,0.9801980198019802,False,False
Kel Mitchell,Witney Carson,Actor/Actress,Illinois,United States,41,2nd Place,2,25.5,8.5,5.0,8,28,7,8,single_elimination,False,0.12623762376237624,0.12492373406542433,3.0,0.2511613578278006,4.0,8.0,5.0,2.0,2.0,0.0,0.9801980198019802,0.9801980198019802,False,False
Karamo Brown,Jenna Johnson,TV Personality,Texas,United States,38,Eliminated Week 7,8,24.5,8.166666666666666,6.0,8,28,7,8,single_elimination,True,0.12128712871287128,0.11656229229027341,8.0,0.2378494210031447,1.0,14.0,1.0,-2.0,2.0,0.0,0.12871287128712872,0.12871287128712872,True,True
Kate Flannery,Pasha Pashkov,Actor/Actress,Pennsylvania,United States,55,Eliminated Week 8,7,24.0,8.0,7.0,8,28,7,8,single_elimination,False,0.1188118811881188,0.12493287989034568,2.0,0.2437447610784645,3.0,9.0,3.0,5.0,5.0,0.0024752475247524774,0.9826732673267327,0.9801980198019802,False,False
Sean Spicer,Lindsay Arnold,Politician,New York,United States,48,Eliminated Week 9,6,21.0,7.0,8.0,8,28,7,8,single_elimination,False,0.10396039603960396,0.13388902934645752,1.0,0.23784942538606146,2.0,9.0,3.0,7.0,7.0,0.017326732673267328,0.9975247524752475,0.9801980198019802,False,False
James Van Der Beek,Emma Slater,Actor/Actress,Connecticut,United States,42,Eliminated Week 10,5,31.9998,10.6666,1.0,7,28,8,9,single_elimination,False,0.1658027598041857,0.14262542228038824,2.0,0.30842818208457395,7.0,3.0,7.0,-1.0,1.0,0.0,0.9585511235279732,0.9585511235279732,False,False
Hannah Brown,Alan Bersten,TV Personality,Alabama,United States,24,1st Place,1,30.9998,10.333266666666667,2.0,7,28,8,9,single_elimination,False,0.160621391176751,0.14261341646359207,6.0,0.30323480764034305,6.0,8.0,3.0,-4.0,4.0,0.0,0.9585511235279732,0.9585511235279732,False,False
Ally Brooke,Sasha Farber,Singer/Rapper,Texas,United States,26,3rd Place,3,30.0,10.0,3.0,7,28,8,9,single_elimination,False,0.15544105882304174,0.1426215854173862,3.0,0.29806264424042794,5.0,6.0,6.0,0.0,0.0,0.0,0.9585511235279732,0.9585511235279732,False,False
Kel Mitchell,Witney Carson,Actor/Actress,Illinois,United States,41,2nd Place,2,29.9998,9.999933333333333,4.0,7,28,8,9,single_elimination,False,0.15544002254931627,0.14262034300047008,4.0,0.2980603655497863,4.0,8.0,3.0,0.0,0.0,0.0,0.9585511235279732,0.9585511235279732,False,False
Kate Flannery,Pasha Pashkov,Actor/Actress,Pennsylvania,United States,55,Eliminated Week 8,7,25.9998,8.6666,5.0,7,28,8,9,single_elimination,True,0.13471454803957736,0.1279080535236555,7.0,0.26262260156323286,1.0,12.0,1.0,-2.0,2.0,0.0,0.15099973767470837,0.15099973767470837,True,True
Lauren Alaina,Gleb Savchenko,Singer/Rapper,Georgia,United States,24,4th Place,4,24.0,8.0,6.0,7,28,8,9,single_elimination,False,0.1243528470584334,0.1426159430705778,5.0,0.2669687901290112,3.0,11.0,2.0,1.0,1.0,0.01036170098114396,0.9689128245091172,0.9585511235279732,False,False
Sean Spicer,Lindsay Arnold,Politician,New York,United States,48,Eliminated Week 9,6,20.0,6.666666666666667,7.0,7,28,8,9,single_elimination,False,0.1036273725486945,0.1589952349452723,1.0,0.2626226074939668,2.0,8.0,3.0,6.0,6.0,0.031087175490882857,0.989638299018856,0.9585511235279731,False,False
Ally Brooke,Sasha Farber,Singer/Rapper,Texas,United States,26,3rd Place,3,40.0,10.0,1.0,6,28,9,10,single_elimination,False,0.19184652278177458,0.16666856541565978,3.0,0.3585150881974344,6.0,4.0,5.0,-2.0,2.0,0.0,1.0,1.0,False,False
Kel Mitchell,Witney Carson,Actor/Actress,Illinois,United States,41,2nd Place,2,37.0,9.25,2.0,6,28,9,10,single_elimination,False,0.1774580335731415,0.1666707711783059,1.0,0.34412880475144736,5.0,3.0,6.0,1.0,1.0,0.0,1.0,1.0,False,False
James Van Der Beek,Emma Slater,Actor/Actress,Connecticut,United States,42,Eliminated Week 10,5,36.0,9.0,3.0,6,28,9,10,single_elimination,False,0.17266187050359713,0.16666426098596535,5.0,0.3393261314895625,4.0,8.0,3.0,-2.0,2.0,0.0,1.0,1.0,False,False
Hannah Brown,Alan Bersten,TV Personality,Alabama,United States,24,1st Place,1,35.5,8.875,4.0,6,28,9,10,single_elimination,False,0.17026378896882494,0.1666618639620578,6.0,0.3369256529308827,3.0,10.0,1.0,-2.0,2.0,0.0,1.0,1.0,False,True
Lauren Alaina,Gleb Savchenko,Singer/Rapper,Georgia,United States,24,4th Place,4,35.0,8.75,5.0,6,28,9,10,single_elimination,False,0.16786570743405277,0.16666444646903772,4.0,0.3345301539030905,2.0,9.0,2.0,1.0,1.0,0.0,1.0,1.0,False,False
Sean Spicer,Lindsay Arnold,Politician,New York,United States,48,Eliminated Week 9,6,25.0,6.25,6.0,6,28,9,10,single_elimination,True,0.11990407673860912,0.16667009014863807,2.0,0.2865741668872472,1.0,8.0,3.0,4.0,4.0,0.0,0.21342925659472423,0.21342925659472423,True,False
Ally Brooke,Sasha Farber,Singer/Rapper,Texas,United States,26,3rd Place,3,29.5,9.833333333333334,1.0,5,28,10,11,single_elimination,False,0.21454545454545454,0.2000084290828266,2.0,0.41455388362828116,5.0,3.0,5.0,-1.0,1.0,0.0,1.0,1.0,False,False
Kel Mitchell,Witney Carson,Actor/Actress,Illinois,United States,41,2nd Place,2,28.5,9.5,2.0,5,28,10,11,single_elimination,False,0.20727272727272728,0.1999890177931149,4.0,0.4072617450658422,4.0,6.0,2.0,-2.0,2.0,0.0,1.0,1.0,False,False
Hannah Brown,Alan Bersten,TV Personality,Alabama,United States,24,1st Place,1,27.0,9.0,3.0,5,28,10,11,single_elimination,False,0.19636363636363635,0.2000159276971786,1.0,0.396379564060815,3.0,4.0,4.0,2.0,2.0,0.0,1.0,1.0,False,False
Lauren Alaina,Gleb Savchenko,Singer/Rapper,Georgia,United States,24,4th Place,4,27.0,9.0,3.0,5,28,10,11,single_elimination,False,0.19636363636363635,0.1999995254912884,3.0,0.39636316185492476,2.0,6.0,2.0,0.0,0.0,0.0,1.0,1.0,False,False
James Van Der Beek,Emma Slater,Actor/Actress,Connecticut,United States,42,Eliminated Week 10,5,25.5,8.5,5.0,5,28,10,11,single_elimination,True,0.18545454545454546,0.19998709761469113,5.0,0.38544164306923656,1.0,10.0,1.0,0.0,0.0,0.0,0.21454545454545454,0.21454545454545454,True,True
Kaitlyn Bristowe,Artem Chigvintsev,TV Personality,,Canada,35,1st Place,1,22.0,7.333333333333333,1.0,15,29,2,3,single_elimination,False,0.08058608058608059,0.06666874100551363,5.0,0.14725482159159423,15.0,6.0,12.0,-4.0,4.0,0.0,1.0,1.0,False,False
Justina Machado,Sasha Farber,Actor/Actress,Illinois,United States,48,4th Place,4,21.0,7.0,2.0,15,29,2,3,single_elimination,False,0.07692307692307693,0.06667077582472296,3.0,0.1435938527477999,13.0,5.0,14.0,-1.0,1.0,0.0,1.0,1.0,False,False
Nev Schulman,Jenna Johnson,Producer,New York,United States,35,2nd Place,2,21.0,7.0,2.0,15,29,2,3,single_elimination,False,0.07692307692307693,0.06667077582472296,3.0,0.1435938527477999,13.0,5.0,14.0,-1.0,1.0,0.0,1.0,1.0,False,False
Jesse Metcalfe,Sharna Burgess,Actor/Actress,California,United States,41,Eliminated Week 5,12,20.0,6.666666666666667,4.0,15,29,2,3,single_elimination,False,0.07326007326007326,0.06666569781389986,8.0,0.13992577107397314,12.0,12.0,11.0,-4.0,4.0,0.0,1.0,1.0,False,False
AJ McLean,Cheryl Burke,Singer/Rapper,Florida,United States,42,Eliminated Week 9,7,19.0,6.333333333333333,5.0,15,29,2,3,single_elimination,False,0.0695970695970696,0.06667832536863426,1.0,0.13627539496570384,11.0,6.0,12.0,4.0,4.0,0.0,1.0,1.0,False,False
Anne Heche,Keo Motsepe,Actor/Actress,Ohio,United States,51,Eliminated Week 4,13,18.0,6.0,6.0,15,29,2,3,single_elimination,False,0.06593406593406594,0.06666245026492156,10.0,0.1325965161989875,5.0,16.0,4.0,-4.0,4.0,0.0,1.0,1.0,False,False
Chrishell Stause,Gleb Savchenko,Actor/Actress,Kentucky,United States,39,Eliminated Week 8,8,18.0,6.0,6.0,15,29,2,3,single_elimination,False,0.06593406593406594,0.06666245026492156,10.0,0.1325965161989875,5.0,16.0,4.0,-4.0,4.0,0.0,1.0,1.0,False,False
Jeannie Mai,Brandon Armstrong,TV Personality,California,United States,41,Withdrew,9,18.0,6.0,6.0,15,29,2,3,single_elimination,False,0.06593406593406594,0.06666245026492156,10.0,0.1325965161989875,5.0,16.0,4.0,-4.0,4.0,0.0,1.0,1.0,False,False
Johnny Weir,Britt Stewart,Athlete,Pennsylvania,United States,36,Eliminated Week 10,6,18.0,6.0,6.0,15,29,2,3,single_elimination,False,0.06593406593406594,0.06666245026492156,10.0,0.1325965161989875,5.0,16.0,4.0,-4.0,4.0,0.0,1.0,1.0,False,False
Nelly,Daniella Karagach,Singer/Rapper,Texas,United States,45,3rd Place,3,18.0,6.0,6.0,15,29,2,3,single_elimination,False,0.06593406593406594,0.06666245026492156,10.0,0.1325965161989875,5.0,16.0,4.0,-4.0,4.0,0.0,1.0,1.0,False,False
Veron Davis,Peta Murgatroyd,Athlete,Washington D.C.,United States,36,Eliminated Week 6,11,18.0,6.0,6.0,15,29,2,3,single_elimination,False,0.06593406593406594,0.06666245026492156,10.0,0.1325965161989875,5.0,16.0,4.0,-4.0,4.0,0.0,1.0,1.0,False,False
Carole Baskin,Pasha Pashkov,TV Personality,Texas,United States,59,Eliminated Week 3,14,16.0,5.333333333333333,12.0,15,29,2,3,single_elimination,False,0.05860805860805861,0.06666595405705944,6.0,0.12527401266511806,3.0,18.0,2.0,6.0,6.0,0.0,1.0,1.0,False,False
Monica Aldama,Valentin Chmerkovskiy,TV Personality,Alabama,United States,48,Eliminated Week 7,10,16.0,5.333333333333333,12.0,15,29,2,3,single_elimination,False,0.05860805860805861,0.06666595405705944,6.0,0.12527401266511806,3.0,18.0,2.0,6.0,6.0,0.0,1.0,1.0,False,False
Charles Oakley,Emma Slater,Athlete,Ohio,United States,56,Eliminated Week 2,15,15.0,5.0,14.0,15,29,2,3,single_elimination,True,0.054945054945054944,0.06666265948744757,9.0,0.12160771443250251,1.0,23.0,1.0,5.0,5.0,0.0,0.07838827838827835,0.07838827838827835,True,True
Skai Jackson,Alan Bersten,Actor/Actress,New York,United States,18,Eliminated Week 10,5,15.0,5.0,14.0,15,29,2,3,single_elimination,False,0.054945054945054944,0.06667641386933798,2.0,0.12162146881439292,2.0,16.0,4.0,12.0,12.0,0.0,1.0,1.0,False,False
Johnny Weir,Britt Stewart,Athlete,Pennsylvania,United States,36,Eliminated Week 10,6,24.0,8.0,1.0,14,29,3,4,single_elimination,False,0.08540925266903915,0.07142916088096449,7.0,0.15683841355000364,13.0,8.0,13.0,-6.0,6.0,0.0,1.0,1.0,False,False
Nev Schulman,Jenna Johnson,Producer,New York,United States,35,2nd Place,2,24.0,8.0,1.0,14,29,3,4,single_elimination,False,0.08540925266903915,0.07142916088096449,7.0,0.15683841355000364,13.0,8.0,13.0,-6.0,6.0,0.0,1.0,1.0,False,False
Kaitlyn Bristowe,Artem Chigvintsev,TV Personality,,Canada,35,1st Place,1,23.0,7.666666666666667,3.0,14,29,3,4,single_elimination,False,0.08185053380782918,0.07142935269249265,6.0,0.15327988650032182,12.0,9.0,12.0,-3.0,3.0,0.0,1.0,1.0,False,False
Chrishell Stause,Gleb Savchenko,Actor/Actress,Kentucky,United States,39,Eliminated Week 8,8,22.0,7.333333333333333,4.0,14,29,3,4,single_elimination,False,0.07829181494661921,0.07142540241757994,10.0,0.14971721736419916,9.0,14.0,5.0,-6.0,6.0,0.0,1.0,1.0,False,False
Jeannie Mai,Brandon Armstrong,TV Personality,California,United States,41,Withdrew,9,22.0,7.333333333333333,4.0,14,29,3,4,single_elimination,False,0.07829181494661921,0.07142540241757994,10.0,0.14971721736419916,9.0,14.0,5.0,-6.0,6.0,0.0,1.0,1.0,False,False
Veron Davis,Peta Murgatroyd,Athlete,Washington D.C.,United States,36,Eliminated Week 6,11,22.0,7.333333333333333,4.0,14,29,3,4,single_elimination,False,0.07829181494661921,0.07142540241757994,10.0,0.14971721736419916,9.0,14.0,5.0,-6.0,6.0,0.0,1.0,1.0,False,False
AJ McLean,Cheryl Burke,Singer/Rapper,Florida,United States,42,Eliminated Week 9,7,21.0,7.0,7.0,14,29,3,4,single_elimination,False,0.07473309608540925,0.0714341972426768,3.0,0.14616729332808603,7.0,10.0,10.0,4.0,4.0,0.0,1.0,1.0,False,False
Monica Aldama,Valentin Chmerkovskiy,TV Personality,Alabama,United States,48,Eliminated Week 7,10,21.0,7.0,7.0,14,29,3,4,single_elimination,False,0.07473309608540925,0.0714341972426768,3.0,0.14616729332808603,7.0,10.0,10.0,4.0,4.0,0.0,1.0,1.0,False,False
Jesse Metcalfe,Sharna Burgess,Actor/Actress,California,United States,41,Eliminated Week 5,12,20.0,6.666666666666667,9.0,14,29,3,4,single_elimination,False,0.0711743772241993,0.07142313647716574,13.0,0.14259751370136503,6.0,22.0,3.0,-4.0,4.0,0.0,1.0,1.0,False,False
Justina Machado,Sasha Farber,Actor/Actress,Illinois,United States,48,4th Place,4,19.0,6.333333333333333,10.0,14,29,3,4,single_elimination,False,0.06761565836298933,0.07141632042404114,14.0,0.13903197878703047,5.0,24.0,1.0,-4.0,4.0,0.0,1.0,1.0,False,True
Nelly,Daniella Karagach,Singer/Rapper,Texas,United States,45,3rd Place,3,18.0,6.0,11.0,14,29,3,4,single_elimination,False,0.06405693950177936,0.07143540439258979,1.0,0.13549234389436915,3.0,12.0,8.0,10.0,10.0,0.0,1.0,1.0,False,False
Skai Jackson,Alan Bersten,Actor/Actress,New York,United States,18,Eliminated Week 10,5,18.0,6.0,11.0,14,29,3,4,single_elimination,False,0.06405693950177936,0.07143540439258979,1.0,0.13549234389436915,3.0,12.0,8.0,10.0,10.0,0.0,1.0,1.0,False,False
Anne Heche,Keo Motsepe,Actor/Actress,Ohio,United States,51,Eliminated Week 4,13,15.0,5.0,13.0,14,29,3,4,single_elimination,False,0.05338078291814947,0.07143196264343982,5.0,0.12481274556158928,2.0,18.0,4.0,8.0,8.0,0.0,1.0,1.0,False,False
Carole Baskin,Pasha Pashkov,TV Personality,Texas,United States,59,Eliminated Week 3,14,12.0,4.0,14.0,14,29,3,4,single_elimination,True,0.042704626334519574,0.07142549415740372,9.0,0.1141301204919233,1.0,23.0,2.0,5.0,5.0,0.0,0.10015251652262332,0.10015251652262332,True,False
Skai Jackson,Alan Bersten,Actor/Actress,New York,United States,18,Eliminated Week 10,5,28.0,9.333333333333334,1.0,13,29,4,5,single_elimination,False,0.09302325581395349,0.07692787661430686,2.0,0.16995113242826035,13.0,3.0,13.0,-1.0,1.0,0.0,1.0,1.0,False,False
Kaitlyn Bristowe,Artem Chigvintsev,TV Personality,,Canada,35,1st Place,1,25.0,8.333333333333334,2.0,13,29,4,5,single_elimination,False,0.08305647840531562,0.07692113081741908,10.0,0.15997760922273468,12.0,12.0,6.0,-8.0,8.0,0.0,1.0,1.0,False,False
AJ McLean,Cheryl Burke,Singer/Rapper,Florida,United States,42,Eliminated Week 9,7,24.0,8.0,3.0,13,29,4,5,single_elimination,False,0.07973421926910298,0.07692431757891043,3.0,0.1566585368480134,7.0,6.0,8.0,0.0,0.0,0.0,1.0,1.0,False,False
Johnny Weir,Britt Stewart,Athlete,Pennsylvania,United States,36,Eliminated Week 10,6,24.0,8.0,3.0,13,29,4,5,single_elimination,False,0.07973421926910298,0.07692431757891043,3.0,0.1566585368480134,7.0,6.0,8.0,0.0,0.0,0.0,1.0,1.0,False,False
Justina Machado,Sasha Farber,Actor/Actress,Illinois,United States,48,4th Place,4,24.0,8.0,3.0,13,29,4,5,single_elimination,False,0.07973421926910298,0.07692431757891043,3.0,0.1566585368480134,7.0,6.0,8.0,0.0,0.0,0.0,1.0,1.0,False,False
Monica Aldama,Valentin Chmerkovskiy,TV Personality,Alabama,United States,48,Eliminated Week 7,10,24.0,8.0,3.0,13,29,4,5,single_elimination,False,0.07973421926910298,0.07692431757891043,3.0,0.1566585368480134,7.0,6.0,8.0,0.0,0.0,0.0,1.0,1.0,False,False
Nev Schulman,Jenna Johnson,Producer,New York,United States,35,2nd Place,2,24.0,8.0,3.0,13,29,4,5,single_elimination,False,0.07973421926910298,0.07692431757891043,3.0,0.1566585368480134,7.0,6.0,8.0,0.0,0.0,0.0,1.0,1.0,False,False
Chrishell Stause,Gleb Savchenko,Actor/Actress,Kentucky,United States,39,Eliminated Week 8,8,22.0,7.333333333333333,8.0,13,29,4,5,single_elimination,False,0.07308970099667775,0.07692019320584749,11.0,0.15000989420252525,5.0,19.0,2.0,-3.0,3.0,0.0,1.0,1.0,False,False
Veron Davis,Peta Murgatroyd,Athlete,Washington D.C.,United States,36,Eliminated Week 6,11,22.0,7.333333333333333,8.0,13,29,4,5,single_elimination,False,0.07308970099667775,0.07692019320584749,11.0,0.15000989420252525,5.0,19.0,2.0,-3.0,3.0,0.0,1.0,1.0,False,False
Anne Heche,Keo Motsepe,Actor/Actress,Ohio,United States,51,Eliminated Week 4,13,21.0,7.0,10.0,13,29,4,5,single_elimination,True,0.06976744186046512,0.07691325743662332,13.0,0.14668069929708843,1.0,23.0,1.0,-3.0,3.0,0.0,0.08407871198568871,0.08407871198568871,True,True
Jeannie Mai,Brandon Armstrong,TV Personality,California,United States,41,Withdrew,9,21.0,7.0,10.0,13,29,4,5,single_elimination,False,0.06976744186046512,0.0769228300082636,8.0,0.1466902718687287,2.0,18.0,4.0,2.0,2.0,0.0,1.0,1.0,False,False
Jesse Metcalfe,Sharna Burgess,Actor/Actress,California,United States,41,Eliminated Week 5,12,21.0,7.0,10.0,13,29,4,5,single_elimination,False,0.06976744186046512,0.0769228300082636,8.0,0.1466902718687287,2.0,18.0,4.0,2.0,2.0,0.0,1.0,1.0,False,False
Nelly,Daniella Karagach,Singer/Rapper,Texas,United States,45,3rd Place,3,21.0,7.0,10.0,13,29,4,5,single_elimination,False,0.06976744186046512,0.07693009980956887,1.0,0.146697541670034,4.0,11.0,7.0,9.0,9.0,0.0,1.0,1.0,False,False
Johnny Weir,Britt Stewart,Athlete,Pennsylvania,United States,36,Eliminated Week 10,6,29.0,9.666666666666666,1.0,12,29,5,6,single_elimination,False,0.10104529616724739,0.08333697778505122,3.0,0.18438227395229861,12.0,4.0,12.0,-2.0,2.0,0.0,1.0,1.0,False,False
Kaitlyn Bristowe,Artem Chigvintsev,TV Personality,,Canada,35,1st Place,1,27.0,9.0,2.0,12,29,5,6,single_elimination,False,0.09407665505226481,0.08333225777353878,11.0,0.1774089128258036,11.0,13.0,2.0,-9.0,9.0,0.0,1.0,1.0,False,False
Monica Aldama,Valentin Chmerkovskiy,TV Personality,Alabama,United States,48,Eliminated Week 7,10,26.0,8.666666666666666,3.0,12,29,5,6,single_elimination,False,0.09059233449477352,0.08333294964754635,4.0,0.1739252841423199,9.0,7.0,10.0,-1.0,1.0,0.0,1.0,1.0,False,False
Nev Schulman,Jenna Johnson,Producer,New York,United States,35,2nd Place,2,26.0,8.666666666666666,3.0,12,29,5,6,single_elimination,False,0.09059233449477352,0.08333294964754635,4.0,0.1739252841423199,9.0,7.0,10.0,-1.0,1.0,0.0,1.0,1.0,False,False
AJ McLean,Cheryl Burke,Singer/Rapper,Florida,United States,42,Eliminated Week 9,7,24.0,8.0,5.0,12,29,5,6,single_elimination,False,0.08362369337979095,0.08333272954549416,6.0,0.16695642292528512,4.0,11.0,5.0,-1.0,1.0,0.0,1.0,1.0,False,False
Jeannie Mai,Brandon Armstrong,TV Personality,California,United States,41,Withdrew,9,24.0,8.0,5.0,12,29,5,6,single_elimination,False,0.08362369337979095,0.08333272954549416,6.0,0.16695642292528512,4.0,11.0,5.0,-1.0,1.0,0.0,1.0,1.0,False,False
Justina Machado,Sasha Farber,Actor/Actress,Illinois,United States,48,4th Place,4,24.0,8.0,5.0,12,29,5,6,single_elimination,False,0.08362369337979095,0.08333272954549416,6.0,0.16695642292528512,4.0,11.0,5.0,-1.0,1.0,0.0,1.0,1.0,False,False
Nelly,Daniella Karagach,Singer/Rapper,Texas,United States,45,3rd Place,3,24.0,8.0,5.0,12,29,5,6,single_elimination,False,0.08362369337979095,0.08333272954549416,6.0,0.16695642292528512,4.0,11.0,5.0,-1.0,1.0,0.0,1.0,1.0,False,False
Skai Jackson,Alan Bersten,Actor/Actress,New York,United States,18,Eliminated Week 10,5,24.0,8.0,5.0,12,29,5,6,single_elimination,False,0.08362369337979095,0.08333272954549416,6.0,0.16695642292528512,4.0,11.0,5.0,-1.0,1.0,0.0,1.0,1.0,False,False
Veron Davis,Peta Murgatroyd,Athlete,Washington D.C.,United States,36,Eliminated Week 6,11,21.0,7.0,10.0,12,29,5,6,single_elimination,False,0.07317073170731707,0.08333739541552475,2.0,0.15650812712284182,3.0,12.0,3.0,8.0,8.0,0.0,1.0,1.0,False,False
Chrishell Stause,Gleb Savchenko,Actor/Actress,Kentucky,United States,39,Eliminated Week 8,8,19.0,6.333333333333333,11.0,12,29,5,6,single_elimination,False,0.06620209059233449,0.0833386628053825,1.0,0.149540753397717,2.0,12.0,3.0,10.0,10.0,0.0,1.0,1.0,False,False
Jesse Metcalfe,Sharna Burgess,Actor/Actress,California,United States,41,Eliminated Week 5,12,19.0,6.333333333333333,11.0,12,29,5,6,single_elimination,True,0.06620209059233449,0.08332515790825806,12.0,0.14952724850059257,1.0,23.0,1.0,-1.0,1.0,0.0,0.1004645760743322,0.1004645760743322,True,True
AJ McLean,Cheryl Burke,Singer/Rapper,Florida,United States,42,Eliminated Week 9,7,27.0,9.0,1.0,11,29,6,7,single_elimination,False,0.10074626865671642,0.09088439390514715,2.0,0.19163066256186356,8.0,3.0,8.0,-1.0,1.0,0.0,0.9888059701492538,0.9888059701492538,False,False
Justina Machado,Sasha Farber,Actor/Actress,Illinois,United States,48,4th Place,4,27.0,9.0,1.0,11,29,6,7,single_elimination,False,0.10074626865671642,0.09088439390514715,2.0,0.19163066256186356,8.0,3.0,8.0,-1.0,1.0,0.0,0.9888059701492538,0.9888059701492538,False,False
Kaitlyn Bristowe,Artem Chigvintsev,TV Personality,,Canada,35,1st Place,1,27.0,9.0,1.0,11,29,6,7,single_elimination,False,0.10074626865671642,0.09088439390514715,2.0,0.19163066256186356,8.0,3.0,8.0,-1.0,1.0,0.0,0.9888059701492538,0.9888059701492538,False,False
Monica Aldama,Valentin Chmerkovskiy,TV Personality,Alabama,United States,48,Eliminated Week 7,10,27.0,9.0,1.0,11,29,6,7,single_elimination,False,0.10074626865671642,0.09088439390514715,2.0,0.19163066256186356,8.0,3.0,8.0,-1.0,1.0,0.0,0.9888059701492538,0.9888059701492538,False,False
Nev Schulman,Jenna Johnson,Producer,New York,United States,35,2nd Place,2,26.0,8.666666666666666,5.0,11,29,6,7,single_elimination,False,0.09701492537313433,0.09087231529435086,8.0,0.1878872406674852,7.0,13.0,5.0,-3.0,3.0,0.0,0.9888059701492538,0.9888059701492538,False,False
Jeannie Mai,Brandon Armstrong,TV Personality,California,United States,41,Withdrew,9,25.0,8.333333333333334,6.0,11,29,6,7,single_elimination,False,0.09328358208955224,0.09087770096130864,6.0,0.18416128305086088,6.0,12.0,6.0,0.0,0.0,0.0,0.9888059701492538,0.9888059701492538,False,False
Chrishell Stause,Gleb Savchenko,Actor/Actress,Kentucky,United States,39,Eliminated Week 8,8,24.0,8.0,7.0,11,29,6,7,single_elimination,False,0.08955223880597014,0.09086910633109879,9.0,0.18042134513706892,4.0,16.0,2.0,-2.0,2.0,0.0,0.9888059701492538,0.9888059701492538,False,False
Nelly,Daniella Karagach,Singer/Rapper,Texas,United States,45,3rd Place,3,24.0,8.0,7.0,11,29,6,7,single_elimination,False,0.08955223880597014,0.09086910633109879,9.0,0.18042134513706892,4.0,16.0,2.0,-2.0,2.0,0.0,0.9888059701492538,0.9888059701492538,False,False
Johnny Weir,Britt Stewart,Athlete,Pennsylvania,United States,36,Eliminated Week 10,6,22.0,7.333333333333333,9.0,11,29,6,7,single_elimination,False,0.08208955223880597,0.09087392950705359,7.0,0.17296348174585957,3.0,16.0,2.0,2.0,2.0,0.0,0.9888059701492538,0.9888059701492538,False,False
Veron Davis,Peta Murgatroyd,Athlete,Washington D.C.,United States,36,Eliminated Week 6,11,21.0,7.0,10.0,11,29,6,7,single_elimination,True,0.07835820895522388,0.08545311150045361,11.0,0.16381132045567748,1.0,21.0,1.0,-1.0,1.0,0.0,0.10345997286295792,0.10345997286295792,True,True
Skai Jackson,Alan Bersten,Actor/Actress,New York,United States,18,Eliminated Week 10,5,18.0,6.0,11.0,11,29,6,7,single_elimination,False,0.06716417910447761,0.09664715317491487,1.0,0.16381133227939249,2.0,12.0,6.0,10.0,10.0,0.011194029850746273,1.0,0.9888059701492538,False,False
Nev Schulman,Jenna Johnson,Producer,New York,United States,35,2nd Place,2,30.0,10.0,1.0,10,29,7,8,multi_elimination,False,0.11538461538461539,0.0999933785777223,6.0,0.2153779939623377,10.0,7.0,7.0,-5.0,5.0,0.0,0.9961538461538462,0.9961538461538462,False,False
Johnny Weir,Britt Stewart,Athlete,Pennsylvania,United States,36,Eliminated Week 10,6,27.0,9.0,2.0,10,29,7,8,multi_elimination,False,0.10384615384615385,0.1000018740692252,2.0,0.20384802791537904,7.0,4.0,8.0,0.0,0.0,0.0,0.9961538461538462,0.9961538461538462,False,False
Nelly,Daniella Karagach,Singer/Rapper,Texas,United States,45,3rd Place,3,27.0,9.0,2.0,10,29,7,8,multi_elimination,False,0.10384615384615385,0.1000018740692252,2.0,0.20384802791537904,7.0,4.0,8.0,0.0,0.0,0.0,0.9961538461538462,0.9961538461538462,False,False
Skai Jackson,Alan Bersten,Actor/Actress,New York,United States,18,Eliminated Week 10,5,27.0,9.0,2.0,10,29,7,8,multi_elimination,False,0.10384615384615385,0.1000018740692252,2.0,0.20384802791537904,7.0,4.0,8.0,0.0,0.0,0.0,0.9961538461538462,0.9961538461538462,False,False
AJ McLean,Cheryl Burke,Singer/Rapper,Florida,United States,42,Eliminated Week 9,7,26.0,8.666666666666666,5.0,10,29,7,8,multi_elimination,False,0.1,0.09999267145722553,7.0,0.19999267145722555,4.0,12.0,3.0,-2.0,2.0,0.0,0.9961538461538462,0.9961538461538462,False,False
Chrishell Stause,Gleb Savchenko,Actor/Actress,Kentucky,United States,39,Eliminated Week 8,8,26.0,8.666666666666666,5.0,10,29,7,8,multi_elimination,False,0.1,0.09999267145722553,7.0,0.19999267145722555,4.0,12.0,3.0,-2.0,2.0,0.0,0.9961538461538462,0.9961538461538462,False,False
Justina Machado,Sasha Farber,Actor/Actress,Illinois,United States,48,4th Place,4,26.0,8.666666666666666,5.0,10,29,7,8,multi_elimination,False,0.1,0.09999267145722553,7.0,0.19999267145722555,4.0,12.0,3.0,-2.0,2.0,0.0,0.9961538461538462,0.9961538461538462,False,False
Jeannie Mai,Brandon Armstrong,TV Personality,California,United States,41,Withdrew,9,25.0,8.333333333333334,8.0,10,29,7,8,multi_elimination,True,0.09615384615384616,0.09809136184523677,10.0,0.19424520799908293,2.0,18.0,1.0,-2.0,2.0,0.0,0.11666666666666665,0.11666666666666665,True,True
Kaitlyn Bristowe,Artem Chigvintsev,TV Personality,,Canada,35,1st Place,1,24.0,8.0,9.0,10,29,7,8,multi_elimination,False,0.09230769230769231,0.1019375477427323,1.0,0.1942452400504246,3.0,10.0,6.0,8.0,8.0,0.0038461538461538464,1.0,0.9961538461538462,False,False
Monica Aldama,Valentin Chmerkovskiy,TV Personality,Alabama,United States,48,Eliminated Week 7,10,22.0,7.333333333333333,10.0,10,29,7,8,multi_elimination,True,0.08461538461538462,0.09999407378385816,5.0,0.18460945839924278,1.0,15.0,2.0,5.0,5.0,0.0,0.12692307692307686,0.12692307692307686,True,True
Johnny Weir,Britt Stewart,Athlete,Pennsylvania,United States,36,Eliminated Week 10,6,30.0,10.0,1.0,8,29,8,9,single_elimination,False,0.13513537862230382,0.12495950932684176,2.0,0.2600948879491456,7.0,3.0,7.0,-1.0,1.0,0.0,0.9864855612352454,0.9864855612352454,False,False
Nev Schulman,Jenna Johnson,Producer,New York,United States,35,2nd Place,2,30.0,10.0,1.0,8,29,8,9,single_elimination,False,0.13513537862230382,0.12495950932684176,2.0,0.2600948879491456,7.0,3.0,7.0,-1.0,1.0,0.0,0.9864855612352454,0.9864855612352454,False,False
Justina Machado,Sasha Farber,Actor/Actress,Illinois,United States,48,4th Place,4,28.9998,9.6666,3.0,8,29,8,9,single_elimination,False,0.13062996509903624,0.12495920051311583,5.0,0.25558916561215206,6.0,8.0,6.0,-2.0,2.0,0.0,0.9864855612352454,0.9864855612352454,False,False
Kaitlyn Bristowe,Artem Chigvintsev,TV Personality,,Canada,35,1st Place,1,28.0,9.333333333333334,4.0,8,29,8,9,single_elimination,False,0.1261263533808169,0.12494817045363585,7.0,0.2510745238344527,5.0,11.0,3.0,-3.0,3.0,0.0,0.9864855612352454,0.9864855612352454,False,False
AJ McLean,Cheryl Burke,Singer/Rapper,Florida,United States,42,Eliminated Week 9,7,27.0,9.0,5.0,8,29,8,9,single_elimination,False,0.12162184076007344,0.1249593990706875,4.0,0.24658123983076094,4.0,9.0,4.0,1.0,1.0,0.0,0.9864855612352454,0.9864855612352454,False,False
Chrishell Stause,Gleb Savchenko,Actor/Actress,Kentucky,United States,39,Eliminated Week 8,8,27.0,9.0,5.0,8,29,8,9,single_elimination,True,0.12162184076007344,0.1183751730252141,8.0,0.23999701378528754,1.0,13.0,1.0,-3.0,3.0,0.0,0.12837815923992657,0.12837815923992657,True,True
Skai Jackson,Alan Bersten,Actor/Actress,New York,United States,18,Eliminated Week 10,5,26.9998,8.999933333333333,7.0,8,29,8,9,single_elimination,False,0.1216209398575493,0.12495032234739063,6.0,0.24657126220493994,3.0,13.0,1.0,1.0,1.0,9.009025241368818e-07,0.9864864621377696,0.9864855612352454,False,False
Nelly,Daniella Karagach,Singer/Rapper,Texas,United States,45,3rd Place,3,24.0,8.0,8.0,8,29,8,9,single_elimination,False,0.10810830289784307,0.13188871515780165,1.0,0.23999701805564472,2.0,9.0,4.0,7.0,7.0,0.013513537862230376,0.9999990990974759,0.9864855612352454,False,False
Johnny Weir,Britt Stewart,Athlete,Pennsylvania,United States,36,Eliminated Week 10,6,30.0,10.0,1.0,7,29,9,10,single_elimination,False,0.15544105882304177,0.14285137939155818,3.0,0.29829243821459994,6.0,4.0,6.0,-2.0,2.0,0.0,0.9948196676462908,0.9948196676462908,False,False
Kaitlyn Bristowe,Artem Chigvintsev,TV Personality,,Canada,35,1st Place,1,30.0,10.0,1.0,7,29,9,10,single_elimination,False,0.15544105882304177,0.14285137939155818,3.0,0.29829243821459994,6.0,4.0,6.0,-2.0,2.0,0.0,0.9948196676462908,0.9948196676462908,False,False
Nev Schulman,Jenna Johnson,Producer,New York,United States,35,2nd Place,2,28.9998,9.6666,3.0,7,29,9,10,single_elimination,False,0.15025865392188156,0.14284735279588273,5.0,0.2931060067177643,4.0,8.0,2.0,-2.0,2.0,0.0,0.9948196676462908,0.9948196676462908,False,False
Skai Jackson,Alan Bersten,Actor/Actress,New York,United States,18,Eliminated Week 10,5,28.9998,9.6666,3.0,7,29,9,10,single_elimination,False,0.15025865392188156,0.14284735279588273,5.0,0.2931060067177643,4.0,8.0,2.0,-2.0,2.0,0.0,0.9948196676462908,0.9948196676462908,False,False
Justina Machado,Sasha Farber,Actor/Actress,Illinois,United States,48,4th Place,4,25.9998,8.6666,5.0,7,29,9,10,single_elimination,False,0.1347145480395774,0.1428564278898125,2.0,0.2775709759293899,3.0,7.0,5.0,3.0,3.0,0.0,0.9948196676462908,0.9948196676462908,False,False
AJ McLean,Cheryl Burke,Singer/Rapper,Florida,United States,42,Eliminated Week 9,7,24.9998,8.333266666666667,6.0,7,29,9,10,single_elimination,True,0.12953317941214265,0.14028287189850216,7.0,0.2698160513106448,1.0,13.0,1.0,-1.0,1.0,0.0,0.15618110630214307,0.15618110630214307,True,True
Nelly,Daniella Karagach,Singer/Rapper,Texas,United States,45,3rd Place,3,24.0,8.0,7.0,7,29,9,10,single_elimination,False,0.12435284705843341,0.1454632349647455,1.0,0.2698160820231789,2.0,8.0,2.0,6.0,6.0,0.005180332353709238,1.0,0.9948196676462908,False,False
Kaitlyn Bristowe,Artem Chigvintsev,TV Personality,,Canada,35,1st Place,1,30.0,10.0,1.0,6,29,10,11,multi_elimination,False,0.1724137931034483,0.16665594227736993,3.0,0.3390697353808182,5.0,4.0,5.0,-2.0,2.0,0.0,0.9971264367816092,0.9971264367816092,False,False
Nev Schulman,Jenna Johnson,Producer,New York,United States,35,2nd Place,2,30.0,10.0,1.0,6,29,10,11,multi_elimination,False,0.1724137931034483,0.16665594227736993,3.0,0.3390697353808182,5.0,4.0,5.0,-2.0,2.0,0.0,0.9971264367816092,0.9971264367816092,False,False
Justina Machado,Sasha Farber,Actor/Actress,Illinois,United States,48,4th Place,4,29.0,9.666666666666666,3.0,6,29,10,11,multi_elimination,False,0.16666666666666666,0.16667547451128042,2.0,0.3333421411779471,4.0,5.0,4.0,1.0,1.0,0.0,0.9971264367816092,0.9971264367816092,False,False
Johnny Weir,Britt Stewart,Athlete,Pennsylvania,United States,36,Eliminated Week 10,6,28.5,9.5,4.0,6,29,10,11,multi_elimination,True,0.16379310344827586,0.16571304773526702,5.0,0.3295061511835429,2.0,9.0,2.0,-1.0,1.0,0.0,0.20344827586206896,0.20344827586206896,True,True
Skai Jackson,Alan Bersten,Actor/Actress,New York,United States,18,Eliminated Week 10,5,28.5,9.5,4.0,6,29,10,11,multi_elimination,True,0.16379310344827586,0.16571285311827594,6.0,0.3295059565665518,1.0,10.0,1.0,-2.0,2.0,0.0,0.20344827586206896,0.20344827586206896,True,True
Nelly,Daniella Karagach,Singer/Rapper,Texas,United States,45,3rd Place,3,28.0,9.333333333333334,6.0,6,29,10,11,multi_elimination,False,0.16091954022988506,0.16858673834678,1.0,0.32950627857666503,3.0,7.0,3.0,5.0,5.0,0.002873563218390801,1.0,0.9971264367816092,False,False
Amanda Kloots,Alan Bersten,TV Personality,Ohio,United States,39,4th Place,4,32.0,8.0,1.0,15,30,2,3,single_elimination,False,0.08311688311688312,0.06666675952052911,5.0,0.14978364263741223,15.0,6.0,15.0,-4.0,4.0,0.0,1.0,1.0,False,False
JoJo Siwa,Jenna Johnson,Social Media Personality,Nebraska,United States,18,2nd Place,2,31.0,7.75,2.0,15,30,2,3,single_elimination,False,0.08051948051948052,0.06666633027790043,13.0,0.14718581079738097,14.0,15.0,5.0,-11.0,11.0,0.0,1.0,1.0,False,False
Melanie C,Gleb Savchenko,Singer/Rapper,,England,47,Eliminated Week 5,11,30.0,7.5,3.0,15,30,2,3,single_elimination,False,0.07792207792207792,0.06666644980588628,12.0,0.1445885277279642,13.0,15.0,5.0,-9.0,9.0,0.0,1.0,1.0,False,False
Suni Lee,Sasha Farber,Athlete,Minnesota,United States,18,Eliminated Week 9,5,28.0,7.0,4.0,15,30,2,3,single_elimination,False,0.07272727272727272,0.06666661942405415,6.0,0.13939389215132686,12.0,10.0,14.0,-2.0,2.0,0.0,1.0,1.0,False,False
Jimmie Allen,Emma Slater,Singer/Rapper,Delaware,United States,36,Eliminated Week 8,7,27.0,6.75,5.0,15,30,2,3,single_elimination,False,0.07012987012987013,0.06666647158264022,8.0,0.13679634171251034,9.0,13.0,7.0,-3.0,3.0,0.0,1.0,1.0,False,False
Melora Hardin,Artem Chigvintsev,Actor/Actress,Texas,United States,54,Eliminated Week 9,6,27.0,6.75,5.0,15,30,2,3,single_elimination,False,0.07012987012987013,0.06666647158264022,8.0,0.13679634171251034,9.0,13.0,7.0,-3.0,3.0,0.0,1.0,1.0,False,False
Olivia Jade,Valentin Chmerkovskiy,Social Media Personality,California,United States,21,Eliminated Week 8,8,27.0,6.75,5.0,15,30,2,3,single_elimination,False,0.07012987012987013,0.06666647158264022,8.0,0.13679634171251034,9.0,13.0,7.0,-3.0,3.0,0.0,1.0,1.0,False,False
"Mike ""The Miz"" Mizanin",Witney Carson,Athlete,Ohio,United States,40,Eliminated Week 7,9,26.0,6.5,8.0,15,30,2,3,single_elimination,False,0.06753246753246753,0.0666671957501607,4.0,0.13419966328262822,8.0,12.0,10.0,4.0,4.0,0.0,1.0,1.0,False,False
Iman Shumpert,Daniella Karagach,Athlete,Illinois,United States,31,1st Place,1,25.0,6.25,9.0,15,30,2,3,single_elimination,False,0.06493506493506493,0.0666662453645897,14.0,0.13160131029965463,7.0,23.0,3.0,-5.0,5.0,0.0,1.0,1.0,False,False
Christine Chiu,Pasha Pashkov,TV Personality,,Taiwan China,38,Eliminated Week 3,14,24.0,6.0,10.0,15,30,2,3,single_elimination,False,0.06233766233766234,0.06666735254550492,1.0,0.12900501488316726,4.0,11.0,11.0,9.0,9.0,0.0,1.0,1.0,False,False
Cody Rigsby,Cheryl Burke,Fitness Instructor,California,United States,34,3rd Place,3,24.0,6.0,10.0,15,30,2,3,single_elimination,False,0.06233766233766234,0.06666735254550492,1.0,0.12900501488316726,4.0,11.0,11.0,9.0,9.0,0.0,1.0,1.0,False,False
Kenya Moore,Brandon Armstrong,TV Personality,Michigan,United States,50,Eliminated Week 6,10,24.0,6.0,10.0,15,30,2,3,single_elimination,False,0.06233766233766234,0.06666735254550492,1.0,0.12900501488316726,4.0,11.0,11.0,9.0,9.0,0.0,1.0,1.0,False,False
Brian Austin Green,Sharna Burgess,Actor/Actress,California,United States,48,Eliminated Week 4,13,23.0,5.75,13.0,15,30,2,3,single_elimination,False,0.05974025974025974,0.06666659581747901,7.0,0.12640685555773876,3.0,20.0,4.0,6.0,6.0,0.0,1.0,1.0,False,False
Matt James,Lindsay Arnold,Athlete,North Carolina,United States,29,Eliminated Week 4,12,22.0,5.5,14.0,15,30,2,3,single_elimination,False,0.05714285714285714,0.06666586365754339,15.0,0.12380872080040053,2.0,29.0,1.0,-1.0,1.0,0.0,1.0,1.0,False,True
Martin Kove,Britt Stewart,Actor/Actress,New York,United States,75,Eliminated Week 2,15,15.0,3.75,15.0,15,30,2,3,single_elimination,True,0.03896103896103896,0.06666646762439293,11.0,0.1056275065854319,1.0,26.0,2.0,4.0,4.0,0.0,0.09437229437229432,0.09437229437229432,True,False
Amanda Kloots,Alan Bersten,TV Personality,Ohio,United States,39,4th Place,4,24.0,8.0,1.0,14,30,3,4,single_elimination,False,0.08053691275167785,0.07139332912680214,11.0,0.15193024187847998,12.0,12.0,9.0,-10.0,10.0,0.0,0.9697986577181208,0.9697986577181208,False,False
JoJo Siwa,Jenna Johnson,Social Media Personality,Nebraska,United States,18,2nd Place,2,24.0,8.0,1.0,14,30,3,4,single_elimination,False,0.08053691275167785,0.07139332912680214,11.0,0.15193024187847998,12.0,12.0,9.0,-10.0,10.0,0.0,0.9697986577181208,0.9697986577181208,False,False
Olivia Jade,Valentin Chmerkovskiy,Social Media Personality,California,United States,21,Eliminated Week 8,8,24.0,8.0,1.0,14,30,3,4,single_elimination,False,0.08053691275167785,0.07139332912680214,11.0,0.15193024187847998,12.0,12.0,9.0,-10.0,10.0,0.0,0.9697986577181208,0.9697986577181208,False,False
Melora Hardin,Artem Chigvintsev,Actor/Actress,Texas,United States,54,Eliminated Week 9,6,23.0,7.666666666666667,4.0,14,30,3,4,single_elimination,False,0.07718120805369127,0.0714076891290663,4.0,0.14858889718275758,11.0,8.0,14.0,0.0,0.0,0.0,0.9697986577181208,0.9697986577181208,False,False
Melanie C,Gleb Savchenko,Singer/Rapper,,England,47,Eliminated Week 5,11,22.0,7.333333333333333,5.0,14,30,3,4,single_elimination,False,0.0738255033557047,0.07139797903010857,9.0,0.14522348238581329,9.0,14.0,5.0,-4.0,4.0,0.0,0.9697986577181208,0.9697986577181208,False,False
"Mike ""The Miz"" Mizanin",Witney Carson,Athlete,Ohio,United States,40,Eliminated Week 7,9,22.0,7.333333333333333,5.0,14,30,3,4,single_elimination,False,0.0738255033557047,0.07139797903010857,9.0,0.14522348238581329,9.0,14.0,5.0,-4.0,4.0,0.0,0.9697986577181208,0.9697986577181208,False,False
Christine Chiu,Pasha Pashkov,TV Personality,,Taiwan China,38,Eliminated Week 3,14,21.0,7.0,7.0,14,30,3,4,single_elimination,True,0.07046979865771812,0.06562735988692395,14.0,0.13609715854464205,1.0,21.0,1.0,-7.0,7.0,0.0,0.07238734419942473,0.07238734419942473,True,True
Kenya Moore,Brandon Armstrong,TV Personality,Michigan,United States,50,Eliminated Week 6,10,21.0,7.0,7.0,14,30,3,4,single_elimination,False,0.07046979865771812,0.07140493458716411,5.0,0.14187473324488223,7.0,12.0,9.0,2.0,2.0,0.0,0.9697986577181208,0.9697986577181208,False,False
Suni Lee,Sasha Farber,Athlete,Minnesota,United States,18,Eliminated Week 9,5,21.0,7.0,7.0,14,30,3,4,single_elimination,False,0.07046979865771812,0.07140493458716411,5.0,0.14187473324488223,7.0,12.0,9.0,2.0,2.0,0.0,0.9697986577181208,0.9697986577181208,False,False
Jimmie Allen,Emma Slater,Singer/Rapper,Delaware,United States,36,Eliminated Week 8,7,20.0,6.666666666666667,10.0,14,30,3,4,single_elimination,False,0.06711409395973154,0.07140352462834149,7.0,0.13851761858807304,5.0,17.0,2.0,3.0,3.0,0.0033557046979865723,0.9731543624161074,0.9697986577181208,False,False
Matt James,Lindsay Arnold,Athlete,North Carolina,United States,29,Eliminated Week 4,12,20.0,6.666666666666667,10.0,14,30,3,4,single_elimination,False,0.06711409395973154,0.07140352462834149,7.0,0.13851761858807304,5.0,17.0,2.0,3.0,3.0,0.0033557046979865723,0.9731543624161073,0.9697986577181208,False,False
Brian Austin Green,Sharna Burgess,Actor/Actress,California,United States,48,Eliminated Week 4,13,19.0,6.333333333333333,12.0,14,30,3,4,single_elimination,False,0.06375838926174497,0.07233880313791734,2.0,0.1360971923996623,3.0,14.0,5.0,10.0,10.0,0.006711409395973145,0.9765100671140938,0.9697986577181207,False,False
Iman Shumpert,Daniella Karagach,Athlete,Illinois,United States,31,1st Place,1,19.0,6.333333333333333,12.0,14,30,3,4,single_elimination,False,0.06375838926174497,0.07233880313791734,2.0,0.1360971923996623,3.0,14.0,5.0,10.0,10.0,0.006711409395973145,0.9765100671140938,0.9697986577181207,False,False
Cody Rigsby,Cheryl Burke,Fitness Instructor,California,United States,34,3rd Place,3,18.0,6.0,14.0,14,30,3,4,single_elimination,False,0.06040268456375839,0.07569447999188013,1.0,0.13609716455563853,2.0,15.0,4.0,13.0,13.0,0.010067114093959724,0.9798657718120805,0.9697986577181207,False,False
Melora Hardin,Artem Chigvintsev,Actor/Actress,Texas,United States,54,Eliminated Week 9,6,36.5,9.125,1.0,13,30,4,5,multi_elimination,False,0.08752997601918465,0.07692324133764265,7.0,0.1644532173568273,13.0,8.0,11.0,-6.0,6.0,0.0,1.0,1.0,False,False
JoJo Siwa,Jenna Johnson,Social Media Personality,Nebraska,United States,18,2nd Place,2,35.0,8.75,2.0,13,30,4,5,multi_elimination,False,0.08393285371702638,0.07692802433148348,2.0,0.16086087804850985,11.0,4.0,12.0,0.0,0.0,0.0,1.0,1.0,False,False
Olivia Jade,Valentin Chmerkovskiy,Social Media Personality,California,United States,21,Eliminated Week 8,8,35.0,8.75,2.0,13,30,4,5,multi_elimination,False,0.08393285371702638,0.07692802433148348,2.0,0.16086087804850985,11.0,4.0,12.0,0.0,0.0,0.0,1.0,1.0,False,False
Amanda Kloots,Alan Bersten,TV Personality,Ohio,United States,39,4th Place,4,34.0,8.5,4.0,13,30,4,5,multi_elimination,False,0.0815347721822542,0.0769201960522336,9.0,0.1584549682344878,9.0,13.0,5.0,-5.0,5.0,0.0,1.0,1.0,False,False
Suni Lee,Sasha Farber,Athlete,Minnesota,United States,18,Eliminated Week 9,5,34.0,8.5,4.0,13,30,4,5,multi_elimination,False,0.0815347721822542,0.0769201960522336,9.0,0.1584549682344878,9.0,13.0,5.0,-5.0,5.0,0.0,1.0,1.0,False,False
Melanie C,Gleb Savchenko,Singer/Rapper,,England,47,Eliminated Week 5,11,33.0,8.25,6.0,13,30,4,5,multi_elimination,False,0.07913669064748201,0.07692578799068789,4.0,0.1560624786381699,8.0,10.0,9.0,2.0,2.0,0.0,1.0,1.0,False,False
Jimmie Allen,Emma Slater,Singer/Rapper,Delaware,United States,36,Eliminated Week 8,7,32.5,8.125,7.0,13,30,4,5,multi_elimination,False,0.07793764988009592,0.0769251401191206,5.0,0.15486278999921654,6.0,12.0,7.0,2.0,2.0,0.0,1.0,1.0,False,False
"Mike ""The Miz"" Mizanin",Witney Carson,Athlete,Ohio,United States,40,Eliminated Week 7,9,32.5,8.125,7.0,13,30,4,5,multi_elimination,False,0.07793764988009592,0.0769251401191206,5.0,0.15486278999921654,6.0,12.0,7.0,2.0,2.0,0.0,1.0,1.0,False,False
Iman Shumpert,Daniella Karagach,Athlete,Illinois,United States,31,1st Place,1,31.5,7.875,9.0,13,30,4,5,multi_elimination,False,0.07553956834532374,0.07693022215592729,1.0,0.15246979050125103,5.0,10.0,9.0,8.0,8.0,0.0,1.0,1.0,False,False
Kenya Moore,Brandon Armstrong,TV Personality,Michigan,United States,50,Eliminated Week 6,10,29.5,7.375,10.0,13,30,4,5,multi_elimination,False,0.07074340527577938,0.07692172935285554,8.0,0.14766513462863493,4.0,18.0,4.0,2.0,2.0,0.0,1.0,1.0,False,False
Cody Rigsby,Cheryl Burke,Fitness Instructor,California,United States,34,3rd Place,3,29.0,7.25,11.0,13,30,4,5,multi_elimination,False,0.06954436450839328,0.0769178634912658,12.0,0.14646222799965908,3.0,23.0,3.0,-1.0,1.0,0.0,1.0,1.0,False,False
Matt James,Lindsay Arnold,Athlete,North Carolina,United States,29,Eliminated Week 4,12,28.5,7.125,12.0,13,30,4,5,multi_elimination,True,0.0683453237410072,0.0769157701759182,13.0,0.1452610939169254,2.0,25.0,1.0,-1.0,1.0,0.0,0.09312549960031968,0.09312549960031968,True,True
Brian Austin Green,Sharna Burgess,Actor/Actress,California,United States,48,Eliminated Week 4,13,26.0,6.5,13.0,13,30,4,5,multi_elimination,True,0.06235011990407674,0.0769186636445012,11.0,0.13926878354857794,1.0,24.0,2.0,2.0,2.0,0.0,0.09862110311750599,0.09862110311750599,True,True
JoJo Siwa,Jenna Johnson,Social Media Personality,Nebraska,United States,18,2nd Place,2,40.0,10.0,1.0,11,30,5,6,single_elimination,False,0.1038961038961039,0.09079675536418691,10.0,0.1946928592602908,11.0,11.0,4.0,-9.0,9.0,0.0,0.9532467532467532,0.9532467532467532,False,False
Amanda Kloots,Alan Bersten,TV Personality,Ohio,United States,39,4th Place,4,39.0,9.75,2.0,11,30,5,6,single_elimination,False,0.1012987012987013,0.09080227883141385,8.0,0.19210098013011517,10.0,10.0,7.0,-6.0,6.0,0.0,0.9532467532467532,0.9532467532467532,False,False
Kenya Moore,Brandon Armstrong,TV Personality,Michigan,United States,50,Eliminated Week 6,10,36.0,9.0,3.0,11,30,5,6,single_elimination,False,0.09350649350649351,0.0908068047065732,4.0,0.1843132982130667,9.0,7.0,11.0,-1.0,1.0,0.0,0.9532467532467532,0.9532467532467532,False,False
Melanie C,Gleb Savchenko,Singer/Rapper,,England,47,Eliminated Week 5,11,36.0,9.0,3.0,11,30,5,6,single_elimination,True,0.09350649350649351,0.08070655401111211,11.0,0.17421304751760563,1.0,14.0,2.0,-8.0,8.0,0.0,0.08831168831168831,0.08831168831168831,True,False
Melora Hardin,Artem Chigvintsev,Actor/Actress,Texas,United States,54,Eliminated Week 9,6,36.0,9.0,3.0,11,30,5,6,single_elimination,False,0.09350649350649351,0.09080385491793774,5.0,0.18431034842443125,6.0,8.0,8.0,-2.0,2.0,0.0,0.9532467532467532,0.9532467532467532,False,False
Olivia Jade,Valentin Chmerkovskiy,Social Media Personality,California,United States,21,Eliminated Week 8,8,36.0,9.0,3.0,11,30,5,6,single_elimination,False,0.09350649350649351,0.09080385491793774,5.0,0.18431034842443125,6.0,8.0,8.0,-2.0,2.0,0.0,0.9532467532467532,0.9532467532467532,False,False
Suni Lee,Sasha Farber,Athlete,Minnesota,United States,18,Eliminated Week 9,5,36.0,9.0,3.0,11,30,5,6,single_elimination,False,0.09350649350649351,0.09080385491793774,5.0,0.18431034842443125,6.0,8.0,8.0,-2.0,2.0,0.0,0.9532467532467532,0.9532467532467532,False,False
Jimmie Allen,Emma Slater,Singer/Rapper,Delaware,United States,36,Eliminated Week 8,7,34.0,8.5,8.0,11,30,5,6,single_elimination,False,0.08831168831168831,0.09079734100016096,9.0,0.17910902931184927,5.0,17.0,1.0,-1.0,1.0,0.0051948051948051965,0.9584415584415584,0.9532467532467532,False,True
Cody Rigsby,Cheryl Burke,Fitness Instructor,California,United States,34,3rd Place,3,32.0,8.0,9.0,11,30,5,6,single_elimination,False,0.08311688311688312,0.0910964607432745,2.0,0.17421334386015763,3.0,11.0,4.0,7.0,7.0,0.010389610389610393,0.9636363636363636,0.9532467532467532,False,False
"Mike ""The Miz"" Mizanin",Witney Carson,Athlete,Ohio,United States,40,Eliminated Week 7,9,32.0,8.0,9.0,11,30,5,6,single_elimination,False,0.08311688311688312,0.0910964607432745,2.0,0.17421334386015763,3.0,11.0,4.0,7.0,7.0,0.010389610389610393,0.9636363636363636,0.9532467532467532,False,False
Iman Shumpert,Daniella Karagach,Athlete,Illinois,United States,31,1st Place,1,28.0,7.0,11.0,11,30,5,6,single_elimination,False,0.07272727272727272,0.10148577897551382,1.0,0.17421305170278656,2.0,12.0,3.0,10.0,10.0,0.020779220779220786,0.974025974025974,0.9532467532467532,False,False
Iman Shumpert,Daniella Karagach,Athlete,Illinois,United States,31,1st Place,1,40.0,10.0,1.0,10,30,6,7,single_elimination,False,0.10989010989010989,0.09999021777897599,9.0,0.20988032766908588,9.0,10.0,2.0,-8.0,8.0,0.0,1.0,1.0,False,False
JoJo Siwa,Jenna Johnson,Social Media Personality,Nebraska,United States,18,2nd Place,2,40.0,10.0,1.0,10,30,6,7,single_elimination,False,0.10989010989010989,0.09999021777897599,9.0,0.20988032766908588,9.0,10.0,2.0,-8.0,8.0,0.0,1.0,1.0,False,False
Amanda Kloots,Alan Bersten,TV Personality,Ohio,United States,39,4th Place,4,38.0,9.5,3.0,10,30,6,7,single_elimination,False,0.1043956043956044,0.09999841056312347,6.0,0.2043940149587279,7.0,9.0,5.0,-3.0,3.0,0.0,1.0,1.0,False,False
Jimmie Allen,Emma Slater,Singer/Rapper,Delaware,United States,36,Eliminated Week 8,7,38.0,9.5,3.0,10,30,6,7,single_elimination,False,0.1043956043956044,0.09999841056312347,6.0,0.2043940149587279,7.0,9.0,5.0,-3.0,3.0,0.0,1.0,1.0,False,False
Cody Rigsby,Cheryl Burke,Fitness Instructor,California,United States,34,3rd Place,3,36.0,9.0,5.0,10,30,6,7,single_elimination,False,0.0989010989010989,0.10000212878433082,3.0,0.19890322768542973,4.0,8.0,8.0,2.0,2.0,0.0,1.0,1.0,False,False
Olivia Jade,Valentin Chmerkovskiy,Social Media Personality,California,United States,21,Eliminated Week 8,8,36.0,9.0,5.0,10,30,6,7,single_elimination,False,0.0989010989010989,0.10000212878433082,3.0,0.19890322768542973,4.0,8.0,8.0,2.0,2.0,0.0,1.0,1.0,False,False
Suni Lee,Sasha Farber,Athlete,Minnesota,United States,18,Eliminated Week 9,5,36.0,9.0,5.0,10,30,6,7,single_elimination,False,0.0989010989010989,0.10000212878433082,3.0,0.19890322768542973,4.0,8.0,8.0,2.0,2.0,0.0,1.0,1.0,False,False
Melora Hardin,Artem Chigvintsev,Actor/Actress,Texas,United States,54,Eliminated Week 9,6,34.0,8.5,8.0,10,30,6,7,single_elimination,False,0.09340659340659341,0.10000903117076972,2.0,0.1934156245773631,2.0,10.0,2.0,6.0,6.0,0.0,1.0,1.0,False,False
"Mike ""The Miz"" Mizanin",Witney Carson,Athlete,Ohio,United States,40,Eliminated Week 7,9,34.0,8.5,8.0,10,30,6,7,single_elimination,False,0.09340659340659341,0.10000930153517672,1.0,0.19341589494177014,3.0,9.0,5.0,7.0,7.0,0.0,1.0,1.0,False,False
Kenya Moore,Brandon Armstrong,TV Personality,Michigan,United States,50,Eliminated Week 6,10,32.0,8.0,10.0,10,30,6,7,single_elimination,True,0.08791208791208792,0.09999802267711798,8.0,0.1879101105892059,1.0,18.0,1.0,2.0,2.0,0.0,0.11208791208791205,0.11208791208791205,True,True
Olivia Jade,Valentin Chmerkovskiy,Social Media Personality,California,United States,21,Eliminated Week 8,8,42.0,10.5,1.0,9,30,7,8,single_elimination,False,0.12844036697247707,0.11112403365362185,1.0,0.2395644006260989,9.0,2.0,9.0,0.0,0.0,0.0,1.0,1.0,False,False
JoJo Siwa,Jenna Johnson,Social Media Personality,Nebraska,United States,18,2nd Place,2,39.0,9.75,2.0,9,30,7,8,single_elimination,False,0.11926605504587157,0.11110726150891442,6.0,0.230373316554786,8.0,8.0,8.0,-4.0,4.0,0.0,1.0,1.0,False,False
Jimmie Allen,Emma Slater,Singer/Rapper,Delaware,United States,36,Eliminated Week 8,7,38.0,9.5,3.0,9,30,7,8,single_elimination,False,0.1162079510703364,0.11110009993814783,8.0,0.22730805100848422,6.0,11.0,2.0,-5.0,5.0,0.0,1.0,1.0,False,False
Melora Hardin,Artem Chigvintsev,Actor/Actress,Texas,United States,54,Eliminated Week 9,6,38.0,9.5,3.0,9,30,7,8,single_elimination,False,0.1162079510703364,0.11110009993814783,8.0,0.22730805100848422,6.0,11.0,2.0,-5.0,5.0,0.0,1.0,1.0,False,False
Cody Rigsby,Cheryl Burke,Fitness Instructor,California,United States,34,3rd Place,3,36.0,9.0,5.0,9,30,7,8,single_elimination,False,0.11009174311926606,0.11110366326006013,7.0,0.2211954063793262,5.0,12.0,1.0,-2.0,2.0,0.0,1.0,1.0,False,True
Amanda Kloots,Alan Bersten,TV Personality,Ohio,United States,39,4th Place,4,34.0,8.5,6.0,9,30,7,8,single_elimination,False,0.10397553516819572,0.11111422374629662,4.0,0.21508975891449233,2.0,10.0,5.0,2.0,2.0,0.0,1.0,1.0,False,False
Iman Shumpert,Daniella Karagach,Athlete,Illinois,United States,31,1st Place,1,34.0,8.5,6.0,9,30,7,8,single_elimination,False,0.10397553516819572,0.11111422374629662,4.0,0.21508975891449233,2.0,10.0,5.0,2.0,2.0,0.0,1.0,1.0,False,False
Suni Lee,Sasha Farber,Athlete,Minnesota,United States,18,Eliminated Week 9,5,34.0,8.5,6.0,9,30,7,8,single_elimination,False,0.10397553516819572,0.1111165551478061,3.0,0.21509209031600182,4.0,9.0,7.0,3.0,3.0,0.0,1.0,1.0,False,False
"Mike ""The Miz"" Mizanin",Witney Carson,Athlete,Ohio,United States,40,Eliminated Week 7,9,32.0,8.0,9.0,9,30,7,8,single_elimination,True,0.09785932721712538,0.11111983805332187,2.0,0.20897916527044724,1.0,11.0,2.0,7.0,7.0,0.0,0.12436289500509685,0.12436289500509685,True,False
Amanda Kloots,Alan Bersten,TV Personality,Ohio,United States,39,4th Place,4,42.0,10.5,1.0,8,30,8,9,multi_elimination,False,0.13636363636363635,0.12500029596411025,3.0,0.2613639323277466,6.0,4.0,6.0,-2.0,2.0,0.0,0.9967532467532467,0.9967532467532467,False,False
Melora Hardin,Artem Chigvintsev,Actor/Actress,Texas,United States,54,Eliminated Week 9,6,42.0,10.5,1.0,8,30,8,9,multi_elimination,False,0.13636363636363635,0.12500029596411025,3.0,0.2613639323277466,6.0,4.0,6.0,-2.0,2.0,0.0,0.9967532467532467,0.9967532467532467,False,False
Suni Lee,Sasha Farber,Athlete,Minnesota,United States,18,Eliminated Week 9,5,42.0,10.5,1.0,8,30,8,9,multi_elimination,False,0.13636363636363635,0.12500029596411025,3.0,0.2613639323277466,6.0,4.0,6.0,-2.0,2.0,0.0,0.9967532467532467,0.9967532467532467,False,False
JoJo Siwa,Jenna Johnson,Social Media Personality,Nebraska,United States,18,2nd Place,2,41.0,10.25,4.0,8,30,8,9,multi_elimination,False,0.1331168831168831,0.1249909296427773,6.0,0.25810781275966044,5.0,10.0,3.0,-2.0,2.0,0.0,0.9967532467532467,0.9967532467532467,False,False
Cody Rigsby,Cheryl Burke,Fitness Instructor,California,United States,34,3rd Place,3,38.0,9.5,5.0,8,30,8,9,multi_elimination,False,0.12337662337662338,0.12499017144684463,7.0,0.24836679482346802,4.0,12.0,2.0,-2.0,2.0,0.0,0.9967532467532467,0.9967532467532467,False,True
Olivia Jade,Valentin Chmerkovskiy,Social Media Personality,California,United States,21,Eliminated Week 8,8,36.0,9.0,6.0,8,30,8,9,multi_elimination,True,0.11688311688311688,0.1233817253583275,8.0,0.2402648422414444,2.0,14.0,1.0,-2.0,2.0,0.0,0.15398886827458252,0.15398886827458252,True,True
Iman Shumpert,Daniella Karagach,Athlete,Illinois,United States,31,1st Place,1,35.0,8.75,7.0,8,30,8,9,multi_elimination,False,0.11363636363636363,0.12662854219281883,1.0,0.24026490582918247,3.0,8.0,5.0,6.0,6.0,0.003246753246753248,1.0,0.9967532467532467,False,False
Jimmie Allen,Emma Slater,Singer/Rapper,Delaware,United States,36,Eliminated Week 8,7,32.0,8.0,8.0,8,30,8,9,multi_elimination,True,0.1038961038961039,0.125007742167374,2.0,0.2289038460634779,1.0,10.0,3.0,6.0,6.0,0.0,0.16512059369202228,0.16512059369202228,True,False
JoJo Siwa,Jenna Johnson,Social Media Personality,Nebraska,United States,18,2nd Place,2,40.0,10.0,1.0,6,30,9,10,multi_elimination,False,0.17699115044247787,0.16665828092245394,2.0,0.3436494313649318,6.0,3.0,6.0,-1.0,1.0,0.0,0.9911504424778761,0.9911504424778761,False,False
Amanda Kloots,Alan Bersten,TV Personality,Ohio,United States,39,4th Place,4,39.5,9.875,2.0,6,30,9,10,multi_elimination,False,0.1747787610619469,0.16664289261003312,5.0,0.34142165367198,5.0,7.0,3.0,-3.0,3.0,0.0,0.9911504424778761,0.9911504424778761,False,False
Iman Shumpert,Daniella Karagach,Athlete,Illinois,United States,31,1st Place,1,37.5,9.375,3.0,6,30,9,10,multi_elimination,False,0.16592920353982302,0.16664975305147592,3.0,0.33257895659129894,4.0,6.0,5.0,0.0,0.0,0.0,0.9911504424778761,0.9911504424778761,False,False
Suni Lee,Sasha Farber,Athlete,Minnesota,United States,18,Eliminated Week 9,5,37.5,9.375,3.0,6,30,9,10,multi_elimination,True,0.16592920353982302,0.16227566077159553,6.0,0.32820486431141854,2.0,9.0,1.0,-3.0,3.0,0.0,0.20221238938053096,0.20221238938053096,True,True
Melora Hardin,Artem Chigvintsev,Actor/Actress,Texas,United States,54,Eliminated Week 9,6,36.0,9.0,5.0,6,30,9,10,multi_elimination,True,0.1592920353982301,0.1666481788944203,4.0,0.3259402142926504,1.0,9.0,1.0,1.0,1.0,0.0,0.20752212389380528,0.20752212389380528,True,True
Cody Rigsby,Cheryl Burke,Fitness Instructor,California,United States,34,3rd Place,3,35.5,8.875,6.0,6,30,9,10,multi_elimination,False,0.1570796460176991,0.1711252330311229,1.0,0.328204879048822,3.0,7.0,3.0,5.0,5.0,0.008849557522123908,1.0,0.9911504424778761,False,False
Charli D'Amelio,Mark Ballas,Social Media Personality,Connecticut,United States,18,1st Place,1,32.0,8.0,1.0,16,31,1,2,single_elimination,False,0.08376963350785341,0.06249437644865819,12.0,0.1462640099565116,16.0,13.0,10.0,-11.0,11.0,0.0,0.9973821989528796,0.9973821989528796,False,False
Wayne Brady,Witney Carson,Comedian,Georgia,United States,50,3rd Place,3,29.0,7.25,2.0,16,31,1,2,single_elimination,False,0.07591623036649214,0.06249595268669098,11.0,0.13841218305318312,15.0,13.0,10.0,-9.0,9.0,0.0,0.9973821989528796,0.9973821989528796,False,False
Gabby Windey,Valentin Chmerkovskiy,TV Personality,Illinois,United States,31,2nd Place,2,28.0,7.0,3.0,16,31,1,2,single_elimination,False,0.07329842931937172,0.06249916173685586,7.0,0.13579759105622757,12.0,10.0,14.0,-4.0,4.0,0.0,0.9973821989528796,0.9973821989528796,False,False
Selma Blair,Sasha Farber,Actor/Actress,Michigan,United States,50,Withdrew,12,28.0,7.0,3.0,16,31,1,2,single_elimination,False,0.07329842931937172,0.06249916173685586,7.0,0.13579759105622757,12.0,10.0,14.0,-4.0,4.0,0.0,0.9973821989528796,0.9973821989528796,False,False
Shangela,Gleb Savchenko,TV Personality,Texas,United States,40,4th Place,4,28.0,7.0,3.0,16,31,1,2,single_elimination,False,0.07329842931937172,0.06249916173685586,7.0,0.13579759105622757,12.0,10.0,14.0,-4.0,4.0,0.0,0.9973821989528796,0.9973821989528796,False,False
Daniel Durant,Britt Stewart,Actor/Actress,Michigan,United States,32,Eliminated Week 9,5,27.0,6.75,6.0,16,31,1,2,single_elimination,False,0.07068062827225131,0.06249644611984727,10.0,0.13317707439209858,11.0,16.0,6.0,-4.0,4.0,0.0,0.9973821989528796,0.9973821989528796,False,False
Jordin Sparks,Brandon Armstrong,Singer/Rapper,Arizona,United States,32,Eliminated Week 7,9,26.0,6.5,7.0,16,31,1,2,single_elimination,False,0.06806282722513089,0.062489191715680105,15.0,0.130552018940811,10.0,22.0,3.0,-8.0,8.0,0.0,0.9973821989528796,0.9973821989528796,False,False
Heidi D'Amelio,Artem Chigvintsev,Social Media Personality,Louisiana,United States,50,Eliminated Week 8,8,24.0,6.0,8.0,16,31,1,2,single_elimination,False,0.06282722513089005,0.062492959418553984,13.0,0.12532018454944405,9.0,21.0,4.0,-5.0,5.0,0.0,0.9973821989528796,0.9973821989528796,False,False
Joseph Baena,Daniella Karagach,Actor/Actress,California,United States,24,Eliminated Week 5,11,23.0,5.75,9.0,16,31,1,2,single_elimination,False,0.060209424083769635,0.06249119605215365,14.0,0.12270062013592328,8.0,23.0,2.0,-5.0,5.0,0.0,0.9973821989528796,0.9973821989528796,False,False
Cheryl Ladd,Louis van Amstel,Actor/Actress,South Dakota,United States,71,Eliminated Week 3,14,21.0,5.25,10.0,16,31,1,2,single_elimination,False,0.0549738219895288,0.0625052746917182,2.0,0.117479096681247,6.0,12.0,12.0,8.0,8.0,0.0,0.9973821989528796,0.9973821989528796,False,False
Trevor Donovan,Emma Slater,Actor/Actress,California,United States,39,Eliminated Week 9,6,21.0,5.25,10.0,16,31,1,2,single_elimination,False,0.0549738219895288,0.0625052746917182,2.0,0.117479096681247,6.0,12.0,12.0,8.0,8.0,0.0,0.9973821989528796,0.9973821989528796,False,False
Jessie James Decker,Alan Bersten,Singer/Rapper,,Italy,34,Eliminated Week 6,10,20.0,5.0,12.0,16,31,1,2,single_elimination,False,0.05235602094240838,0.06250114803165113,4.0,0.11485716897405951,3.0,16.0,6.0,8.0,8.0,0.0,0.9973821989528796,0.9973821989528796,False,False
Sam Champion,Cheryl Burke,News Anchor,Kentucky,United States,61,Eliminated Week 4,13,20.0,5.0,12.0,16,31,1,2,single_elimination,False,0.05235602094240838,0.06250114803165113,4.0,0.11485716897405951,3.0,16.0,6.0,8.0,8.0,0.0,0.9973821989528796,0.9973821989528796,False,False
Teresa Giudice,Pasha Pashkov,TV Personality,New Jersey,United States,50,Eliminated Week 2,15,20.0,5.0,12.0,16,31,1,2,single_elimination,False,0.05235602094240838,0.06250114803165113,4.0,0.11485716897405951,3.0,16.0,6.0,8.0,8.0,0.0,0.9973821989528796,0.9973821989528796,False,False
Jason Lewis,Peta Murgatroyd,Actor/Actress,California,United States,51,Eliminated Week 1,16,18.0,4.5,15.0,16,31,1,2,single_elimination,True,0.04712041884816754,0.06120529107328963,16.0,0.10832570992145718,1.0,31.0,1.0,-1.0,1.0,0.0,0.07787958115183248,0.07787958115183248,True,True
Vinny Guadagnino,Koko Iwasaki,TV Personality,New York,United States,34,Eliminated Week 8,7,17.0,4.25,16.0,16,31,1,2,single_elimination,False,0.04450261780104712,0.06382310668044126,1.0,0.10832572448148839,2.0,17.0,5.0,15.0,15.0,0.0026178010471204216,1.0,0.9973821989528796,False,False
Charli D'Amelio,Mark Ballas,Social Media Personality,Connecticut,United States,18,1st Place,1,32.0,8.0,1.0,15,31,2,3,single_elimination,False,0.07766990291262135,0.06666403661430965,4.0,0.14433393952693102,13.0,5.0,13.0,-3.0,3.0,0.0,0.9951456310679612,0.9951456310679612,False,False
Gabby Windey,Valentin Chmerkovskiy,TV Personality,Illinois,United States,31,2nd Place,2,32.0,8.0,1.0,15,31,2,3,single_elimination,False,0.07766990291262135,0.06666403661430965,4.0,0.14433393952693102,13.0,5.0,13.0,-3.0,3.0,0.0,0.9951456310679612,0.9951456310679612,False,False
Wayne Brady,Witney Carson,Comedian,Georgia,United States,50,3rd Place,3,32.0,8.0,1.0,15,31,2,3,single_elimination,False,0.07766990291262135,0.06666403661430965,4.0,0.14433393952693102,13.0,5.0,13.0,-3.0,3.0,0.0,0.9951456310679612,0.9951456310679612,False,False
Trevor Donovan,Emma Slater,Actor/Actress,California,United States,39,Eliminated Week 9,6,30.0,7.5,4.0,15,31,2,3,single_elimination,False,0.07281553398058252,0.06666521623471693,3.0,0.13948075021529943,12.0,7.0,12.0,1.0,1.0,0.0,0.9951456310679612,0.9951456310679612,False,False
Daniel Durant,Britt Stewart,Actor/Actress,Michigan,United States,32,Eliminated Week 9,5,29.0,7.25,5.0,15,31,2,3,single_elimination,False,0.0703883495145631,0.06666058134704754,7.0,0.13704893086161063,11.0,12.0,11.0,-2.0,2.0,0.0,0.9951456310679612,0.9951456310679612,False,False
Heidi D'Amelio,Artem Chigvintsev,Social Media Personality,Louisiana,United States,50,Eliminated Week 8,8,28.0,7.0,6.0,15,31,2,3,single_elimination,False,0.06796116504854369,0.06665492813962776,10.0,0.13461609318817144,8.0,16.0,6.0,-4.0,4.0,0.0,0.9951456310679612,0.9951456310679612,False,False
Selma Blair,Sasha Farber,Actor/Actress,Michigan,United States,50,Withdrew,12,28.0,7.0,6.0,15,31,2,3,single_elimination,False,0.06796116504854369,0.06665492813962776,10.0,0.13461609318817144,8.0,16.0,6.0,-4.0,4.0,0.0,0.9951456310679612,0.9951456310679612,False,False
Shangela,Gleb Savchenko,TV Personality,Texas,United States,40,4th Place,4,28.0,7.0,6.0,15,31,2,3,single_elimination,False,0.06796116504854369,0.06665492813962776,10.0,0.13461609318817144,8.0,16.0,6.0,-4.0,4.0,0.0,0.9951456310679612,0.9951456310679612,False,False
Jordin Sparks,Brandon Armstrong,Singer/Rapper,Arizona,United States,32,Eliminated Week 7,9,27.0,6.75,9.0,15,31,2,3,single_elimination,False,0.06553398058252427,0.06665450382590171,13.0,0.13218848440842598,6.0,22.0,2.0,-4.0,4.0,0.0,0.9951456310679612,0.9951456310679612,False,False
Vinny Guadagnino,Koko Iwasaki,TV Personality,New York,United States,34,Eliminated Week 8,7,27.0,6.75,9.0,15,31,2,3,single_elimination,False,0.06553398058252427,0.06665450382590171,13.0,0.13218848440842598,6.0,22.0,2.0,-4.0,4.0,0.0,0.9951456310679612,0.9951456310679612,False,False
Sam Champion,Cheryl Burke,News Anchor,Kentucky,United States,61,Eliminated Week 4,13,26.0,6.5,11.0,15,31,2,3,single_elimination,False,0.06310679611650485,0.06666678990362945,2.0,0.1297735860201343,5.0,13.0,10.0,9.0,9.0,0.0,0.9951456310679612,0.9951456310679612,False,False
Jessie James Decker,Alan Bersten,Singer/Rapper,,Italy,34,Eliminated Week 6,10,25.0,6.25,12.0,15,31,2,3,single_elimination,False,0.06067961165048544,0.06665601086312237,9.0,0.1273356225136078,4.0,21.0,4.0,3.0,3.0,0.0,0.9951456310679612,0.9951456310679612,False,False
Joseph Baena,Daniella Karagach,Actor/Actress,California,United States,24,Eliminated Week 5,11,24.0,6.0,13.0,15,31,2,3,single_elimination,False,0.05825242718446602,0.06665926634447371,8.0,0.12491169352893973,3.0,21.0,4.0,5.0,5.0,0.0,0.9951456310679612,0.9951456310679612,False,False
Teresa Giudice,Pasha Pashkov,TV Personality,New Jersey,United States,50,Eliminated Week 2,15,23.0,5.75,14.0,15,31,2,3,single_elimination,True,0.055825242718446605,0.06428592659955654,15.0,0.12011116931800314,1.0,29.0,1.0,-1.0,1.0,0.0,0.07750809061488668,0.07750809061488668,True,True
Cheryl Ladd,Louis van Amstel,Actor/Actress,South Dakota,United States,71,Eliminated Week 3,14,21.0,5.25,15.0,15,31,2,3,single_elimination,False,0.050970873786407765,0.06914030587032413,1.0,0.1201111796567319,2.0,16.0,6.0,14.0,14.0,0.00485436893203884,1.0,0.9951456310679612,False,False
Charli D'Amelio,Mark Ballas,Social Media Personality,Connecticut,United States,18,1st Place,1,33.0,8.25,1.0,14,31,3,4,single_elimination,False,0.08188585607940446,0.0714267987908374,7.0,0.15331265487024187,12.0,8.0,12.0,-6.0,6.0,0.0,0.9975186104218362,0.9975186104218362,False,False
Gabby Windey,Valentin Chmerkovskiy,TV Personality,Illinois,United States,31,2nd Place,2,33.0,8.25,1.0,14,31,3,4,single_elimination,False,0.08188585607940446,0.0714267987908374,7.0,0.15331265487024187,12.0,8.0,12.0,-6.0,6.0,0.0,0.9975186104218362,0.9975186104218362,False,False
Wayne Brady,Witney Carson,Comedian,Georgia,United States,50,3rd Place,3,33.0,8.25,1.0,14,31,3,4,single_elimination,False,0.08188585607940446,0.0714267987908374,7.0,0.15331265487024187,12.0,8.0,12.0,-6.0,6.0,0.0,0.9975186104218362,0.9975186104218362,False,False
Heidi D'Amelio,Artem Chigvintsev,Social Media Personality,Louisiana,United States,50,Eliminated Week 8,8,32.0,8.0,4.0,14,31,3,4,single_elimination,False,0.0794044665012407,0.07142679214438166,10.0,0.15083125864562236,11.0,14.0,8.0,-6.0,6.0,0.0,0.9975186104218362,0.9975186104218362,False,False
Daniel Durant,Britt Stewart,Actor/Actress,Michigan,United States,32,Eliminated Week 9,5,31.0,7.75,5.0,14,31,3,4,single_elimination,False,0.07692307692307693,0.07142479399077446,13.0,0.14834787091385138,10.0,18.0,3.0,-8.0,8.0,0.0,0.9975186104218362,0.9975186104218362,False,False
Shangela,Gleb Savchenko,TV Personality,Texas,United States,40,4th Place,4,30.0,7.5,6.0,14,31,3,4,single_elimination,False,0.07444168734491315,0.07142654600177573,12.0,0.14586823334668886,9.0,18.0,3.0,-6.0,6.0,0.0,0.9975186104218362,0.9975186104218362,False,False
Jordin Sparks,Brandon Armstrong,Singer/Rapper,Arizona,United States,32,Eliminated Week 7,9,29.0,7.25,7.0,14,31,3,4,single_elimination,False,0.07196029776674938,0.07142700666281097,4.0,0.14338730442956035,7.0,11.0,10.0,3.0,3.0,0.0,0.9975186104218362,0.9975186104218362,False,False
Joseph Baena,Daniella Karagach,Actor/Actress,California,United States,24,Eliminated Week 5,11,29.0,7.25,7.0,14,31,3,4,single_elimination,False,0.07196029776674938,0.07142700666281097,4.0,0.14338730442956035,7.0,11.0,10.0,3.0,3.0,0.0,0.9975186104218362,0.9975186104218362,False,False
Selma Blair,Sasha Farber,Actor/Actress,Michigan,United States,50,Withdrew,12,28.0,7.0,9.0,14,31,3,4,single_elimination,False,0.06947890818858561,0.07142673550444113,11.0,0.14090564369302674,6.0,20.0,2.0,-2.0,2.0,0.0,0.9975186104218362,0.9975186104218362,False,False
Trevor Donovan,Emma Slater,Actor/Actress,California,United States,39,Eliminated Week 9,6,27.0,6.75,10.0,14,31,3,4,single_elimination,False,0.06699751861042183,0.07142782786853193,2.0,0.13842534647895377,5.0,12.0,9.0,8.0,8.0,0.0,0.9975186104218362,0.9975186104218362,False,False
Jessie James Decker,Alan Bersten,Singer/Rapper,,Italy,34,Eliminated Week 6,10,26.0,6.5,11.0,14,31,3,4,single_elimination,False,0.06451612903225806,0.07142696593057483,6.0,0.1359430949628329,4.0,17.0,5.0,5.0,5.0,0.0,0.9975186104218362,0.9975186104218362,False,False
Sam Champion,Cheryl Burke,News Anchor,Kentucky,United States,61,Eliminated Week 4,13,25.0,6.25,12.0,14,31,3,4,single_elimination,False,0.062034739454094295,0.07142741117281906,3.0,0.13346215062691336,3.0,15.0,6.0,9.0,9.0,0.0,0.9975186104218362,0.9975186104218362,False,False
Cheryl Ladd,Louis van Amstel,Actor/Actress,South Dakota,United States,71,Eliminated Week 3,14,24.0,6.0,13.0,14,31,3,4,single_elimination,True,0.05955334987593052,0.0701985596120275,14.0,0.12975190948795803,1.0,27.0,1.0,-1.0,1.0,0.0,0.08330379298121236,0.08330379298121236,True,True
Vinny Guadagnino,Koko Iwasaki,TV Personality,New York,United States,34,Eliminated Week 8,7,23.0,5.75,14.0,14,31,3,4,single_elimination,False,0.05707196029776675,0.0726799577454002,1.0,0.12975191804316694,2.0,15.0,6.0,13.0,13.0,0.0024813895781637743,1.0,0.9975186104218362,False,False
Charli D'Amelio,Mark Ballas,Social Media Personality,Connecticut,United States,18,1st Place,1,36.0,9.0,1.0,13,31,4,5,single_elimination,False,0.08780487804878048,0.07692692402468632,3.0,0.1647318020734668,11.0,4.0,11.0,-2.0,2.0,0.0,1.0,1.0,False,False
Gabby Windey,Valentin Chmerkovskiy,TV Personality,Illinois,United States,31,2nd Place,2,36.0,9.0,1.0,13,31,4,5,single_elimination,False,0.08780487804878048,0.07692692402468632,3.0,0.1647318020734668,11.0,4.0,11.0,-2.0,2.0,0.0,1.0,1.0,False,False
Wayne Brady,Witney Carson,Comedian,Georgia,United States,50,3rd Place,3,36.0,9.0,1.0,13,31,4,5,single_elimination,False,0.08780487804878048,0.07692692402468632,3.0,0.1647318020734668,11.0,4.0,11.0,-2.0,2.0,0.0,1.0,1.0,False,False
Heidi D'Amelio,Artem Chigvintsev,Social Media Personality,Louisiana,United States,50,Eliminated Week 8,8,34.0,8.5,4.0,13,31,4,5,single_elimination,False,0.08292682926829269,0.07692099384455206,6.0,0.15984782311284473,9.0,10.0,9.0,-2.0,2.0,0.0,1.0,1.0,False,False
Jordin Sparks,Brandon Armstrong,Singer/Rapper,Arizona,United States,32,Eliminated Week 7,9,34.0,8.5,4.0,13,31,4,5,single_elimination,False,0.08292682926829269,0.07692099384455206,6.0,0.15984782311284473,9.0,10.0,9.0,-2.0,2.0,0.0,1.0,1.0,False,False
Selma Blair,Sasha Farber,Actor/Actress,Michigan,United States,50,Withdrew,12,32.0,8.0,6.0,13,31,4,5,single_elimination,False,0.07804878048780488,0.07692099212666881,8.0,0.1549697726144737,7.0,14.0,5.0,-2.0,2.0,0.0,1.0,1.0,False,False
Shangela,Gleb Savchenko,TV Personality,Texas,United States,40,4th Place,4,32.0,8.0,6.0,13,31,4,5,single_elimination,False,0.07804878048780488,0.07692099212666881,8.0,0.1549697726144737,7.0,14.0,5.0,-2.0,2.0,0.0,1.0,1.0,False,False
Jessie James Decker,Alan Bersten,Singer/Rapper,,Italy,34,Eliminated Week 6,10,31.0,7.75,8.0,13,31,4,5,single_elimination,False,0.07560975609756097,0.0769124535423399,13.0,0.15252220963990087,6.0,21.0,2.0,-5.0,5.0,0.0,1.0,1.0,False,False
Daniel Durant,Britt Stewart,Actor/Actress,Michigan,United States,32,Eliminated Week 9,5,29.0,7.25,9.0,13,31,4,5,single_elimination,False,0.07073170731707316,0.07692042810553137,10.0,0.14765213542260452,4.0,19.0,3.0,-1.0,1.0,0.0,1.0,1.0,False,False
Vinny Guadagnino,Koko Iwasaki,TV Personality,New York,United States,34,Eliminated Week 8,7,29.0,7.25,9.0,13,31,4,5,single_elimination,False,0.07073170731707316,0.07692042810553137,10.0,0.14765213542260452,4.0,19.0,3.0,-1.0,1.0,0.0,1.0,1.0,False,False
Joseph Baena,Daniella Karagach,Actor/Actress,California,United States,24,Eliminated Week 5,11,28.0,7.0,11.0,13,31,4,5,single_elimination,False,0.06829268292682927,0.076932525641104,2.0,0.14522520856793328,2.0,13.0,7.0,9.0,9.0,0.0,1.0,1.0,False,False
Trevor Donovan,Emma Slater,Actor/Actress,California,United States,39,Eliminated Week 9,6,28.0,7.0,11.0,13,31,4,5,single_elimination,False,0.06829268292682927,0.07693499150558117,1.0,0.14522767443241044,3.0,12.0,8.0,10.0,10.0,0.0,1.0,1.0,False,False
Sam Champion,Cheryl Burke,News Anchor,Kentucky,United States,61,Eliminated Week 4,13,25.0,6.25,13.0,13,31,4,5,single_elimination,True,0.06097560975609756,0.07691442769568432,12.0,0.13789003745178188,1.0,25.0,1.0,1.0,1.0,0.0,0.0928705440900563,0.0928705440900563,True,True
Charli D'Amelio,Mark Ballas,Social Media Personality,Connecticut,United States,18,1st Place,1,42.0,10.5,1.0,12,31,5,6,multi_elimination,False,0.09364548494983277,0.08321115852530173,11.0,0.1768566434751345,12.0,12.0,8.0,-10.0,10.0,0.0,0.9319955406911927,0.9319955406911927,False,False
Gabby Windey,Valentin Chmerkovskiy,TV Personality,Illinois,United States,31,2nd Place,2,41.0,10.25,2.0,12,31,5,6,multi_elimination,False,0.09141583054626533,0.08321549153406367,9.0,0.174631322080329,10.0,11.0,9.0,-7.0,7.0,0.0,0.9319955406911927,0.9319955406911927,False,False
Wayne Brady,Witney Carson,Comedian,Georgia,United States,50,3rd Place,3,41.0,10.25,2.0,12,31,5,6,multi_elimination,False,0.09141583054626533,0.08321549153406367,9.0,0.174631322080329,10.0,11.0,9.0,-7.0,7.0,0.0,0.9319955406911927,0.9319955406911927,False,False
Selma Blair,Sasha Farber,Actor/Actress,Michigan,United States,50,Withdrew,12,40.0,10.0,4.0,12,31,5,6,multi_elimination,True,0.08918617614269789,0.07214458979392709,12.0,0.161330765936625,2.0,16.0,2.0,-8.0,8.0,0.0,0.08553765075504205,0.08553765075504205,True,True
Heidi D'Amelio,Artem Chigvintsev,Social Media Personality,Louisiana,United States,50,Eliminated Week 8,8,39.0,9.75,5.0,12,31,5,6,multi_elimination,False,0.08695652173913043,0.08323231346380187,4.0,0.17018883520293232,9.0,9.0,12.0,1.0,1.0,0.002229654403567455,0.9342251950947602,0.9319955406911927,False,False
Shangela,Gleb Savchenko,TV Personality,Texas,United States,40,4th Place,4,38.5,9.625,6.0,12,31,5,6,multi_elimination,False,0.0858416945373467,0.08322652162087238,5.0,0.1690682161582191,8.0,11.0,9.0,1.0,1.0,0.0033444816053511822,0.935340022296544,0.9319955406911928,False,False
Jessie James Decker,Alan Bersten,Singer/Rapper,,Italy,34,Eliminated Week 6,10,36.0,9.0,7.0,12,31,5,6,multi_elimination,False,0.0802675585284281,0.08322361213395227,6.0,0.16349117066238036,6.0,13.0,3.0,1.0,1.0,0.008918617614269791,0.9409141583054627,0.9319955406911928,False,False
Trevor Donovan,Emma Slater,Actor/Actress,California,United States,39,Eliminated Week 9,6,36.0,9.0,7.0,12,31,5,6,multi_elimination,False,0.0802675585284281,0.08322361213395227,6.0,0.16349117066238036,6.0,13.0,3.0,1.0,1.0,0.008918617614269791,0.9409141583054625,0.9319955406911927,False,False
Jordin Sparks,Brandon Armstrong,Singer/Rapper,Arizona,United States,32,Eliminated Week 7,9,35.5,8.875,9.0,12,31,5,6,multi_elimination,False,0.07915273132664437,0.08322291855924842,8.0,0.1623756498858928,5.0,17.0,1.0,1.0,1.0,0.010033444816053519,0.9420289855072463,0.9319955406911928,False,True
Joseph Baena,Daniella Karagach,Actor/Actress,California,United States,24,Eliminated Week 5,11,35.0,8.75,10.0,12,31,5,6,multi_elimination,True,0.07803790412486064,0.0832354388902336,3.0,0.16127334301509424,1.0,13.0,3.0,7.0,7.0,0.0,0.09567244349853045,0.09567244349853045,True,False
Daniel Durant,Britt Stewart,Actor/Actress,Michigan,United States,32,Eliminated Week 9,5,33.5,8.375,11.0,12,31,5,6,multi_elimination,False,0.07469342251950947,0.08663736378173277,2.0,0.16133078630124226,4.0,13.0,3.0,9.0,9.0,0.014492753623188415,0.9464882943143812,0.9319955406911928,False,False
Vinny Guadagnino,Koko Iwasaki,TV Personality,New York,United States,34,Eliminated Week 8,7,31.0,7.75,12.0,12,31,5,6,multi_elimination,False,0.06911928651059086,0.09221148647415348,1.0,0.16133077298474435,3.0,13.0,3.0,11.0,11.0,0.020066889632107024,0.9520624303232998,0.9319955406911928,False,False
Charli D'Amelio,Mark Ballas,Social Media Personality,Connecticut,United States,18,1st Place,1,40.0,10.0,1.0,10,31,6,7,single_elimination,False,0.11594202898550725,0.09996335666041954,7.0,0.2159053856459268,10.0,8.0,5.0,-6.0,6.0,0.0,0.9884057971014493,0.9884057971014493,False,False
Gabby Windey,Valentin Chmerkovskiy,TV Personality,Illinois,United States,31,2nd Place,2,37.0,9.25,2.0,10,31,6,7,single_elimination,False,0.1072463768115942,0.09997329436409128,2.0,0.20721967117568546,9.0,4.0,10.0,0.0,0.0,0.0,0.9884057971014493,0.9884057971014493,False,False
Heidi D'Amelio,Artem Chigvintsev,Social Media Personality,Louisiana,United States,50,Eliminated Week 8,8,36.0,9.0,3.0,10,31,6,7,single_elimination,False,0.10434782608695652,0.09996099331457109,8.0,0.20430881940152762,7.0,11.0,2.0,-5.0,5.0,0.0,0.9884057971014493,0.9884057971014493,False,False
Shangela,Gleb Savchenko,TV Personality,Texas,United States,40,4th Place,4,36.0,9.0,3.0,10,31,6,7,single_elimination,False,0.10434782608695652,0.09996099331457109,8.0,0.20430881940152762,7.0,11.0,2.0,-5.0,5.0,0.0,0.9884057971014493,0.9884057971014493,False,False
Daniel Durant,Britt Stewart,Actor/Actress,Michigan,United States,32,Eliminated Week 9,5,34.0,8.5,5.0,10,31,6,7,single_elimination,False,0.09855072463768116,0.09996673212488784,3.0,0.198517456762569,3.0,8.0,5.0,2.0,2.0,0.0,0.9884057971014493,0.9884057971014493,False,False
Jordin Sparks,Brandon Armstrong,Singer/Rapper,Arizona,United States,32,Eliminated Week 7,9,34.0,8.5,5.0,10,31,6,7,single_elimination,False,0.09855072463768116,0.09996673212488784,3.0,0.198517456762569,3.0,8.0,5.0,2.0,2.0,0.0,0.9884057971014493,0.9884057971014493,False,False
Trevor Donovan,Emma Slater,Actor/Actress,California,United States,39,Eliminated Week 9,6,34.0,8.5,5.0,10,31,6,7,single_elimination,False,0.09855072463768116,0.09996673212488784,3.0,0.198517456762569,3.0,8.0,5.0,2.0,2.0,0.0,0.9884057971014493,0.9884057971014493,False,False
Wayne Brady,Witney Carson,Comedian,Georgia,United States,50,3rd Place,3,34.0,8.5,5.0,10,31,6,7,single_elimination,False,0.09855072463768116,0.09996673212488784,3.0,0.198517456762569,3.0,8.0,5.0,2.0,2.0,0.0,0.9884057971014493,0.9884057971014493,False,False
Jessie James Decker,Alan Bersten,Singer/Rapper,,Italy,34,Eliminated Week 6,10,32.0,8.0,9.0,10,31,6,7,single_elimination,True,0.0927536231884058,0.09434010982849267,10.0,0.18709373301689847,1.0,19.0,1.0,-1.0,1.0,0.0,0.10724637681159423,0.10724637681159423,True,True
Vinny Guadagnino,Koko Iwasaki,TV Personality,New York,United States,34,Eliminated Week 8,7,28.0,7.0,10.0,10,31,6,7,single_elimination,False,0.08115942028985507,0.10593432276239187,1.0,0.18709374305224694,2.0,11.0,2.0,9.0,9.0,0.011594202898550732,1.0,0.9884057971014493,False,False
Charli D'Amelio,Mark Ballas,Social Media Personality,Connecticut,United States,18,1st Place,1,39.0,9.75,1.0,9,31,7,8,single_elimination,False,0.11981566820276497,0.1110860981431926,6.0,0.23090176634595758,8.0,7.0,6.0,-5.0,5.0,0.0,0.9907834101382489,0.9907834101382489,False,False
Trevor Donovan,Emma Slater,Actor/Actress,California,United States,39,Eliminated Week 9,6,39.0,9.75,1.0,9,31,7,8,single_elimination,False,0.11981566820276497,0.1110860981431926,6.0,0.23090176634595758,8.0,7.0,6.0,-5.0,5.0,0.0,0.9907834101382489,0.9907834101382489,False,False
Wayne Brady,Witney Carson,Comedian,Georgia,United States,50,3rd Place,3,38.0,9.5,3.0,9,31,7,8,single_elimination,False,0.11674347158218126,0.11108906564891954,5.0,0.2278325372311008,7.0,8.0,4.0,-2.0,2.0,0.0,0.9907834101382489,0.9907834101382489,False,False
Daniel Durant,Britt Stewart,Actor/Actress,Michigan,United States,32,Eliminated Week 9,5,36.5,9.125,4.0,9,31,7,8,single_elimination,False,0.11213517665130568,0.111095073311249,3.0,0.2232302499625547,5.0,7.0,6.0,1.0,1.0,0.0,0.9907834101382489,0.9907834101382489,False,False
Shangela,Gleb Savchenko,TV Personality,Texas,United States,40,4th Place,4,36.5,9.125,4.0,9,31,7,8,single_elimination,False,0.11213517665130568,0.111095073311249,3.0,0.2232302499625547,5.0,7.0,6.0,1.0,1.0,0.0,0.9907834101382489,0.9907834101382489,False,False
Gabby Windey,Valentin Chmerkovskiy,TV Personality,Illinois,United States,31,2nd Place,2,35.5,8.875,6.0,9,31,7,8,single_elimination,False,0.10906298003072197,0.11109704873391957,2.0,0.22016002876464152,4.0,8.0,4.0,4.0,4.0,0.0,0.9907834101382489,0.9907834101382489,False,False
Heidi D'Amelio,Artem Chigvintsev,Social Media Personality,Louisiana,United States,50,Eliminated Week 8,8,35.0,8.75,7.0,9,31,7,8,single_elimination,False,0.10752688172043011,0.11108505587403138,8.0,0.2186119375944615,3.0,15.0,2.0,-1.0,1.0,0.0,0.9907834101382489,0.9907834101382489,False,False
Jordin Sparks,Brandon Armstrong,Singer/Rapper,Arizona,United States,32,Eliminated Week 7,9,34.5,8.625,8.0,9,31,7,8,single_elimination,True,0.10599078341013825,0.10657494113022808,9.0,0.21256572454036632,1.0,17.0,1.0,-1.0,1.0,0.0,0.11623143881208398,0.11623143881208398,True,True
Vinny Guadagnino,Koko Iwasaki,TV Personality,New York,United States,34,Eliminated Week 8,7,31.5,7.875,9.0,9,31,7,8,single_elimination,False,0.0967741935483871,0.11579154463630115,1.0,0.21256573818468824,2.0,10.0,3.0,8.0,8.0,0.009216589861751154,1.0,0.9907834101382489,False,False
Charli D'Amelio,Mark Ballas,Social Media Personality,Connecticut,United States,18,1st Place,1,45.0,11.25,1.0,8,31,8,9,multi_elimination,False,0.14331210191082802,0.12499807633078659,6.0,0.2683101782416146,7.0,7.0,4.0,-5.0,5.0,0.0,1.0,1.0,False,False
Wayne Brady,Witney Carson,Comedian,Georgia,United States,50,3rd Place,3,45.0,11.25,1.0,8,31,8,9,multi_elimination,False,0.14331210191082802,0.12499807633078659,6.0,0.2683101782416146,7.0,7.0,4.0,-5.0,5.0,0.0,1.0,1.0,False,False
Shangela,Gleb Savchenko,TV Personality,Texas,United States,40,4th Place,4,42.0,10.5,3.0,8,31,8,9,multi_elimination,False,0.1337579617834395,0.12500266909735727,3.0,0.25876063088079676,6.0,6.0,6.0,0.0,0.0,0.0,1.0,1.0,False,False
Gabby Windey,Valentin Chmerkovskiy,TV Personality,Illinois,United States,31,2nd Place,2,40.0,10.0,4.0,8,31,8,9,multi_elimination,False,0.12738853503184713,0.12499868501116136,5.0,0.2523872200430085,5.0,9.0,3.0,-1.0,1.0,0.0,1.0,1.0,False,False
Daniel Durant,Britt Stewart,Actor/Actress,Michigan,United States,32,Eliminated Week 9,5,39.0,9.75,5.0,8,31,8,9,multi_elimination,False,0.12420382165605096,0.1250051882290472,1.0,0.24920900988509814,3.0,6.0,6.0,4.0,4.0,0.0,1.0,1.0,False,False
Trevor Donovan,Emma Slater,Actor/Actress,California,United States,39,Eliminated Week 9,6,39.0,9.75,5.0,8,31,8,9,multi_elimination,False,0.12420382165605096,0.1250051882290472,1.0,0.24920900988509814,3.0,6.0,6.0,4.0,4.0,0.0,1.0,1.0,False,False
Heidi D'Amelio,Artem Chigvintsev,Social Media Personality,Louisiana,United States,50,Eliminated Week 8,8,35.0,8.75,7.0,8,31,8,9,multi_elimination,True,0.11146496815286625,0.12500116962349553,4.0,0.23646613777636177,2.0,11.0,2.0,3.0,3.0,0.0,0.1610555050045496,0.1610555050045496,True,True
Vinny Guadagnino,Koko Iwasaki,TV Personality,New York,United States,34,Eliminated Week 8,7,29.0,7.25,8.0,8,31,8,9,multi_elimination,True,0.09235668789808917,0.12499094538581262,8.0,0.21734763328390178,1.0,16.0,1.0,0.0,0.0,0.0,0.1774340309372157,0.1774340309372157,True,True
Charli D'Amelio,Mark Ballas,Social Media Personality,Connecticut,United States,18,1st Place,1,40.0,10.0,1.0,6,31,9,10,multi_elimination,False,0.18181818181818182,0.16666052657693547,4.0,0.3484787083951173,5.0,5.0,3.0,-3.0,3.0,0.0,1.0,1.0,False,False
Gabby Windey,Valentin Chmerkovskiy,TV Personality,Illinois,United States,31,2nd Place,2,40.0,10.0,1.0,6,31,9,10,multi_elimination,False,0.18181818181818182,0.16666052657693547,4.0,0.3484787083951173,5.0,5.0,3.0,-3.0,3.0,0.0,1.0,1.0,False,False
Shangela,Gleb Savchenko,TV Personality,Texas,United States,40,4th Place,4,36.5,9.125,3.0,6,31,9,10,multi_elimination,False,0.16590909090909092,0.16667763987076178,1.0,0.3325867307798527,3.0,4.0,5.0,2.0,2.0,0.0,1.0,1.0,False,False
Wayne Brady,Witney Carson,Comedian,Georgia,United States,50,3rd Place,3,36.5,9.125,3.0,6,31,9,10,multi_elimination,False,0.16590909090909092,0.16667763987076178,1.0,0.3325867307798527,3.0,4.0,5.0,2.0,2.0,0.0,1.0,1.0,False,False
Daniel Durant,Britt Stewart,Actor/Actress,Michigan,United States,32,Eliminated Week 9,5,34.5,8.625,5.0,6,31,9,10,multi_elimination,True,0.15681818181818183,0.16665154708864485,6.0,0.3234697289068267,2.0,11.0,1.0,-1.0,1.0,0.0,0.21363636363636357,0.21363636363636357,True,True
Trevor Donovan,Emma Slater,Actor/Actress,California,United States,39,Eliminated Week 9,6,32.5,8.125,6.0,6,31,9,10,multi_elimination,True,0.14772727272727273,0.1666721189374652,3.0,0.31439939166473796,1.0,9.0,2.0,3.0,3.0,0.0,0.2209090909090909,0.2209090909090909,True,True
Charity Lawson,Artem Chigvintsev,TV Personality,Georgia,United States,27,4th Place,4,22.0,7.333333333333333,1.0,14,32,1,2,single_elimination,False,0.09523809523809523,0.07142729171834372,10.0,0.16666538695643895,14.0,11.0,11.0,-9.0,9.0,0.0,1.0,1.0,False,False
Ariana Madix,Pasha Pashkov,TV Personality,Florida,United States,38,3rd Place,3,21.0,7.0,2.0,14,32,1,2,single_elimination,False,0.09090909090909091,0.07142938944387035,6.0,0.16233848035296128,12.0,8.0,13.0,-4.0,4.0,0.0,1.0,1.0,False,False
Jason Mraz,Daniella Karagach,Singer/Rapper,Virginia,United States,46,2nd Place,2,21.0,7.0,2.0,14,32,1,2,single_elimination,False,0.09090909090909091,0.07142938944387035,6.0,0.16233848035296128,12.0,8.0,13.0,-4.0,4.0,0.0,1.0,1.0,False,False
Lele Pons,Brandon Armstrong,Social Media Personality,,Venezuela,27,Eliminated Week 7,8,19.0,6.333333333333333,4.0,14,32,1,2,single_elimination,False,0.08225108225108226,0.07142632853392884,11.0,0.1536774107850111,11.0,15.0,4.0,-7.0,7.0,0.0,1.0,1.0,False,False
Adrian Peterson,Britt Stewart,Athlete,Texas,United States,38,Eliminated Week 4,11,18.0,6.0,5.0,14,32,1,2,single_elimination,False,0.07792207792207792,0.0714274265491339,8.0,0.1493495044712118,9.0,13.0,6.0,-3.0,3.0,0.0,1.0,1.0,False,False
Xochitl Gomez,Valentin Chmerkovskiy,Actor/Actress,California,United States,17,1st Place,1,18.0,6.0,5.0,14,32,1,2,single_elimination,False,0.07792207792207792,0.0714274265491339,8.0,0.1493495044712118,9.0,13.0,6.0,-3.0,3.0,0.0,1.0,1.0,False,False
Mira Sorvino,Gleb Savchenko,Actor/Actress,New York,United States,55,Eliminated Week 5,10,17.0,5.666666666666667,7.0,14,32,1,2,single_elimination,False,0.0735930735930736,0.0714236628092234,12.0,0.145016736402297,8.0,19.0,3.0,-5.0,5.0,0.0,1.0,1.0,False,False
Barry Williams,Peta Murgatroyd,Actor/Actress,California,United States,68,Eliminated Week 8,7,16.0,5.333333333333333,8.0,14,32,1,2,single_elimination,False,0.06926406926406926,0.07143504315973116,2.0,0.14069911242380043,7.0,10.0,12.0,6.0,6.0,0.0,1.0,1.0,False,False
Jamie Lynn Spears,Alan Bersten,Actor/Actress,Mississippi,United States,32,Eliminated Week 2,13,15.0,5.0,9.0,14,32,1,2,single_elimination,False,0.06493506493506493,0.07143061156569079,4.0,0.1363656765007557,5.0,13.0,6.0,5.0,5.0,0.0,1.0,1.0,False,False
Mauricio Umansky,Emma Slater,TV Personality,,Mexico,53,Eliminated Week 6,9,15.0,5.0,9.0,14,32,1,2,single_elimination,False,0.06493506493506493,0.07143061156569079,4.0,0.1363656765007557,5.0,13.0,6.0,5.0,5.0,0.0,1.0,1.0,False,False
Alyson Hannigan,Sasha Farber,Actor/Actress,Washington D.C.,United States,49,5th Place,5,13.0,4.333333333333333,11.0,14,32,1,2,single_elimination,False,0.05627705627705628,0.07142153271361346,14.0,0.12769858899066974,4.0,25.0,1.0,-3.0,3.0,0.0,1.0,1.0,False,True
Harry Jowsey,Rylee Arnold,TV Personality,,Australia,26,Eliminated Week 9,6,12.0,4.0,12.0,14,32,1,2,single_elimination,False,0.05194805194805195,0.07143657510462215,1.0,0.1233846270526741,3.0,13.0,6.0,11.0,11.0,0.0,1.0,1.0,False,False
Matt Walsh,Koko Iwasaki,Comedian,Illinois,United States,58,Eliminated Week 1,14,12.0,4.0,12.0,14,32,1,2,single_elimination,True,0.05194805194805195,0.07142237556610945,13.0,0.1233704275141614,1.0,25.0,1.0,-1.0,1.0,0.0,0.09090909090909088,0.09090909090909088,True,False
Tyson Beckford,Jenna Johnson,Model,New York,United States,52,Eliminated Week 3,12,12.0,4.0,12.0,14,32,1,2,single_elimination,False,0.05194805194805195,0.07143233427893818,3.0,0.12338038622699013,2.0,15.0,4.0,9.0,9.0,0.0,1.0,1.0,False,False
Jason Mraz,Daniella Karagach,Singer/Rapper,Virginia,United States,46,2nd Place,2,24.0,8.0,1.0,13,32,2,3,single_elimination,False,0.10084033613445378,0.07684868821428953,10.0,0.1776890243487433,12.0,11.0,7.0,-9.0,9.0,0.0,0.9705882352941178,0.9705882352941178,False,False
Xochitl Gomez,Valentin Chmerkovskiy,Actor/Actress,California,United States,17,1st Place,1,24.0,8.0,1.0,13,32,2,3,single_elimination,False,0.10084033613445378,0.07684868821428953,10.0,0.1776890243487433,12.0,11.0,7.0,-9.0,9.0,0.0,0.9705882352941178,0.9705882352941178,False,False
Charity Lawson,Artem Chigvintsev,TV Personality,Georgia,United States,27,4th Place,4,21.0,7.0,3.0,13,32,2,3,single_elimination,False,0.08823529411764706,0.07685291823217587,5.0,0.16508821234982293,10.0,8.0,11.0,-2.0,2.0,0.0,0.9705882352941178,0.9705882352941178,False,False
Lele Pons,Brandon Armstrong,Social Media Personality,,Venezuela,27,Eliminated Week 7,8,21.0,7.0,3.0,13,32,2,3,single_elimination,False,0.08823529411764706,0.07685291823217587,5.0,0.16508821234982293,10.0,8.0,11.0,-2.0,2.0,0.0,0.9705882352941178,0.9705882352941178,False,False
Ariana Madix,Pasha Pashkov,TV Personality,Florida,United States,38,3rd Place,3,20.0,6.666666666666667,5.0,13,32,2,3,single_elimination,False,0.08403361344537816,0.07684861011850651,12.0,0.16088222356388465,9.0,17.0,2.0,-7.0,7.0,0.0,0.9705882352941178,0.9705882352941178,False,False
Alyson Hannigan,Sasha Farber,Actor/Actress,Washington D.C.,United States,49,5th Place,5,19.0,6.333333333333333,6.0,13,32,2,3,single_elimination,False,0.07983193277310924,0.07685845705187269,2.0,0.15669038982498193,8.0,8.0,11.0,4.0,4.0,0.0,0.9705882352941178,0.9705882352941178,False,False
Mira Sorvino,Gleb Savchenko,Actor/Actress,New York,United States,55,Eliminated Week 5,10,18.0,6.0,7.0,13,32,2,3,single_elimination,False,0.07563025210084033,0.07685391861678513,3.0,0.15248417071762546,6.0,10.0,9.0,4.0,4.0,0.0,0.9705882352941178,0.9705882352941178,False,False
Tyson Beckford,Jenna Johnson,Model,New York,United States,52,Eliminated Week 3,12,18.0,6.0,7.0,13,32,2,3,single_elimination,False,0.07563025210084033,0.07685391861678513,3.0,0.15248417071762546,6.0,10.0,9.0,4.0,4.0,0.0,0.9705882352941178,0.9705882352941178,False,False
Jamie Lynn Spears,Alan Bersten,Actor/Actress,Mississippi,United States,32,Eliminated Week 2,13,16.0,5.333333333333333,9.0,13,32,2,3,single_elimination,True,0.06722689075630252,0.06890829829863651,13.0,0.13613518905493904,1.0,22.0,1.0,-4.0,4.0,0.0,0.08661926308985131,0.08661926308985131,True,True
Adrian Peterson,Britt Stewart,Athlete,Texas,United States,38,Eliminated Week 4,11,15.0,5.0,10.0,13,32,2,3,single_elimination,False,0.06302521008403361,0.07685285356983625,7.0,0.13987806365386984,3.0,17.0,2.0,3.0,3.0,0.0042016806722689065,0.9747899159663866,0.9705882352941178,False,False
Barry Williams,Peta Murgatroyd,Actor/Actress,California,United States,68,Eliminated Week 8,7,15.0,5.0,10.0,13,32,2,3,single_elimination,False,0.06302521008403361,0.07685285356983625,7.0,0.13987806365386984,3.0,17.0,2.0,3.0,3.0,0.0042016806722689065,0.9747899159663866,0.9705882352941178,False,False
Harry Jowsey,Rylee Arnold,TV Personality,,Australia,26,Eliminated Week 9,6,15.0,5.0,10.0,13,32,2,3,single_elimination,False,0.06302521008403361,0.07685285356983625,7.0,0.13987806365386984,3.0,17.0,2.0,3.0,3.0,0.0042016806722689065,0.9747899159663866,0.9705882352941178,False,False
Mauricio Umansky,Emma Slater,TV Personality,,Mexico,53,Eliminated Week 6,9,12.0,4.0,13.0,13,32,2,3,single_elimination,False,0.05042016806722689,0.08571502314647625,1.0,0.13613519121370316,2.0,14.0,6.0,12.0,12.0,0.016806722689075626,0.9873949579831933,0.9705882352941178,False,False
Ariana Madix,Pasha Pashkov,TV Personality,Florida,United States,38,3rd Place,3,34.0,8.5,1.0,12,32,3,4,single_elimination,False,0.10526315789473684,0.08332919845417909,9.0,0.1885923563489159,11.0,10.0,6.0,-8.0,8.0,0.0,1.0,1.0,False,False
Jason Mraz,Daniella Karagach,Singer/Rapper,Virginia,United States,46,2nd Place,2,34.0,8.5,1.0,12,32,3,4,single_elimination,False,0.10526315789473684,0.08332919845417909,9.0,0.1885923563489159,11.0,10.0,6.0,-8.0,8.0,0.0,1.0,1.0,False,False
Charity Lawson,Artem Chigvintsev,TV Personality,Georgia,United States,27,4th Place,4,32.0,8.0,3.0,12,32,3,4,single_elimination,False,0.09907120743034056,0.08333580102016949,4.0,0.18240700845051006,9.0,7.0,10.0,-1.0,1.0,0.0,1.0,1.0,False,False
Xochitl Gomez,Valentin Chmerkovskiy,Actor/Actress,California,United States,17,1st Place,1,32.0,8.0,3.0,12,32,3,4,single_elimination,False,0.09907120743034056,0.08333580102016949,4.0,0.18240700845051006,9.0,7.0,10.0,-1.0,1.0,0.0,1.0,1.0,False,False
Lele Pons,Brandon Armstrong,Social Media Personality,,Venezuela,27,Eliminated Week 7,8,27.0,6.75,5.0,12,32,3,4,single_elimination,False,0.08359133126934984,0.08334211877106029,1.0,0.16693345004041013,8.0,6.0,12.0,4.0,4.0,0.0,1.0,1.0,False,False
Mira Sorvino,Gleb Savchenko,Actor/Actress,New York,United States,55,Eliminated Week 5,10,26.0,6.5,6.0,12,32,3,4,single_elimination,False,0.0804953560371517,0.08333515372364748,6.0,0.1638305097607992,7.0,12.0,5.0,0.0,0.0,0.0,1.0,1.0,False,False
Barry Williams,Peta Murgatroyd,Actor/Actress,California,United States,68,Eliminated Week 8,7,25.0,6.25,7.0,12,32,3,4,single_elimination,False,0.07739938080495357,0.0833235339544231,11.0,0.16072291475937667,6.0,18.0,3.0,-4.0,4.0,0.0,1.0,1.0,False,False
Alyson Hannigan,Sasha Farber,Actor/Actress,Washington D.C.,United States,49,5th Place,5,24.0,6.0,8.0,12,32,3,4,single_elimination,False,0.07430340557275542,0.0833392638228722,2.0,0.1576426693956276,4.0,10.0,6.0,6.0,6.0,0.0,1.0,1.0,False,False
Harry Jowsey,Rylee Arnold,TV Personality,,Australia,26,Eliminated Week 9,6,24.0,6.0,8.0,12,32,3,4,single_elimination,False,0.07430340557275542,0.0833392638228722,2.0,0.1576426693956276,4.0,10.0,6.0,6.0,6.0,0.0,1.0,1.0,False,False
Mauricio Umansky,Emma Slater,TV Personality,,Mexico,53,Eliminated Week 6,9,23.0,5.75,10.0,12,32,3,4,single_elimination,False,0.07120743034055728,0.08332329989030854,12.0,0.15453073023086583,3.0,22.0,1.0,-2.0,2.0,0.0,1.0,1.0,False,True
Adrian Peterson,Britt Stewart,Athlete,Texas,United States,38,Eliminated Week 4,11,22.0,5.5,11.0,12,32,3,4,single_elimination,False,0.06811145510835913,0.08333438496340385,7.0,0.15144584007176298,2.0,18.0,3.0,4.0,4.0,0.0,1.0,1.0,False,False
Tyson Beckford,Jenna Johnson,Model,New York,United States,52,Eliminated Week 3,12,20.0,5.0,12.0,12,32,3,4,single_elimination,True,0.06191950464396285,0.08333298054985755,8.0,0.1452524851938204,1.0,20.0,2.0,4.0,4.0,0.0,0.10474716202270383,0.10474716202270383,True,False
Xochitl Gomez,Valentin Chmerkovskiy,Actor/Actress,California,United States,17,1st Place,1,27.0,9.0,1.0,11,32,4,5,single_elimination,False,0.1125,0.0908582118387428,5.0,0.2033582118387428,11.0,6.0,11.0,-4.0,4.0,0.0,0.9666666666666668,0.9666666666666668,False,False
Ariana Madix,Pasha Pashkov,TV Personality,Florida,United States,38,3rd Place,3,25.0,8.333333333333334,2.0,11,32,4,5,single_elimination,False,0.10416666666666667,0.09085024597891332,10.0,0.19501691264558,10.0,12.0,2.0,-8.0,8.0,0.0,0.9666666666666668,0.9666666666666668,False,False
Charity Lawson,Artem Chigvintsev,TV Personality,Georgia,United States,27,4th Place,4,24.0,8.0,3.0,11,32,4,5,single_elimination,False,0.1,0.09085381033091851,8.0,0.19085381033091853,8.0,11.0,7.0,-5.0,5.0,0.0,0.9666666666666668,0.9666666666666668,False,False
Jason Mraz,Daniella Karagach,Singer/Rapper,Virginia,United States,46,2nd Place,2,24.0,8.0,3.0,11,32,4,5,single_elimination,False,0.1,0.09085381033091851,8.0,0.19085381033091853,8.0,11.0,7.0,-5.0,5.0,0.0,0.9666666666666668,0.9666666666666668,False,False
Lele Pons,Brandon Armstrong,Social Media Personality,,Venezuela,27,Eliminated Week 7,8,22.0,7.333333333333333,5.0,11,32,4,5,single_elimination,False,0.09166666666666666,0.09086165143224818,4.0,0.18252831809891484,7.0,9.0,10.0,1.0,1.0,0.0,0.9666666666666668,0.9666666666666668,False,False
Adrian Peterson,Britt Stewart,Athlete,Texas,United States,38,Eliminated Week 4,11,21.0,7.0,6.0,11,32,4,5,single_elimination,True,0.0875,0.08266787680129994,11.0,0.17016787680129994,1.0,17.0,1.0,-5.0,5.0,0.0,0.09431818181818181,0.09431818181818181,True,True
Harry Jowsey,Rylee Arnold,TV Personality,,Australia,26,Eliminated Week 9,6,21.0,7.0,6.0,11,32,4,5,single_elimination,False,0.0875,0.09085813879030365,6.0,0.17835813879030366,5.0,12.0,2.0,0.0,0.0,0.0,0.9666666666666668,0.9666666666666668,False,False
Mira Sorvino,Gleb Savchenko,Actor/Actress,New York,United States,55,Eliminated Week 5,10,21.0,7.0,6.0,11,32,4,5,single_elimination,False,0.0875,0.09085813879030365,6.0,0.17835813879030366,5.0,12.0,2.0,0.0,0.0,0.0,0.9666666666666668,0.9666666666666668,False,False
Mauricio Umansky,Emma Slater,TV Personality,,Mexico,53,Eliminated Week 6,9,19.0,6.333333333333333,9.0,11,32,4,5,single_elimination,False,0.07916666666666666,0.09100232576124188,3.0,0.17016899242790856,4.0,12.0,2.0,6.0,6.0,0.008333333333333331,0.9750000000000001,0.9666666666666668,False,False
Alyson Hannigan,Sasha Farber,Actor/Actress,Washington D.C.,United States,49,5th Place,5,18.0,6.0,10.0,11,32,4,5,single_elimination,False,0.075,0.09516789424495875,1.0,0.17016789424495876,3.0,11.0,7.0,9.0,9.0,0.012499999999999997,0.9791666666666667,0.9666666666666668,False,False
Barry Williams,Peta Murgatroyd,Actor/Actress,California,United States,68,Eliminated Week 8,7,18.0,6.0,10.0,11,32,4,5,single_elimination,False,0.075,0.09516789423407832,2.0,0.1701678942340783,2.0,12.0,2.0,8.0,8.0,0.012499999999999997,0.9791666666666667,0.9666666666666668,False,False
Charity Lawson,Artem Chigvintsev,TV Personality,Georgia,United States,27,4th Place,4,28.0,9.333333333333334,1.0,10,32,5,6,single_elimination,False,0.11666666666666667,0.09993408723226538,2.0,0.21660075389893205,9.0,3.0,9.0,-1.0,1.0,0.0,0.9791666666666667,0.9791666666666667,False,False
Xochitl Gomez,Valentin Chmerkovskiy,Actor/Actress,California,United States,17,1st Place,1,28.0,9.333333333333334,1.0,10,32,5,6,single_elimination,False,0.11666666666666667,0.09993408723226538,2.0,0.21660075389893205,9.0,3.0,9.0,-1.0,1.0,0.0,0.9791666666666667,0.9791666666666667,False,False
Jason Mraz,Daniella Karagach,Singer/Rapper,Virginia,United States,46,2nd Place,2,27.0,9.0,3.0,10,32,5,6,single_elimination,False,0.1125,0.09993266373944162,4.0,0.21243266373944164,8.0,7.0,8.0,-1.0,1.0,0.0,0.9791666666666667,0.9791666666666667,False,False
Ariana Madix,Pasha Pashkov,TV Personality,Florida,United States,38,3rd Place,3,24.0,8.0,4.0,10,32,5,6,single_elimination,False,0.1,0.09993010128466238,5.0,0.19993010128466238,4.0,9.0,4.0,-1.0,1.0,0.0,0.9791666666666667,0.9791666666666667,False,False
Barry Williams,Peta Murgatroyd,Actor/Actress,California,United States,68,Eliminated Week 8,7,24.0,8.0,4.0,10,32,5,6,single_elimination,False,0.1,0.09993010128466238,5.0,0.19993010128466238,4.0,9.0,4.0,-1.0,1.0,0.0,0.9791666666666667,0.9791666666666667,False,False
Lele Pons,Brandon Armstrong,Social Media Personality,,Venezuela,27,Eliminated Week 7,8,24.0,8.0,4.0,10,32,5,6,single_elimination,False,0.1,0.09993010128466238,5.0,0.19993010128466238,4.0,9.0,4.0,-1.0,1.0,0.0,0.9791666666666667,0.9791666666666667,False,False
Mauricio Umansky,Emma Slater,TV Personality,,Mexico,53,Eliminated Week 6,9,24.0,8.0,4.0,10,32,5,6,single_elimination,False,0.1,0.09993010128466238,5.0,0.19993010128466238,4.0,9.0,4.0,-1.0,1.0,0.0,0.9791666666666667,0.9791666666666667,False,False
Mira Sorvino,Gleb Savchenko,Actor/Actress,New York,United States,55,Eliminated Week 5,10,22.0,7.333333333333333,8.0,10,32,5,6,single_elimination,True,0.09166666666666666,0.0919450635296522,10.0,0.18361173019631888,1.0,18.0,1.0,-2.0,2.0,0.0,0.10833333333333331,0.10833333333333331,True,True
Alyson Hannigan,Sasha Farber,Actor/Actress,Washington D.C.,United States,49,5th Place,5,21.0,7.0,9.0,10,32,5,6,single_elimination,False,0.0875,0.09992196053415321,9.0,0.18742196053415322,3.0,18.0,1.0,0.0,0.0,0.004166666666666666,0.9833333333333334,0.9791666666666667,False,False
Harry Jowsey,Rylee Arnold,TV Personality,,Australia,26,Eliminated Week 9,6,18.0,6.0,10.0,10,32,5,6,single_elimination,False,0.075,0.10861173220081143,1.0,0.18361173220081142,2.0,11.0,3.0,9.0,9.0,0.016666666666666663,0.9958333333333333,0.9791666666666667,False,False
Xochitl Gomez,Valentin Chmerkovskiy,Actor/Actress,California,United States,17,1st Place,1,42.0,10.5,1.0,9,32,6,7,single_elimination,False,0.13043478260869565,0.11108068230808682,3.0,0.24151546491678247,9.0,4.0,9.0,-2.0,2.0,0.0,0.9782608695652173,0.9782608695652173,False,False
Ariana Madix,Pasha Pashkov,TV Personality,Florida,United States,38,3rd Place,3,41.0,10.25,2.0,9,32,6,7,single_elimination,False,0.12732919254658384,0.11106862751908853,6.0,0.23839782006567237,8.0,8.0,7.0,-4.0,4.0,0.0,0.9782608695652173,0.9782608695652173,False,False
Jason Mraz,Daniella Karagach,Singer/Rapper,Virginia,United States,46,2nd Place,2,39.0,9.75,3.0,9,32,6,7,single_elimination,False,0.12111801242236025,0.11107338366559143,5.0,0.2321913960879517,7.0,8.0,7.0,-2.0,2.0,0.0,0.9782608695652173,0.9782608695652173,False,False
Charity Lawson,Artem Chigvintsev,TV Personality,Georgia,United States,27,4th Place,4,38.0,9.5,4.0,9,32,6,7,single_elimination,False,0.11801242236024845,0.11106731060065625,7.0,0.2290797329609047,6.0,11.0,3.0,-3.0,3.0,0.0,0.9782608695652173,0.9782608695652173,False,False
Lele Pons,Brandon Armstrong,Social Media Personality,,Venezuela,27,Eliminated Week 7,8,37.0,9.25,5.0,9,32,6,7,single_elimination,False,0.11490683229813664,0.11106382650471865,8.0,0.22597065880285527,5.0,13.0,2.0,-3.0,3.0,0.0,0.9782608695652173,0.9782608695652173,False,False
Mauricio Umansky,Emma Slater,TV Personality,,Mexico,53,Eliminated Week 6,9,33.0,8.25,6.0,9,32,6,7,single_elimination,True,0.10248447204968944,0.10497871163389792,9.0,0.20746318368358735,1.0,15.0,1.0,-3.0,3.0,0.0,0.11973775017253277,0.11973775017253277,True,True
Barry Williams,Peta Murgatroyd,Actor/Actress,California,United States,68,Eliminated Week 8,7,32.0,8.0,7.0,9,32,6,7,single_elimination,False,0.09937888198757763,0.11107564785243715,4.0,0.21045452984001478,4.0,11.0,3.0,3.0,3.0,0.003105590062111807,0.9813664596273292,0.9782608695652173,False,False
Alyson Hannigan,Sasha Farber,Actor/Actress,Washington D.C.,United States,49,5th Place,5,31.0,7.75,8.0,9,32,6,7,single_elimination,False,0.09627329192546584,0.1111907316237537,2.0,0.20746402354921956,3.0,10.0,5.0,6.0,6.0,0.0062111801242236,0.984472049689441,0.9782608695652174,False,False
Harry Jowsey,Rylee Arnold,TV Personality,,Australia,26,Eliminated Week 9,6,29.0,7.25,9.0,9,32,6,7,single_elimination,False,0.09006211180124224,0.11740107759008339,1.0,0.20746318939132563,2.0,10.0,5.0,8.0,8.0,0.0124223602484472,0.9906832298136646,0.9782608695652174,False,False
Ariana Madix,Pasha Pashkov,TV Personality,Florida,United States,38,3rd Place,3,37.0,9.25,1.0,8,32,7,8,single_elimination,False,0.13120567375886524,0.12491462523090568,4.0,0.25612029898977096,7.0,5.0,7.0,-3.0,3.0,0.0,0.9609929078014184,0.9609929078014184,False,False
Xochitl Gomez,Valentin Chmerkovskiy,Actor/Actress,California,United States,17,1st Place,1,37.0,9.25,1.0,8,32,7,8,single_elimination,False,0.13120567375886524,0.12491462523090568,4.0,0.25612029898977096,7.0,5.0,7.0,-3.0,3.0,0.0,0.9609929078014184,0.9609929078014184,False,False
Lele Pons,Brandon Armstrong,Social Media Personality,,Venezuela,27,Eliminated Week 7,8,36.5,9.125,3.0,8,32,7,8,single_elimination,True,0.12943262411347517,0.1150882652285427,8.0,0.24452088934201788,1.0,11.0,1.0,-5.0,5.0,0.0,0.12056737588652482,0.12056737588652482,True,True
Charity Lawson,Artem Chigvintsev,TV Personality,Georgia,United States,27,4th Place,4,36.0,9.0,4.0,8,32,7,8,single_elimination,False,0.1276595744680851,0.12491394044809381,6.0,0.2525735149161789,5.0,10.0,2.0,-2.0,2.0,0.0017730496453900735,0.9627659574468085,0.9609929078014184,False,False
Jason Mraz,Daniella Karagach,Singer/Rapper,Virginia,United States,46,2nd Place,2,36.0,9.0,4.0,8,32,7,8,single_elimination,False,0.1276595744680851,0.12491394044809381,6.0,0.2525735149161789,5.0,10.0,2.0,-2.0,2.0,0.0017730496453900735,0.9627659574468085,0.9609929078014184,False,False
Alyson Hannigan,Sasha Farber,Actor/Actress,Washington D.C.,United States,49,5th Place,5,35.0,8.75,6.0,8,32,7,8,single_elimination,False,0.12411347517730496,0.12493618754222927,3.0,0.24904966271953421,4.0,9.0,4.0,3.0,3.0,0.0053191489361702066,0.9663120567375887,0.9609929078014184,False,False
Barry Williams,Peta Murgatroyd,Actor/Actress,California,United States,68,Eliminated Week 8,7,32.5,8.125,7.0,8,32,7,8,single_elimination,False,0.11524822695035461,0.12927268214855034,2.0,0.24452090909890495,2.0,9.0,4.0,5.0,5.0,0.01418439716312056,0.975177304964539,0.9609929078014184,False,False
Harry Jowsey,Rylee Arnold,TV Personality,,Australia,26,Eliminated Week 9,6,32.0,8.0,8.0,8,32,7,8,single_elimination,False,0.11347517730496454,0.1310457319960507,1.0,0.24452090930101525,3.0,9.0,4.0,7.0,7.0,0.015957446808510634,0.9769503546099291,0.9609929078014184,False,False
Ariana Madix,Pasha Pashkov,TV Personality,Florida,United States,38,3rd Place,3,42.0,10.5,1.0,7,32,8,9,single_elimination,False,0.16600790513833993,0.14265673142379073,6.0,0.30866463656213067,7.0,7.0,5.0,-5.0,5.0,0.0,0.9644268774703557,0.9644268774703557,False,False
Xochitl Gomez,Valentin Chmerkovskiy,Actor/Actress,California,United States,17,1st Place,1,40.0,10.0,2.0,7,32,8,9,single_elimination,False,0.15810276679841898,0.1426841297446134,2.0,0.30078689654303237,6.0,4.0,7.0,0.0,0.0,0.0,0.9644268774703557,0.9644268774703557,False,False
Charity Lawson,Artem Chigvintsev,TV Personality,Georgia,United States,27,4th Place,4,39.0,9.75,3.0,7,32,8,9,single_elimination,False,0.1541501976284585,0.14267571492000947,3.0,0.29682591254846796,5.0,6.0,6.0,0.0,0.0,0.0,0.9644268774703557,0.9644268774703557,False,False
Alyson Hannigan,Sasha Farber,Actor/Actress,Washington D.C.,United States,49,5th Place,5,36.0,9.0,4.0,7,32,8,9,single_elimination,False,0.1422924901185771,0.14267034907048606,4.0,0.2849628391890632,4.0,8.0,3.0,0.0,0.0,0.0,0.9644268774703557,0.9644268774703557,False,False
Barry Williams,Peta Murgatroyd,Actor/Actress,California,United States,68,Eliminated Week 8,7,35.0,8.75,5.0,7,32,8,9,single_elimination,True,0.1383399209486166,0.12949018855083708,7.0,0.2678301094994537,1.0,12.0,1.0,-2.0,2.0,0.0,0.14737436476566912,0.14737436476566912,True,True
Jason Mraz,Daniella Karagach,Singer/Rapper,Virginia,United States,46,2nd Place,2,33.0,8.25,6.0,7,32,8,9,single_elimination,False,0.13043478260869565,0.14266470244034776,5.0,0.2730994850490434,3.0,11.0,2.0,1.0,1.0,0.007905138339920958,0.9723320158102766,0.9644268774703557,False,False
Harry Jowsey,Rylee Arnold,TV Personality,,Australia,26,Eliminated Week 9,6,28.0,7.0,7.0,7,32,8,9,single_elimination,False,0.11067193675889328,0.15715818210121626,1.0,0.26783011886010955,2.0,8.0,3.0,6.0,6.0,0.027667984189723327,0.9920948616600791,0.9644268774703557,False,False
Jason Mraz,Daniella Karagach,Singer/Rapper,Virginia,United States,46,2nd Place,2,43.0,10.75,1.0,6,32,9,10,single_elimination,False,0.19457013574660634,0.16666563691146888,4.0,0.3612357726580752,6.0,5.0,5.0,-3.0,3.0,0.0,1.0,1.0,False,False
Xochitl Gomez,Valentin Chmerkovskiy,Actor/Actress,California,United States,17,1st Place,1,41.0,10.25,2.0,6,32,9,10,single_elimination,False,0.18552036199095023,0.16666908697019228,3.0,0.3521894489611425,5.0,5.0,5.0,-1.0,1.0,0.0,1.0,1.0,False,False
Charity Lawson,Artem Chigvintsev,TV Personality,Georgia,United States,27,4th Place,4,38.0,9.5,3.0,6,32,9,10,single_elimination,False,0.17194570135746606,0.16665836785451357,6.0,0.3386040692119796,4.0,9.0,2.0,-3.0,3.0,0.0,1.0,1.0,False,False
Ariana Madix,Pasha Pashkov,TV Personality,Florida,United States,38,3rd Place,3,37.0,9.25,4.0,6,32,9,10,single_elimination,False,0.167420814479638,0.16667118050770655,2.0,0.33409199498734454,3.0,6.0,4.0,2.0,2.0,0.0,1.0,1.0,False,False
Alyson Hannigan,Sasha Farber,Actor/Actress,Washington D.C.,United States,49,5th Place,5,32.0,8.0,5.0,6,32,9,10,single_elimination,False,0.14479638009049775,0.16666383818215216,5.0,0.3114602182726499,2.0,10.0,1.0,0.0,0.0,0.0,1.0,1.0,False,True
Harry Jowsey,Rylee Arnold,TV Personality,,Australia,26,Eliminated Week 9,6,30.0,7.5,6.0,6,32,9,10,single_elimination,True,0.13574660633484162,0.1666718884670514,1.0,0.302418494801893,1.0,7.0,3.0,5.0,5.0,0.0,0.1975867269984917,0.1975867269984917,True,False
Chandler Kinney,Brandon Armstrong,Actor/Actress,California,United States,24,3rd Place,3,24.0,8.0,1.0,13,33,2,3,multi_elimination,False,0.09302325581395349,0.07683865004304097,4.0,0.16986190585699446,13.0,5.0,13.0,-3.0,3.0,0.0,0.9689922480620154,0.9689922480620154,False,False
Dwight Howard ,Daniella Karagach,Athlete,Georgia,United States,38,Eliminated Week 7,6,22.0,7.333333333333333,2.0,13,33,2,3,multi_elimination,False,0.08527131782945736,0.07683657177931322,6.0,0.1621078896087706,10.0,8.0,10.0,-4.0,4.0,0.0,0.9689922480620154,0.9689922480620154,False,False
Joey Graziadei,Jenna Johnson,TV Personality,Louisiana,United States,29,1st Place,1,22.0,7.333333333333333,2.0,13,33,2,3,multi_elimination,False,0.08527131782945736,0.07683657177931322,6.0,0.1621078896087706,10.0,8.0,10.0,-4.0,4.0,0.0,0.9689922480620154,0.9689922480620154,False,False
Stephen Nedoroscik,Rylee Arnold,Athlete,Florida,United States,26,4th Place,4,22.0,7.333333333333333,2.0,13,33,2,3,multi_elimination,False,0.08527131782945736,0.07683657177931322,6.0,0.1621078896087706,10.0,8.0,10.0,-4.0,4.0,0.0,0.9689922480620154,0.9689922480620154,False,False
Danny Amendola,Witney Carson,Athlete,Texas,United States,39,5th Place,5,21.0,7.0,5.0,13,33,2,3,multi_elimination,False,0.08139534883720931,0.07683498288694302,9.0,0.15823033172415232,7.0,14.0,3.0,-4.0,4.0,0.0,0.9689922480620154,0.9689922480620154,False,False
Ilona Maher,Alan Bersten,Athlete,California,United States,28,2nd Place,2,21.0,7.0,5.0,13,33,2,3,multi_elimination,False,0.08139534883720931,0.07683498288694302,9.0,0.15823033172415232,7.0,14.0,3.0,-4.0,4.0,0.0,0.9689922480620154,0.9689922480620154,False,False
Phaedra Parks,Val Chmerkovskiy,TV Personality,Georgia,United States,51,Eliminated Week 5,8,21.0,7.0,5.0,13,33,2,3,multi_elimination,False,0.08139534883720931,0.07683498288694302,9.0,0.15823033172415232,7.0,14.0,3.0,-4.0,4.0,0.0,0.9689922480620154,0.9689922480620154,False,False
Brooks Nader,Gleb Savchenko,Model,New York,United States,27,Eliminated Week 4,9,20.0,6.666666666666667,8.0,13,33,2,3,multi_elimination,False,0.07751937984496124,0.07684205536007967,3.0,0.15436143520504092,6.0,11.0,9.0,5.0,5.0,0.0,0.9689922480620154,0.9689922480620154,False,False
Jenn Tran,Sasha Farber,TV Personality,Florida,United States,26,Eliminated Week 6,7,19.0,6.333333333333333,9.0,13,33,2,3,multi_elimination,False,0.07364341085271318,0.07683795110937197,5.0,0.15048136196208517,5.0,14.0,3.0,4.0,4.0,0.0,0.9689922480620154,0.9689922480620154,False,False
Tori Spelling,Pasha Pashkov,Actor/Actress,California,United States,51,Eliminated Week 2,12,19.0,6.333333333333333,9.0,13,33,2,3,multi_elimination,True,0.07364341085271318,0.06742675070751378,13.0,0.14107016156022695,2.0,22.0,2.0,-4.0,4.0,0.0,0.08753229974160207,0.08753229974160207,True,True
Anna Delvey,Ezra Sosa,Con artist,,Russia,33,Eliminated Week 2,12,17.0,5.666666666666667,11.0,13,33,2,3,multi_elimination,True,0.06589147286821706,0.07517866734740805,12.0,0.1410701402156251,1.0,23.0,1.0,-1.0,1.0,0.0,0.09463824289405687,0.09463824289405687,True,True
Eric Roberts,Britt Stewart,Actor/Actress,California,United States,68,Eliminated Week 3,10,15.0,5.0,12.0,13,33,2,3,multi_elimination,False,0.05813953488372093,0.08293063046919391,2.0,0.14107016535291483,3.0,14.0,3.0,10.0,10.0,0.015503875968992255,0.9844961240310077,0.9689922480620154,False,False
Reginald VelJohnson,Emma Slater,Actor/Actress,New York,United States,74,Eliminated Week 3,10,15.0,5.0,12.0,13,33,2,3,multi_elimination,False,0.05813953488372093,0.08293063046997913,1.0,0.14107016535370007,4.0,13.0,8.0,11.0,11.0,0.015503875968992255,0.9844961240310077,0.9689922480620154,False,False
Joey Graziadei,Jenna Johnson,TV Personality,Louisiana,United States,29,1st Place,1,35.0,8.75,1.0,11,33,3,4,multi_elimination,False,0.11006289308176101,0.0909114732473483,5.0,0.2009743663291093,11.0,6.0,9.0,-4.0,4.0,0.0,1.0,1.0,False,False
Chandler Kinney,Brandon Armstrong,Actor/Actress,California,United States,24,3rd Place,3,34.5,8.625,2.0,11,33,3,4,multi_elimination,False,0.10849056603773585,0.09090069280610344,11.0,0.1993912588438393,10.0,13.0,6.0,-9.0,9.0,0.0,1.0,1.0,False,False
Jenn Tran,Sasha Farber,TV Personality,Florida,United States,26,Eliminated Week 6,7,31.0,7.75,3.0,11,33,3,4,multi_elimination,False,0.09748427672955975,0.0909145611896226,1.0,0.18839883791918235,8.0,4.0,10.0,2.0,2.0,0.0,1.0,1.0,False,False
Stephen Nedoroscik,Rylee Arnold,Athlete,Florida,United States,26,4th Place,4,31.0,7.75,3.0,11,33,3,4,multi_elimination,False,0.09748427672955975,0.0909145611896226,1.0,0.18839883791918235,8.0,4.0,10.0,2.0,2.0,0.0,1.0,1.0,False,False
Brooks Nader,Gleb Savchenko,Model,New York,United States,27,Eliminated Week 4,9,30.5,7.625,5.0,11,33,3,4,multi_elimination,False,0.0959119496855346,0.09090806486557261,6.0,0.1868200145511072,7.0,11.0,7.0,-1.0,1.0,0.0,1.0,1.0,False,False
Danny Amendola,Witney Carson,Athlete,Texas,United States,39,5th Place,5,30.0,7.5,6.0,11,33,3,4,multi_elimination,False,0.09433962264150944,0.09091234558989165,4.0,0.1852519682314011,6.0,10.0,8.0,2.0,2.0,0.0,1.0,1.0,False,False
Ilona Maher,Alan Bersten,Athlete,California,United States,28,2nd Place,2,28.0,7.0,7.0,11,33,3,4,multi_elimination,False,0.0880503144654088,0.09090781535451438,7.0,0.17895812981992318,4.0,14.0,3.0,0.0,0.0,0.0,1.0,1.0,False,False
Phaedra Parks,Val Chmerkovskiy,TV Personality,Georgia,United States,51,Eliminated Week 5,8,28.0,7.0,7.0,11,33,3,4,multi_elimination,False,0.0880503144654088,0.09090781535451438,7.0,0.17895812981992318,4.0,14.0,3.0,0.0,0.0,0.0,1.0,1.0,False,False
Dwight Howard ,Daniella Karagach,Athlete,Georgia,United States,38,Eliminated Week 7,6,26.0,6.5,9.0,11,33,3,4,multi_elimination,False,0.08176100628930817,0.09090328051903532,10.0,0.1726642868083435,3.0,19.0,1.0,-1.0,1.0,0.0,1.0,1.0,False,True
Eric Roberts,Britt Stewart,Actor/Actress,California,United States,68,Eliminated Week 3,10,23.0,5.75,10.0,11,33,3,4,multi_elimination,True,0.07232704402515723,0.090905024308291,9.0,0.16323206833344822,2.0,19.0,1.0,1.0,1.0,0.0,0.12106918238993711,0.12106918238993711,True,True
Reginald VelJohnson,Emma Slater,Actor/Actress,New York,United States,74,Eliminated Week 3,10,21.0,5.25,11.0,11,33,3,4,multi_elimination,True,0.0660377358490566,0.09091436430446967,3.0,0.15695210015352629,1.0,14.0,3.0,8.0,8.0,0.0,0.1267295597484277,0.1267295597484277,True,False
Danny Amendola,Witney Carson,Athlete,Texas,United States,39,5th Place,5,36.0,9.0,1.0,9,33,4,5,single_elimination,False,0.12244897959183673,0.11108468474834193,6.0,0.23353366434017866,8.0,7.0,4.0,-5.0,5.0,0.0,0.9897959183673469,0.9897959183673469,False,False
Joey Graziadei,Jenna Johnson,TV Personality,Louisiana,United States,29,1st Place,1,36.0,9.0,1.0,9,33,4,5,single_elimination,False,0.12244897959183673,0.11108468474834193,6.0,0.23353366434017866,8.0,7.0,4.0,-5.0,5.0,0.0,0.9897959183673469,0.9897959183673469,False,False
Stephen Nedoroscik,Rylee Arnold,Athlete,Florida,United States,26,4th Place,4,33.0,8.25,3.0,9,33,4,5,single_elimination,False,0.11224489795918367,0.1110795797178311,8.0,0.22332447767701477,7.0,11.0,2.0,-5.0,5.0,0.0,0.9897959183673469,0.9897959183673469,False,False
Brooks Nader,Gleb Savchenko,Model,New York,United States,27,Eliminated Week 4,9,32.0,8.0,4.0,9,33,4,5,single_elimination,True,0.10884353741496598,0.1061025162059923,9.0,0.21494605362095828,1.0,13.0,1.0,-5.0,5.0,0.0,0.11337868480725624,0.11337868480725624,True,True
Chandler Kinney,Brandon Armstrong,Actor/Actress,California,United States,24,3rd Place,3,32.0,8.0,4.0,9,33,4,5,single_elimination,False,0.10884353741496598,0.11108548032804791,2.0,0.21992901774301388,3.0,6.0,6.0,2.0,2.0,0.0,0.9897959183673469,0.9897959183673469,False,False
Ilona Maher,Alan Bersten,Athlete,California,United States,28,2nd Place,2,32.0,8.0,4.0,9,33,4,5,single_elimination,False,0.10884353741496598,0.11108548032804791,2.0,0.21992901774301388,3.0,6.0,6.0,2.0,2.0,0.0,0.9897959183673469,0.9897959183673469,False,False
Jenn Tran,Sasha Farber,TV Personality,Florida,United States,26,Eliminated Week 6,7,32.0,8.0,4.0,9,33,4,5,single_elimination,False,0.10884353741496598,0.11108548032804791,2.0,0.21992901774301388,3.0,6.0,6.0,2.0,2.0,0.0,0.9897959183673469,0.9897959183673469,False,False
Phaedra Parks,Val Chmerkovskiy,TV Personality,Georgia,United States,51,Eliminated Week 5,8,32.0,8.0,4.0,9,33,4,5,single_elimination,False,0.10884353741496598,0.11108548032804791,2.0,0.21992901774301388,3.0,6.0,6.0,2.0,2.0,0.0,0.9897959183673469,0.9897959183673469,False,False
Dwight Howard ,Daniella Karagach,Athlete,Georgia,United States,38,Eliminated Week 7,6,29.0,7.25,9.0,9,33,4,5,single_elimination,False,0.09863945578231292,0.11630661188758498,1.0,0.2149460676698979,2.0,10.0,3.0,8.0,8.0,0.010204081632653059,1.0,0.9897959183673469,False,False
Chandler Kinney,Brandon Armstrong,Actor/Actress,California,United States,24,3rd Place,3,27.0,9.0,1.0,8,33,5,6,single_elimination,False,0.13366336633663367,0.12499732715001827,5.0,0.25866069348665194,8.0,6.0,6.0,-4.0,4.0,0.0,1.0,1.0,False,False
Ilona Maher,Alan Bersten,Athlete,California,United States,28,2nd Place,2,26.0,8.666666666666666,2.0,8,33,5,6,single_elimination,False,0.12871287128712872,0.1250089885814113,2.0,0.25372185986854,6.0,4.0,7.0,0.0,0.0,0.0,1.0,1.0,False,False
Joey Graziadei,Jenna Johnson,TV Personality,Louisiana,United States,29,1st Place,1,26.0,8.666666666666666,2.0,8,33,5,6,single_elimination,False,0.12871287128712872,0.1250089885814113,2.0,0.25372185986854,6.0,4.0,7.0,0.0,0.0,0.0,1.0,1.0,False,False
Danny Amendola,Witney Carson,Athlete,Texas,United States,39,5th Place,5,25.5,8.5,4.0,8,33,5,6,single_elimination,False,0.12623762376237624,0.12499018199419386,7.0,0.2512278057565701,4.0,11.0,2.0,-3.0,3.0,0.0,1.0,1.0,False,False
Jenn Tran,Sasha Farber,TV Personality,Florida,United States,26,Eliminated Week 6,7,25.5,8.5,4.0,8,33,5,6,single_elimination,False,0.12623762376237624,0.12499018199419386,7.0,0.2512278057565701,4.0,11.0,2.0,-3.0,3.0,0.0,1.0,1.0,False,False
Dwight Howard ,Daniella Karagach,Athlete,Georgia,United States,38,Eliminated Week 7,6,24.0,8.0,6.0,8,33,5,6,single_elimination,False,0.1188118811881188,0.1250142251408156,1.0,0.2438261063289344,3.0,7.0,5.0,5.0,5.0,0.0,1.0,1.0,False,False
Phaedra Parks,Val Chmerkovskiy,TV Personality,Georgia,United States,51,Eliminated Week 5,8,24.0,8.0,6.0,8,33,5,6,single_elimination,True,0.1188118811881188,0.12499022711765052,6.0,0.24380210830576932,1.0,12.0,1.0,0.0,0.0,0.0,0.1311881188118812,0.1311881188118812,True,True
Stephen Nedoroscik,Rylee Arnold,Athlete,Florida,United States,26,4th Place,4,24.0,8.0,6.0,8,33,5,6,single_elimination,False,0.1188118811881188,0.12499987831513913,4.0,0.24381175950325795,2.0,10.0,4.0,2.0,2.0,0.0,1.0,1.0,False,False
Chandler Kinney,Brandon Armstrong,Actor/Actress,California,United States,24,3rd Place,3,32.0,10.666666666666666,1.0,7,33,6,7,single_elimination,False,0.1553398058252427,0.1425597059731232,5.0,0.29789951179836593,6.0,6.0,6.0,-4.0,4.0,0.0,0.9368932038834952,0.9368932038834952,False,False
Joey Graziadei,Jenna Johnson,TV Personality,Louisiana,United States,29,1st Place,1,32.0,10.666666666666666,1.0,7,33,6,7,single_elimination,False,0.1553398058252427,0.1425597059731232,5.0,0.29789951179836593,6.0,6.0,6.0,-4.0,4.0,0.0,0.9368932038834952,0.9368932038834952,False,False
Dwight Howard ,Daniella Karagach,Athlete,Georgia,United States,38,Eliminated Week 7,6,31.0,10.333333333333334,3.0,7,33,6,7,single_elimination,False,0.15048543689320387,0.14257376458624552,4.0,0.2930592014794494,5.0,7.0,3.0,-1.0,1.0,0.0,0.9368932038834952,0.9368932038834952,False,False
Jenn Tran,Sasha Farber,TV Personality,Florida,United States,26,Eliminated Week 6,7,31.0,10.333333333333334,3.0,7,33,6,7,single_elimination,True,0.15048543689320387,0.12658528260728033,7.0,0.27707071950048423,1.0,10.0,1.0,-4.0,4.0,0.0,0.13522884882108183,0.13522884882108183,True,True
Danny Amendola,Witney Carson,Athlete,Texas,United States,39,5th Place,5,28.0,9.333333333333334,5.0,7,33,6,7,single_elimination,False,0.13592233009708737,0.1425778334819547,2.0,0.27850016357904206,3.0,7.0,3.0,3.0,3.0,0.014563106796116498,0.9514563106796117,0.9368932038834952,False,False
Stephen Nedoroscik,Rylee Arnold,Athlete,Florida,United States,26,4th Place,4,28.0,9.333333333333334,5.0,7,33,6,7,single_elimination,False,0.13592233009708737,0.1425778334819547,2.0,0.27850016357904206,3.0,7.0,3.0,3.0,3.0,0.014563106796116498,0.9514563106796117,0.9368932038834952,False,False
Ilona Maher,Alan Bersten,Athlete,California,United States,28,2nd Place,2,24.0,8.0,7.0,7,33,6,7,single_elimination,False,0.11650485436893204,0.1605658721462984,1.0,0.27707072651523046,2.0,8.0,2.0,6.0,6.0,0.03398058252427183,0.970873786407767,0.9368932038834952,False,False
Chandler Kinney,Brandon Armstrong,Actor/Actress,California,United States,24,3rd Place,3,30.0,10.0,1.0,6,33,7,8,single_elimination,False,0.1875,0.1666710715287003,2.0,0.3541710715287003,6.0,3.0,6.0,-1.0,1.0,0.0,1.0,1.0,False,False
Joey Graziadei,Jenna Johnson,TV Personality,Louisiana,United States,29,1st Place,1,27.5,9.166666666666666,2.0,6,33,7,8,single_elimination,False,0.171875,0.1666698051264052,3.0,0.33854480512640517,5.0,5.0,5.0,-1.0,1.0,0.0,1.0,1.0,False,False
Stephen Nedoroscik,Rylee Arnold,Athlete,Florida,United States,26,4th Place,4,27.0,9.0,3.0,6,33,7,8,single_elimination,False,0.16875,0.1666624083069423,5.0,0.3354124083069423,4.0,8.0,3.0,-2.0,2.0,0.0,1.0,1.0,False,False
Ilona Maher,Alan Bersten,Athlete,California,United States,28,2nd Place,2,26.0,8.666666666666666,4.0,6,33,7,8,single_elimination,False,0.1625,0.16665931776839052,6.0,0.3291593177683905,3.0,10.0,1.0,-2.0,2.0,0.0,1.0,1.0,False,True
Danny Amendola,Witney Carson,Athlete,Texas,United States,39,5th Place,5,25.5,8.5,5.0,6,33,7,8,single_elimination,False,0.159375,0.1666743168775342,1.0,0.3260493168775342,2.0,6.0,4.0,4.0,4.0,0.0,1.0,1.0,False,False
Dwight Howard ,Daniella Karagach,Athlete,Georgia,United States,38,Eliminated Week 7,6,24.0,8.0,6.0,6,33,7,8,single_elimination,True,0.15,0.16666307968607155,4.0,0.31666307968607155,1.0,10.0,1.0,2.0,2.0,0.0,0.18333333333333335,0.18333333333333335,True,False
Jen Affleck,Jan Ravnik,TV Personality,Utah,United States,26,Eliminated Week 7,9,22.0,7.333333333333333,1.0,14,34,2,3,multi_elimination,False,0.07913669064748201,0.07142346088772612,2.0,0.15056015153520813,11.0,3.0,11.0,-1.0,1.0,0.0,0.9928057553956835,0.9928057553956835,False,False
Jordan Chiles,Ezra Sosa (Apolo Anton Ohno week 9),Athlete,Texas,United States,24,3rd Place,3,22.0,7.333333333333333,1.0,14,34,2,3,multi_elimination,False,0.07913669064748201,0.07142346088772612,2.0,0.15056015153520813,11.0,3.0,11.0,-1.0,1.0,0.0,0.9928057553956835,0.9928057553956835,False,False
Robert Irwin,Witney Carson (Xoshitl Gomez week 9),Conservationist,,Australia,22,1st Place,1,22.0,7.333333333333333,1.0,14,34,2,3,multi_elimination,False,0.07913669064748201,0.07142346088772612,2.0,0.15056015153520813,11.0,3.0,11.0,-1.0,1.0,0.0,0.9928057553956835,0.9928057553956835,False,False
Whitney Leavitt,Mark Ballas,TV Personality,Utah,United States,32,Eliminated Week 10,6,22.0,7.333333333333333,1.0,14,34,2,3,multi_elimination,False,0.07913669064748201,0.07142346088772612,2.0,0.15056015153520813,11.0,3.0,11.0,-1.0,1.0,0.0,0.9928057553956835,0.9928057553956835,False,False
Alix Earle,Val Chmerkovskiy (Joey Graziadei week 9),Social media personality,Florida,United States,24,2nd Place,2,21.0,7.0,5.0,14,34,2,3,multi_elimination,False,0.07553956834532374,0.0714079252926141,10.0,0.14694749363793785,7.0,15.0,6.0,-5.0,5.0,0.0,0.9928057553956835,0.9928057553956835,False,False
Elaine Hendrix,Alan Bersten (Rashad Jennings week 9),Actor/Actress,Georgia,United States,55,5th Place,5,21.0,7.0,5.0,14,34,2,3,multi_elimination,False,0.07553956834532374,0.0714079252926141,10.0,0.14694749363793785,7.0,15.0,6.0,-5.0,5.0,0.0,0.9928057553956835,0.9928057553956835,False,False
Hilaria Baldwin,Gleb Savchenko,Entrepreneur,New York,United States,41,Eliminated Week 4,11,21.0,7.0,5.0,14,34,2,3,multi_elimination,False,0.07553956834532374,0.0714079252926141,10.0,0.14694749363793785,7.0,15.0,6.0,-5.0,5.0,0.0,0.9928057553956835,0.9928057553956835,False,False
Lauren Jauregui,Brandon Armstrong,Singer/Rapper,Florida,United States,29,Eliminated Week 3,12,21.0,7.0,5.0,14,34,2,3,multi_elimination,False,0.07553956834532374,0.0714079252926141,10.0,0.14694749363793785,7.0,15.0,6.0,-5.0,5.0,0.0,0.9928057553956835,0.9928057553956835,False,False
Dylan Efron,Daniella Karagach (Rumer Willis week 9),TV Personality,California,United States,33,4th Place,4,20.0,6.666666666666667,9.0,14,34,2,3,multi_elimination,False,0.07194244604316546,0.07141048830812069,9.0,0.14335293435128615,6.0,18.0,3.0,0.0,0.0,0.0,0.9928057553956835,0.9928057553956835,False,False
Danielle Fishel,Pasha Pashkov,Actor/Actress,California,United States,44,Eliminated Week 8,8,19.0,6.333333333333333,10.0,14,34,2,3,multi_elimination,False,0.0683453237410072,0.0714143044235725,8.0,0.1397596281645797,5.0,18.0,3.0,2.0,2.0,0.0,0.9928057553956835,0.9928057553956835,False,False
Baron Davis,Britt Stewart,Athlete,California,United States,46,Eliminated Week 2,13,18.0,6.0,11.0,14,34,2,3,multi_elimination,True,0.06474820143884892,0.06790946935070154,14.0,0.13265767078955046,2.0,25.0,1.0,-3.0,3.0,0.0,0.08494742667404533,0.08494742667404533,True,True
Scott Hoying,Rylee Arnold,Singer/Rapper,California,United States,34,Eliminated Week 6,10,18.0,6.0,11.0,14,34,2,3,multi_elimination,False,0.06474820143884892,0.07141964880918578,6.0,0.13616785024803468,4.0,17.0,5.0,5.0,5.0,0.0,0.9928057553956835,0.9928057553956835,False,False
Andy Richter,Emma Slater/Kaitlyn Bristowe (week 9),Comedian,California,United States,59,Eliminated Week 9,7,16.0,5.333333333333333,13.0,14,34,2,3,multi_elimination,False,0.05755395683453238,0.07510372318276758,1.0,0.13265768001729994,3.0,14.0,10.0,12.0,12.0,0.007194244604316544,1.0,0.9928057553956835,False,False
Corey Feldman,Jenna Johnson,Actor/Actress,California,United States,54,Eliminated Week 2,13,15.0,5.0,14.0,14,34,2,3,multi_elimination,True,0.0539568345323741,0.07141682025278333,7.0,0.12537365478515744,1.0,21.0,2.0,7.0,7.0,0.0,0.09490868843386831,0.09490868843386831,True,True
Jordan Chiles,Ezra Sosa (Apolo Anton Ohno week 9),Athlete,Texas,United States,24,3rd Place,3,24.0,8.0,1.0,12,34,3,4,single_elimination,False,0.0933852140077821,0.08333053575370436,9.0,0.17671574976148646,11.0,10.0,7.0,-8.0,8.0,0.0,1.0,1.0,False,False
Whitney Leavitt,Mark Ballas,TV Personality,Utah,United States,32,Eliminated Week 10,6,24.0,8.0,1.0,12,34,3,4,single_elimination,False,0.0933852140077821,0.08333053575370436,9.0,0.17671574976148646,11.0,10.0,7.0,-8.0,8.0,0.0,1.0,1.0,False,False
Alix Earle,Val Chmerkovskiy (Joey Graziadei week 9),Social media personality,Florida,United States,24,2nd Place,2,23.0,7.666666666666667,3.0,12,34,3,4,single_elimination,False,0.08949416342412451,0.08333689475404378,4.0,0.1728310581781683,9.0,7.0,11.0,-1.0,1.0,0.0,1.0,1.0,False,False
Dylan Efron,Daniella Karagach (Rumer Willis week 9),TV Personality,California,United States,33,4th Place,4,23.0,7.666666666666667,3.0,12,34,3,4,single_elimination,False,0.08949416342412451,0.08333689475404378,4.0,0.1728310581781683,9.0,7.0,11.0,-1.0,1.0,0.0,1.0,1.0,False,False
Hilaria Baldwin,Gleb Savchenko,Entrepreneur,New York,United States,41,Eliminated Week 4,11,22.0,7.333333333333333,5.0,12,34,3,4,single_elimination,False,0.08560311284046693,0.0833307648929533,6.0,0.16893387773342022,6.0,11.0,4.0,-1.0,1.0,0.0,1.0,1.0,False,False
Robert Irwin,Witney Carson (Xoshitl Gomez week 9),Conservationist,,Australia,22,1st Place,1,22.0,7.333333333333333,5.0,12,34,3,4,single_elimination,False,0.08560311284046693,0.0833307648929533,6.0,0.16893387773342022,6.0,11.0,4.0,-1.0,1.0,0.0,1.0,1.0,False,False
Scott Hoying,Rylee Arnold,Singer/Rapper,California,United States,34,Eliminated Week 6,10,22.0,7.333333333333333,5.0,12,34,3,4,single_elimination,False,0.08560311284046693,0.0833307648929533,6.0,0.16893387773342022,6.0,11.0,4.0,-1.0,1.0,0.0,1.0,1.0,False,False
Danielle Fishel,Pasha Pashkov,Actor/Actress,California,United States,44,Eliminated Week 8,8,21.0,7.0,8.0,12,34,3,4,single_elimination,False,0.08171206225680934,0.08333933111027744,1.0,0.1650513933670868,4.0,9.0,9.0,7.0,7.0,0.0,1.0,1.0,False,False
Elaine Hendrix,Alan Bersten (Rashad Jennings week 9),Actor/Actress,Georgia,United States,55,5th Place,5,21.0,7.0,8.0,12,34,3,4,single_elimination,False,0.08171206225680934,0.08333933111027744,1.0,0.1650513933670868,4.0,9.0,9.0,7.0,7.0,0.0,1.0,1.0,False,False
Jen Affleck,Jan Ravnik,TV Personality,Utah,United States,26,Eliminated Week 7,9,19.0,6.333333333333333,10.0,12,34,3,4,single_elimination,False,0.07392996108949416,0.08332998613987075,11.0,0.15725994722936493,3.0,21.0,2.0,-1.0,1.0,0.0,1.0,1.0,False,False
Andy Richter,Emma Slater/Kaitlyn Bristowe (week 9),Comedian,California,United States,59,Eliminated Week 9,7,18.0,6.0,11.0,12,34,3,4,single_elimination,False,0.07003891050583658,0.08333725049654313,3.0,0.15337616100237972,2.0,14.0,3.0,8.0,8.0,0.0,1.0,1.0,False,False
Lauren Jauregui,Brandon Armstrong,Singer/Rapper,Florida,United States,29,Eliminated Week 3,12,18.0,6.0,11.0,12,34,3,4,single_elimination,True,0.07003891050583658,0.08332694474051838,12.0,0.15336585524635496,1.0,23.0,1.0,-1.0,1.0,0.0,0.09662775616083005,0.09662775616083005,True,True
Whitney Leavitt,Mark Ballas,TV Personality,Utah,United States,32,Eliminated Week 10,6,25.0,8.333333333333334,1.0,11,34,4,5,single_elimination,False,0.10080645161290322,0.09080530504976853,9.0,0.19161175666267174,11.0,10.0,6.0,-8.0,8.0,0.0,0.9596774193548387,0.9596774193548387,False,False
Alix Earle,Val Chmerkovskiy (Joey Graziadei week 9),Social media personality,Florida,United States,24,2nd Place,2,24.0,8.0,2.0,11,34,4,5,single_elimination,False,0.0967741935483871,0.09080832622004494,4.0,0.18758251976843204,8.0,6.0,9.0,-2.0,2.0,0.0,0.9596774193548387,0.9596774193548387,False,False
Elaine Hendrix,Alan Bersten (Rashad Jennings week 9),Actor/Actress,Georgia,United States,55,5th Place,5,24.0,8.0,2.0,11,34,4,5,single_elimination,False,0.0967741935483871,0.09080832622004494,4.0,0.18758251976843204,8.0,6.0,9.0,-2.0,2.0,0.0,0.9596774193548387,0.9596774193548387,False,False
Jordan Chiles,Ezra Sosa (Apolo Anton Ohno week 9),Athlete,Texas,United States,24,3rd Place,3,24.0,8.0,2.0,11,34,4,5,single_elimination,False,0.0967741935483871,0.09080832622004494,4.0,0.18758251976843204,8.0,6.0,9.0,-2.0,2.0,0.0,0.9596774193548387,0.9596774193548387,False,False
Dylan Efron,Daniella Karagach (Rumer Willis week 9),TV Personality,California,United States,33,4th Place,4,23.0,7.666666666666667,5.0,11,34,4,5,single_elimination,False,0.09274193548387097,0.09080410046329558,10.0,0.18354603594716656,6.0,15.0,4.0,-5.0,5.0,0.0,0.9596774193548387,0.9596774193548387,False,False
Hilaria Baldwin,Gleb Savchenko,Entrepreneur,New York,United States,41,Eliminated Week 4,11,23.0,7.666666666666667,5.0,11,34,4,5,single_elimination,True,0.09274193548387097,0.08128605218398113,11.0,0.1740279876678521,1.0,16.0,1.0,-6.0,6.0,0.0,0.08907624633431085,0.08907624633431085,True,True
Jen Affleck,Jan Ravnik,TV Personality,Utah,United States,26,Eliminated Week 7,9,23.0,7.666666666666667,5.0,11,34,4,5,single_elimination,False,0.09274193548387097,0.09080867547870693,3.0,0.1835506109625779,7.0,8.0,8.0,2.0,2.0,0.0,0.9596774193548387,0.9596774193548387,False,False
Robert Irwin,Witney Carson (Xoshitl Gomez week 9),Conservationist,,Australia,22,1st Place,1,22.0,7.333333333333333,8.0,11,34,4,5,single_elimination,False,0.08870967741935484,0.09080886406577035,2.0,0.1795185414851252,5.0,10.0,6.0,6.0,6.0,0.0040322580645161255,0.9637096774193549,0.9596774193548387,False,False
Danielle Fishel,Pasha Pashkov,Actor/Actress,California,United States,44,Eliminated Week 8,8,21.0,7.0,9.0,11,34,4,5,single_elimination,False,0.0846774193548387,0.09080733812858993,7.0,0.17548475748342862,3.0,16.0,1.0,2.0,2.0,0.008064516129032265,0.967741935483871,0.9596774193548387,False,False
Scott Hoying,Rylee Arnold,Singer/Rapper,California,United States,34,Eliminated Week 6,10,21.0,7.0,9.0,11,34,4,5,single_elimination,False,0.0846774193548387,0.09080733812858993,7.0,0.17548475748342862,3.0,16.0,1.0,2.0,2.0,0.008064516129032265,0.967741935483871,0.9596774193548387,False,False
Andy Richter,Emma Slater/Kaitlyn Bristowe (week 9),Comedian,California,United States,59,Eliminated Week 9,7,18.0,6.0,11.0,11,34,4,5,single_elimination,False,0.07258064516129033,0.1014473468991917,1.0,0.17402799206048203,2.0,12.0,5.0,10.0,10.0,0.02016129032258064,0.9798387096774194,0.9596774193548387,False,False
Jordan Chiles,Ezra Sosa (Apolo Anton Ohno week 9),Athlete,Texas,United States,24,3rd Place,3,39.0,9.75,1.0,10,34,6,7,single_elimination,False,0.11470588235294117,0.09999253828005648,8.0,0.21469842063299766,9.0,9.0,6.0,-7.0,7.0,0.0,0.9970588235294118,0.9970588235294118,False,False
Whitney Leavitt,Mark Ballas,TV Personality,Utah,United States,32,Eliminated Week 10,6,39.0,9.75,1.0,10,34,6,7,single_elimination,False,0.11470588235294117,0.09999253828005648,8.0,0.21469842063299766,9.0,9.0,6.0,-7.0,7.0,0.0,0.9970588235294118,0.9970588235294118,False,False
Danielle Fishel,Pasha Pashkov,Actor/Actress,California,United States,44,Eliminated Week 8,8,36.0,9.0,3.0,10,34,6,7,single_elimination,False,0.10588235294117647,0.10000214322402276,2.0,0.20588449616519922,6.0,5.0,8.0,1.0,1.0,0.0,0.9970588235294118,0.9970588235294118,False,False
Elaine Hendrix,Alan Bersten (Rashad Jennings week 9),Actor/Actress,Georgia,United States,55,5th Place,5,36.0,9.0,3.0,10,34,6,7,single_elimination,False,0.10588235294117647,0.10000214322402276,2.0,0.20588449616519922,6.0,5.0,8.0,1.0,1.0,0.0,0.9970588235294118,0.9970588235294118,False,False
Robert Irwin,Witney Carson (Xoshitl Gomez week 9),Conservationist,,Australia,22,1st Place,1,36.0,9.0,3.0,10,34,6,7,single_elimination,False,0.10588235294117647,0.10000214322402276,2.0,0.20588449616519922,6.0,5.0,8.0,1.0,1.0,0.0,0.9970588235294118,0.9970588235294118,False,False
Alix Earle,Val Chmerkovskiy (Joey Graziadei week 9),Social media personality,Florida,United States,24,2nd Place,2,35.0,8.75,6.0,10,34,6,7,single_elimination,False,0.10294117647058823,0.09999561567845762,7.0,0.20293679214904586,5.0,13.0,2.0,-1.0,1.0,0.0,0.9970588235294118,0.9970588235294118,False,False
Dylan Efron,Daniella Karagach (Rumer Willis week 9),TV Personality,California,United States,33,4th Place,4,32.0,8.0,7.0,10,34,6,7,single_elimination,False,0.09411764705882353,0.10000106737457085,5.0,0.19411871443339437,3.0,12.0,3.0,2.0,2.0,0.0,0.9970588235294118,0.9970588235294118,False,False
Jen Affleck,Jan Ravnik,TV Personality,Utah,United States,26,Eliminated Week 7,9,32.0,8.0,7.0,10,34,6,7,single_elimination,False,0.09411764705882353,0.10000106737457085,5.0,0.19411871443339437,3.0,12.0,3.0,2.0,2.0,0.0,0.9970588235294118,0.9970588235294118,False,False
Scott Hoying,Rylee Arnold,Singer/Rapper,California,United States,34,Eliminated Week 6,10,28.0,7.0,9.0,10,34,6,7,single_elimination,True,0.08235294117647059,0.09853477792320481,10.0,0.18088771909967538,1.0,19.0,1.0,-1.0,1.0,0.0,0.11764705882352935,0.11764705882352935,True,True
Andy Richter,Emma Slater/Kaitlyn Bristowe (week 9),Comedian,California,United States,59,Eliminated Week 9,7,27.0,6.75,10.0,10,34,6,7,single_elimination,False,0.07941176470588235,0.10147596430330313,1.0,0.18088772900918548,2.0,11.0,5.0,9.0,9.0,0.0029411764705882387,1.0,0.9970588235294118,False,False
Alix Earle,Val Chmerkovskiy (Joey Graziadei week 9),Social media personality,Florida,United States,24,2nd Place,2,43.0,10.75,1.0,9,34,7,8,single_elimination,False,0.12951807228915663,0.11105292311374967,6.0,0.2405709954029063,9.0,7.0,8.0,-5.0,5.0,0.0,0.9789156626506025,0.9789156626506025,False,False
Whitney Leavitt,Mark Ballas,TV Personality,Utah,United States,32,Eliminated Week 10,6,42.0,10.5,2.0,9,34,7,8,single_elimination,False,0.12650602409638553,0.11105742999095113,3.0,0.23756345408733665,8.0,5.0,9.0,-1.0,1.0,0.0,0.9789156626506025,0.9789156626506025,False,False
Robert Irwin,Witney Carson (Xoshitl Gomez week 9),Conservationist,,Australia,22,1st Place,1,41.0,10.25,3.0,9,34,7,8,single_elimination,False,0.12349397590361445,0.11105171335573931,7.0,0.23454568925935376,7.0,10.0,3.0,-4.0,4.0,0.0,0.9789156626506025,0.9789156626506025,False,False
Dylan Efron,Daniella Karagach (Rumer Willis week 9),TV Personality,California,United States,33,4th Place,4,38.0,9.5,4.0,9,34,7,8,single_elimination,False,0.1144578313253012,0.11105544391148126,4.0,0.22551327523678244,5.0,8.0,5.0,0.0,0.0,0.0,0.9789156626506025,0.9789156626506025,False,False
Jordan Chiles,Ezra Sosa (Apolo Anton Ohno week 9),Athlete,Texas,United States,24,3rd Place,3,38.0,9.5,4.0,9,34,7,8,single_elimination,False,0.1144578313253012,0.11105544391148126,4.0,0.22551327523678244,5.0,8.0,5.0,0.0,0.0,0.0,0.9789156626506025,0.9789156626506025,False,False
Danielle Fishel,Pasha Pashkov,Actor/Actress,California,United States,44,Eliminated Week 8,8,35.0,8.75,6.0,9,34,7,8,single_elimination,False,0.10542168674698796,0.1110610593324853,2.0,0.21648274607947326,4.0,8.0,5.0,4.0,4.0,0.0,0.9789156626506025,0.9789156626506025,False,False
Jen Affleck,Jan Ravnik,TV Personality,Utah,United States,26,Eliminated Week 7,9,34.0,8.5,7.0,9,34,7,8,single_elimination,True,0.10240963855421686,0.10377952566235449,9.0,0.20618916421657135,1.0,16.0,1.0,-2.0,2.0,0.0,0.11981258366800537,0.11981258366800537,True,True
Elaine Hendrix,Alan Bersten (Rashad Jennings week 9),Actor/Actress,Georgia,United States,55,5th Place,5,32.0,8.0,8.0,9,34,7,8,single_elimination,False,0.0963855421686747,0.11104669027201948,8.0,0.2074322324406942,3.0,16.0,1.0,0.0,0.0,0.00602409638554216,0.9849397590361446,0.9789156626506025,False,False
Andy Richter,Emma Slater/Kaitlyn Bristowe (week 9),Comedian,California,United States,59,Eliminated Week 9,7,29.0,7.25,9.0,9,34,7,8,single_elimination,False,0.08734939759036145,0.11883976979725448,1.0,0.20618916738761595,2.0,10.0,3.0,8.0,8.0,0.015060240963855415,0.9939759036144579,0.9789156626506025,False,False
Whitney Leavitt,Mark Ballas,TV Personality,Utah,United States,32,Eliminated Week 10,6,39.5,9.875,1.0,8,34,8,9,single_elimination,False,0.1310116086235489,0.1249728391164932,6.0,0.25598444774004214,8.0,7.0,5.0,-5.0,5.0,0.0,0.9900497512437811,0.9900497512437811,False,False
Jordan Chiles,Ezra Sosa (Apolo Anton Ohno week 9),Athlete,Texas,United States,24,3rd Place,3,39.0,9.75,2.0,8,34,8,9,single_elimination,False,0.12935323383084577,0.12497847528368347,2.0,0.25433170911452924,7.0,4.0,8.0,0.0,0.0,0.0,0.9900497512437811,0.9900497512437811,False,False
Alix Earle,Val Chmerkovskiy (Joey Graziadei week 9),Social media personality,Florida,United States,24,2nd Place,2,38.5,9.625,3.0,8,34,8,9,single_elimination,False,0.12769485903814262,0.12497024332684328,7.0,0.2526651023649859,6.0,10.0,3.0,-4.0,4.0,0.0,0.9900497512437811,0.9900497512437811,False,False
Dylan Efron,Daniella Karagach (Rumer Willis week 9),TV Personality,California,United States,33,4th Place,4,38.0,9.5,4.0,8,34,8,9,single_elimination,False,0.12603648424543948,0.12497727005491305,3.0,0.25101375430035255,4.0,7.0,5.0,1.0,1.0,0.0,0.9900497512437811,0.9900497512437811,False,False
Robert Irwin,Witney Carson (Xoshitl Gomez week 9),Conservationist,,Australia,22,1st Place,1,38.0,9.5,4.0,8,34,8,9,single_elimination,False,0.12603648424543948,0.12497727005491305,3.0,0.25101375430035255,4.0,7.0,5.0,1.0,1.0,0.0,0.9900497512437811,0.9900497512437811,False,False
Elaine Hendrix,Alan Bersten (Rashad Jennings week 9),Actor/Actress,Georgia,United States,55,5th Place,5,37.5,9.375,6.0,8,34,8,9,single_elimination,False,0.12437810945273632,0.12497303788622478,5.0,0.2493511473389611,3.0,11.0,2.0,1.0,1.0,0.0,0.9900497512437811,0.9900497512437811,False,False
Danielle Fishel,Pasha Pashkov,Actor/Actress,California,United States,44,Eliminated Week 8,8,37.0,9.25,7.0,8,34,8,9,single_elimination,True,0.12271973466003316,0.12010030429247855,8.0,0.2428200389525117,1.0,15.0,1.0,-1.0,1.0,0.0,0.12728026533996684,0.12728026533996684,True,True
Andy Richter,Emma Slater/Kaitlyn Bristowe (week 9),Comedian,California,United States,59,Eliminated Week 9,7,34.0,8.5,8.0,8,34,8,9,single_elimination,False,0.11276948590381426,0.13005055952024314,1.0,0.24282004542405738,2.0,9.0,4.0,7.0,7.0,0.009950248756218902,1.0,0.9900497512437811,False,False
Dylan Efron,Daniella Karagach (Rumer Willis week 9),TV Personality,California,United States,33,4th Place,4,42.0,10.5,1.0,7,34,9,10,single_elimination,False,0.15555555555555556,0.1428585379459025,2.0,0.2984140935014581,5.0,3.0,5.0,-1.0,1.0,0.0,1.0,1.0,False,False
Robert Irwin,Witney Carson (Xoshitl Gomez week 9),Conservationist,,Australia,22,1st Place,1,42.0,10.5,1.0,7,34,9,10,single_elimination,False,0.15555555555555556,0.1428585379459025,2.0,0.2984140935014581,5.0,3.0,5.0,-1.0,1.0,0.0,1.0,1.0,False,False
Whitney Leavitt,Mark Ballas,TV Personality,Utah,United States,32,Eliminated Week 10,6,42.0,10.5,1.0,7,34,9,10,single_elimination,False,0.15555555555555556,0.1428585379459025,2.0,0.2984140935014581,5.0,3.0,5.0,-1.0,1.0,0.0,1.0,1.0,False,False
Alix Earle,Val Chmerkovskiy (Joey Graziadei week 9),Social media personality,Florida,United States,24,2nd Place,2,40.0,10.0,4.0,7,34,9,10,single_elimination,False,0.14814814814814814,0.1428702140184934,1.0,0.29101836216664156,4.0,5.0,4.0,3.0,3.0,0.0,1.0,1.0,False,False
Jordan Chiles,Ezra Sosa (Apolo Anton Ohno week 9),Athlete,Texas,United States,24,3rd Place,3,39.0,9.75,5.0,7,34,9,10,single_elimination,False,0.14444444444444443,0.1428481122885594,7.0,0.2872925567330038,3.0,12.0,2.0,-2.0,2.0,0.0,1.0,1.0,False,False
Elaine Hendrix,Alan Bersten (Rashad Jennings week 9),Actor/Actress,Georgia,United States,55,5th Place,5,36.0,9.0,6.0,7,34,9,10,single_elimination,False,0.13333333333333333,0.14285395653775165,5.0,0.276187289871085,2.0,11.0,3.0,1.0,1.0,0.0,1.0,1.0,False,False
Andy Richter,Emma Slater/Kaitlyn Bristowe (week 9),Comedian,California,United States,59,Eliminated Week 9,7,29.0,7.25,7.0,7,34,9,10,single_elimination,True,0.10740740740740741,0.14285210213410507,6.0,0.2502595095415125,1.0,13.0,1.0,1.0,1.0,0.0,0.17830687830687825,0.17830687830687825,True,True
Robert Irwin,Witney Carson (Xoshitl Gomez week 9),Conservationist,,Australia,22,1st Place,1,29.5,9.833333333333334,1.0,6,34,10,11,single_elimination,False,0.17151162790697674,0.16662712154142997,5.0,0.3381387494484067,6.0,6.0,3.0,-4.0,4.0,0.0,0.9854651162790697,0.9854651162790697,False,False
Alix Earle,Val Chmerkovskiy (Joey Graziadei week 9),Social media personality,Florida,United States,24,2nd Place,2,29.0,9.666666666666666,2.0,6,34,10,11,single_elimination,False,0.1686046511627907,0.166641382135812,4.0,0.3352460332986027,5.0,6.0,3.0,-2.0,2.0,0.0,0.9854651162790697,0.9854651162790697,False,False
Whitney Leavitt,Mark Ballas,TV Personality,Utah,United States,32,Eliminated Week 10,6,29.0,9.666666666666666,2.0,6,34,10,11,single_elimination,True,0.1686046511627907,0.162350993659688,6.0,0.3309556448224787,1.0,8.0,1.0,-4.0,4.0,0.0,0.16472868217054262,0.16472868217054262,True,True
Elaine Hendrix,Alan Bersten (Rashad Jennings week 9),Actor/Actress,Georgia,United States,55,5th Place,5,28.5,9.5,4.0,6,34,10,11,single_elimination,False,0.16569767441860464,0.16665426775157455,2.0,0.33235194217017916,3.0,6.0,3.0,2.0,2.0,0.0029069767441860517,0.9883720930232558,0.9854651162790697,False,False
Jordan Chiles,Ezra Sosa (Apolo Anton Ohno week 9),Athlete,Texas,United States,24,3rd Place,3,28.5,9.5,4.0,6,34,10,11,single_elimination,False,0.16569767441860464,0.16665426775157455,2.0,0.33235194217017916,3.0,6.0,3.0,2.0,2.0,0.0029069767441860517,0.9883720930232558,0.9854651162790697,False,False
Dylan Efron,Daniella Karagach (Rumer Willis week 9),TV Personality,California,United States,33,4th Place,4,27.5,9.166666666666666,6.0,6,34,10,11,single_elimination,False,0.15988372093023256,0.17107196515341616,1.0,0.3309556860836487,2.0,7.0,2.0,5.0,5.0,0.008720930232558127,0.9941860465116279,0.9854651162790697,False,False
