season,week,celebrity_name,ballroom_partner,celebrity_industry,celebrity_homestate,celebrity_homecountry/region,celebrity_age_during_season,results,placement,judge_total,judge_mean,judge_rank,contestants_active
1,1,Joey McIntyre,Ashly DelGrosso,Singer/Rapper,Massachusetts,United States,32,3rd Place,3,20.0,6.666666666666667,1.0,6
1,1,John O'Hurley,Charlotte Jorgensen,Actor/Actress,Maine,United States,50,2nd Place,2,20.0,6.666666666666667,1.0,6
1,1,Rachel Hunter,Jonathan Roberts,Model,,New Zealand,35,Eliminated Week 4,4,20.0,6.666666666666667,1.0,6
1,1,Evander Holyfield,Edyta Sliwinska,Athlete,Alabama,United States,42,Eliminated Week 3,5,18.0,6.0,4.0,6
1,1,Trista Sutter,Louis van Amstel,TV Personality,Indiana,United States,32,Eliminated Week 2,6,18.0,6.0,4.0,6
1,1,Kelly Monaco,Alec Mazo,Actor/Actress,Pennsylvania,United States,29,1st Place,1,13.0,4.333333333333333,6.0,6
1,2,John O'Hurley,Charlotte Jorgensen,Actor/Actress,Maine,United States,50,2nd Place,2,26.0,8.666666666666666,1.0,6
1,2,Rachel Hunter,Jonathan Roberts,Model,,New Zealand,35,Eliminated Week 4,4,24.0,8.0,2.0,6
1,2,Joey McIntyre,Ashly DelGrosso,Singer/Rapper,Massachusetts,United States,32,3rd Place,3,21.0,7.0,3.0,6
1,2,Trista Sutter,Louis van Amstel,TV Personality,Indiana,United States,32,Eliminated Week 2,6,19.0,6.333333333333333,4.0,6
1,2,Kelly Monaco,Alec Mazo,Actor/Actress,Pennsylvania,United States,29,1st Place,1,17.0,5.666666666666667,5.0,6
1,2,Evander Holyfield,Edyta Sliwinska,Athlete,Alabama,United States,42,Eliminated Week 3,5,14.0,4.666666666666667,6.0,6
1,3,Rachel Hunter,Jonathan Roberts,Model,,New Zealand,35,Eliminated Week 4,4,26.0,8.666666666666666,1.0,5
1,3,John O'Hurley,Charlotte Jorgensen,Actor/Actress,Maine,United States,50,2nd Place,2,24.0,8.0,2.0,5
1,3,Joey McIntyre,Ashly DelGrosso,Singer/Rapper,Massachusetts,United States,32,3rd Place,3,22.0,7.333333333333333,3.0,5
1,3,Kelly Monaco,Alec Mazo,Actor/Actress,Pennsylvania,United States,29,1st Place,1,21.0,7.0,4.0,5
1,3,Evander Holyfield,Edyta Sliwinska,Athlete,Alabama,United States,42,Eliminated Week 3,5,13.0,4.333333333333333,5.0,5
1,4,Kelly Monaco,Alec Mazo,Actor/Actress,Pennsylvania,United States,29,1st Place,1,26.0,8.666666666666666,1.0,4
1,4,Rachel Hunter,Jonathan Roberts,Model,,New Zealand,35,Eliminated Week 4,4,25.0,8.333333333333334,2.0,4
1,4,John O'Hurley,Charlotte Jorgensen,Actor/Actress,Maine,United States,50,2nd Place,2,21.0,7.0,3.0,4
1,4,Joey McIntyre,Ashly DelGrosso,Singer/Rapper,Massachusetts,United States,32,3rd Place,3,20.0,6.666666666666667,4.0,4
1,5,John O'Hurley,Charlotte Jorgensen,Actor/Actress,Maine,United States,50,2nd Place,2,27.0,9.0,1.0,3
1,5,Kelly Monaco,Alec Mazo,Actor/Actress,Pennsylvania,United States,29,1st Place,1,23.5,7.833333333333333,2.0,3
1,5,Joey McIntyre,Ashly DelGrosso,Singer/Rapper,Massachusetts,United States,32,3rd Place,3,22.5,7.5,3.0,3
1,6,Kelly Monaco,Alec Mazo,Actor/Actress,Pennsylvania,United States,29,1st Place,1,27.5,9.166666666666666,1.0,2
1,6,John O'Hurley,Charlotte Jorgensen,Actor/Actress,Maine,United States,50,2nd Place,2,27.0,9.0,2.0,2
2,1,Drew Lachey,Cheryl Burke,Singer/Rapper,Ohio,United States,29,1st Place,1,24.0,8.0,1.0,10
2,1,Giselle Fernandez,Jonathan Roberts,News Anchor,,Mexico,44,Eliminated Week 3,8,23.0,7.666666666666667,2.0,10
2,1,Tatum O'Neal,Nick Kosovich,Actor/Actress,California,United States,42,Eliminated Week 2,9,23.0,7.666666666666667,2.0,10
2,1,Stacy Keibler,Tony Dovolani,Athlete,Maryland,United States,26,3rd Place,3,22.0,7.333333333333333,4.0,10
2,1,Jerry Rice,Anna Trebunskaya,Athlete,Mississippi,United States,43,2nd Place,2,21.0,7.0,5.0,10
2,1,Tia Carrere,Maksim Chmerkoskiy,Actor/Actress,Hawaii,United States,39,Eliminated Week 5,6,20.0,6.666666666666667,6.0,10
2,1,Lisa Rinna,Louis van Amstel,Actor/Actress,California,United States,42,Eliminated Week 7,4,19.0,6.333333333333333,7.0,10
2,1,George Hamilton,Edyta Sliwinska,Actor/Actress,Tennessee,United States,66,Eliminated Week 6,5,18.0,6.0,8.0,10
2,1,Kenny Mayne,Andrea Hale,Sports Broadcaster,Washington,United States,46,Eliminated Week 1,10,13.0,4.333333333333333,9.0,10
2,1,Master P,Ashly DelGrosso,Singer/Rapper,Louisiana,United States,35,Eliminated Week 4,7,12.0,4.0,10.0,10
2,2,Stacy Keibler,Tony Dovolani,Athlete,Maryland,United States,26,3rd Place,3,29.0,9.666666666666666,1.0,9
2,2,Drew Lachey,Cheryl Burke,Singer/Rapper,Ohio,United States,29,1st Place,1,27.0,9.0,2.0,9
2,2,Giselle Fernandez,Jonathan Roberts,News Anchor,,Mexico,44,Eliminated Week 3,8,24.0,8.0,3.0,9
2,2,Jerry Rice,Anna Trebunskaya,Athlete,Mississippi,United States,43,2nd Place,2,23.0,7.666666666666667,4.0,9
2,2,George Hamilton,Edyta Sliwinska,Actor/Actress,Tennessee,United States,66,Eliminated Week 6,5,22.0,7.333333333333333,5.0,9
2,2,Tia Carrere,Maksim Chmerkoskiy,Actor/Actress,Hawaii,United States,39,Eliminated Week 5,6,22.0,7.333333333333333,5.0,9
2,2,Lisa Rinna,Louis van Amstel,Actor/Actress,California,United States,42,Eliminated Week 7,4,20.0,6.666666666666667,7.0,9
2,2,Tatum O'Neal,Nick Kosovich,Actor/Actress,California,United States,42,Eliminated Week 2,9,17.0,5.666666666666667,8.0,9
2,2,Master P,Ashly DelGrosso,Singer/Rapper,Louisiana,United States,35,Eliminated Week 4,7,16.0,5.333333333333333,9.0,9
2,3,Drew Lachey,Cheryl Burke,Singer/Rapper,Ohio,United States,29,1st Place,1,27.0,9.0,1.0,8
2,3,Stacy Keibler,Tony Dovolani,Athlete,Maryland,United States,26,3rd Place,3,27.0,9.0,1.0,8
2,3,Tia Carrere,Maksim Chmerkoskiy,Actor/Actress,Hawaii,United States,39,Eliminated Week 5,6,26.0,8.666666666666666,3.0,8
2,3,Lisa Rinna,Louis van Amstel,Actor/Actress,California,United States,42,Eliminated Week 7,4,25.0,8.333333333333334,4.0,8
2,3,George Hamilton,Edyta Sliwinska,Actor/Actress,Tennessee,United States,66,Eliminated Week 6,5,22.0,7.333333333333333,5.0,8
2,3,Giselle Fernandez,Jonathan Roberts,News Anchor,,Mexico,44,Eliminated Week 3,8,22.0,7.333333333333333,5.0,8
2,3,Jerry Rice,Anna Trebunskaya,Athlete,Mississippi,United States,43,2nd Place,2,19.0,6.333333333333333,7.0,8
2,3,Master P,Ashly DelGrosso,Singer/Rapper,Louisiana,United States,35,Eliminated Week 4,7,14.0,4.666666666666667,8.0,8
2,4,Drew Lachey,Cheryl Burke,Singer/Rapper,Ohio,United States,29,1st Place,1,28.0,9.333333333333334,1.0,7
2,4,Lisa Rinna,Louis van Amstel,Actor/Actress,California,United States,42,Eliminated Week 7,4,26.0,8.666666666666666,2.0,7
2,4,Stacy Keibler,Tony Dovolani,Athlete,Maryland,United States,26,3rd Place,3,26.0,8.666666666666666,2.0,7
2,4,Tia Carrere,Maksim Chmerkoskiy,Actor/Actress,Hawaii,United States,39,Eliminated Week 5,6,25.0,8.333333333333334,4.0,7
2,4,Jerry Rice,Anna Trebunskaya,Athlete,Mississippi,United States,43,2nd Place,2,24.0,8.0,5.0,7
2,4,George Hamilton,Edyta Sliwinska,Actor/Actress,Tennessee,United States,66,Eliminated Week 6,5,21.0,7.0,6.0,7
2,4,Master P,Ashly DelGrosso,Singer/Rapper,Louisiana,United States,35,Eliminated Week 4,7,8.0,2.6666666666666665,7.0,7
2,5,Stacy Keibler,Tony Dovolani,Athlete,Maryland,United States,26,3rd Place,3,30.0,10.0,1.0,6
2,5,Drew Lachey,Cheryl Burke,Singer/Rapper,Ohio,United States,29,1st Place,1,27.0,9.0,2.0,6
2,5,Lisa Rinna,Louis van Amstel,Actor/Actress,California,United States,42,Eliminated Week 7,4,25.0,8.333333333333334,3.0,6
2,5,George Hamilton,Edyta Sliwinska,Actor/Actress,Tennessee,United States,66,Eliminated Week 6,5,24.0,8.0,4.0,6
2,5,Jerry Rice,Anna Trebunskaya,Athlete,Mississippi,United States,43,2nd Place,2,23.0,7.666666666666667,5.0,6
2,5,Tia Carrere,Maksim Chmerkoskiy,Actor/Actress,Hawaii,United States,39,Eliminated Week 5,6,22.0,7.333333333333333,6.0,6
2,6,Drew Lachey,Cheryl Burke,Singer/Rapper,Ohio,United States,29,1st Place,1,30.0,10.0,1.0,5
2,6,Stacy Keibler,Tony Dovolani,Athlete,Maryland,United States,26,3rd Place,3,30.0,10.0,1.0,5
2,6,Lisa Rinna,Louis van Amstel,Actor/Actress,California,United States,42,Eliminated Week 7,4,27.0,9.0,3.0,5
2,6,George Hamilton,Edyta Sliwinska,Actor/Actress,Tennessee,United States,66,Eliminated Week 6,5,23.0,7.666666666666667,4.0,5
2,6,Jerry Rice,Anna Trebunskaya,Athlete,Mississippi,United States,43,2nd Place,2,23.0,7.666666666666667,4.0,5
2,7,Drew Lachey,Cheryl Burke,Singer/Rapper,Ohio,United States,29,1st Place,1,27.5,9.166666666666666,1.0,4
2,7,Stacy Keibler,Tony Dovolani,Athlete,Maryland,United States,26,3rd Place,3,27.5,9.166666666666666,1.0,4
2,7,Lisa Rinna,Louis van Amstel,Actor/Actress,California,United States,42,Eliminated Week 7,4,26.5,8.833333333333334,3.0,4
2,7,Jerry Rice,Anna Trebunskaya,Athlete,Mississippi,United States,43,2nd Place,2,20.5,6.833333333333333,4.0,4
2,8,Drew Lachey,Cheryl Burke,Singer/Rapper,Ohio,United States,29,1st Place,1,28.9998,9.6666,1.0,3
2,8,Stacy Keibler,Tony Dovolani,Athlete,Maryland,United States,26,3rd Place,3,28.6665,9.5555,2.0,3
2,8,Jerry Rice,Anna Trebunskaya,Athlete,Mississippi,United States,43,2nd Place,2,26.666600000000003,8.888866666666667,3.0,3
3,1,Mario Lopez,Karina Smirnoff,Actor/Actress,California,United States,32,2nd Place,2,26.0,8.666666666666666,1.0,11
3,1,Emmitt Smith,Cheryl Burke,Athlete,Florida,United States,37,1st Place,1,24.0,8.0,2.0,11
3,1,Vivica A. Fox,Nick Kosovich,Actor/Actress,Indiana,United States,42,Eliminated Week 4,8,22.0,7.333333333333333,3.0,11
3,1,Willa Ford,Maksim Chmerkoskiy,Singer/Rapper,Florida,United States,25,Eliminated Week 5,7,22.0,7.333333333333333,3.0,11
3,1,Joey Lawrence,Edyta Sliwinska,Actor/Actress,Pennsylvania,United States,30,3rd Place,3,21.0,7.0,5.0,11
3,1,Monique Coleman,Louis van Amstel,Actor/Actress,South Carolina,United States,25,Eliminated Week 8,4,19.0,6.333333333333333,6.0,11
3,1,Shanna Moakler,Jesse DeSoto,Model,Rhode Island,United States,31,Eliminated Week 2,10,18.0,6.0,7.0,11
3,1,Harry Hamlin,Ashly DelGrosso,Actor/Actress,California,United States,54,Eliminated Week 3,9,17.0,5.666666666666667,8.0,11
3,1,Jerry Springer,Kym Johnson,TV Personality,,England,62,Eliminated Week 7,5,16.0,5.333333333333333,9.0,11
3,1,Sara Evans,Tony Dovolani,Singer/Rapper,Missouri,United States,35,Withdrew,6,15.0,5.0,10.0,11
3,1,Tucker Carlson,Elena Grinenko,TV Personality,California,United States,37,Eliminated Week 1,11,12.0,4.0,11.0,11
3,2,Joey Lawrence,Edyta Sliwinska,Actor/Actress,Pennsylvania,United States,30,3rd Place,3,29.0,9.666666666666666,1.0,10
3,2,Monique Coleman,Louis van Amstel,Actor/Actress,South Carolina,United States,25,Eliminated Week 8,4,26.0,8.666666666666666,2.0,10
3,2,Emmitt Smith,Cheryl Burke,Athlete,Florida,United States,37,1st Place,1,24.0,8.0,3.0,10
3,2,Vivica A. Fox,Nick Kosovich,Actor/Actress,Indiana,United States,42,Eliminated Week 4,8,24.0,8.0,3.0,10
3,2,Willa Ford,Maksim Chmerkoskiy,Singer/Rapper,Florida,United States,25,Eliminated Week 5,7,23.0,7.666666666666667,5.0,10
3,2,Shanna Moakler,Jesse DeSoto,Model,Rhode Island,United States,31,Eliminated Week 2,10,22.0,7.333333333333333,6.0,10
3,2,Harry Hamlin,Ashly DelGrosso,Actor/Actress,California,United States,54,Eliminated Week 3,9,21.0,7.0,7.0,10
3,2,Mario Lopez,Karina Smirnoff,Actor/Actress,California,United States,32,2nd Place,2,21.0,7.0,7.0,10
3,2,Sara Evans,Tony Dovolani,Singer/Rapper,Missouri,United States,35,Withdrew,6,21.0,7.0,7.0,10
3,2,Jerry Springer,Kym Johnson,TV Personality,,England,62,Eliminated Week 7,5,19.0,6.333333333333333,10.0,10
3,3,Monique Coleman,Louis van Amstel,Actor/Actress,South Carolina,United States,25,Eliminated Week 8,4,27.0,9.0,1.0,9
3,3,Vivica A. Fox,Nick Kosovich,Actor/Actress,Indiana,United States,42,Eliminated Week 4,8,27.0,9.0,1.0,9
3,3,Sara Evans,Tony Dovolani,Singer/Rapper,Missouri,United States,35,Withdrew,6,25.0,8.333333333333334,3.0,9
3,3,Harry Hamlin,Ashly DelGrosso,Actor/Actress,California,United States,54,Eliminated Week 3,9,22.0,7.333333333333333,4.0,9
3,3,Joey Lawrence,Edyta Sliwinska,Actor/Actress,Pennsylvania,United States,30,3rd Place,3,22.0,7.333333333333333,4.0,9
3,3,Mario Lopez,Karina Smirnoff,Actor/Actress,California,United States,32,2nd Place,2,22.0,7.333333333333333,4.0,9
3,3,Willa Ford,Maksim Chmerkoskiy,Singer/Rapper,Florida,United States,25,Eliminated Week 5,7,22.0,7.333333333333333,4.0,9
3,3,Jerry Springer,Kym Johnson,TV Personality,,England,62,Eliminated Week 7,5,21.0,7.0,8.0,9
3,3,Emmitt Smith,Cheryl Burke,Athlete,Florida,United States,37,1st Place,1,19.0,6.333333333333333,9.0,9
3,4,Mario Lopez,Karina Smirnoff,Actor/Actress,California,United States,32,2nd Place,2,29.0,9.666666666666666,1.0,8
3,4,Willa Ford,Maksim Chmerkoskiy,Singer/Rapper,Florida,United States,25,Eliminated Week 5,7,28.0,9.333333333333334,2.0,8
3,4,Joey Lawrence,Edyta Sliwinska,Actor/Actress,Pennsylvania,United States,30,3rd Place,3,27.0,9.0,3.0,8
3,4,Emmitt Smith,Cheryl Burke,Athlete,Florida,United States,37,1st Place,1,24.0,8.0,4.0,8
3,4,Monique Coleman,Louis van Amstel,Actor/Actress,South Carolina,United States,25,Eliminated Week 8,4,24.0,8.0,4.0,8
3,4,Vivica A. Fox,Nick Kosovich,Actor/Actress,Indiana,United States,42,Eliminated Week 4,8,24.0,8.0,4.0,8
3,4,Jerry Springer,Kym Johnson,TV Personality,,England,62,Eliminated Week 7,5,22.0,7.333333333333333,7.0,8
3,4,Sara Evans,Tony Dovolani,Singer/Rapper,Missouri,United States,35,Withdrew,6,20.0,6.666666666666667,8.0,8
3,5,Emmitt Smith,Cheryl Burke,Athlete,Florida,United States,37,1st Place,1,27.0,9.0,1.0,7
3,5,Mario Lopez,Karina Smirnoff,Actor/Actress,California,United States,32,2nd Place,2,27.0,9.0,1.0,7
3,5,Monique Coleman,Louis van Amstel,Actor/Actress,South Carolina,United States,25,Eliminated Week 8,4,27.0,9.0,1.0,7
3,5,Willa Ford,Maksim Chmerkoskiy,Singer/Rapper,Florida,United States,25,Eliminated Week 5,7,27.0,9.0,1.0,7
3,5,Joey Lawrence,Edyta Sliwinska,Actor/Actress,Pennsylvania,United States,30,3rd Place,3,25.0,8.333333333333334,5.0,7
3,5,Jerry Springer,Kym Johnson,TV Personality,,England,62,Eliminated Week 7,5,24.0,8.0,6.0,7
3,5,Sara Evans,Tony Dovolani,Singer/Rapper,Missouri,United States,35,Withdrew,6,24.0,8.0,6.0,7
3,6,Mario Lopez,Karina Smirnoff,Actor/Actress,California,United States,32,2nd Place,2,28.0,9.333333333333334,1.0,5
3,6,Emmitt Smith,Cheryl Burke,Athlete,Florida,United States,37,1st Place,1,25.0,8.333333333333334,2.0,5
3,6,Joey Lawrence,Edyta Sliwinska,Actor/Actress,Pennsylvania,United States,30,3rd Place,3,24.0,8.0,3.0,5
3,6,Monique Coleman,Louis van Amstel,Actor/Actress,South Carolina,United States,25,Eliminated Week 8,4,23.0,7.666666666666667,4.0,5
3,6,Jerry Springer,Kym Johnson,TV Personality,,England,62,Eliminated Week 7,5,18.0,6.0,5.0,5
3,7,Emmitt Smith,Cheryl Burke,Athlete,Florida,United States,37,1st Place,1,28.5,9.5,1.0,5
3,7,Joey Lawrence,Edyta Sliwinska,Actor/Actress,Pennsylvania,United States,30,3rd Place,3,28.5,9.5,1.0,5
3,7,Mario Lopez,Karina Smirnoff,Actor/Actress,California,United States,32,2nd Place,2,28.0,9.333333333333334,3.0,5
3,7,Monique Coleman,Louis van Amstel,Actor/Actress,South Carolina,United States,25,Eliminated Week 8,4,27.0,9.0,4.0,5
3,7,Jerry Springer,Kym Johnson,TV Personality,,England,62,Eliminated Week 7,5,23.0,7.666666666666667,5.0,5
3,8,Mario Lopez,Karina Smirnoff,Actor/Actress,California,United States,32,2nd Place,2,28.5,9.5,1.0,4
3,8,Emmitt Smith,Cheryl Burke,Athlete,Florida,United States,37,1st Place,1,27.0,9.0,2.0,4
3,8,Joey Lawrence,Edyta Sliwinska,Actor/Actress,Pennsylvania,United States,30,3rd Place,3,27.0,9.0,2.0,4
3,8,Monique Coleman,Louis van Amstel,Actor/Actress,South Carolina,United States,25,Eliminated Week 8,4,26.5,8.833333333333334,4.0,4
3,9,Emmitt Smith,Cheryl Burke,Athlete,Florida,United States,37,1st Place,1,29.5,9.833333333333334,1.0,3
3,9,Joey Lawrence,Edyta Sliwinska,Actor/Actress,Pennsylvania,United States,30,3rd Place,3,29.5,9.833333333333334,1.0,3
3,9,Mario Lopez,Karina Smirnoff,Actor/Actress,California,United States,32,2nd Place,2,29.5,9.833333333333334,1.0,3
3,10,Emmitt Smith,Cheryl Burke,Athlete,Florida,United States,37,1st Place,1,29.666600000000003,9.888866666666667,1.0,2
3,10,Mario Lopez,Karina Smirnoff,Actor/Actress,California,United States,32,2nd Place,2,29.666600000000003,9.888866666666667,1.0,2
4,1,Joey Fatone,Kym Johnson,Singer/Rapper,New York,United States,30,2nd Place,2,24.0,8.0,1.0,11
4,1,Laila Ali,Maksim Chmerkoskiy,Athlete,Florida,United States,29,3rd Place,3,23.0,7.666666666666667,2.0,11
4,1,Apolo Anton Ohno,Julianne Hough,Athlete,Washington,United States,24,1st Place,1,21.0,7.0,3.0,11
4,1,Ian Ziering,Cheryl Burke,Actor/Actress,New Jersey,United States,42,Eliminated Week 9,4,21.0,7.0,3.0,11
4,1,Paulina Porizkova,Alec Mazo,Model,,Czechoslovakia,41,Eliminated Week 2,11,19.0,6.333333333333333,5.0,11
4,1,Shandi Finnessey,Brian Fortuna,Beauty Pagent,Missouri,United States,28,Eliminated Week 3,10,19.0,6.333333333333333,5.0,11
4,1,Heather Mills,Jonathan Roberts,Model,,England,39,Eliminated Week 6,7,18.0,6.0,7.0,11
4,1,John Ratzenberger,Edyta Sliwinska,Actor/Actress,Connecticut,United States,59,Eliminated Week 7,6,17.0,5.666666666666667,8.0,11
4,1,Clyde Drexler,Elena Grinenko,Athlete,Louisiana,United States,44,Eliminated Week 5,8,16.0,5.333333333333333,9.0,11
4,1,Leeza Gibbons,Tony Dovolani,TV Personality,South Carolina,United States,50,Eliminated Week 4,9,15.0,5.0,10.0,11
4,1,Billy Ray Cyrus,Karina Smirnoff,Singer/Rapper,Kentucky,United States,45,Eliminated Week 8,5,13.0,4.333333333333333,11.0,11
4,2,Laila Ali,Maksim Chmerkoskiy,Athlete,Florida,United States,29,3rd Place,3,27.0,9.0,1.0,11
4,2,Apolo Anton Ohno,Julianne Hough,Athlete,Washington,United States,24,1st Place,1,26.0,8.666666666666666,2.0,11
4,2,Heather Mills,Jonathan Roberts,Model,,England,39,Eliminated Week 6,7,24.0,8.0,3.0,11
4,2,Joey Fatone,Kym Johnson,Singer/Rapper,New York,United States,30,2nd Place,2,24.0,8.0,3.0,11
4,2,Ian Ziering,Cheryl Burke,Actor/Actress,New Jersey,United States,42,Eliminated Week 9,4,22.0,7.333333333333333,5.0,11
4,2,Billy Ray Cyrus,Karina Smirnoff,Singer/Rapper,Kentucky,United States,45,Eliminated Week 8,5,21.0,7.0,6.0,11
4,2,John Ratzenberger,Edyta Sliwinska,Actor/Actress,Connecticut,United States,59,Eliminated Week 7,6,21.0,7.0,6.0,11
4,2,Leeza Gibbons,Tony Dovolani,TV Personality,South Carolina,United States,50,Eliminated Week 4,9,21.0,7.0,6.0,11
4,2,Paulina Porizkova,Alec Mazo,Model,,Czechoslovakia,41,Eliminated Week 2,11,21.0,7.0,6.0,11
4,2,Shandi Finnessey,Brian Fortuna,Beauty Pagent,Missouri,United States,28,Eliminated Week 3,10,20.0,6.666666666666667,10.0,11
4,2,Clyde Drexler,Elena Grinenko,Athlete,Louisiana,United States,44,Eliminated Week 5,8,18.0,6.0,11.0,11
4,3,Heather Mills,Jonathan Roberts,Model,,England,39,Eliminated Week 6,7,24.0,8.0,1.0,10
4,3,Ian Ziering,Cheryl Burke,Actor/Actress,New Jersey,United States,42,Eliminated Week 9,4,24.0,8.0,1.0,10
4,3,Joey Fatone,Kym Johnson,Singer/Rapper,New York,United States,30,2nd Place,2,24.0,8.0,1.0,10
4,3,Leeza Gibbons,Tony Dovolani,TV Personality,South Carolina,United States,50,Eliminated Week 4,9,24.0,8.0,1.0,10
4,3,Apolo Anton Ohno,Julianne Hough,Athlete,Washington,United States,24,1st Place,1,23.0,7.666666666666667,5.0,10
4,3,Billy Ray Cyrus,Karina Smirnoff,Singer/Rapper,Kentucky,United States,45,Eliminated Week 8,5,21.0,7.0,6.0,10
4,3,Laila Ali,Maksim Chmerkoskiy,Athlete,Florida,United States,29,3rd Place,3,21.0,7.0,6.0,10
4,3,Shandi Finnessey,Brian Fortuna,Beauty Pagent,Missouri,United States,28,Eliminated Week 3,10,21.0,7.0,6.0,10
4,3,John Ratzenberger,Edyta Sliwinska,Actor/Actress,Connecticut,United States,59,Eliminated Week 7,6,20.0,6.666666666666667,9.0,10
4,3,Clyde Drexler,Elena Grinenko,Athlete,Louisiana,United States,44,Eliminated Week 5,8,16.0,5.333333333333333,10.0,10
4,4,Joey Fatone,Kym Johnson,Singer/Rapper,New York,United States,30,2nd Place,2,28.0,9.333333333333334,1.0,9
4,4,Apolo Anton Ohno,Julianne Hough,Athlete,Washington,United States,24,1st Place,1,26.0,8.666666666666666,2.0,9
4,4,Ian Ziering,Cheryl Burke,Actor/Actress,New Jersey,United States,42,Eliminated Week 9,4,24.0,8.0,3.0,9
4,4,Heather Mills,Jonathan Roberts,Model,,England,39,Eliminated Week 6,7,23.0,7.666666666666667,4.0,9
4,4,Billy Ray Cyrus,Karina Smirnoff,Singer/Rapper,Kentucky,United States,45,Eliminated Week 8,5,21.0,7.0,5.0,9
4,4,Laila Ali,Maksim Chmerkoskiy,Athlete,Florida,United States,29,3rd Place,3,21.0,7.0,5.0,9
4,4,John Ratzenberger,Edyta Sliwinska,Actor/Actress,Connecticut,United States,59,Eliminated Week 7,6,16.0,5.333333333333333,7.0,9
4,4,Leeza Gibbons,Tony Dovolani,TV Personality,South Carolina,United States,50,Eliminated Week 4,9,16.0,5.333333333333333,7.0,9
4,4,Clyde Drexler,Elena Grinenko,Athlete,Louisiana,United States,44,Eliminated Week 5,8,15.0,5.0,9.0,9
4,5,Apolo Anton Ohno,Julianne Hough,Athlete,Washington,United States,24,1st Place,1,30.0,10.0,1.0,8
4,5,Laila Ali,Maksim Chmerkoskiy,Athlete,Florida,United States,29,3rd Place,3,28.0,9.333333333333334,2.0,8
4,5,Joey Fatone,Kym Johnson,Singer/Rapper,New York,United States,30,2nd Place,2,25.0,8.333333333333334,3.0,8
4,5,Ian Ziering,Cheryl Burke,Actor/Actress,New Jersey,United States,42,Eliminated Week 9,4,24.0,8.0,4.0,8
4,5,Heather Mills,Jonathan Roberts,Model,,England,39,Eliminated Week 6,7,21.0,7.0,5.0,8
4,5,John Ratzenberger,Edyta Sliwinska,Actor/Actress,Connecticut,United States,59,Eliminated Week 7,6,18.0,6.0,6.0,8
4,5,Billy Ray Cyrus,Karina Smirnoff,Singer/Rapper,Kentucky,United States,45,Eliminated Week 8,5,17.0,5.666666666666667,7.0,8
4,5,Clyde Drexler,Elena Grinenko,Athlete,Louisiana,United States,44,Eliminated Week 5,8,13.0,4.333333333333333,8.0,8
4,6,Apolo Anton Ohno,Julianne Hough,Athlete,Washington,United States,24,1st Place,1,28.0,9.333333333333334,1.0,7
4,6,Laila Ali,Maksim Chmerkoskiy,Athlete,Florida,United States,29,3rd Place,3,28.0,9.333333333333334,1.0,7
4,6,Joey Fatone,Kym Johnson,Singer/Rapper,New York,United States,30,2nd Place,2,27.0,9.0,3.0,7
4,6,Ian Ziering,Cheryl Burke,Actor/Actress,New Jersey,United States,42,Eliminated Week 9,4,24.0,8.0,4.0,7
4,6,Heather Mills,Jonathan Roberts,Model,,England,39,Eliminated Week 6,7,23.0,7.666666666666667,5.0,7
4,6,Billy Ray Cyrus,Karina Smirnoff,Singer/Rapper,Kentucky,United States,45,Eliminated Week 8,5,21.0,7.0,6.0,7
4,6,John Ratzenberger,Edyta Sliwinska,Actor/Actress,Connecticut,United States,59,Eliminated Week 7,6,19.0,6.333333333333333,7.0,7
4,7,Joey Fatone,Kym Johnson,Singer/Rapper,New York,United States,30,2nd Place,2,29.5,9.833333333333334,1.0,6
4,7,Laila Ali,Maksim Chmerkoskiy,Athlete,Florida,United States,29,3rd Place,3,29.5,9.833333333333334,1.0,6
4,7,Apolo Anton Ohno,Julianne Hough,Athlete,Washington,United States,24,1st Place,1,27.0,9.0,3.0,6
4,7,Ian Ziering,Cheryl Burke,Actor/Actress,New Jersey,United States,42,Eliminated Week 9,4,27.0,9.0,3.0,6
4,7,John Ratzenberger,Edyta Sliwinska,Actor/Actress,Connecticut,United States,59,Eliminated Week 7,6,22.5,7.5,5.0,6
4,7,Billy Ray Cyrus,Karina Smirnoff,Singer/Rapper,Kentucky,United States,45,Eliminated Week 8,5,19.0,6.333333333333333,6.0,6
4,8,Apolo Anton Ohno,Julianne Hough,Athlete,Washington,United States,24,1st Place,1,29.0,9.666666666666666,1.0,5
4,8,Joey Fatone,Kym Johnson,Singer/Rapper,New York,United States,30,2nd Place,2,27.5,9.166666666666666,2.0,5
4,8,Laila Ali,Maksim Chmerkoskiy,Athlete,Florida,United States,29,3rd Place,3,26.5,8.833333333333334,3.0,5
4,8,Ian Ziering,Cheryl Burke,Actor/Actress,New Jersey,United States,42,Eliminated Week 9,4,23.5,7.833333333333333,4.0,5
4,8,Billy Ray Cyrus,Karina Smirnoff,Singer/Rapper,Kentucky,United States,45,Eliminated Week 8,5,19.0,6.333333333333333,5.0,5
4,9,Joey Fatone,Kym Johnson,Singer/Rapper,New York,United States,30,2nd Place,2,30.0,10.0,1.0,4
4,9,Laila Ali,Maksim Chmerkoskiy,Athlete,Florida,United States,29,3rd Place,3,30.0,10.0,1.0,4
4,9,Apolo Anton Ohno,Julianne Hough,Athlete,Washington,United States,24,1st Place,1,29.5,9.833333333333334,3.0,4
4,9,Ian Ziering,Cheryl Burke,Actor/Actress,New Jersey,United States,42,Eliminated Week 9,4,29.0,9.666666666666666,4.0,4
4,10,Apolo Anton Ohno,Julianne Hough,Athlete,Washington,United States,24,1st Place,1,29.3332,9.777733333333334,1.0,3
4,10,Joey Fatone,Kym Johnson,Singer/Rapper,New York,United States,30,2nd Place,2,28.6665,9.5555,2.0,3
4,10,Laila Ali,Maksim Chmerkoskiy,Athlete,Florida,United States,29,3rd Place,3,28.333200000000005,9.444400000000002,3.0,3
5,1,Sabrina Bryan,Mark Ballas,Actor/Actress,California,United States,23,Eliminated Week 6,7,26.0,8.666666666666666,1.0,12
5,1,Helio Castroneves,Julianne Hough,Racing Driver,,Brazil,32,1st Place,1,25.0,8.333333333333334,2.0,12
5,1,Jane Seymour,Tony Dovolani,Actor/Actress,,England,56,Eliminated Week 7,6,24.0,8.0,3.0,12
5,1,Mel B,Maksim Chmerkoskiy,Singer/Rapper,,England,32,2nd Place,2,24.0,8.0,3.0,12
5,1,Albert Reed,Anna Trebunskaya,Model,Florida,United States,22,Eliminated Week 2,11,21.0,7.0,5.0,12
5,1,Cameron Mathison,Edyta Sliwinska,Actor/Actress,,Canada,38,Eliminated Week 8,5,21.0,7.0,5.0,12
5,1,Jennie Garth,Derek Hough,Actor/Actress,Illinois,United States,35,Eliminated Week 9,4,21.0,7.0,5.0,12
5,1,Marie Osmond,Jonathan Roberts,Singer/Rapper,Utah,United States,47,3rd Place,3,21.0,7.0,5.0,12
5,1,Mark Cuban,Kym Johnson,TV Personality,Pennsylvania,United States,49,Eliminated Week 5,8,21.0,7.0,5.0,12
5,1,Wayne Newton,Cheryl Burke,Singer/Rapper,Virginia,United States,65,Eliminated Week 3,10,19.0,6.333333333333333,10.0,12
5,1,Floyd Mayweather Jr. ,Karina Smirnoff,Athlete,Michigan,United States,30,Eliminated Week 4,9,18.0,6.0,11.0,12
5,1,Josie Maran,Alec Mazo,Model,California,United States,29,Eliminated Week 1,12,16.0,5.333333333333333,12.0,12
5,2,Helio Castroneves,Julianne Hough,Racing Driver,,Brazil,32,1st Place,1,27.0,9.0,1.0,11
5,2,Sabrina Bryan,Mark Ballas,Actor/Actress,California,United States,23,Eliminated Week 6,7,26.0,8.666666666666666,2.0,11
5,2,Marie Osmond,Jonathan Roberts,Singer/Rapper,Utah,United States,47,3rd Place,3,24.0,8.0,3.0,11
5,2,Mel B,Maksim Chmerkoskiy,Singer/Rapper,,England,32,2nd Place,2,23.0,7.666666666666667,4.0,11
5,2,Albert Reed,Anna Trebunskaya,Model,Florida,United States,22,Eliminated Week 2,11,21.0,7.0,5.0,11
5,2,Cameron Mathison,Edyta Sliwinska,Actor/Actress,,Canada,38,Eliminated Week 8,5,21.0,7.0,5.0,11
5,2,Floyd Mayweather Jr. ,Karina Smirnoff,Athlete,Michigan,United States,30,Eliminated Week 4,9,21.0,7.0,5.0,11
5,2,Jane Seymour,Tony Dovolani,Actor/Actress,,England,56,Eliminated Week 7,6,21.0,7.0,5.0,11
5,2,Jennie Garth,Derek Hough,Actor/Actress,Illinois,United States,35,Eliminated Week 9,4,21.0,7.0,5.0,11
5,2,Mark Cuban,Kym Johnson,TV Personality,Pennsylvania,United States,49,Eliminated Week 5,8,18.0,6.0,10.0,11
5,2,Wayne Newton,Cheryl Burke,Singer/Rapper,Virginia,United States,65,Eliminated Week 3,10,15.0,5.0,11.0,11
5,3,Jane Seymour,Tony Dovolani,Actor/Actress,,England,56,Eliminated Week 7,6,27.0,9.0,1.0,10
5,3,Mel B,Maksim Chmerkoskiy,Singer/Rapper,,England,32,2nd Place,2,27.0,9.0,1.0,10
5,3,Sabrina Bryan,Mark Ballas,Actor/Actress,California,United States,23,Eliminated Week 6,7,27.0,9.0,1.0,10
5,3,Jennie Garth,Derek Hough,Actor/Actress,Illinois,United States,35,Eliminated Week 9,4,26.0,8.666666666666666,4.0,10
5,3,Marie Osmond,Jonathan Roberts,Singer/Rapper,Utah,United States,47,3rd Place,3,26.0,8.666666666666666,4.0,10
5,3,Helio Castroneves,Julianne Hough,Racing Driver,,Brazil,32,1st Place,1,24.0,8.0,6.0,10
5,3,Cameron Mathison,Edyta Sliwinska,Actor/Actress,,Canada,38,Eliminated Week 8,5,23.0,7.666666666666667,7.0,10
5,3,Floyd Mayweather Jr. ,Karina Smirnoff,Athlete,Michigan,United States,30,Eliminated Week 4,9,21.0,7.0,8.0,10
5,3,Mark Cuban,Kym Johnson,TV Personality,Pennsylvania,United States,49,Eliminated Week 5,8,20.0,6.666666666666667,9.0,10
5,3,Wayne Newton,Cheryl Burke,Singer/Rapper,Virginia,United States,65,Eliminated Week 3,10,18.0,6.0,10.0,10
5,4,Sabrina Bryan,Mark Ballas,Actor/Actress,California,United States,23,Eliminated Week 6,7,30.0,10.0,1.0,9
5,4,Cameron Mathison,Edyta Sliwinska,Actor/Actress,,Canada,38,Eliminated Week 8,5,27.0,9.0,2.0,9
5,4,Helio Castroneves,Julianne Hough,Racing Driver,,Brazil,32,1st Place,1,27.0,9.0,2.0,9
5,4,Jennie Garth,Derek Hough,Actor/Actress,Illinois,United States,35,Eliminated Week 9,4,27.0,9.0,2.0,9
5,4,Jane Seymour,Tony Dovolani,Actor/Actress,,England,56,Eliminated Week 7,6,26.0,8.666666666666666,5.0,9
5,4,Marie Osmond,Jonathan Roberts,Singer/Rapper,Utah,United States,47,3rd Place,3,26.0,8.666666666666666,5.0,9
5,4,Mel B,Maksim Chmerkoskiy,Singer/Rapper,,England,32,2nd Place,2,26.0,8.666666666666666,5.0,9
5,4,Floyd Mayweather Jr. ,Karina Smirnoff,Athlete,Michigan,United States,30,Eliminated Week 4,9,23.0,7.666666666666667,8.0,9
5,4,Mark Cuban,Kym Johnson,TV Personality,Pennsylvania,United States,49,Eliminated Week 5,8,22.0,7.333333333333333,9.0,9
5,5,Mel B,Maksim Chmerkoskiy,Singer/Rapper,,England,32,2nd Place,2,29.0,9.666666666666666,1.0,8
5,5,Sabrina Bryan,Mark Ballas,Actor/Actress,California,United States,23,Eliminated Week 6,7,28.0,9.333333333333334,2.0,8
5,5,Cameron Mathison,Edyta Sliwinska,Actor/Actress,,Canada,38,Eliminated Week 8,5,26.0,8.666666666666666,3.0,8
5,5,Jane Seymour,Tony Dovolani,Actor/Actress,,England,56,Eliminated Week 7,6,26.0,8.666666666666666,3.0,8
5,5,Jennie Garth,Derek Hough,Actor/Actress,Illinois,United States,35,Eliminated Week 9,4,25.0,8.333333333333334,5.0,8
5,5,Helio Castroneves,Julianne Hough,Racing Driver,,Brazil,32,1st Place,1,23.0,7.666666666666667,6.0,8
5,5,Marie Osmond,Jonathan Roberts,Singer/Rapper,Utah,United States,47,3rd Place,3,21.0,7.0,7.0,8
5,5,Mark Cuban,Kym Johnson,TV Personality,Pennsylvania,United States,49,Eliminated Week 5,8,21.0,7.0,7.0,8
5,6,Mel B,Maksim Chmerkoskiy,Singer/Rapper,,England,32,2nd Place,2,30.0,10.0,1.0,7
5,6,Helio Castroneves,Julianne Hough,Racing Driver,,Brazil,32,1st Place,1,28.0,9.333333333333334,2.0,7
5,6,Jennie Garth,Derek Hough,Actor/Actress,Illinois,United States,35,Eliminated Week 9,4,27.0,9.0,3.0,7
5,6,Cameron Mathison,Edyta Sliwinska,Actor/Actress,,Canada,38,Eliminated Week 8,5,25.0,8.333333333333334,4.0,7
5,6,Sabrina Bryan,Mark Ballas,Actor/Actress,California,United States,23,Eliminated Week 6,7,25.0,8.333333333333334,4.0,7
5,6,Marie Osmond,Jonathan Roberts,Singer/Rapper,Utah,United States,47,3rd Place,3,23.0,7.666666666666667,6.0,7
5,6,Jane Seymour,Tony Dovolani,Actor/Actress,,England,56,Eliminated Week 7,6,22.0,7.333333333333333,7.0,7
5,7,Mel B,Maksim Chmerkoskiy,Singer/Rapper,,England,32,2nd Place,2,27.0,9.0,1.0,6
5,7,Jennie Garth,Derek Hough,Actor/Actress,Illinois,United States,35,Eliminated Week 9,4,26.5,8.833333333333334,2.0,6
5,7,Helio Castroneves,Julianne Hough,Racing Driver,,Brazil,32,1st Place,1,26.0,8.666666666666666,3.0,6
5,7,Marie Osmond,Jonathan Roberts,Singer/Rapper,Utah,United States,47,3rd Place,3,26.0,8.666666666666666,3.0,6
5,7,Cameron Mathison,Edyta Sliwinska,Actor/Actress,,Canada,38,Eliminated Week 8,5,25.5,8.5,5.0,6
5,7,Jane Seymour,Tony Dovolani,Actor/Actress,,England,56,Eliminated Week 7,6,25.0,8.333333333333334,6.0,6
5,8,Helio Castroneves,Julianne Hough,Racing Driver,,Brazil,32,1st Place,1,28.5,9.5,1.0,5
5,8,Mel B,Maksim Chmerkoskiy,Singer/Rapper,,England,32,2nd Place,2,28.0,9.333333333333334,2.0,5
5,8,Cameron Mathison,Edyta Sliwinska,Actor/Actress,,Canada,38,Eliminated Week 8,5,25.5,8.5,3.0,5
5,8,Jennie Garth,Derek Hough,Actor/Actress,Illinois,United States,35,Eliminated Week 9,4,25.0,8.333333333333334,4.0,5
5,8,Marie Osmond,Jonathan Roberts,Singer/Rapper,Utah,United States,47,3rd Place,3,24.5,8.166666666666666,5.0,5
5,9,Helio Castroneves,Julianne Hough,Racing Driver,,Brazil,32,1st Place,1,30.0,10.0,1.0,4
5,9,Mel B,Maksim Chmerkoskiy,Singer/Rapper,,England,32,2nd Place,2,30.0,10.0,1.0,4
5,9,Jennie Garth,Derek Hough,Actor/Actress,Illinois,United States,35,Eliminated Week 9,4,29.0,9.666666666666666,3.0,4
5,9,Marie Osmond,Jonathan Roberts,Singer/Rapper,Utah,United States,47,3rd Place,3,28.0,9.333333333333334,4.0,4
5,10,Mel B,Maksim Chmerkoskiy,Singer/Rapper,,England,32,2nd Place,2,28.333199999999998,9.4444,1.0,3
5,10,Helio Castroneves,Julianne Hough,Racing Driver,,Brazil,32,1st Place,1,27.999900000000004,9.333300000000001,2.0,3
5,10,Marie Osmond,Jonathan Roberts,Singer/Rapper,Utah,United States,47,3rd Place,3,23.0,7.666666666666667,3.0,3
6,1,Kristi Yamaguchi,Mark Ballas,Athlete,California,United States,36,1st Place,1,27.0,9.0,1.0,12
6,1,Mario,Karina Smirnoff,Singer/Rapper,Maryland,United States,21,Eliminated Week 8,5,24.0,8.0,2.0,12
6,1,Priscilla Presley,Louis van Amstel,Actor/Actress,New York,United States,62,Eliminated Week 5,8,24.0,8.0,2.0,12
6,1,Jason Taylor,Edyta Sliwinska,Athlete,Pennsylvania,United States,33,2nd Place,2,22.0,7.333333333333333,4.0,12
6,1,Marlee Matlin,Fabian Sanchez,Actor/Actress,Illinois,United States,42,Eliminated Week 6,7,22.0,7.333333333333333,4.0,12
6,1,Cristian de la Fuente,Cheryl Burke,Actor/Actress,,Chile,34,3rd Place,3,21.0,7.0,6.0,12
6,1,Shannon Elizabeth,Derek Hough,Actor/Actress,Texas,United States,34,Eliminated Week 7,6,21.0,7.0,6.0,12
6,1,Marissa Jaret Winokur,Tony Dovolani,Actor/Actress,New York,United States,35,Eliminated Week 9,4,18.0,6.0,8.0,12
6,1,Steve Guttenberg,Anna Trebunskaya,Actor/Actress,New York,United States,49,Eliminated Week 3,10,18.0,6.0,8.0,12
6,1,Penn Jillette,Kym Johnson,Magician,Massachusetts,United States,53,Eliminated Week 2,12,16.0,5.333333333333333,10.0,12
6,1,Adam Carolla,Julianne Hough,Radio Personality,California,United States,43,Eliminated Week 4,9,15.0,5.0,11.0,12
6,1,Monica Seles,Jonathan Roberts,Athlete,,Yugoslavia,34,Eliminated Week 2,11,15.0,5.0,11.0,12
6,2,Jason Taylor,Edyta Sliwinska,Athlete,Pennsylvania,United States,33,2nd Place,2,27.0,9.0,1.0,12
6,2,Kristi Yamaguchi,Mark Ballas,Athlete,California,United States,36,1st Place,1,27.0,9.0,1.0,12
6,2,Mario,Karina Smirnoff,Singer/Rapper,Maryland,United States,21,Eliminated Week 8,5,26.0,8.666666666666666,3.0,12
6,2,Marlee Matlin,Fabian Sanchez,Actor/Actress,Illinois,United States,42,Eliminated Week 6,7,24.0,8.0,4.0,12
6,2,Shannon Elizabeth,Derek Hough,Actor/Actress,Texas,United States,34,Eliminated Week 7,6,24.0,8.0,4.0,12
6,2,Marissa Jaret Winokur,Tony Dovolani,Actor/Actress,New York,United States,35,Eliminated Week 9,4,21.0,7.0,6.0,12
6,2,Priscilla Presley,Louis van Amstel,Actor/Actress,New York,United States,62,Eliminated Week 5,8,21.0,7.0,6.0,12
6,2,Cristian de la Fuente,Cheryl Burke,Actor/Actress,,Chile,34,3rd Place,3,20.0,6.666666666666667,8.0,12
6,2,Adam Carolla,Julianne Hough,Radio Personality,California,United States,43,Eliminated Week 4,9,19.0,6.333333333333333,9.0,12
6,2,Penn Jillette,Kym Johnson,Magician,Massachusetts,United States,53,Eliminated Week 2,12,17.0,5.666666666666667,10.0,12
6,2,Steve Guttenberg,Anna Trebunskaya,Actor/Actress,New York,United States,49,Eliminated Week 3,10,16.0,5.333333333333333,11.0,12
6,2,Monica Seles,Jonathan Roberts,Athlete,,Yugoslavia,34,Eliminated Week 2,11,15.0,5.0,12.0,12
6,3,Kristi Yamaguchi,Mark Ballas,Athlete,California,United States,36,1st Place,1,27.0,9.0,1.0,10
6,3,Priscilla Presley,Louis van Amstel,Actor/Actress,New York,United States,62,Eliminated Week 5,8,26.0,8.666666666666666,2.0,10
6,3,Cristian de la Fuente,Cheryl Burke,Actor/Actress,,Chile,34,3rd Place,3,25.0,8.333333333333334,3.0,10
6,3,Shannon Elizabeth,Derek Hough,Actor/Actress,Texas,United States,34,Eliminated Week 7,6,24.0,8.0,4.0,10
6,3,Jason Taylor,Edyta Sliwinska,Athlete,Pennsylvania,United States,33,2nd Place,2,23.0,7.666666666666667,5.0,10
6,3,Adam Carolla,Julianne Hough,Radio Personality,California,United States,43,Eliminated Week 4,9,21.0,7.0,6.0,10
6,3,Mario,Karina Smirnoff,Singer/Rapper,Maryland,United States,21,Eliminated Week 8,5,21.0,7.0,6.0,10
6,3,Marlee Matlin,Fabian Sanchez,Actor/Actress,Illinois,United States,42,Eliminated Week 6,7,21.0,7.0,6.0,10
6,3,Steve Guttenberg,Anna Trebunskaya,Actor/Actress,New York,United States,49,Eliminated Week 3,10,21.0,7.0,6.0,10
6,3,Marissa Jaret Winokur,Tony Dovolani,Actor/Actress,New York,United States,35,Eliminated Week 9,4,19.0,6.333333333333333,10.0,10
6,4,Jason Taylor,Edyta Sliwinska,Athlete,Pennsylvania,United States,33,2nd Place,2,29.0,9.666666666666666,1.0,9
6,4,Kristi Yamaguchi,Mark Ballas,Athlete,California,United States,36,1st Place,1,29.0,9.666666666666666,1.0,9
6,4,Shannon Elizabeth,Derek Hough,Actor/Actress,Texas,United States,34,Eliminated Week 7,6,28.0,9.333333333333334,3.0,9
6,4,Cristian de la Fuente,Cheryl Burke,Actor/Actress,,Chile,34,3rd Place,3,26.0,8.666666666666666,4.0,9
6,4,Mario,Karina Smirnoff,Singer/Rapper,Maryland,United States,21,Eliminated Week 8,5,24.0,8.0,5.0,9
6,4,Marissa Jaret Winokur,Tony Dovolani,Actor/Actress,New York,United States,35,Eliminated Week 9,4,24.0,8.0,5.0,9
6,4,Marlee Matlin,Fabian Sanchez,Actor/Actress,Illinois,United States,42,Eliminated Week 6,7,24.0,8.0,5.0,9
6,4,Priscilla Presley,Louis van Amstel,Actor/Actress,New York,United States,62,Eliminated Week 5,8,22.0,7.333333333333333,8.0,9
6,4,Adam Carolla,Julianne Hough,Radio Personality,California,United States,43,Eliminated Week 4,9,19.0,6.333333333333333,9.0,9
6,5,Kristi Yamaguchi,Mark Ballas,Athlete,California,United States,36,1st Place,1,29.0,9.666666666666666,1.0,8
6,5,Jason Taylor,Edyta Sliwinska,Athlete,Pennsylvania,United States,33,2nd Place,2,27.0,9.0,2.0,8
6,5,Mario,Karina Smirnoff,Singer/Rapper,Maryland,United States,21,Eliminated Week 8,5,27.0,9.0,2.0,8
6,5,Marissa Jaret Winokur,Tony Dovolani,Actor/Actress,New York,United States,35,Eliminated Week 9,4,24.0,8.0,4.0,8
6,5,Cristian de la Fuente,Cheryl Burke,Actor/Actress,,Chile,34,3rd Place,3,23.0,7.666666666666667,5.0,8
6,5,Shannon Elizabeth,Derek Hough,Actor/Actress,Texas,United States,34,Eliminated Week 7,6,23.0,7.666666666666667,5.0,8
6,5,Marlee Matlin,Fabian Sanchez,Actor/Actress,Illinois,United States,42,Eliminated Week 6,7,22.0,7.333333333333333,7.0,8
6,5,Priscilla Presley,Louis van Amstel,Actor/Actress,New York,United States,62,Eliminated Week 5,8,21.0,7.0,8.0,8
6,6,Kristi Yamaguchi,Mark Ballas,Athlete,California,United States,36,1st Place,1,30.0,10.0,1.0,7
6,6,Mario,Karina Smirnoff,Singer/Rapper,Maryland,United States,21,Eliminated Week 8,5,28.0,9.333333333333334,2.0,7
6,6,Cristian de la Fuente,Cheryl Burke,Actor/Actress,,Chile,34,3rd Place,3,27.0,9.0,3.0,7
6,6,Marissa Jaret Winokur,Tony Dovolani,Actor/Actress,New York,United States,35,Eliminated Week 9,4,26.0,8.666666666666666,4.0,7
6,6,Jason Taylor,Edyta Sliwinska,Athlete,Pennsylvania,United States,33,2nd Place,2,24.0,8.0,5.0,7
6,6,Shannon Elizabeth,Derek Hough,Actor/Actress,Texas,United States,34,Eliminated Week 7,6,24.0,8.0,5.0,7
6,6,Marlee Matlin,Fabian Sanchez,Actor/Actress,Illinois,United States,42,Eliminated Week 6,7,21.0,7.0,7.0,7
6,7,Jason Taylor,Edyta Sliwinska,Athlete,Pennsylvania,United States,33,2nd Place,2,27.5,9.166666666666666,1.0,6
6,7,Kristi Yamaguchi,Mark Ballas,Athlete,California,United States,36,1st Place,1,27.0,9.0,2.0,6
6,7,Marissa Jaret Winokur,Tony Dovolani,Actor/Actress,New York,United States,35,Eliminated Week 9,4,26.0,8.666666666666666,3.0,6
6,7,Mario,Karina Smirnoff,Singer/Rapper,Maryland,United States,21,Eliminated Week 8,5,25.5,8.5,4.0,6
6,7,Shannon Elizabeth,Derek Hough,Actor/Actress,Texas,United States,34,Eliminated Week 7,6,25.5,8.5,4.0,6
6,7,Cristian de la Fuente,Cheryl Burke,Actor/Actress,,Chile,34,3rd Place,3,23.0,7.666666666666667,6.0,6
6,8,Cristian de la Fuente,Cheryl Burke,Actor/Actress,,Chile,34,3rd Place,3,28.5,9.5,1.0,5
6,8,Kristi Yamaguchi,Mark Ballas,Athlete,California,United States,36,1st Place,1,27.5,9.166666666666666,2.0,5
6,8,Mario,Karina Smirnoff,Singer/Rapper,Maryland,United States,21,Eliminated Week 8,5,26.5,8.833333333333334,3.0,5
6,8,Jason Taylor,Edyta Sliwinska,Athlete,Pennsylvania,United States,33,2nd Place,2,26.0,8.666666666666666,4.0,5
6,8,Marissa Jaret Winokur,Tony Dovolani,Actor/Actress,New York,United States,35,Eliminated Week 9,4,25.0,8.333333333333334,5.0,5
6,9,Kristi Yamaguchi,Mark Ballas,Athlete,California,United States,36,1st Place,1,28.5,9.5,1.0,4
6,9,Cristian de la Fuente,Cheryl Burke,Actor/Actress,,Chile,34,3rd Place,3,28.0,9.333333333333334,2.0,4
6,9,Jason Taylor,Edyta Sliwinska,Athlete,Pennsylvania,United States,33,2nd Place,2,27.5,9.166666666666666,3.0,4
6,9,Marissa Jaret Winokur,Tony Dovolani,Actor/Actress,New York,United States,35,Eliminated Week 9,4,26.0,8.666666666666666,4.0,4
6,10,Kristi Yamaguchi,Mark Ballas,Athlete,California,United States,36,1st Place,1,30.0,10.0,1.0,3
6,10,Jason Taylor,Edyta Sliwinska,Athlete,Pennsylvania,United States,33,2nd Place,2,28.5,9.5,2.0,3
6,10,Cristian de la Fuente,Cheryl Burke,Actor/Actress,,Chile,34,3rd Place,3,26.0,8.666666666666666,3.0,3
7,1,Brooke Burke,Derek Hough,TV Personality,Connecticut,United States,37,1st Place,1,24.5,8.166666666666666,1.0,13
7,1,Toni Braxton,Alec Mazo,Singer/Rapper,Maryland,United States,40,Eliminated Week 5,8,22.5,7.5,2.0,13
7,1,Lance Bass,Lacey Schwimmer,Singer/Rapper,Mississippi,United States,29,3rd Place,3,21.5,7.166666666666667,3.0,13
7,1,Warren Sapp,Kym Johnson,Athlete,Florida,United States,35,2nd Place,2,21.5,7.166666666666667,3.0,13
7,1,Misty May-Treanor,Maksim Chmerkoskiy,Athlete,California,United States,31,Withdrew,10,21.0,7.0,5.0,13
7,1,Cody Linley,Julianne Hough,Actor/Actress,Texas,United States,18,Eliminated Week 9,4,20.5,6.833333333333333,6.0,13
7,1,Maurice Greene,Cheryl Burke,Athlete,Kansas,United States,34,Eliminated Week 8,5,19.5,6.5,7.0,13
7,1,Kim Kardashian,Mark Ballas,TV Personality,California,United States,27,Eliminated Week 2,11,18.5,6.166666666666667,8.0,13
7,1,Susan Lucci,Tony Dovolani,Actor/Actress,New York,United States,61,Eliminated Week 7,6,18.5,6.166666666666667,8.0,13
7,1,Ted McGinley,Inna Brayer,Actor/Actress,California,United States,50,Eliminated Week 1,12,18.5,6.166666666666667,8.0,13
7,1,Rocco DiSpirito,Karina Smirnoff,TV Personality,New York,United States,41,Eliminated Week 4,9,17.5,5.833333333333333,11.0,13
7,1,Cloris Leachman,Corky Ballas,Actor/Actress,Iowa,United States,82,Eliminated Week 6,7,16.0,5.333333333333333,12.0,13
7,1,Jeffrey Ross,Edyta Sliwinska,Comedian,New Jersey,United States,43,Eliminated Week 1,13,12.0,4.0,13.0,13
7,2,Brooke Burke,Derek Hough,TV Personality,Connecticut,United States,37,1st Place,1,24.0,8.0,1.0,11
7,2,Warren Sapp,Kym Johnson,Athlete,Florida,United States,35,2nd Place,2,24.0,8.0,1.0,11
7,2,Toni Braxton,Alec Mazo,Singer/Rapper,Maryland,United States,40,Eliminated Week 5,8,23.0,7.666666666666667,3.0,11
7,2,Cody Linley,Julianne Hough,Actor/Actress,Texas,United States,18,Eliminated Week 9,4,21.0,7.0,4.0,11
7,2,Misty May-Treanor,Maksim Chmerkoskiy,Athlete,California,United States,31,Withdrew,10,21.0,7.0,4.0,11
7,2,Susan Lucci,Tony Dovolani,Actor/Actress,New York,United States,61,Eliminated Week 7,6,21.0,7.0,4.0,11
7,2,Lance Bass,Lacey Schwimmer,Singer/Rapper,Mississippi,United States,29,3rd Place,3,20.0,6.666666666666667,7.0,11
7,2,Maurice Greene,Cheryl Burke,Athlete,Kansas,United States,34,Eliminated Week 8,5,19.0,6.333333333333333,8.0,11
7,2,Kim Kardashian,Mark Ballas,TV Personality,California,United States,27,Eliminated Week 2,11,17.0,5.666666666666667,9.0,11
7,2,Rocco DiSpirito,Karina Smirnoff,TV Personality,New York,United States,41,Eliminated Week 4,9,16.0,5.333333333333333,10.0,11
7,2,Cloris Leachman,Corky Ballas,Actor/Actress,Iowa,United States,82,Eliminated Week 6,7,15.0,5.0,11.0,11
7,3,Brooke Burke,Derek Hough,TV Personality,Connecticut,United States,37,1st Place,1,28.0,9.333333333333334,1.0,9
7,3,Warren Sapp,Kym Johnson,Athlete,Florida,United States,35,2nd Place,2,25.0,8.333333333333334,2.0,9
7,3,Maurice Greene,Cheryl Burke,Athlete,Kansas,United States,34,Eliminated Week 8,5,24.0,8.0,3.0,9
7,3,Lance Bass,Lacey Schwimmer,Singer/Rapper,Mississippi,United States,29,3rd Place,3,22.0,7.333333333333333,4.0,9
7,3,Toni Braxton,Alec Mazo,Singer/Rapper,Maryland,United States,40,Eliminated Week 5,8,22.0,7.333333333333333,4.0,9
7,3,Cody Linley,Julianne Hough,Actor/Actress,Texas,United States,18,Eliminated Week 9,4,21.0,7.0,6.0,9
7,3,Susan Lucci,Tony Dovolani,Actor/Actress,New York,United States,61,Eliminated Week 7,6,21.0,7.0,6.0,9
7,3,Rocco DiSpirito,Karina Smirnoff,TV Personality,New York,United States,41,Eliminated Week 4,9,20.0,6.666666666666667,8.0,9
7,3,Cloris Leachman,Corky Ballas,Actor/Actress,Iowa,United States,82,Eliminated Week 6,7,16.0,5.333333333333333,9.0,9
7,4,Brooke Burke,Derek Hough,TV Personality,Connecticut,United States,37,1st Place,1,26.0,8.666666666666666,1.0,9
7,4,Lance Bass,Lacey Schwimmer,Singer/Rapper,Mississippi,United States,29,3rd Place,3,26.0,8.666666666666666,1.0,9
7,4,Susan Lucci,Tony Dovolani,Actor/Actress,New York,United States,61,Eliminated Week 7,6,24.0,8.0,3.0,9
7,4,Cody Linley,Julianne Hough,Actor/Actress,Texas,United States,18,Eliminated Week 9,4,23.0,7.666666666666667,4.0,9
7,4,Cloris Leachman,Corky Ballas,Actor/Actress,Iowa,United States,82,Eliminated Week 6,7,22.0,7.333333333333333,5.0,9
7,4,Toni Braxton,Alec Mazo,Singer/Rapper,Maryland,United States,40,Eliminated Week 5,8,22.0,7.333333333333333,5.0,9
7,4,Warren Sapp,Kym Johnson,Athlete,Florida,United States,35,2nd Place,2,22.0,7.333333333333333,5.0,9
7,4,Maurice Greene,Cheryl Burke,Athlete,Kansas,United States,34,Eliminated Week 8,5,20.0,6.666666666666667,8.0,9
7,4,Rocco DiSpirito,Karina Smirnoff,TV Personality,New York,United States,41,Eliminated Week 4,9,18.0,6.0,9.0,9
7,5,Brooke Burke,Derek Hough,TV Personality,Connecticut,United States,37,1st Place,1,29.0,9.666666666666666,1.0,8
7,5,Cody Linley,Julianne Hough,Actor/Actress,Texas,United States,18,Eliminated Week 9,4,28.0,9.333333333333334,2.0,8
7,5,Maurice Greene,Cheryl Burke,Athlete,Kansas,United States,34,Eliminated Week 8,5,27.0,9.0,3.0,8
7,5,Warren Sapp,Kym Johnson,Athlete,Florida,United States,35,2nd Place,2,25.0,8.333333333333334,4.0,8
7,5,Susan Lucci,Tony Dovolani,Actor/Actress,New York,United States,61,Eliminated Week 7,6,22.0,7.333333333333333,5.0,8
7,5,Toni Braxton,Alec Mazo,Singer/Rapper,Maryland,United States,40,Eliminated Week 5,8,22.0,7.333333333333333,5.0,8
7,5,Cloris Leachman,Corky Ballas,Actor/Actress,Iowa,United States,82,Eliminated Week 6,7,21.0,7.0,7.0,8
7,5,Lance Bass,Lacey Schwimmer,Singer/Rapper,Mississippi,United States,29,3rd Place,3,21.0,7.0,7.0,8
7,6,Lance Bass,Lacey Schwimmer,Singer/Rapper,Mississippi,United States,29,3rd Place,3,27.0,9.0,1.0,7
7,6,Brooke Burke,Derek Hough,TV Personality,Connecticut,United States,37,1st Place,1,26.0,8.666666666666666,2.0,7
7,6,Warren Sapp,Kym Johnson,Athlete,Florida,United States,35,2nd Place,2,25.0,8.333333333333334,3.0,7
7,6,Cody Linley,Julianne Hough,Actor/Actress,Texas,United States,18,Eliminated Week 9,4,23.0,7.666666666666667,4.0,7
7,6,Susan Lucci,Tony Dovolani,Actor/Actress,New York,United States,61,Eliminated Week 7,6,23.0,7.666666666666667,4.0,7
7,6,Maurice Greene,Cheryl Burke,Athlete,Kansas,United States,34,Eliminated Week 8,5,21.0,7.0,6.0,7
7,6,Cloris Leachman,Corky Ballas,Actor/Actress,Iowa,United States,82,Eliminated Week 6,7,15.0,5.0,7.0,7
7,7,Brooke Burke,Derek Hough,TV Personality,Connecticut,United States,37,1st Place,1,30.0,10.0,1.0,6
7,7,Lance Bass,Lacey Schwimmer,Singer/Rapper,Mississippi,United States,29,3rd Place,3,25.0,8.333333333333334,2.0,6
7,7,Maurice Greene,Cheryl Burke,Athlete,Kansas,United States,34,Eliminated Week 8,5,25.0,8.333333333333334,2.0,6
7,7,Susan Lucci,Tony Dovolani,Actor/Actress,New York,United States,61,Eliminated Week 7,6,24.0,8.0,4.0,6
7,7,Cody Linley,Julianne Hough,Actor/Actress,Texas,United States,18,Eliminated Week 9,4,22.0,7.333333333333333,5.0,6
7,7,Warren Sapp,Kym Johnson,Athlete,Florida,United States,35,2nd Place,2,21.0,7.0,6.0,6
7,8,Brooke Burke,Derek Hough,TV Personality,Connecticut,United States,37,1st Place,1,27.5,9.166666666666666,1.0,5
7,8,Warren Sapp,Kym Johnson,Athlete,Florida,United States,35,2nd Place,2,27.0,9.0,2.0,5
7,8,Lance Bass,Lacey Schwimmer,Singer/Rapper,Mississippi,United States,29,3rd Place,3,25.0,8.333333333333334,3.0,5
7,8,Cody Linley,Julianne Hough,Actor/Actress,Texas,United States,18,Eliminated Week 9,4,24.0,8.0,4.0,5
7,8,Maurice Greene,Cheryl Burke,Athlete,Kansas,United States,34,Eliminated Week 8,5,24.0,8.0,4.0,5
7,9,Lance Bass,Lacey Schwimmer,Singer/Rapper,Mississippi,United States,29,3rd Place,3,28.5,9.5,1.0,4
7,9,Brooke Burke,Derek Hough,TV Personality,Connecticut,United States,37,1st Place,1,24.5,8.166666666666666,2.0,4
7,9,Warren Sapp,Kym Johnson,Athlete,Florida,United States,35,2nd Place,2,24.5,8.166666666666666,2.0,4
7,9,Cody Linley,Julianne Hough,Actor/Actress,Texas,United States,18,Eliminated Week 9,4,23.0,7.666666666666667,4.0,4
7,10,Brooke Burke,Derek Hough,TV Personality,Connecticut,United States,37,1st Place,1,30.0,10.0,1.0,3
7,10,Lance Bass,Lacey Schwimmer,Singer/Rapper,Mississippi,United States,29,3rd Place,3,27.5,9.166666666666666,2.0,3
7,10,Warren Sapp,Kym Johnson,Athlete,Florida,United States,35,2nd Place,2,27.5,9.166666666666666,2.0,3
8,1,Gilles Marini,Cheryl Burke,Actor/Actress,,France,33,2nd Place,2,24.0,8.0,1.0,13
8,1,Melissa Rycroft,Tony Dovolani,TV Personality,Texas,United States,26,3rd Place,3,23.0,7.666666666666667,2.0,13
8,1,Shawn Johnson,Mark Ballas,Athlete,Iowa,United States,17,1st Place,1,23.0,7.666666666666667,2.0,13
8,1,Lil' Kim,Derek Hough,Singer/Rapper,New York,United States,34,Eliminated Week 9,5,21.0,7.0,4.0,13
8,1,Chuck Wicks,Julianne Hough,Singer/Rapper,Delaware,United States,29,Eliminated Week 8,6,20.0,6.666666666666667,5.0,13
8,1,David Alan Grier,Kym Johnson,Actor/Actress,Michigan,United States,52,Eliminated Week 5,9,19.0,6.333333333333333,6.0,13
8,1,Denise Richards,Maksim Chmerkoskiy,Actor/Actress,Illinois,United States,38,Eliminated Week 3,12,18.0,6.0,7.0,13
8,1,Holly Madison,Dmitry Chaplin,TV Personality,Oregon,United States,30,Eliminated Week 4,11,18.0,6.0,7.0,13
8,1,Belinda Carlisle,Jonathan Roberts,Singer/Rapper,California,United States,50,Eliminated Week 2,13,17.0,5.666666666666667,9.0,13
8,1,Steve-O,Lacey Schwimmer,TV Personality,,England,34,Eliminated Week 6,8,17.0,5.666666666666667,9.0,13
8,1,Lawrence Taylor,Edyta Sliwinska,Athlete,Virginia,United States,50,Eliminated Week 7,7,16.0,5.333333333333333,11.0,13
8,1,Ty Murray,Chelsie Hightower,Athlete,Arizona,United States,39,Eliminated Week 10,4,14.0,4.666666666666667,12.0,13
8,1,Steve Wozniak,Karina Smirnoff,Entrepreneur,California,United States,58,Eliminated Week 4,10,13.0,4.333333333333333,13.0,13
8,2,Gilles Marini,Cheryl Burke,Actor/Actress,,France,33,2nd Place,2,27.0,9.0,1.0,13
8,2,Melissa Rycroft,Tony Dovolani,TV Personality,Texas,United States,26,3rd Place,3,26.0,8.666666666666666,2.0,13
8,2,Shawn Johnson,Mark Ballas,Athlete,Iowa,United States,17,1st Place,1,24.0,8.0,3.0,13
8,2,Lil' Kim,Derek Hough,Singer/Rapper,New York,United States,34,Eliminated Week 9,5,23.0,7.666666666666667,4.0,13
8,2,Denise Richards,Maksim Chmerkoskiy,Actor/Actress,Illinois,United States,38,Eliminated Week 3,12,21.0,7.0,5.0,13
8,2,Chuck Wicks,Julianne Hough,Singer/Rapper,Delaware,United States,29,Eliminated Week 8,6,20.0,6.666666666666667,6.0,13
8,2,Lawrence Taylor,Edyta Sliwinska,Athlete,Virginia,United States,50,Eliminated Week 7,7,20.0,6.666666666666667,6.0,13
8,2,Ty Murray,Chelsie Hightower,Athlete,Arizona,United States,39,Eliminated Week 10,4,20.0,6.666666666666667,6.0,13
8,2,Belinda Carlisle,Jonathan Roberts,Singer/Rapper,California,United States,50,Eliminated Week 2,13,18.0,6.0,9.0,13
8,2,Holly Madison,Dmitry Chaplin,TV Personality,Oregon,United States,30,Eliminated Week 4,11,18.0,6.0,9.0,13
8,2,David Alan Grier,Kym Johnson,Actor/Actress,Michigan,United States,52,Eliminated Week 5,9,17.0,5.666666666666667,11.0,13
8,2,Steve Wozniak,Karina Smirnoff,Entrepreneur,California,United States,58,Eliminated Week 4,10,17.0,5.666666666666667,11.0,13
8,2,Steve-O,Lacey Schwimmer,TV Personality,,England,34,Eliminated Week 6,8,14.0,4.666666666666667,13.0,13
8,3,Gilles Marini,Cheryl Burke,Actor/Actress,,France,33,2nd Place,2,27.0,9.0,1.0,12
8,3,Melissa Rycroft,Tony Dovolani,TV Personality,Texas,United States,26,3rd Place,3,27.0,9.0,1.0,12
8,3,Shawn Johnson,Mark Ballas,Athlete,Iowa,United States,17,1st Place,1,27.0,9.0,1.0,12
8,3,Lil' Kim,Derek Hough,Singer/Rapper,New York,United States,34,Eliminated Week 9,5,25.0,8.333333333333334,4.0,12
8,3,David Alan Grier,Kym Johnson,Actor/Actress,Michigan,United States,52,Eliminated Week 5,9,24.0,8.0,5.0,12
8,3,Chuck Wicks,Julianne Hough,Singer/Rapper,Delaware,United States,29,Eliminated Week 8,6,23.0,7.666666666666667,6.0,12
8,3,Ty Murray,Chelsie Hightower,Athlete,Arizona,United States,39,Eliminated Week 10,4,23.0,7.666666666666667,6.0,12
8,3,Lawrence Taylor,Edyta Sliwinska,Athlete,Virginia,United States,50,Eliminated Week 7,7,20.0,6.666666666666667,8.0,12
8,3,Holly Madison,Dmitry Chaplin,TV Personality,Oregon,United States,30,Eliminated Week 4,11,17.0,5.666666666666667,9.0,12
8,3,Denise Richards,Maksim Chmerkoskiy,Actor/Actress,Illinois,United States,38,Eliminated Week 3,12,16.0,5.333333333333333,10.0,12
8,3,Steve-O,Lacey Schwimmer,TV Personality,,England,34,Eliminated Week 6,8,15.0,5.0,11.0,12
8,3,Steve Wozniak,Karina Smirnoff,Entrepreneur,California,United States,58,Eliminated Week 4,10,10.0,3.3333333333333335,12.0,12
8,4,Gilles Marini,Cheryl Burke,Actor/Actress,,France,33,2nd Place,2,30.0,10.0,1.0,11
8,4,Melissa Rycroft,Tony Dovolani,TV Personality,Texas,United States,26,3rd Place,3,29.0,9.666666666666666,2.0,11
8,4,Lil' Kim,Derek Hough,Singer/Rapper,New York,United States,34,Eliminated Week 9,5,27.0,9.0,3.0,11
8,4,Shawn Johnson,Mark Ballas,Athlete,Iowa,United States,17,1st Place,1,25.0,8.333333333333334,4.0,11
8,4,Ty Murray,Chelsie Hightower,Athlete,Arizona,United States,39,Eliminated Week 10,4,25.0,8.333333333333334,4.0,11
8,4,Chuck Wicks,Julianne Hough,Singer/Rapper,Delaware,United States,29,Eliminated Week 8,6,22.0,7.333333333333333,6.0,11
8,4,David Alan Grier,Kym Johnson,Actor/Actress,Michigan,United States,52,Eliminated Week 5,9,22.0,7.333333333333333,6.0,11
8,4,Lawrence Taylor,Edyta Sliwinska,Athlete,Virginia,United States,50,Eliminated Week 7,7,19.0,6.333333333333333,8.0,11
8,4,Holly Madison,Dmitry Chaplin,TV Personality,Oregon,United States,30,Eliminated Week 4,11,16.0,5.333333333333333,9.0,11
8,4,Steve-O,Lacey Schwimmer,TV Personality,,England,34,Eliminated Week 6,8,15.0,5.0,10.0,11
8,4,Steve Wozniak,Karina Smirnoff,Entrepreneur,California,United States,58,Eliminated Week 4,10,12.0,4.0,11.0,11
8,5,Gilles Marini,Cheryl Burke,Actor/Actress,,France,33,2nd Place,2,29.0,9.666666666666666,1.0,9
8,5,Lil' Kim,Derek Hough,Singer/Rapper,New York,United States,34,Eliminated Week 9,5,26.0,8.666666666666666,2.0,9
8,5,Shawn Johnson,Mark Ballas,Athlete,Iowa,United States,17,1st Place,1,26.0,8.666666666666666,2.0,9
8,5,Melissa Rycroft,Tony Dovolani,TV Personality,Texas,United States,26,3rd Place,3,25.0,8.333333333333334,4.0,9
8,5,Chuck Wicks,Julianne Hough,Singer/Rapper,Delaware,United States,29,Eliminated Week 8,6,23.0,7.666666666666667,5.0,9
8,5,David Alan Grier,Kym Johnson,Actor/Actress,Michigan,United States,52,Eliminated Week 5,9,22.0,7.333333333333333,6.0,9
8,5,Ty Murray,Chelsie Hightower,Athlete,Arizona,United States,39,Eliminated Week 10,4,21.0,7.0,7.0,9
8,5,Lawrence Taylor,Edyta Sliwinska,Athlete,Virginia,United States,50,Eliminated Week 7,7,20.0,6.666666666666667,8.0,9
8,5,Steve-O,Lacey Schwimmer,TV Personality,,England,34,Eliminated Week 6,8,18.0,6.0,9.0,9
8,6,Lil' Kim,Derek Hough,Singer/Rapper,New York,United States,34,Eliminated Week 9,5,28.0,9.333333333333334,1.0,8
8,6,Melissa Rycroft,Tony Dovolani,TV Personality,Texas,United States,26,3rd Place,3,27.0,9.0,2.0,8
8,6,Gilles Marini,Cheryl Burke,Actor/Actress,,France,33,2nd Place,2,26.0,8.666666666666666,3.0,8
8,6,Shawn Johnson,Mark Ballas,Athlete,Iowa,United States,17,1st Place,1,26.0,8.666666666666666,3.0,8
8,6,Chuck Wicks,Julianne Hough,Singer/Rapper,Delaware,United States,29,Eliminated Week 8,6,23.0,7.666666666666667,5.0,8
8,6,Lawrence Taylor,Edyta Sliwinska,Athlete,Virginia,United States,50,Eliminated Week 7,7,22.0,7.333333333333333,6.0,8
8,6,Ty Murray,Chelsie Hightower,Athlete,Arizona,United States,39,Eliminated Week 10,4,18.0,6.0,7.0,8
8,6,Steve-O,Lacey Schwimmer,TV Personality,,England,34,Eliminated Week 6,8,16.0,5.333333333333333,8.0,8
8,7,Melissa Rycroft,Tony Dovolani,TV Personality,Texas,United States,26,3rd Place,3,29.0,9.666666666666666,1.0,7
8,7,Shawn Johnson,Mark Ballas,Athlete,Iowa,United States,17,1st Place,1,28.0,9.333333333333334,2.0,7
8,7,Chuck Wicks,Julianne Hough,Singer/Rapper,Delaware,United States,29,Eliminated Week 8,6,27.0,9.0,3.0,7
8,7,Gilles Marini,Cheryl Burke,Actor/Actress,,France,33,2nd Place,2,27.0,9.0,3.0,7
8,7,Lil' Kim,Derek Hough,Singer/Rapper,New York,United States,34,Eliminated Week 9,5,26.0,8.666666666666666,5.0,7
8,7,Ty Murray,Chelsie Hightower,Athlete,Arizona,United States,39,Eliminated Week 10,4,24.0,8.0,6.0,7
8,7,Lawrence Taylor,Edyta Sliwinska,Athlete,Virginia,United States,50,Eliminated Week 7,7,21.0,7.0,7.0,7
8,8,Lil' Kim,Derek Hough,Singer/Rapper,New York,United States,34,Eliminated Week 9,5,28.0,9.333333333333334,1.0,6
8,8,Gilles Marini,Cheryl Burke,Actor/Actress,,France,33,2nd Place,2,27.5,9.166666666666666,2.0,6
8,8,Shawn Johnson,Mark Ballas,Athlete,Iowa,United States,17,1st Place,1,26.0,8.666666666666666,3.0,6
8,8,Ty Murray,Chelsie Hightower,Athlete,Arizona,United States,39,Eliminated Week 10,4,26.0,8.666666666666666,3.0,6
8,8,Chuck Wicks,Julianne Hough,Singer/Rapper,Delaware,United States,29,Eliminated Week 8,6,25.5,8.5,5.0,6
8,8,Melissa Rycroft,Tony Dovolani,TV Personality,Texas,United States,26,3rd Place,3,23.0,7.666666666666667,6.0,6
8,9,Melissa Rycroft,Tony Dovolani,TV Personality,Texas,United States,26,3rd Place,3,28.5,9.5,1.0,5
8,9,Gilles Marini,Cheryl Burke,Actor/Actress,,France,33,2nd Place,2,28.0,9.333333333333334,2.0,5
8,9,Shawn Johnson,Mark Ballas,Athlete,Iowa,United States,17,1st Place,1,28.0,9.333333333333334,2.0,5
8,9,Lil' Kim,Derek Hough,Singer/Rapper,New York,United States,34,Eliminated Week 9,5,26.0,8.666666666666666,4.0,5
8,9,Ty Murray,Chelsie Hightower,Athlete,Arizona,United States,39,Eliminated Week 10,4,23.0,7.666666666666667,5.0,5
8,10,Gilles Marini,Cheryl Burke,Actor/Actress,,France,33,2nd Place,2,30.0,10.0,1.0,4
8,10,Shawn Johnson,Mark Ballas,Athlete,Iowa,United States,17,1st Place,1,28.0,9.333333333333334,2.0,4
8,10,Melissa Rycroft,Tony Dovolani,TV Personality,Texas,United States,26,3rd Place,3,27.5,9.166666666666666,3.0,4
8,10,Ty Murray,Chelsie Hightower,Athlete,Arizona,United States,39,Eliminated Week 10,4,24.0,8.0,4.0,4
8,11,Shawn Johnson,Mark Ballas,Athlete,Iowa,United States,17,1st Place,1,30.0,10.0,1.0,3
8,11,Gilles Marini,Cheryl Burke,Actor/Actress,,France,33,2nd Place,2,29.0,9.666666666666666,2.0,3
8,11,Melissa Rycroft,Tony Dovolani,TV Personality,Texas,United States,26,3rd Place,3,28.5,9.5,3.0,3
9,1,Joanna Krupa,Derek Hough,Model,,Poland,30,Eliminated Week 9,4,33.9999,11.3333,1.0,16
9,1,Aaron Carter,Karina Smirnoff,Singer/Rapper,Florida,United States,21,Eliminated Week 8,5,31.999899999999997,10.666633333333332,2.0,16
9,1,Mya,Dmitry Chaplin,Singer/Rapper,Washington D.C.,United States,29,2nd Place,2,30.999899999999997,10.3333,3.0,16
9,1,Kelly Osbourne,Louis van Amstel,TV Personality,,England,24,3rd Place,3,30.9998,10.333266666666667,4.0,16
9,1,Donny Osmond,Kym Johnson,Singer/Rapper,Utah,United States,51,1st Place,1,29.999899999999997,9.999966666666666,5.0,16
9,1,Mark Dacascos,Lacey Schwimmer,Actor/Actress,Hawaii,United States,45,Eliminated Week 7,6,28.9998,9.6666,6.0,16
9,1,Louie Vito,Chelsie Hightower,Athlete,Ohio,United States,21,Eliminated Week 6,8,26.9998,8.999933333333333,7.0,16
9,1,Natalie Coughlin,Alec Mazo,Athlete,California,United States,27,Eliminated Week 5,10,26.9998,8.999933333333333,7.0,16
9,1,Melissa Joan Hart,Mark Ballas,Actor/Actress,New York,United States,33,Eliminated Week 6,9,24.0,8.0,9.0,16
9,1,Chuck Liddell,Anna Trebunskaya,Athlete,California,United States,39,Eliminated Week 4,11,22.0,7.333333333333333,10.0,16
9,1,Debi Mazar,Maksim Chmerkoskiy,Actor/Actress,New York,United States,45,Eliminated Week 3,12,22.0,7.333333333333333,10.0,16
9,1,Kathy Ireland,Tony Dovolani,Model,California,United States,46,Eliminated Week 2,14,19.9999,6.666633333333333,12.0,16
9,1,Tom DeLay,Cheryl Burke,Politician,Texas,United States,62,Withdrew,13,19.9999,6.666633333333333,12.0,16
9,1,Michael Irvin,Anna Demidova,Athlete,Florida,United States,43,Eliminated Week 7,7,19.0,6.333333333333333,14.0,16
9,1,Ashley Hamiliton,Edyta Sliwinska,Actor/Actress,California,United States,34,Eliminated Week 1,16,18.9999,6.3333,15.0,16
9,1,Macy Gray,Jonathan Roberts,Singer/Rapper,Ohio,United States,42,Eliminated Week 1,15,18.9999,6.3333,15.0,16
9,2,Aaron Carter,Karina Smirnoff,Singer/Rapper,Florida,United States,21,Eliminated Week 8,5,27.0,9.0,1.0,14
9,2,Mya,Dmitry Chaplin,Singer/Rapper,Washington D.C.,United States,29,2nd Place,2,27.0,9.0,1.0,14
9,2,Donny Osmond,Kym Johnson,Singer/Rapper,Utah,United States,51,1st Place,1,25.0,8.333333333333334,3.0,14
9,2,Debi Mazar,Maksim Chmerkoskiy,Actor/Actress,New York,United States,45,Eliminated Week 3,12,21.0,7.0,4.0,14
9,2,Mark Dacascos,Lacey Schwimmer,Actor/Actress,Hawaii,United States,45,Eliminated Week 7,6,21.0,7.0,4.0,14
9,2,Natalie Coughlin,Alec Mazo,Athlete,California,United States,27,Eliminated Week 5,10,21.0,7.0,4.0,14
9,2,Joanna Krupa,Derek Hough,Model,,Poland,30,Eliminated Week 9,4,20.0,6.666666666666667,7.0,14
9,2,Michael Irvin,Anna Demidova,Athlete,Florida,United States,43,Eliminated Week 7,7,20.0,6.666666666666667,7.0,14
9,2,Chuck Liddell,Anna Trebunskaya,Athlete,California,United States,39,Eliminated Week 4,11,19.0,6.333333333333333,9.0,14
9,2,Kelly Osbourne,Louis van Amstel,TV Personality,,England,24,3rd Place,3,19.0,6.333333333333333,9.0,14
9,2,Louie Vito,Chelsie Hightower,Athlete,Ohio,United States,21,Eliminated Week 6,8,19.0,6.333333333333333,9.0,14
9,2,Melissa Joan Hart,Mark Ballas,Actor/Actress,New York,United States,33,Eliminated Week 6,9,19.0,6.333333333333333,9.0,14
9,2,Kathy Ireland,Tony Dovolani,Model,California,United States,46,Eliminated Week 2,14,18.0,6.0,13.0,14
9,2,Tom DeLay,Cheryl Burke,Politician,Texas,United States,62,Withdrew,13,18.0,6.0,13.0,14
9,3,Mya,Dmitry Chaplin,Singer/Rapper,Washington D.C.,United States,29,2nd Place,2,27.0,9.0,1.0,13
9,3,Natalie Coughlin,Alec Mazo,Athlete,California,United States,27,Eliminated Week 5,10,26.0,8.666666666666666,2.0,13
9,3,Joanna Krupa,Derek Hough,Model,,Poland,30,Eliminated Week 9,4,23.0,7.666666666666667,3.0,13
9,3,Aaron Carter,Karina Smirnoff,Singer/Rapper,Florida,United States,21,Eliminated Week 8,5,21.0,7.0,4.0,13
9,3,Donny Osmond,Kym Johnson,Singer/Rapper,Utah,United States,51,1st Place,1,21.0,7.0,4.0,13
9,3,Kelly Osbourne,Louis van Amstel,TV Personality,,England,24,3rd Place,3,20.0,6.666666666666667,6.0,13
9,3,Louie Vito,Chelsie Hightower,Athlete,Ohio,United States,21,Eliminated Week 6,8,20.0,6.666666666666667,6.0,13
9,3,Melissa Joan Hart,Mark Ballas,Actor/Actress,New York,United States,33,Eliminated Week 6,9,19.0,6.333333333333333,8.0,13
9,3,Mark Dacascos,Lacey Schwimmer,Actor/Actress,Hawaii,United States,45,Eliminated Week 7,6,18.0,6.0,9.0,13
9,3,Chuck Liddell,Anna Trebunskaya,Athlete,California,United States,39,Eliminated Week 4,11,17.0,5.666666666666667,10.0,13
9,3,Debi Mazar,Maksim Chmerkoskiy,Actor/Actress,New York,United States,45,Eliminated Week 3,12,17.0,5.666666666666667,10.0,13
9,3,Tom DeLay,Cheryl Burke,Politician,Texas,United States,62,Withdrew,13,15.0,5.0,12.0,13
9,3,Michael Irvin,Anna Demidova,Athlete,Florida,United States,43,Eliminated Week 7,7,14.0,4.666666666666667,13.0,13
9,4,Melissa Joan Hart,Mark Ballas,Actor/Actress,New York,United States,33,Eliminated Week 6,9,28.0,9.333333333333334,1.0,11
9,4,Mya,Dmitry Chaplin,Singer/Rapper,Washington D.C.,United States,29,2nd Place,2,28.0,9.333333333333334,1.0,11
9,4,Joanna Krupa,Derek Hough,Model,,Poland,30,Eliminated Week 9,4,26.0,8.666666666666666,3.0,11
9,4,Donny Osmond,Kym Johnson,Singer/Rapper,Utah,United States,51,1st Place,1,24.0,8.0,4.0,11
9,4,Natalie Coughlin,Alec Mazo,Athlete,California,United States,27,Eliminated Week 5,10,24.0,8.0,4.0,11
9,4,Kelly Osbourne,Louis van Amstel,TV Personality,,England,24,3rd Place,3,23.0,7.666666666666667,6.0,11
9,4,Mark Dacascos,Lacey Schwimmer,Actor/Actress,Hawaii,United States,45,Eliminated Week 7,6,22.0,7.333333333333333,7.0,11
9,4,Aaron Carter,Karina Smirnoff,Singer/Rapper,Florida,United States,21,Eliminated Week 8,5,18.0,6.0,8.0,11
9,4,Chuck Liddell,Anna Trebunskaya,Athlete,California,United States,39,Eliminated Week 4,11,17.0,5.666666666666667,9.0,11
9,4,Louie Vito,Chelsie Hightower,Athlete,Ohio,United States,21,Eliminated Week 6,8,16.0,5.333333333333333,10.0,11
9,4,Michael Irvin,Anna Demidova,Athlete,Florida,United States,43,Eliminated Week 7,7,16.0,5.333333333333333,10.0,11
9,5,Donny Osmond,Kym Johnson,Singer/Rapper,Utah,United States,51,1st Place,1,29.0,9.666666666666666,1.0,10
9,5,Mya,Dmitry Chaplin,Singer/Rapper,Washington D.C.,United States,29,2nd Place,2,27.0,9.0,2.0,10
9,5,Mark Dacascos,Lacey Schwimmer,Actor/Actress,Hawaii,United States,45,Eliminated Week 7,6,26.0,8.666666666666666,3.0,10
9,5,Aaron Carter,Karina Smirnoff,Singer/Rapper,Florida,United States,21,Eliminated Week 8,5,24.0,8.0,4.0,10
9,5,Joanna Krupa,Derek Hough,Model,,Poland,30,Eliminated Week 9,4,24.0,8.0,4.0,10
9,5,Kelly Osbourne,Louis van Amstel,TV Personality,,England,24,3rd Place,3,24.0,8.0,4.0,10
9,5,Melissa Joan Hart,Mark Ballas,Actor/Actress,New York,United States,33,Eliminated Week 6,9,23.0,7.666666666666667,7.0,10
9,5,Louie Vito,Chelsie Hightower,Athlete,Ohio,United States,21,Eliminated Week 6,8,22.0,7.333333333333333,8.0,10
9,5,Natalie Coughlin,Alec Mazo,Athlete,California,United States,27,Eliminated Week 5,10,22.0,7.333333333333333,8.0,10
9,5,Michael Irvin,Anna Demidova,Athlete,Florida,United States,43,Eliminated Week 7,7,21.0,7.0,10.0,10
9,6,Joanna Krupa,Derek Hough,Model,,Poland,30,Eliminated Week 9,4,35.9999,11.999966666666666,1.0,9
9,6,Mya,Dmitry Chaplin,Singer/Rapper,Washington D.C.,United States,29,2nd Place,2,33.0,11.0,2.0,9
9,6,Aaron Carter,Karina Smirnoff,Singer/Rapper,Florida,United States,21,Eliminated Week 8,5,32.9998,10.999933333333333,3.0,9
9,6,Mark Dacascos,Lacey Schwimmer,Actor/Actress,Hawaii,United States,45,Eliminated Week 7,6,32.0,10.666666666666666,4.0,9
9,6,Donny Osmond,Kym Johnson,Singer/Rapper,Utah,United States,51,1st Place,1,30.999899999999997,10.3333,5.0,9
9,6,Kelly Osbourne,Louis van Amstel,TV Personality,,England,24,3rd Place,3,24.9998,8.333266666666667,6.0,9
9,6,Louie Vito,Chelsie Hightower,Athlete,Ohio,United States,21,Eliminated Week 6,8,24.0,8.0,7.0,9
9,6,Melissa Joan Hart,Mark Ballas,Actor/Actress,New York,United States,33,Eliminated Week 6,9,23.9999,7.9999666666666664,8.0,9
9,6,Michael Irvin,Anna Demidova,Athlete,Florida,United States,43,Eliminated Week 7,7,21.9998,7.333266666666667,9.0,9
9,7,Joanna Krupa,Derek Hough,Model,,Poland,30,Eliminated Week 9,4,27.5,9.166666666666666,1.0,7
9,7,Aaron Carter,Karina Smirnoff,Singer/Rapper,Florida,United States,21,Eliminated Week 8,5,26.5,8.833333333333334,2.0,7
9,7,Donny Osmond,Kym Johnson,Singer/Rapper,Utah,United States,51,1st Place,1,26.0,8.666666666666666,3.0,7
9,7,Kelly Osbourne,Louis van Amstel,TV Personality,,England,24,3rd Place,3,26.0,8.666666666666666,3.0,7
9,7,Mya,Dmitry Chaplin,Singer/Rapper,Washington D.C.,United States,29,2nd Place,2,24.5,8.166666666666666,5.0,7
9,7,Michael Irvin,Anna Demidova,Athlete,Florida,United States,43,Eliminated Week 7,7,23.5,7.833333333333333,6.0,7
9,7,Mark Dacascos,Lacey Schwimmer,Actor/Actress,Hawaii,United States,45,Eliminated Week 7,6,21.5,7.166666666666667,7.0,7
9,8,Mya,Dmitry Chaplin,Singer/Rapper,Washington D.C.,United States,29,2nd Place,2,29.5,9.833333333333334,1.0,5
9,8,Joanna Krupa,Derek Hough,Model,,Poland,30,Eliminated Week 9,4,26.0,8.666666666666666,2.0,5
9,8,Kelly Osbourne,Louis van Amstel,TV Personality,,England,24,3rd Place,3,25.5,8.5,3.0,5
9,8,Aaron Carter,Karina Smirnoff,Singer/Rapper,Florida,United States,21,Eliminated Week 8,5,25.0,8.333333333333334,4.0,5
9,8,Donny Osmond,Kym Johnson,Singer/Rapper,Utah,United States,51,1st Place,1,25.0,8.333333333333334,4.0,5
9,9,Mya,Dmitry Chaplin,Singer/Rapper,Washington D.C.,United States,29,2nd Place,2,28.9999,9.666633333333333,1.0,4
9,9,Joanna Krupa,Derek Hough,Model,,Poland,30,Eliminated Week 9,4,27.0,9.0,2.0,4
9,9,Kelly Osbourne,Louis van Amstel,TV Personality,,England,24,3rd Place,3,25.9998,8.6666,3.0,4
9,9,Donny Osmond,Kym Johnson,Singer/Rapper,Utah,United States,51,1st Place,1,24.666600000000003,8.2222,4.0,4
9,10,Donny Osmond,Kym Johnson,Singer/Rapper,Utah,United States,51,1st Place,1,28.9998,9.6666,1.0,3
9,10,Mya,Dmitry Chaplin,Singer/Rapper,Washington D.C.,United States,29,2nd Place,2,28.333199999999998,9.4444,2.0,3
9,10,Kelly Osbourne,Louis van Amstel,TV Personality,,England,24,3rd Place,3,25.2222,8.4074,3.0,3
10,1,Nicole Scherzinger,Derek Hough,Singer/Rapper,Hawaii,United States,31,1st Place,1,25.0,8.333333333333334,1.0,11
10,1,Evan Lysacek,Anna Trebunskaya,Athlete,Illinois,United States,24,2nd Place,2,23.0,7.666666666666667,2.0,11
10,1,Erin Andrews,Maksim Chmerkoskiy,Sports Broadcaster,Maine,United States,32,3rd Place,3,21.0,7.0,3.0,11
10,1,Pamela Anderson,Damian Whitewood,Model,,Canada,42,Eliminated Week 7,6,21.0,7.0,3.0,11
10,1,Jake Pavelka,Chelsie Hightower,TV Personality,Texas,United States,32,Eliminated Week 6,7,20.0,6.666666666666667,5.0,11
10,1,Chad Ochocinco,Cheryl Burke,Athlete,Florida,United States,32,Eliminated Week 9,4,18.0,6.0,6.0,11
10,1,Niecy Nash,Louis van Amstel,Actor/Actress,California,United States,40,Eliminated Week 8,5,18.0,6.0,6.0,11
10,1,Shannen Doherty,Mark Ballas,Actor/Actress,Tennessee,United States,38,Eliminated Week 2,11,18.0,6.0,6.0,11
10,1,Kate Gosselin,Tony Dovolani,TV Personality,Pennsylvania,United States,35,Eliminated Week 5,8,16.0,5.333333333333333,9.0,11
10,1,Aiden Turner,Edyta Sliwinska,Actor/Actress,,England,32,Eliminated Week 4,9,15.0,5.0,10.0,11
10,1,Buzz Aldrin,Ashly DelGrosso,Astronaut,New Jersey,United States,80,Eliminated Week 3,10,14.0,4.666666666666667,11.0,11
10,2,Nicole Scherzinger,Derek Hough,Singer/Rapper,Hawaii,United States,31,1st Place,1,28.0,9.333333333333334,1.0,11
10,2,Evan Lysacek,Anna Trebunskaya,Athlete,Illinois,United States,24,2nd Place,2,24.0,8.0,2.0,11
10,2,Erin Andrews,Maksim Chmerkoskiy,Sports Broadcaster,Maine,United States,32,3rd Place,3,23.0,7.666666666666667,3.0,11
10,2,Pamela Anderson,Damian Whitewood,Model,,Canada,42,Eliminated Week 7,6,22.0,7.333333333333333,4.0,11
10,2,Niecy Nash,Louis van Amstel,Actor/Actress,California,United States,40,Eliminated Week 8,5,21.0,7.0,5.0,11
10,2,Jake Pavelka,Chelsie Hightower,TV Personality,Texas,United States,32,Eliminated Week 6,7,20.0,6.666666666666667,6.0,11
10,2,Shannen Doherty,Mark Ballas,Actor/Actress,Tennessee,United States,38,Eliminated Week 2,11,20.0,6.666666666666667,6.0,11
10,2,Aiden Turner,Edyta Sliwinska,Actor/Actress,,England,32,Eliminated Week 4,9,19.0,6.333333333333333,8.0,11
10,2,Chad Ochocinco,Cheryl Burke,Athlete,Florida,United States,32,Eliminated Week 9,4,16.0,5.333333333333333,9.0,11
10,2,Kate Gosselin,Tony Dovolani,TV Personality,Pennsylvania,United States,35,Eliminated Week 5,8,15.0,5.0,10.0,11
10,2,Buzz Aldrin,Ashly DelGrosso,Astronaut,New Jersey,United States,80,Eliminated Week 3,10,12.0,4.0,11.0,11
10,3,Evan Lysacek,Anna Trebunskaya,Athlete,Illinois,United States,24,2nd Place,2,26.0,8.666666666666666,1.0,10
10,3,Erin Andrews,Maksim Chmerkoskiy,Sports Broadcaster,Maine,United States,32,3rd Place,3,23.0,7.666666666666667,2.0,10
10,3,Nicole Scherzinger,Derek Hough,Singer/Rapper,Hawaii,United States,31,1st Place,1,23.0,7.666666666666667,2.0,10
10,3,Jake Pavelka,Chelsie Hightower,TV Personality,Texas,United States,32,Eliminated Week 6,7,21.0,7.0,4.0,10
10,3,Niecy Nash,Louis van Amstel,Actor/Actress,California,United States,40,Eliminated Week 8,5,21.0,7.0,4.0,10
10,3,Pamela Anderson,Damian Whitewood,Model,,Canada,42,Eliminated Week 7,6,21.0,7.0,4.0,10
10,3,Aiden Turner,Edyta Sliwinska,Actor/Actress,,England,32,Eliminated Week 4,9,20.0,6.666666666666667,7.0,10
10,3,Chad Ochocinco,Cheryl Burke,Athlete,Florida,United States,32,Eliminated Week 9,4,20.0,6.666666666666667,7.0,10
10,3,Kate Gosselin,Tony Dovolani,TV Personality,Pennsylvania,United States,35,Eliminated Week 5,8,15.0,5.0,9.0,10
10,3,Buzz Aldrin,Ashly DelGrosso,Astronaut,New Jersey,United States,80,Eliminated Week 3,10,13.0,4.333333333333333,10.0,10
10,4,Evan Lysacek,Anna Trebunskaya,Athlete,Illinois,United States,24,2nd Place,2,26.0,8.666666666666666,1.0,9
10,4,Nicole Scherzinger,Derek Hough,Singer/Rapper,Hawaii,United States,31,1st Place,1,25.0,8.333333333333334,2.0,9
10,4,Pamela Anderson,Damian Whitewood,Model,,Canada,42,Eliminated Week 7,6,23.5,7.833333333333333,3.0,9
10,4,Chad Ochocinco,Cheryl Burke,Athlete,Florida,United States,32,Eliminated Week 9,4,22.0,7.333333333333333,4.0,9
10,4,Erin Andrews,Maksim Chmerkoskiy,Sports Broadcaster,Maine,United States,32,3rd Place,3,19.5,6.5,5.0,9
10,4,Jake Pavelka,Chelsie Hightower,TV Personality,Texas,United States,32,Eliminated Week 6,7,19.0,6.333333333333333,6.0,9
10,4,Niecy Nash,Louis van Amstel,Actor/Actress,California,United States,40,Eliminated Week 8,5,18.0,6.0,7.0,9
10,4,Aiden Turner,Edyta Sliwinska,Actor/Actress,,England,32,Eliminated Week 4,9,16.5,5.5,8.0,9
10,4,Kate Gosselin,Tony Dovolani,TV Personality,Pennsylvania,United States,35,Eliminated Week 5,8,16.0,5.333333333333333,9.0,9
10,5,Nicole Scherzinger,Derek Hough,Singer/Rapper,Hawaii,United States,31,1st Place,1,29.0,9.666666666666666,1.0,8
10,5,Evan Lysacek,Anna Trebunskaya,Athlete,Illinois,United States,24,2nd Place,2,27.0,9.0,2.0,8
10,5,Jake Pavelka,Chelsie Hightower,TV Personality,Texas,United States,32,Eliminated Week 6,7,23.0,7.666666666666667,3.0,8
10,5,Erin Andrews,Maksim Chmerkoskiy,Sports Broadcaster,Maine,United States,32,3rd Place,3,22.0,7.333333333333333,4.0,8
10,5,Pamela Anderson,Damian Whitewood,Model,,Canada,42,Eliminated Week 7,6,21.0,7.0,5.0,8
10,5,Chad Ochocinco,Cheryl Burke,Athlete,Florida,United States,32,Eliminated Week 9,4,18.0,6.0,6.0,8
10,5,Niecy Nash,Louis van Amstel,Actor/Actress,California,United States,40,Eliminated Week 8,5,18.0,6.0,6.0,8
10,5,Kate Gosselin,Tony Dovolani,TV Personality,Pennsylvania,United States,35,Eliminated Week 5,8,15.0,5.0,8.0,8
10,6,Nicole Scherzinger,Derek Hough,Singer/Rapper,Hawaii,United States,31,1st Place,1,35.9999,11.999966666666666,1.0,7
10,6,Erin Andrews,Maksim Chmerkoskiy,Sports Broadcaster,Maine,United States,32,3rd Place,3,34.0,11.333333333333334,2.0,7
10,6,Chad Ochocinco,Cheryl Burke,Athlete,Florida,United States,32,Eliminated Week 9,4,30.999899999999997,10.3333,3.0,7
10,6,Pamela Anderson,Damian Whitewood,Model,,Canada,42,Eliminated Week 7,6,29.9998,9.999933333333333,4.0,7
10,6,Evan Lysacek,Anna Trebunskaya,Athlete,Illinois,United States,24,2nd Place,2,27.0,9.0,5.0,7
10,6,Niecy Nash,Louis van Amstel,Actor/Actress,California,United States,40,Eliminated Week 8,5,25.9998,8.6666,6.0,7
10,6,Jake Pavelka,Chelsie Hightower,TV Personality,Texas,United States,32,Eliminated Week 6,7,24.999899999999997,8.3333,7.0,7
10,7,Evan Lysacek,Anna Trebunskaya,Athlete,Illinois,United States,24,2nd Place,2,27.0,9.0,1.0,6
10,7,Nicole Scherzinger,Derek Hough,Singer/Rapper,Hawaii,United States,31,1st Place,1,27.0,9.0,1.0,6
10,7,Chad Ochocinco,Cheryl Burke,Athlete,Florida,United States,32,Eliminated Week 9,4,26.0,8.666666666666666,3.0,6
10,7,Erin Andrews,Maksim Chmerkoskiy,Sports Broadcaster,Maine,United States,32,3rd Place,3,25.5,8.5,4.0,6
10,7,Pamela Anderson,Damian Whitewood,Model,,Canada,42,Eliminated Week 7,6,25.5,8.5,4.0,6
10,7,Niecy Nash,Louis van Amstel,Actor/Actress,California,United States,40,Eliminated Week 8,5,24.5,8.166666666666666,6.0,6
10,8,Nicole Scherzinger,Derek Hough,Singer/Rapper,Hawaii,United States,31,1st Place,1,29.5,9.833333333333334,1.0,5
10,8,Erin Andrews,Maksim Chmerkoskiy,Sports Broadcaster,Maine,United States,32,3rd Place,3,26.5,8.833333333333334,2.0,5
10,8,Evan Lysacek,Anna Trebunskaya,Athlete,Illinois,United States,24,2nd Place,2,26.5,8.833333333333334,2.0,5
10,8,Chad Ochocinco,Cheryl Burke,Athlete,Florida,United States,32,Eliminated Week 9,4,22.5,7.5,4.0,5
10,8,Niecy Nash,Louis van Amstel,Actor/Actress,California,United States,40,Eliminated Week 8,5,21.5,7.166666666666667,5.0,5
10,9,Evan Lysacek,Anna Trebunskaya,Athlete,Illinois,United States,24,2nd Place,2,29.5,9.833333333333334,1.0,4
10,9,Nicole Scherzinger,Derek Hough,Singer/Rapper,Hawaii,United States,31,1st Place,1,29.5,9.833333333333334,1.0,4
10,9,Erin Andrews,Maksim Chmerkoskiy,Sports Broadcaster,Maine,United States,32,3rd Place,3,28.0,9.333333333333334,3.0,4
10,9,Chad Ochocinco,Cheryl Burke,Athlete,Florida,United States,32,Eliminated Week 9,4,26.0,8.666666666666666,4.0,4
10,10,Nicole Scherzinger,Derek Hough,Singer/Rapper,Hawaii,United States,31,1st Place,1,28.7777,9.592566666666666,1.0,3
10,10,Erin Andrews,Maksim Chmerkoskiy,Sports Broadcaster,Maine,United States,32,3rd Place,3,26.9998,8.999933333333333,2.0,3
10,10,Evan Lysacek,Anna Trebunskaya,Athlete,Illinois,United States,24,2nd Place,2,26.888699999999996,8.9629,3.0,3
11,1,Jennifer Grey,Derek Hough,Actor/Actress,New York,United States,50,1st Place,1,24.0,8.0,1.0,12
11,1,Brandy,Maksim Chmerkoskiy,Singer/Rapper,Mississippi,United States,31,Eliminated Week 9,4,23.0,7.666666666666667,2.0,12
11,1,Kyle Massey,Lacey Schwimmer,Actor/Actress,Georgia,United States,19,2nd Place,2,23.0,7.666666666666667,2.0,12
11,1,Rick Fox,Cheryl Burke,Athlete,,Canada,41,Eliminated Week 7,6,22.0,7.333333333333333,4.0,12
11,1,Audrina Patridge,Tony Dovolani,TV Personality,California,United States,25,Eliminated Week 6,7,19.0,6.333333333333333,5.0,12
11,1,Kurt Warner,Anna Trebunskaya,Athlete,Iowa,United States,39,Eliminated Week 8,5,19.0,6.333333333333333,5.0,12
11,1,Bristol Palin,Mark Ballas,TV Personality,Alaska,United States,19,3rd Place,3,18.0,6.0,7.0,12
11,1,Florence Henderson,Corky Ballas,Actor/Actress,Indiana,United States,76,Eliminated Week 5,8,18.0,6.0,7.0,12
11,1,Michael Bolton,Chelsie Hightower,Singer/Rapper,Connecticut,United States,57,Eliminated Week 2,11,16.0,5.333333333333333,9.0,12
11,1,David Hasselhoff,Kym Johnson,Actor/Actress,Maryland,United States,58,Eliminated Week 1,12,15.0,5.0,10.0,12
11,1,Margaret Cho,Louis van Amstel,Comedian,California,United States,41,Eliminated Week 3,10,15.0,5.0,10.0,12
11,1,The Situation,Karina Smirnoff,TV Personality,New York,United States,28,Eliminated Week 4,9,15.0,5.0,10.0,12
11,2,Jennifer Grey,Derek Hough,Actor/Actress,New York,United States,50,1st Place,1,24.0,8.0,1.0,11
11,2,Audrina Patridge,Tony Dovolani,TV Personality,California,United States,25,Eliminated Week 6,7,23.0,7.666666666666667,2.0,11
11,2,Bristol Palin,Mark Ballas,TV Personality,Alaska,United States,19,3rd Place,3,22.0,7.333333333333333,3.0,11
11,2,Kyle Massey,Lacey Schwimmer,Actor/Actress,Georgia,United States,19,2nd Place,2,22.0,7.333333333333333,3.0,11
11,2,Brandy,Maksim Chmerkoskiy,Singer/Rapper,Mississippi,United States,31,Eliminated Week 9,4,21.0,7.0,5.0,11
11,2,Kurt Warner,Anna Trebunskaya,Athlete,Iowa,United States,39,Eliminated Week 8,5,21.0,7.0,5.0,11
11,2,Rick Fox,Cheryl Burke,Athlete,,Canada,41,Eliminated Week 7,6,21.0,7.0,5.0,11
11,2,Florence Henderson,Corky Ballas,Actor/Actress,Indiana,United States,76,Eliminated Week 5,8,19.0,6.333333333333333,8.0,11
11,2,Margaret Cho,Louis van Amstel,Comedian,California,United States,41,Eliminated Week 3,10,18.0,6.0,9.0,11
11,2,The Situation,Karina Smirnoff,TV Personality,New York,United States,28,Eliminated Week 4,9,18.0,6.0,9.0,11
11,2,Michael Bolton,Chelsie Hightower,Singer/Rapper,Connecticut,United States,57,Eliminated Week 2,11,12.0,4.0,11.0,11
11,3,Audrina Patridge,Tony Dovolani,TV Personality,California,United States,25,Eliminated Week 6,7,26.0,8.666666666666666,1.0,10
11,3,Brandy,Maksim Chmerkoskiy,Singer/Rapper,Mississippi,United States,31,Eliminated Week 9,4,24.0,8.0,2.0,10
11,3,Jennifer Grey,Derek Hough,Actor/Actress,New York,United States,50,1st Place,1,24.0,8.0,2.0,10
11,3,Rick Fox,Cheryl Burke,Athlete,,Canada,41,Eliminated Week 7,6,24.0,8.0,2.0,10
11,3,Kurt Warner,Anna Trebunskaya,Athlete,Iowa,United States,39,Eliminated Week 8,5,23.0,7.666666666666667,5.0,10
11,3,Kyle Massey,Lacey Schwimmer,Actor/Actress,Georgia,United States,19,2nd Place,2,23.0,7.666666666666667,5.0,10
11,3,Florence Henderson,Corky Ballas,Actor/Actress,Indiana,United States,76,Eliminated Week 5,8,20.0,6.666666666666667,7.0,10
11,3,The Situation,Karina Smirnoff,TV Personality,New York,United States,28,Eliminated Week 4,9,20.0,6.666666666666667,7.0,10
11,3,Bristol Palin,Mark Ballas,TV Personality,Alaska,United States,19,3rd Place,3,19.0,6.333333333333333,9.0,10
11,3,Margaret Cho,Louis van Amstel,Comedian,California,United States,41,Eliminated Week 3,10,18.0,6.0,10.0,10
11,4,Jennifer Grey,Derek Hough,Actor/Actress,New York,United States,50,1st Place,1,28.0,9.333333333333334,1.0,9
11,4,Brandy,Maksim Chmerkoskiy,Singer/Rapper,Mississippi,United States,31,Eliminated Week 9,4,24.0,8.0,2.0,9
11,4,Audrina Patridge,Tony Dovolani,TV Personality,California,United States,25,Eliminated Week 6,7,23.0,7.666666666666667,3.0,9
11,4,Kyle Massey,Lacey Schwimmer,Actor/Actress,Georgia,United States,19,2nd Place,2,20.0,6.666666666666667,4.0,9
11,4,Rick Fox,Cheryl Burke,Athlete,,Canada,41,Eliminated Week 7,6,19.5,6.5,5.0,9
11,4,Florence Henderson,Corky Ballas,Actor/Actress,Indiana,United States,76,Eliminated Week 5,8,17.5,5.833333333333333,6.0,9
11,4,Kurt Warner,Anna Trebunskaya,Athlete,Iowa,United States,39,Eliminated Week 8,5,17.0,5.666666666666667,7.0,9
11,4,Bristol Palin,Mark Ballas,TV Personality,Alaska,United States,19,3rd Place,3,16.0,5.333333333333333,8.0,9
11,4,The Situation,Karina Smirnoff,TV Personality,New York,United States,28,Eliminated Week 4,9,14.0,4.666666666666667,9.0,9
11,5,Brandy,Maksim Chmerkoskiy,Singer/Rapper,Mississippi,United States,31,Eliminated Week 9,4,27.0,9.0,1.0,8
11,5,Jennifer Grey,Derek Hough,Actor/Actress,New York,United States,50,1st Place,1,25.0,8.333333333333334,2.0,8
11,5,Kurt Warner,Anna Trebunskaya,Athlete,Iowa,United States,39,Eliminated Week 8,5,24.0,8.0,3.0,8
11,5,Rick Fox,Cheryl Burke,Athlete,,Canada,41,Eliminated Week 7,6,24.0,8.0,3.0,8
11,5,Audrina Patridge,Tony Dovolani,TV Personality,California,United States,25,Eliminated Week 6,7,23.0,7.666666666666667,5.0,8
11,5,Florence Henderson,Corky Ballas,Actor/Actress,Indiana,United States,76,Eliminated Week 5,8,21.0,7.0,6.0,8
11,5,Kyle Massey,Lacey Schwimmer,Actor/Actress,Georgia,United States,19,2nd Place,2,20.0,6.666666666666667,7.0,8
11,5,Bristol Palin,Mark Ballas,TV Personality,Alaska,United States,19,3rd Place,3,18.0,6.0,8.0,8
11,6,Brandy,Maksim Chmerkoskiy,Singer/Rapper,Mississippi,United States,31,Eliminated Week 9,4,35.9999,11.999966666666666,1.0,7
11,6,Audrina Patridge,Tony Dovolani,TV Personality,California,United States,25,Eliminated Week 6,7,31.9998,10.6666,2.0,7
11,6,Rick Fox,Cheryl Burke,Athlete,,Canada,41,Eliminated Week 7,6,30.0,10.0,3.0,7
11,6,Kyle Massey,Lacey Schwimmer,Actor/Actress,Georgia,United States,19,2nd Place,2,29.999899999999997,9.999966666666666,4.0,7
11,6,Jennifer Grey,Derek Hough,Actor/Actress,New York,United States,50,1st Place,1,29.0,9.666666666666666,5.0,7
11,6,Bristol Palin,Mark Ballas,TV Personality,Alaska,United States,19,3rd Place,3,27.9998,9.333266666666667,6.0,7
11,6,Kurt Warner,Anna Trebunskaya,Athlete,Iowa,United States,39,Eliminated Week 8,5,21.9999,7.3333,7.0,7
11,7,Brandy,Maksim Chmerkoskiy,Singer/Rapper,Mississippi,United States,31,Eliminated Week 9,4,36.5,9.125,1.0,6
11,7,Jennifer Grey,Derek Hough,Actor/Actress,New York,United States,50,1st Place,1,36.5,9.125,1.0,6
11,7,Kurt Warner,Anna Trebunskaya,Athlete,Iowa,United States,39,Eliminated Week 8,5,35.0,8.75,3.0,6
11,7,Rick Fox,Cheryl Burke,Athlete,,Canada,41,Eliminated Week 7,6,34.5,8.625,4.0,6
11,7,Kyle Massey,Lacey Schwimmer,Actor/Actress,Georgia,United States,19,2nd Place,2,33.5,8.375,5.0,6
11,7,Bristol Palin,Mark Ballas,TV Personality,Alaska,United States,19,3rd Place,3,32.5,8.125,6.0,6
11,8,Brandy,Maksim Chmerkoskiy,Singer/Rapper,Mississippi,United States,31,Eliminated Week 9,4,28.5,9.5,1.0,5
11,8,Jennifer Grey,Derek Hough,Actor/Actress,New York,United States,50,1st Place,1,28.5,9.5,1.0,5
11,8,Kyle Massey,Lacey Schwimmer,Actor/Actress,Georgia,United States,19,2nd Place,2,28.0,9.333333333333334,3.0,5
11,8,Kurt Warner,Anna Trebunskaya,Athlete,Iowa,United States,39,Eliminated Week 8,5,24.0,8.0,4.0,5
11,8,Bristol Palin,Mark Ballas,TV Personality,Alaska,United States,19,3rd Place,3,23.5,7.833333333333333,5.0,5
11,9,Jennifer Grey,Derek Hough,Actor/Actress,New York,United States,50,1st Place,1,30.0,10.0,1.0,4
11,9,Kyle Massey,Lacey Schwimmer,Actor/Actress,Georgia,United States,19,2nd Place,2,29.0,9.666666666666666,2.0,4
11,9,Brandy,Maksim Chmerkoskiy,Singer/Rapper,Mississippi,United States,31,Eliminated Week 9,4,28.5,9.5,3.0,4
11,9,Bristol Palin,Mark Ballas,TV Personality,Alaska,United States,19,3rd Place,3,26.5,8.833333333333334,4.0,4
11,10,Jennifer Grey,Derek Hough,Actor/Actress,New York,United States,50,1st Place,1,30.0,10.0,1.0,3
11,10,Kyle Massey,Lacey Schwimmer,Actor/Actress,Georgia,United States,19,2nd Place,2,27.333199999999998,9.111066666666666,2.0,3
11,10,Bristol Palin,Mark Ballas,TV Personality,Alaska,United States,19,3rd Place,3,25.666600000000003,8.555533333333335,3.0,3
12,1,Ralph Macchio,Karina Smirnoff,Actor/Actress,New York,United States,49,Eliminated Week 9,4,24.0,8.0,1.0,11
12,1,Kirstie Alley,Maksim Chmerkoskiy,Actor/Actress,Kansas,United States,60,2nd Place,2,23.0,7.666666666666667,2.0,11
12,1,Chelsea Kane,Mark Ballas,Actor/Actress,Arizona,United States,22,3rd Place,3,21.0,7.0,3.0,11
12,1,Hines Ward,Kym Johnson,Athlete,,South Korea,35,1st Place,1,21.0,7.0,3.0,11
12,1,Chris Jericho,Cheryl Burke,Athlete,New York,United States,40,Eliminated Week 6,7,19.0,6.333333333333333,5.0,11
12,1,Romeo,Chelsie Hightower,Singer/Rapper,Louisiana,United States,21,Eliminated Week 8,5,19.0,6.333333333333333,5.0,11
12,1,Kendra Wilkinson,Louis van Amstel,TV Personality,California,United States,25,Eliminated Week 7,6,18.0,6.0,7.0,11
12,1,Petra Nemcova,Dmitry Chaplin,Model,,Czechoslovakia,31,Eliminated Week 5,8,18.0,6.0,7.0,11
12,1,Sugar Ray Leonard,Anna Trebunskaya,Athlete,North Carolina,United States,54,Eliminated Week 4,9,17.0,5.666666666666667,9.0,11
12,1,Wendy Williams,Tony Dovolani,TV Personality,New Jersey,United States,46,Eliminated Week 3,10,14.0,4.666666666666667,10.0,11
12,1,Mike Catherwood,Lacey Schwimmer,Radio Personality,California,United States,32,Eliminated Week 2,11,13.0,4.333333333333333,11.0,11
12,2,Chris Jericho,Cheryl Burke,Athlete,New York,United States,40,Eliminated Week 6,7,23.0,7.666666666666667,1.0,11
12,2,Hines Ward,Kym Johnson,Athlete,,South Korea,35,1st Place,1,23.0,7.666666666666667,1.0,11
12,2,Romeo,Chelsie Hightower,Singer/Rapper,Louisiana,United States,21,Eliminated Week 8,5,23.0,7.666666666666667,1.0,11
12,2,Ralph Macchio,Karina Smirnoff,Actor/Actress,New York,United States,49,Eliminated Week 9,4,21.0,7.0,4.0,11
12,2,Kirstie Alley,Maksim Chmerkoskiy,Actor/Actress,Kansas,United States,60,2nd Place,2,20.0,6.666666666666667,5.0,11
12,2,Kendra Wilkinson,Louis van Amstel,TV Personality,California,United States,25,Eliminated Week 7,6,19.0,6.333333333333333,6.0,11
12,2,Chelsea Kane,Mark Ballas,Actor/Actress,Arizona,United States,22,3rd Place,3,18.0,6.0,7.0,11
12,2,Petra Nemcova,Dmitry Chaplin,Model,,Czechoslovakia,31,Eliminated Week 5,8,18.0,6.0,7.0,11
12,2,Mike Catherwood,Lacey Schwimmer,Radio Personality,California,United States,32,Eliminated Week 2,11,17.0,5.666666666666667,9.0,11
12,2,Sugar Ray Leonard,Anna Trebunskaya,Athlete,North Carolina,United States,54,Eliminated Week 4,9,17.0,5.666666666666667,9.0,11
12,2,Wendy Williams,Tony Dovolani,TV Personality,New Jersey,United States,46,Eliminated Week 3,10,17.0,5.666666666666667,9.0,11
12,3,Hines Ward,Kym Johnson,Athlete,,South Korea,35,1st Place,1,25.0,8.333333333333334,1.0,10
12,3,Petra Nemcova,Dmitry Chaplin,Model,,Czechoslovakia,31,Eliminated Week 5,8,25.0,8.333333333333334,1.0,10
12,3,Chelsea Kane,Mark Ballas,Actor/Actress,Arizona,United States,22,3rd Place,3,23.0,7.666666666666667,3.0,10
12,3,Kendra Wilkinson,Louis van Amstel,TV Personality,California,United States,25,Eliminated Week 7,6,23.0,7.666666666666667,3.0,10
12,3,Chris Jericho,Cheryl Burke,Athlete,New York,United States,40,Eliminated Week 6,7,21.0,7.0,5.0,10
12,3,Kirstie Alley,Maksim Chmerkoskiy,Actor/Actress,Kansas,United States,60,2nd Place,2,21.0,7.0,5.0,10
12,3,Ralph Macchio,Karina Smirnoff,Actor/Actress,New York,United States,49,Eliminated Week 9,4,21.0,7.0,5.0,10
12,3,Romeo,Chelsie Hightower,Singer/Rapper,Louisiana,United States,21,Eliminated Week 8,5,20.0,6.666666666666667,8.0,10
12,3,Sugar Ray Leonard,Anna Trebunskaya,Athlete,North Carolina,United States,54,Eliminated Week 4,9,20.0,6.666666666666667,8.0,10
12,3,Wendy Williams,Tony Dovolani,TV Personality,New Jersey,United States,46,Eliminated Week 3,10,15.0,5.0,10.0,10
12,4,Chelsea Kane,Mark Ballas,Actor/Actress,Arizona,United States,22,3rd Place,3,26.0,8.666666666666666,1.0,9
12,4,Hines Ward,Kym Johnson,Athlete,,South Korea,35,1st Place,1,25.0,8.333333333333334,2.0,9
12,4,Ralph Macchio,Karina Smirnoff,Actor/Actress,New York,United States,49,Eliminated Week 9,4,25.0,8.333333333333334,2.0,9
12,4,Chris Jericho,Cheryl Burke,Athlete,New York,United States,40,Eliminated Week 6,7,23.0,7.666666666666667,4.0,9
12,4,Petra Nemcova,Dmitry Chaplin,Model,,Czechoslovakia,31,Eliminated Week 5,8,23.0,7.666666666666667,4.0,9
12,4,Romeo,Chelsie Hightower,Singer/Rapper,Louisiana,United States,21,Eliminated Week 8,5,23.0,7.666666666666667,4.0,9
12,4,Kirstie Alley,Maksim Chmerkoskiy,Actor/Actress,Kansas,United States,60,2nd Place,2,22.0,7.333333333333333,7.0,9
12,4,Sugar Ray Leonard,Anna Trebunskaya,Athlete,North Carolina,United States,54,Eliminated Week 4,9,21.0,7.0,8.0,9
12,4,Kendra Wilkinson,Louis van Amstel,TV Personality,California,United States,25,Eliminated Week 7,6,18.0,6.0,9.0,9
12,5,Hines Ward,Kym Johnson,Athlete,,South Korea,35,1st Place,1,27.0,9.0,1.0,8
12,5,Chelsea Kane,Mark Ballas,Actor/Actress,Arizona,United States,22,3rd Place,3,26.0,8.666666666666666,2.0,8
12,5,Chris Jericho,Cheryl Burke,Athlete,New York,United States,40,Eliminated Week 6,7,26.0,8.666666666666666,2.0,8
12,5,Romeo,Chelsie Hightower,Singer/Rapper,Louisiana,United States,21,Eliminated Week 8,5,26.0,8.666666666666666,2.0,8
12,5,Kirstie Alley,Maksim Chmerkoskiy,Actor/Actress,Kansas,United States,60,2nd Place,2,23.0,7.666666666666667,5.0,8
12,5,Kendra Wilkinson,Louis van Amstel,TV Personality,California,United States,25,Eliminated Week 7,6,22.0,7.333333333333333,6.0,8
12,5,Petra Nemcova,Dmitry Chaplin,Model,,Czechoslovakia,31,Eliminated Week 5,8,22.0,7.333333333333333,6.0,8
12,5,Ralph Macchio,Karina Smirnoff,Actor/Actress,New York,United States,49,Eliminated Week 9,4,22.0,7.333333333333333,6.0,8
12,6,Chelsea Kane,Mark Ballas,Actor/Actress,Arizona,United States,22,3rd Place,3,28.0,9.333333333333334,1.0,7
12,6,Romeo,Chelsie Hightower,Singer/Rapper,Louisiana,United States,21,Eliminated Week 8,5,28.0,9.333333333333334,1.0,7
12,6,Hines Ward,Kym Johnson,Athlete,,South Korea,35,1st Place,1,27.0,9.0,3.0,7
12,6,Kirstie Alley,Maksim Chmerkoskiy,Actor/Actress,Kansas,United States,60,2nd Place,2,26.0,8.666666666666666,4.0,7
12,6,Kendra Wilkinson,Louis van Amstel,TV Personality,California,United States,25,Eliminated Week 7,6,25.0,8.333333333333334,5.0,7
12,6,Ralph Macchio,Karina Smirnoff,Actor/Actress,New York,United States,49,Eliminated Week 9,4,24.0,8.0,6.0,7
12,6,Chris Jericho,Cheryl Burke,Athlete,New York,United States,40,Eliminated Week 6,7,22.0,7.333333333333333,7.0,7
12,7,Hines Ward,Kym Johnson,Athlete,,South Korea,35,1st Place,1,33.0,8.25,1.0,6
12,7,Ralph Macchio,Karina Smirnoff,Actor/Actress,New York,United States,49,Eliminated Week 9,4,33.0,8.25,1.0,6
12,7,Chelsea Kane,Mark Ballas,Actor/Actress,Arizona,United States,22,3rd Place,3,32.0,8.0,3.0,6
12,7,Kendra Wilkinson,Louis van Amstel,TV Personality,California,United States,25,Eliminated Week 7,6,30.5,7.625,4.0,6
12,7,Kirstie Alley,Maksim Chmerkoskiy,Actor/Actress,Kansas,United States,60,2nd Place,2,30.0,7.5,5.0,6
12,7,Romeo,Chelsie Hightower,Singer/Rapper,Louisiana,United States,21,Eliminated Week 8,5,30.0,7.5,5.0,6
12,8,Chelsea Kane,Mark Ballas,Actor/Actress,Arizona,United States,22,3rd Place,3,27.5,9.166666666666666,1.0,5
12,8,Hines Ward,Kym Johnson,Athlete,,South Korea,35,1st Place,1,27.0,9.0,2.0,5
12,8,Kirstie Alley,Maksim Chmerkoskiy,Actor/Actress,Kansas,United States,60,2nd Place,2,26.5,8.833333333333334,3.0,5
12,8,Romeo,Chelsie Hightower,Singer/Rapper,Louisiana,United States,21,Eliminated Week 8,5,26.0,8.666666666666666,4.0,5
12,8,Ralph Macchio,Karina Smirnoff,Actor/Actress,New York,United States,49,Eliminated Week 9,4,23.0,7.666666666666667,5.0,5
12,9,Chelsea Kane,Mark Ballas,Actor/Actress,Arizona,United States,22,3rd Place,3,36.5,12.166666666666666,1.0,4
12,9,Hines Ward,Kym Johnson,Athlete,,South Korea,35,1st Place,1,30.0,10.0,2.0,4
12,9,Kirstie Alley,Maksim Chmerkoskiy,Actor/Actress,Kansas,United States,60,2nd Place,2,27.0,9.0,3.0,4
12,9,Ralph Macchio,Karina Smirnoff,Actor/Actress,New York,United States,49,Eliminated Week 9,4,24.0,8.0,4.0,4
12,10,Chelsea Kane,Mark Ballas,Actor/Actress,Arizona,United States,22,3rd Place,3,29.666600000000003,9.888866666666667,1.0,3
12,10,Hines Ward,Kym Johnson,Athlete,,South Korea,35,1st Place,1,29.666600000000003,9.888866666666667,1.0,3
12,10,Kirstie Alley,Maksim Chmerkoskiy,Actor/Actress,Kansas,United States,60,2nd Place,2,27.999899999999997,9.3333,3.0,3
13,1,Chynna Phillips,Tony Dovolani,Singer/Rapper,California,United States,43,Eliminated Week 4,9,22.0,7.333333333333333,1.0,12
13,1,J.R. Martinez,Karina Smirnoff,Actor/Actress,Louisiana,United States,28,1st Place,1,22.0,7.333333333333333,1.0,12
13,1,Hope Solo,Maksim Chmerkoskiy,Athlete,Washington,United States,30,Eliminated Week 9,4,21.0,7.0,3.0,12
13,1,Ricki Lake,Derek Hough,Actor/Actress,New York,United States,42,3rd Place,3,20.0,6.666666666666667,4.0,12
13,1,Kristin Cavallari,Mark Ballas,TV Personality,Colorado,United States,24,Eliminated Week 3,10,19.0,6.333333333333333,5.0,12
13,1,David Arquette,Kym Johnson,Actor/Actress,Virginia,United States,40,Eliminated Week 7,6,18.0,6.0,6.0,12
13,1,Carson Kressley,Anna Trebunskaya,TV Personality,Pennsylvania,United States,41,Eliminated Week 5,8,17.0,5.666666666666667,7.0,12
13,1,Chaz Bono,Lacey Schwimmer,TV Personality,California,United States,42,Eliminated Week 6,7,17.0,5.666666666666667,7.0,12
13,1,Nancy Grace,Tristan MacManus,TV Personality,Georgia,United States,51,Eliminated Week 8,5,16.0,5.333333333333333,9.0,12
13,1,Rob Kardashian,Cheryl Burke,TV Personality,California,United States,24,2nd Place,2,16.0,5.333333333333333,9.0,12
13,1,Elisabetta Canalis,Valentin Chmerkovskiy,Actor/Actress,,Italy,33,Eliminated Week 2,11,15.0,5.0,11.0,12
13,1,Metta World Peace (Ron),Peta Murgatroyd,Athlete,New York,United States,31,Eliminated Week 1,12,14.0,4.666666666666667,12.0,12
13,2,Ricki Lake,Derek Hough,Actor/Actress,New York,United States,42,3rd Place,3,23.0,7.666666666666667,1.0,11
13,2,J.R. Martinez,Karina Smirnoff,Actor/Actress,Louisiana,United States,28,1st Place,1,22.0,7.333333333333333,2.0,11
13,2,Kristin Cavallari,Mark Ballas,TV Personality,Colorado,United States,24,Eliminated Week 3,10,22.0,7.333333333333333,2.0,11
13,2,Chynna Phillips,Tony Dovolani,Singer/Rapper,California,United States,43,Eliminated Week 4,9,21.0,7.0,4.0,11
13,2,Elisabetta Canalis,Valentin Chmerkovskiy,Actor/Actress,,Italy,33,Eliminated Week 2,11,21.0,7.0,4.0,11
13,2,Nancy Grace,Tristan MacManus,TV Personality,Georgia,United States,51,Eliminated Week 8,5,21.0,7.0,4.0,11
13,2,Rob Kardashian,Cheryl Burke,TV Personality,California,United States,24,2nd Place,2,21.0,7.0,4.0,11
13,2,Hope Solo,Maksim Chmerkoskiy,Athlete,Washington,United States,30,Eliminated Week 9,4,19.0,6.333333333333333,8.0,11
13,2,Carson Kressley,Anna Trebunskaya,TV Personality,Pennsylvania,United States,41,Eliminated Week 5,8,18.0,6.0,9.0,11
13,2,David Arquette,Kym Johnson,Actor/Actress,Virginia,United States,40,Eliminated Week 7,6,18.0,6.0,9.0,11
13,2,Chaz Bono,Lacey Schwimmer,TV Personality,California,United States,42,Eliminated Week 6,7,17.0,5.666666666666667,11.0,11
13,3,Ricki Lake,Derek Hough,Actor/Actress,New York,United States,42,3rd Place,3,27.0,9.0,1.0,10
13,3,Chynna Phillips,Tony Dovolani,Singer/Rapper,California,United States,43,Eliminated Week 4,9,26.0,8.666666666666666,2.0,10
13,3,J.R. Martinez,Karina Smirnoff,Actor/Actress,Louisiana,United States,28,1st Place,1,26.0,8.666666666666666,2.0,10
13,3,David Arquette,Kym Johnson,Actor/Actress,Virginia,United States,40,Eliminated Week 7,6,24.0,8.0,4.0,10
13,3,Hope Solo,Maksim Chmerkoskiy,Athlete,Washington,United States,30,Eliminated Week 9,4,24.0,8.0,4.0,10
13,3,Kristin Cavallari,Mark Ballas,TV Personality,Colorado,United States,24,Eliminated Week 3,10,24.0,8.0,4.0,10
13,3,Rob Kardashian,Cheryl Burke,TV Personality,California,United States,24,2nd Place,2,24.0,8.0,4.0,10
13,3,Carson Kressley,Anna Trebunskaya,TV Personality,Pennsylvania,United States,41,Eliminated Week 5,8,23.0,7.666666666666667,8.0,10
13,3,Nancy Grace,Tristan MacManus,TV Personality,Georgia,United States,51,Eliminated Week 8,5,21.0,7.0,9.0,10
13,3,Chaz Bono,Lacey Schwimmer,TV Personality,California,United States,42,Eliminated Week 6,7,18.0,6.0,10.0,10
13,4,Ricki Lake,Derek Hough,Actor/Actress,New York,United States,42,3rd Place,3,29.0,9.666666666666666,1.0,9
13,4,J.R. Martinez,Karina Smirnoff,Actor/Actress,Louisiana,United States,28,1st Place,1,26.0,8.666666666666666,2.0,9
13,4,Hope Solo,Maksim Chmerkoskiy,Athlete,Washington,United States,30,Eliminated Week 9,4,24.0,8.0,3.0,9
13,4,Rob Kardashian,Cheryl Burke,TV Personality,California,United States,24,2nd Place,2,24.0,8.0,3.0,9
13,4,David Arquette,Kym Johnson,Actor/Actress,Virginia,United States,40,Eliminated Week 7,6,23.0,7.666666666666667,5.0,9
13,4,Chaz Bono,Lacey Schwimmer,TV Personality,California,United States,42,Eliminated Week 6,7,21.0,7.0,6.0,9
13,4,Chynna Phillips,Tony Dovolani,Singer/Rapper,California,United States,43,Eliminated Week 4,9,21.0,7.0,6.0,9
13,4,Nancy Grace,Tristan MacManus,TV Personality,Georgia,United States,51,Eliminated Week 8,5,21.0,7.0,6.0,9
13,4,Carson Kressley,Anna Trebunskaya,TV Personality,Pennsylvania,United States,41,Eliminated Week 5,8,20.0,6.666666666666667,9.0,9
13,5,J.R. Martinez,Karina Smirnoff,Actor/Actress,Louisiana,United States,28,1st Place,1,28.0,9.333333333333334,1.0,8
13,5,David Arquette,Kym Johnson,Actor/Actress,Virginia,United States,40,Eliminated Week 7,6,25.0,8.333333333333334,2.0,8
13,5,Rob Kardashian,Cheryl Burke,TV Personality,California,United States,24,2nd Place,2,25.0,8.333333333333334,2.0,8
13,5,Hope Solo,Maksim Chmerkoskiy,Athlete,Washington,United States,30,Eliminated Week 9,4,24.0,8.0,4.0,8
13,5,Ricki Lake,Derek Hough,Actor/Actress,New York,United States,42,3rd Place,3,24.0,8.0,4.0,8
13,5,Nancy Grace,Tristan MacManus,TV Personality,Georgia,United States,51,Eliminated Week 8,5,22.0,7.333333333333333,6.0,8
13,5,Chaz Bono,Lacey Schwimmer,TV Personality,California,United States,42,Eliminated Week 6,7,21.0,7.0,7.0,8
13,5,Carson Kressley,Anna Trebunskaya,TV Personality,Pennsylvania,United States,41,Eliminated Week 5,8,19.0,6.333333333333333,8.0,8
13,6,J.R. Martinez,Karina Smirnoff,Actor/Actress,Louisiana,United States,28,1st Place,1,29.0,9.666666666666666,1.0,7
13,6,Ricki Lake,Derek Hough,Actor/Actress,New York,United States,42,3rd Place,3,29.0,9.666666666666666,1.0,7
13,6,Nancy Grace,Tristan MacManus,TV Personality,Georgia,United States,51,Eliminated Week 8,5,24.0,8.0,3.0,7
13,6,David Arquette,Kym Johnson,Actor/Actress,Virginia,United States,40,Eliminated Week 7,6,23.0,7.666666666666667,4.0,7
13,6,Rob Kardashian,Cheryl Burke,TV Personality,California,United States,24,2nd Place,2,22.0,7.333333333333333,5.0,7
13,6,Hope Solo,Maksim Chmerkoskiy,Athlete,Washington,United States,30,Eliminated Week 9,4,20.0,6.666666666666667,6.0,7
13,6,Chaz Bono,Lacey Schwimmer,TV Personality,California,United States,42,Eliminated Week 6,7,19.0,6.333333333333333,7.0,7
13,7,Ricki Lake,Derek Hough,Actor/Actress,New York,United States,42,3rd Place,3,26.5,8.833333333333334,1.0,6
13,7,Rob Kardashian,Cheryl Burke,TV Personality,California,United States,24,2nd Place,2,25.5,8.5,2.0,6
13,7,Hope Solo,Maksim Chmerkoskiy,Athlete,Washington,United States,30,Eliminated Week 9,4,25.0,8.333333333333334,3.0,6
13,7,J.R. Martinez,Karina Smirnoff,Actor/Actress,Louisiana,United States,28,1st Place,1,24.0,8.0,4.0,6
13,7,David Arquette,Kym Johnson,Actor/Actress,Virginia,United States,40,Eliminated Week 7,6,23.5,7.833333333333333,5.0,6
13,7,Nancy Grace,Tristan MacManus,TV Personality,Georgia,United States,51,Eliminated Week 8,5,22.0,7.333333333333333,6.0,6
13,8,J.R. Martinez,Karina Smirnoff,Actor/Actress,Louisiana,United States,28,1st Place,1,30.0,10.0,1.0,5
13,8,Hope Solo,Maksim Chmerkoskiy,Athlete,Washington,United States,30,Eliminated Week 9,4,26.0,8.666666666666666,2.0,5
13,8,Ricki Lake,Derek Hough,Actor/Actress,New York,United States,42,3rd Place,3,26.0,8.666666666666666,2.0,5
13,8,Rob Kardashian,Cheryl Burke,TV Personality,California,United States,24,2nd Place,2,25.5,8.5,4.0,5
13,8,Nancy Grace,Tristan MacManus,TV Personality,Georgia,United States,51,Eliminated Week 8,5,22.0,7.333333333333333,5.0,5
13,9,Ricki Lake,Derek Hough,Actor/Actress,New York,United States,42,3rd Place,3,33.4999,11.166633333333332,1.0,4
13,9,Rob Kardashian,Cheryl Burke,TV Personality,California,United States,24,2nd Place,2,32.4998,10.833266666666667,2.0,4
13,9,J.R. Martinez,Karina Smirnoff,Actor/Actress,Louisiana,United States,28,1st Place,1,28.0,9.333333333333334,3.0,4
13,9,Hope Solo,Maksim Chmerkoskiy,Athlete,Washington,United States,30,Eliminated Week 9,4,24.4998,8.1666,4.0,4
13,10,Rob Kardashian,Cheryl Burke,TV Personality,California,United States,24,2nd Place,2,28.333199999999998,9.4444,1.0,3
13,10,J.R. Martinez,Karina Smirnoff,Actor/Actress,Louisiana,United States,28,1st Place,1,28.1665,9.388833333333332,2.0,3
13,10,Ricki Lake,Derek Hough,Actor/Actress,New York,United States,42,3rd Place,3,27.999899999999997,9.3333,3.0,3
14,1,Jaleel White,Kym Johnson,Actor/Actress,California,United States,35,Eliminated Week 7,7,26.0,8.666666666666666,1.0,12
14,1,Katherine Jenkins,Mark Ballas,Singer/Rapper,,Wales,31,2nd Place,2,26.0,8.666666666666666,1.0,12
14,1,William Levy,Cheryl Burke,Actor/Actress,,Cuba,31,3rd Place,3,24.0,8.0,3.0,12
14,1,Gladys Knight,Tristan MacManus,Singer/Rapper,Georgia,United States,67,Eliminated Week 6,8,23.0,7.666666666666667,4.0,12
14,1,Jack Wagner,Anna Trebunskaya,Actor/Actress,Missouri,United States,52,Eliminated Week 3,11,23.0,7.666666666666667,4.0,12
14,1,Roshon Fegan,Chelsie Hightower,Actor/Actress,California,United States,20,Eliminated Week 8,6,23.0,7.666666666666667,4.0,12
14,1,Sherri Sheperd,Valentin Chmerkovskiy,Actor/Actress,Illinois,United States,44,Eliminated Week 4,10,23.0,7.666666666666667,4.0,12
14,1,Donald Driver,Peta Murgatroyd,Athlete,Texas,United States,37,1st Place,1,21.0,7.0,8.0,12
14,1,Maria Menounos,Derek Hough,TV Personality,Massachusetts,United States,33,Eliminated Week 9,4,21.0,7.0,8.0,12
14,1,Gavin DeGraw,Karina Smirnoff,Singer/Rapper,New York,United States,35,Eliminated Week 5,9,20.0,6.666666666666667,10.0,12
14,1,Martina Navratilova,Tony Dovolani,Athlete,,Czechoslovakia,55,Eliminated Week 2,12,20.0,6.666666666666667,10.0,12
14,1,Melissa Gilbert,Maksim Chmerkoskiy,Actor/Actress,California,United States,47,Eliminated Week 8,5,20.0,6.666666666666667,10.0,12
14,2,Katherine Jenkins,Mark Ballas,Singer/Rapper,,Wales,31,2nd Place,2,26.0,8.666666666666666,1.0,12
14,2,Roshon Fegan,Chelsie Hightower,Actor/Actress,California,United States,20,Eliminated Week 8,6,26.0,8.666666666666666,1.0,12
14,2,Maria Menounos,Derek Hough,TV Personality,Massachusetts,United States,33,Eliminated Week 9,4,25.0,8.333333333333334,3.0,12
14,2,William Levy,Cheryl Burke,Actor/Actress,,Cuba,31,3rd Place,3,25.0,8.333333333333334,3.0,12
14,2,Donald Driver,Peta Murgatroyd,Athlete,Texas,United States,37,1st Place,1,24.0,8.0,5.0,12
14,2,Sherri Sheperd,Valentin Chmerkovskiy,Actor/Actress,Illinois,United States,44,Eliminated Week 4,10,23.0,7.666666666666667,6.0,12
14,2,Jaleel White,Kym Johnson,Actor/Actress,California,United States,35,Eliminated Week 7,7,22.0,7.333333333333333,7.0,12
14,2,Gavin DeGraw,Karina Smirnoff,Singer/Rapper,New York,United States,35,Eliminated Week 5,9,21.0,7.0,8.0,12
14,2,Jack Wagner,Anna Trebunskaya,Actor/Actress,Missouri,United States,52,Eliminated Week 3,11,21.0,7.0,8.0,12
14,2,Melissa Gilbert,Maksim Chmerkoskiy,Actor/Actress,California,United States,47,Eliminated Week 8,5,20.0,6.666666666666667,10.0,12
14,2,Gladys Knight,Tristan MacManus,Singer/Rapper,Georgia,United States,67,Eliminated Week 6,8,19.0,6.333333333333333,11.0,12
14,2,Martina Navratilova,Tony Dovolani,Athlete,,Czechoslovakia,55,Eliminated Week 2,12,17.0,5.666666666666667,12.0,12
14,3,Katherine Jenkins,Mark Ballas,Singer/Rapper,,Wales,31,2nd Place,2,29.0,9.666666666666666,1.0,11
14,3,William Levy,Cheryl Burke,Actor/Actress,,Cuba,31,3rd Place,3,28.0,9.333333333333334,2.0,11
14,3,Maria Menounos,Derek Hough,TV Personality,Massachusetts,United States,33,Eliminated Week 9,4,27.0,9.0,3.0,11
14,3,Donald Driver,Peta Murgatroyd,Athlete,Texas,United States,37,1st Place,1,26.0,8.666666666666666,4.0,11
14,3,Jaleel White,Kym Johnson,Actor/Actress,California,United States,35,Eliminated Week 7,7,25.0,8.333333333333334,5.0,11
14,3,Roshon Fegan,Chelsie Hightower,Actor/Actress,California,United States,20,Eliminated Week 8,6,25.0,8.333333333333334,5.0,11
14,3,Gavin DeGraw,Karina Smirnoff,Singer/Rapper,New York,United States,35,Eliminated Week 5,9,24.0,8.0,7.0,11
14,3,Gladys Knight,Tristan MacManus,Singer/Rapper,Georgia,United States,67,Eliminated Week 6,8,24.0,8.0,7.0,11
14,3,Jack Wagner,Anna Trebunskaya,Actor/Actress,Missouri,United States,52,Eliminated Week 3,11,24.0,8.0,7.0,11
14,3,Melissa Gilbert,Maksim Chmerkoskiy,Actor/Actress,California,United States,47,Eliminated Week 8,5,24.0,8.0,7.0,11
14,3,Sherri Sheperd,Valentin Chmerkovskiy,Actor/Actress,Illinois,United States,44,Eliminated Week 4,10,24.0,8.0,7.0,11
14,4,Donald Driver,Peta Murgatroyd,Athlete,Texas,United States,37,1st Place,1,27.0,9.0,1.0,10
14,4,Maria Menounos,Derek Hough,TV Personality,Massachusetts,United States,33,Eliminated Week 9,4,26.0,8.666666666666666,2.0,10
14,4,Roshon Fegan,Chelsie Hightower,Actor/Actress,California,United States,20,Eliminated Week 8,6,26.0,8.666666666666666,2.0,10
14,4,Katherine Jenkins,Mark Ballas,Singer/Rapper,,Wales,31,2nd Place,2,24.0,8.0,4.0,10
14,4,Gavin DeGraw,Karina Smirnoff,Singer/Rapper,New York,United States,35,Eliminated Week 5,9,23.0,7.666666666666667,5.0,10
14,4,Jaleel White,Kym Johnson,Actor/Actress,California,United States,35,Eliminated Week 7,7,22.0,7.333333333333333,6.0,10
14,4,Melissa Gilbert,Maksim Chmerkoskiy,Actor/Actress,California,United States,47,Eliminated Week 8,5,22.0,7.333333333333333,6.0,10
14,4,William Levy,Cheryl Burke,Actor/Actress,,Cuba,31,3rd Place,3,22.0,7.333333333333333,6.0,10
14,4,Sherri Sheperd,Valentin Chmerkovskiy,Actor/Actress,Illinois,United States,44,Eliminated Week 4,10,21.0,7.0,9.0,10
14,4,Gladys Knight,Tristan MacManus,Singer/Rapper,Georgia,United States,67,Eliminated Week 6,8,20.0,6.666666666666667,10.0,10
14,5,Katherine Jenkins,Mark Ballas,Singer/Rapper,,Wales,31,2nd Place,2,29.0,9.666666666666666,1.0,9
14,5,William Levy,Cheryl Burke,Actor/Actress,,Cuba,31,3rd Place,3,29.0,9.666666666666666,1.0,9
14,5,Donald Driver,Peta Murgatroyd,Athlete,Texas,United States,37,1st Place,1,27.0,9.0,3.0,9
14,5,Maria Menounos,Derek Hough,TV Personality,Massachusetts,United States,33,Eliminated Week 9,4,27.0,9.0,3.0,9
14,5,Roshon Fegan,Chelsie Hightower,Actor/Actress,California,United States,20,Eliminated Week 8,6,26.0,8.666666666666666,5.0,9
14,5,Jaleel White,Kym Johnson,Actor/Actress,California,United States,35,Eliminated Week 7,7,24.0,8.0,6.0,9
14,5,Gladys Knight,Tristan MacManus,Singer/Rapper,Georgia,United States,67,Eliminated Week 6,8,22.0,7.333333333333333,7.0,9
14,5,Melissa Gilbert,Maksim Chmerkoskiy,Actor/Actress,California,United States,47,Eliminated Week 8,5,21.0,7.0,8.0,9
14,5,Gavin DeGraw,Karina Smirnoff,Singer/Rapper,New York,United States,35,Eliminated Week 5,9,19.0,6.333333333333333,9.0,9
14,6,Katherine Jenkins,Mark Ballas,Singer/Rapper,,Wales,31,2nd Place,2,38.9999,12.999966666666666,1.0,8
14,6,Jaleel White,Kym Johnson,Actor/Actress,California,United States,35,Eliminated Week 7,7,36.9998,12.333266666666667,2.0,8
14,6,William Levy,Cheryl Burke,Actor/Actress,,Cuba,31,3rd Place,3,36.0,12.0,3.0,8
14,6,Donald Driver,Peta Murgatroyd,Athlete,Texas,United States,37,1st Place,1,33.9999,11.3333,4.0,8
14,6,Melissa Gilbert,Maksim Chmerkoskiy,Actor/Actress,California,United States,47,Eliminated Week 8,5,30.0,10.0,5.0,8
14,6,Maria Menounos,Derek Hough,TV Personality,Massachusetts,United States,33,Eliminated Week 9,4,29.999899999999997,9.999966666666666,6.0,8
14,6,Roshon Fegan,Chelsie Hightower,Actor/Actress,California,United States,20,Eliminated Week 8,6,27.9998,9.333266666666667,7.0,8
14,6,Gladys Knight,Tristan MacManus,Singer/Rapper,Georgia,United States,67,Eliminated Week 6,8,24.0,8.0,8.0,8
14,7,Maria Menounos,Derek Hough,TV Personality,Massachusetts,United States,33,Eliminated Week 9,4,28.5,9.5,1.0,7
14,7,Katherine Jenkins,Mark Ballas,Singer/Rapper,,Wales,31,2nd Place,2,27.0,9.0,2.0,7
14,7,Donald Driver,Peta Murgatroyd,Athlete,Texas,United States,37,1st Place,1,26.5,8.833333333333334,3.0,7
14,7,William Levy,Cheryl Burke,Actor/Actress,,Cuba,31,3rd Place,3,26.5,8.833333333333334,3.0,7
14,7,Roshon Fegan,Chelsie Hightower,Actor/Actress,California,United States,20,Eliminated Week 8,6,26.0,8.666666666666666,5.0,7
14,7,Jaleel White,Kym Johnson,Actor/Actress,California,United States,35,Eliminated Week 7,7,25.5,8.5,6.0,7
14,7,Melissa Gilbert,Maksim Chmerkoskiy,Actor/Actress,California,United States,47,Eliminated Week 8,5,23.5,7.833333333333333,7.0,7
14,8,William Levy,Cheryl Burke,Actor/Actress,,Cuba,31,3rd Place,3,28.5,9.5,1.0,6
14,8,Roshon Fegan,Chelsie Hightower,Actor/Actress,California,United States,20,Eliminated Week 8,6,28.0,9.333333333333334,2.0,6
14,8,Donald Driver,Peta Murgatroyd,Athlete,Texas,United States,37,1st Place,1,27.5,9.166666666666666,3.0,6
14,8,Katherine Jenkins,Mark Ballas,Singer/Rapper,,Wales,31,2nd Place,2,27.5,9.166666666666666,3.0,6
14,8,Maria Menounos,Derek Hough,TV Personality,Massachusetts,United States,33,Eliminated Week 9,4,26.5,8.833333333333334,5.0,6
14,8,Melissa Gilbert,Maksim Chmerkoskiy,Actor/Actress,California,United States,47,Eliminated Week 8,5,25.5,8.5,6.0,6
14,9,Maria Menounos,Derek Hough,TV Personality,Massachusetts,United States,33,Eliminated Week 9,4,29.5,9.833333333333334,1.0,4
14,9,William Levy,Cheryl Burke,Actor/Actress,,Cuba,31,3rd Place,3,29.0,9.666666666666666,2.0,4
14,9,Donald Driver,Peta Murgatroyd,Athlete,Texas,United States,37,1st Place,1,28.5,9.5,3.0,4
14,9,Katherine Jenkins,Mark Ballas,Singer/Rapper,,Wales,31,2nd Place,2,28.0,9.333333333333334,4.0,4
14,10,Katherine Jenkins,Mark Ballas,Singer/Rapper,,Wales,31,2nd Place,2,30.0,10.0,1.0,3
14,10,Donald Driver,Peta Murgatroyd,Athlete,Texas,United States,37,1st Place,1,29.666600000000003,9.888866666666667,2.0,3
14,10,William Levy,Cheryl Burke,Actor/Actress,,Cuba,31,3rd Place,3,29.666600000000003,9.888866666666667,2.0,3
15,1,Emmitt Smith,Cheryl Burke,Athlete,Florida,United States,43,Eliminated Week 9,4,24.5,8.166666666666666,1.0,13
15,1,Gilles Marini,Peta Murgatroyd,Actor/Actress,,France,36,Eliminated Week 8,6,24.0,8.0,2.0,13
15,1,Sabrina Bryan,Louis van Amstel,Actor/Actress,California,United States,28,Eliminated Week 6,8,22.5,7.5,3.0,13
15,1,Apolo Anton Ohno,Karina Smirnoff,Athlete,Washington,United States,30,Eliminated Week 9,5,22.0,7.333333333333333,4.0,13
15,1,Shawn Johnson,Derek Hough,Athlete,Iowa,United States,20,2nd Place,2,22.0,7.333333333333333,4.0,13
15,1,Drew Lachey,Anna Trebunskaya,Singer/Rapper,Ohio,United States,36,Eliminated Week 3,11,21.5,7.166666666666667,6.0,13
15,1,Helio Castroneves,Chelsie Hightower,Racing Driver,,Brazil,37,Eliminated Week 3,10,21.5,7.166666666666667,6.0,13
15,1,Kelly Monaco,Valentin Chmerkovskiy,Actor/Actress,Pennsylvania,United States,36,3rd Place,3,21.5,7.166666666666667,6.0,13
15,1,Melissa Rycroft,Tony Dovolani,TV Personality,Texas,United States,29,1st Place,1,21.0,7.0,9.0,13
15,1,Joey Fatone,Kym Johnson,Singer/Rapper,New York,United States,35,Eliminated Week 2,12,20.5,6.833333333333333,10.0,13
15,1,Bristol Palin,Mark Ballas,TV Personality,Alaska,United States,21,Eliminated Week 4,9,19.5,6.5,11.0,13
15,1,Kirstie Alley,Maksim Chmerkoskiy,Actor/Actress,Kansas,United States,61,Eliminated Week 8,7,19.0,6.333333333333333,12.0,13
15,1,Pamela Anderson,Tristan MacManus,Model,,Canada,45,Eliminated Week 1,13,17.0,5.666666666666667,13.0,13
15,2,Sabrina Bryan,Louis van Amstel,Actor/Actress,California,United States,28,Eliminated Week 6,8,26.0,8.666666666666666,1.0,12
15,2,Gilles Marini,Peta Murgatroyd,Actor/Actress,,France,36,Eliminated Week 8,6,25.5,8.5,2.0,12
15,2,Shawn Johnson,Derek Hough,Athlete,Iowa,United States,20,2nd Place,2,25.0,8.333333333333334,3.0,12
15,2,Apolo Anton Ohno,Karina Smirnoff,Athlete,Washington,United States,30,Eliminated Week 9,5,24.5,8.166666666666666,4.0,12
15,2,Melissa Rycroft,Tony Dovolani,TV Personality,Texas,United States,29,1st Place,1,23.5,7.833333333333333,5.0,12
15,2,Helio Castroneves,Chelsie Hightower,Racing Driver,,Brazil,37,Eliminated Week 3,10,23.0,7.666666666666667,6.0,12
15,2,Drew Lachey,Anna Trebunskaya,Singer/Rapper,Ohio,United States,36,Eliminated Week 3,11,22.5,7.5,7.0,12
15,2,Emmitt Smith,Cheryl Burke,Athlete,Florida,United States,43,Eliminated Week 9,4,22.5,7.5,7.0,12
15,2,Joey Fatone,Kym Johnson,Singer/Rapper,New York,United States,35,Eliminated Week 2,12,22.5,7.5,7.0,12
15,2,Kelly Monaco,Valentin Chmerkovskiy,Actor/Actress,Pennsylvania,United States,36,3rd Place,3,22.0,7.333333333333333,10.0,12
15,2,Kirstie Alley,Maksim Chmerkoskiy,Actor/Actress,Kansas,United States,61,Eliminated Week 8,7,21.0,7.0,11.0,12
15,2,Bristol Palin,Mark Ballas,TV Personality,Alaska,United States,21,Eliminated Week 4,9,18.0,6.0,12.0,12
15,3,Kelly Monaco,Valentin Chmerkovskiy,Actor/Actress,Pennsylvania,United States,36,3rd Place,3,27.0,9.0,1.0,11
15,3,Melissa Rycroft,Tony Dovolani,TV Personality,Texas,United States,29,1st Place,1,27.0,9.0,1.0,11
15,3,Shawn Johnson,Derek Hough,Athlete,Iowa,United States,20,2nd Place,2,26.5,8.833333333333334,3.0,11
15,3,Apolo Anton Ohno,Karina Smirnoff,Athlete,Washington,United States,30,Eliminated Week 9,5,25.5,8.5,4.0,11
15,3,Gilles Marini,Peta Murgatroyd,Actor/Actress,,France,36,Eliminated Week 8,6,25.5,8.5,4.0,11
15,3,Helio Castroneves,Chelsie Hightower,Racing Driver,,Brazil,37,Eliminated Week 3,10,25.5,8.5,4.0,11
15,3,Sabrina Bryan,Louis van Amstel,Actor/Actress,California,United States,28,Eliminated Week 6,8,25.5,8.5,4.0,11
15,3,Emmitt Smith,Cheryl Burke,Athlete,Florida,United States,43,Eliminated Week 9,4,25.0,8.333333333333334,8.0,11
15,3,Drew Lachey,Anna Trebunskaya,Singer/Rapper,Ohio,United States,36,Eliminated Week 3,11,24.0,8.0,9.0,11
15,3,Kirstie Alley,Maksim Chmerkoskiy,Actor/Actress,Kansas,United States,61,Eliminated Week 8,7,24.0,8.0,9.0,11
15,3,Bristol Palin,Mark Ballas,TV Personality,Alaska,United States,21,Eliminated Week 4,9,22.5,7.5,11.0,11
15,4,Gilles Marini,Peta Murgatroyd,Actor/Actress,,France,36,Eliminated Week 8,6,39.5,9.875,1.0,9
15,4,Shawn Johnson,Derek Hough,Athlete,Iowa,United States,20,2nd Place,2,39.5,9.875,1.0,9
15,4,Kelly Monaco,Valentin Chmerkovskiy,Actor/Actress,Pennsylvania,United States,36,3rd Place,3,37.5,9.375,3.0,9
15,4,Melissa Rycroft,Tony Dovolani,TV Personality,Texas,United States,29,1st Place,1,37.0,9.25,4.0,9
15,4,Emmitt Smith,Cheryl Burke,Athlete,Florida,United States,43,Eliminated Week 9,4,36.0,9.0,5.0,9
15,4,Sabrina Bryan,Louis van Amstel,Actor/Actress,California,United States,28,Eliminated Week 6,8,35.5,8.875,6.0,9
15,4,Apolo Anton Ohno,Karina Smirnoff,Athlete,Washington,United States,30,Eliminated Week 9,5,34.5,8.625,7.0,9
15,4,Bristol Palin,Mark Ballas,TV Personality,Alaska,United States,21,Eliminated Week 4,9,32.0,8.0,8.0,9
15,4,Kirstie Alley,Maksim Chmerkoskiy,Actor/Actress,Kansas,United States,61,Eliminated Week 8,7,30.0,7.5,9.0,9
15,5,Sabrina Bryan,Louis van Amstel,Actor/Actress,California,United States,28,Eliminated Week 6,8,29.25,9.75,1.0,8
15,5,Apolo Anton Ohno,Karina Smirnoff,Athlete,Washington,United States,30,Eliminated Week 9,5,28.25,9.416666666666666,2.0,8
15,5,Gilles Marini,Peta Murgatroyd,Actor/Actress,,France,36,Eliminated Week 8,6,28.25,9.416666666666666,2.0,8
15,5,Melissa Rycroft,Tony Dovolani,TV Personality,Texas,United States,29,1st Place,1,28.25,9.416666666666666,2.0,8
15,5,Shawn Johnson,Derek Hough,Athlete,Iowa,United States,20,2nd Place,2,28.25,9.416666666666666,2.0,8
15,5,Emmitt Smith,Cheryl Burke,Athlete,Florida,United States,43,Eliminated Week 9,4,28.0,9.333333333333334,6.0,8
15,5,Kirstie Alley,Maksim Chmerkoskiy,Actor/Actress,Kansas,United States,61,Eliminated Week 8,7,26.25,8.75,7.0,8
15,5,Kelly Monaco,Valentin Chmerkovskiy,Actor/Actress,Pennsylvania,United States,36,3rd Place,3,25.75,8.583333333333334,8.0,8
15,6,Apolo Anton Ohno,Karina Smirnoff,Athlete,Washington,United States,30,Eliminated Week 9,5,30.0,10.0,1.0,8
15,6,Sabrina Bryan,Louis van Amstel,Actor/Actress,California,United States,28,Eliminated Week 6,8,30.0,10.0,1.0,8
15,6,Melissa Rycroft,Tony Dovolani,TV Personality,Texas,United States,29,1st Place,1,29.5,9.833333333333334,3.0,8
15,6,Shawn Johnson,Derek Hough,Athlete,Iowa,United States,20,2nd Place,2,28.0,9.333333333333334,4.0,8
15,6,Gilles Marini,Peta Murgatroyd,Actor/Actress,,France,36,Eliminated Week 8,6,27.5,9.166666666666666,5.0,8
15,6,Kirstie Alley,Maksim Chmerkoskiy,Actor/Actress,Kansas,United States,61,Eliminated Week 8,7,27.5,9.166666666666666,5.0,8
15,6,Kelly Monaco,Valentin Chmerkovskiy,Actor/Actress,Pennsylvania,United States,36,3rd Place,3,27.0,9.0,7.0,8
15,6,Emmitt Smith,Cheryl Burke,Athlete,Florida,United States,43,Eliminated Week 9,4,26.5,8.833333333333334,8.0,8
15,7,Melissa Rycroft,Tony Dovolani,TV Personality,Texas,United States,29,1st Place,1,38.9999,12.999966666666666,1.0,7
15,7,Shawn Johnson,Derek Hough,Athlete,Iowa,United States,20,2nd Place,2,37.9998,12.6666,2.0,7
15,7,Kelly Monaco,Valentin Chmerkovskiy,Actor/Actress,Pennsylvania,United States,36,3rd Place,3,36.0,12.0,3.0,7
15,7,Emmitt Smith,Cheryl Burke,Athlete,Florida,United States,43,Eliminated Week 9,4,34.4999,11.499966666666666,4.0,7
15,7,Gilles Marini,Peta Murgatroyd,Actor/Actress,,France,36,Eliminated Week 8,6,33.4998,11.1666,5.0,7
15,7,Apolo Anton Ohno,Karina Smirnoff,Athlete,Washington,United States,30,Eliminated Week 9,5,33.0,11.0,6.0,7
15,7,Kirstie Alley,Maksim Chmerkoskiy,Actor/Actress,Kansas,United States,61,Eliminated Week 8,7,27.999899999999997,9.3333,7.0,7
15,8,Melissa Rycroft,Tony Dovolani,TV Personality,Texas,United States,29,1st Place,1,30.0,10.0,1.0,7
15,8,Apolo Anton Ohno,Karina Smirnoff,Athlete,Washington,United States,30,Eliminated Week 9,5,29.2777,9.759233333333333,2.0,7
15,8,Gilles Marini,Peta Murgatroyd,Actor/Actress,,France,36,Eliminated Week 8,6,29.2777,9.759233333333333,2.0,7
15,8,Emmitt Smith,Cheryl Burke,Athlete,Florida,United States,43,Eliminated Week 9,4,29.0554,9.685133333333333,4.0,7
15,8,Kelly Monaco,Valentin Chmerkovskiy,Actor/Actress,Pennsylvania,United States,36,3rd Place,3,28.3333,9.444433333333334,5.0,7
15,8,Shawn Johnson,Derek Hough,Athlete,Iowa,United States,20,2nd Place,2,27.8333,9.277766666666666,6.0,7
15,8,Kirstie Alley,Maksim Chmerkoskiy,Actor/Actress,Kansas,United States,61,Eliminated Week 8,7,25.5,8.5,7.0,7
15,9,Shawn Johnson,Derek Hough,Athlete,Iowa,United States,20,2nd Place,2,29.5,9.833333333333334,1.0,5
15,9,Melissa Rycroft,Tony Dovolani,TV Personality,Texas,United States,29,1st Place,1,28.7777,9.592566666666666,2.0,5
15,9,Apolo Anton Ohno,Karina Smirnoff,Athlete,Washington,United States,30,Eliminated Week 9,5,28.611,9.537,3.0,5
15,9,Kelly Monaco,Valentin Chmerkovskiy,Actor/Actress,Pennsylvania,United States,36,3rd Place,3,27.110999999999997,9.036999999999999,4.0,5
15,9,Emmitt Smith,Cheryl Burke,Athlete,Florida,United States,43,Eliminated Week 9,4,27.0,9.0,5.0,5
15,10,Melissa Rycroft,Tony Dovolani,TV Personality,Texas,United States,29,1st Place,1,29.333099999999998,9.7777,1.0,3
15,10,Kelly Monaco,Valentin Chmerkovskiy,Actor/Actress,Pennsylvania,United States,36,3rd Place,3,29.1109,9.703633333333334,2.0,3
15,10,Shawn Johnson,Derek Hough,Athlete,Iowa,United States,20,2nd Place,2,28.944300000000002,9.648100000000001,3.0,3
16,1,Zendaya,Valentin Chmerkovskiy,Actor/Actress,California,United States,16,2nd Place,2,24.0,8.0,1.0,12
16,1,Alexandra Raisman,Mark Ballas,Athlete,Massachusetts,United States,18,Eliminated Week 10,4,21.0,7.0,2.0,12
16,1,Dorothy Hamill,Tristan MacManus,Athlete,Illinois,United States,56,Withdrew,12,21.0,7.0,2.0,12
16,1,Kellie Pickler,Derek Hough,Singer/Rapper,North Carolina,United States,26,1st Place,1,21.0,7.0,2.0,12
16,1,Ingo Rademacher,Kym Johnson,Actor/Actress,,Germany,41,Eliminated Week 9,5,20.0,6.666666666666667,5.0,12
16,1,Jacoby Jones,Karina Smirnoff,Athlete,Louisiana,United States,28,3rd Place,3,20.0,6.666666666666667,5.0,12
16,1,Sean Lowe,Peta Murgatroyd,TV Personality,Texas,United States,29,Eliminated Week 8,6,19.0,6.333333333333333,7.0,12
16,1,Lisa Vanderpump,Gleb Savchenko,TV Personality,,England,52,Eliminated Week 4,10,18.0,6.0,8.0,12
16,1,Victor Ortiz,Lindsay Arnold,Athlete,Kansas,United States,26,Eliminated Week 6,8,18.0,6.0,8.0,12
16,1,Wynonna Judd,Tony Dovolani,Singer/Rapper,Kentucky,United States,48,Eliminated Week 3,11,18.0,6.0,8.0,12
16,1,Andy Dick,Sharna Burgess,Comedian,South Carolina,United States,47,Eliminated Week 7,7,17.0,5.666666666666667,11.0,12
16,1,D. L. Hughley,Cheryl Burke,Comedian,Virginia,United States,50,Eliminated Week 5,9,12.0,4.0,12.0,12
16,2,Kellie Pickler,Derek Hough,Singer/Rapper,North Carolina,United States,26,1st Place,1,26.0,8.666666666666666,1.0,12
16,2,Zendaya,Valentin Chmerkovskiy,Actor/Actress,California,United States,16,2nd Place,2,26.0,8.666666666666666,1.0,12
16,2,Alexandra Raisman,Mark Ballas,Athlete,Massachusetts,United States,18,Eliminated Week 10,4,24.0,8.0,3.0,12
16,2,Jacoby Jones,Karina Smirnoff,Athlete,Louisiana,United States,28,3rd Place,3,23.0,7.666666666666667,4.0,12
16,2,Andy Dick,Sharna Burgess,Comedian,South Carolina,United States,47,Eliminated Week 7,7,20.0,6.666666666666667,5.0,12
16,2,Ingo Rademacher,Kym Johnson,Actor/Actress,,Germany,41,Eliminated Week 9,5,20.0,6.666666666666667,5.0,12
16,2,Sean Lowe,Peta Murgatroyd,TV Personality,Texas,United States,29,Eliminated Week 8,6,20.0,6.666666666666667,5.0,12
16,2,Lisa Vanderpump,Gleb Savchenko,TV Personality,,England,52,Eliminated Week 4,10,18.0,6.0,8.0,12
16,2,Victor Ortiz,Lindsay Arnold,Athlete,Kansas,United States,26,Eliminated Week 6,8,18.0,6.0,8.0,12
16,2,Wynonna Judd,Tony Dovolani,Singer/Rapper,Kentucky,United States,48,Eliminated Week 3,11,18.0,6.0,8.0,12
16,2,D. L. Hughley,Cheryl Burke,Comedian,Virginia,United States,50,Eliminated Week 5,9,16.0,5.333333333333333,11.0,12
16,2,Dorothy Hamill,Tristan MacManus,Athlete,Illinois,United States,56,Withdrew,12,15.0,5.0,12.0,12
16,3,Jacoby Jones,Karina Smirnoff,Athlete,Louisiana,United States,28,3rd Place,3,25.9998,8.6666,1.0,11
16,3,Zendaya,Valentin Chmerkovskiy,Actor/Actress,California,United States,16,2nd Place,2,25.9998,8.6666,1.0,11
16,3,Kellie Pickler,Derek Hough,Singer/Rapper,North Carolina,United States,26,1st Place,1,25.0,8.333333333333334,3.0,11
16,3,Alexandra Raisman,Mark Ballas,Athlete,Massachusetts,United States,18,Eliminated Week 10,4,23.0,7.666666666666667,4.0,11
16,3,Victor Ortiz,Lindsay Arnold,Athlete,Kansas,United States,26,Eliminated Week 6,8,23.0,7.666666666666667,4.0,11
16,3,Ingo Rademacher,Kym Johnson,Actor/Actress,,Germany,41,Eliminated Week 9,5,21.0,7.0,6.0,11
16,3,Lisa Vanderpump,Gleb Savchenko,TV Personality,,England,52,Eliminated Week 4,10,21.0,7.0,6.0,11
16,3,Sean Lowe,Peta Murgatroyd,TV Personality,Texas,United States,29,Eliminated Week 8,6,21.0,7.0,6.0,11
16,3,Andy Dick,Sharna Burgess,Comedian,South Carolina,United States,47,Eliminated Week 7,7,18.0,6.0,9.0,11
16,3,D. L. Hughley,Cheryl Burke,Comedian,Virginia,United States,50,Eliminated Week 5,9,16.0,5.333333333333333,10.0,11
16,3,Wynonna Judd,Tony Dovolani,Singer/Rapper,Kentucky,United States,48,Eliminated Week 3,11,15.0,5.0,11.0,11
16,4,Alexandra Raisman,Mark Ballas,Athlete,Massachusetts,United States,18,Eliminated Week 10,4,27.0,9.0,1.0,10
16,4,Kellie Pickler,Derek Hough,Singer/Rapper,North Carolina,United States,26,1st Place,1,26.0,8.666666666666666,2.0,10
16,4,Zendaya,Valentin Chmerkovskiy,Actor/Actress,California,United States,16,2nd Place,2,26.0,8.666666666666666,2.0,10
16,4,Jacoby Jones,Karina Smirnoff,Athlete,Louisiana,United States,28,3rd Place,3,24.0,8.0,4.0,10
16,4,Ingo Rademacher,Kym Johnson,Actor/Actress,,Germany,41,Eliminated Week 9,5,23.0,7.666666666666667,5.0,10
16,4,Andy Dick,Sharna Burgess,Comedian,South Carolina,United States,47,Eliminated Week 7,7,21.0,7.0,6.0,10
16,4,D. L. Hughley,Cheryl Burke,Comedian,Virginia,United States,50,Eliminated Week 5,9,21.0,7.0,6.0,10
16,4,Sean Lowe,Peta Murgatroyd,TV Personality,Texas,United States,29,Eliminated Week 8,6,20.0,6.666666666666667,8.0,10
16,4,Lisa Vanderpump,Gleb Savchenko,TV Personality,,England,52,Eliminated Week 4,10,18.0,6.0,9.0,10
16,4,Victor Ortiz,Lindsay Arnold,Athlete,Kansas,United States,26,Eliminated Week 6,8,18.0,6.0,9.0,10
16,5,Zendaya,Valentin Chmerkovskiy,Actor/Actress,California,United States,16,2nd Place,2,29.0,9.666666666666666,1.0,9
16,5,Kellie Pickler,Derek Hough,Singer/Rapper,North Carolina,United States,26,1st Place,1,27.0,9.0,2.0,9
16,5,Jacoby Jones,Karina Smirnoff,Athlete,Louisiana,United States,28,3rd Place,3,26.0,8.666666666666666,3.0,9
16,5,Alexandra Raisman,Mark Ballas,Athlete,Massachusetts,United States,18,Eliminated Week 10,4,25.0,8.333333333333334,4.0,9
16,5,Sean Lowe,Peta Murgatroyd,TV Personality,Texas,United States,29,Eliminated Week 8,6,24.0,8.0,5.0,9
16,5,Ingo Rademacher,Kym Johnson,Actor/Actress,,Germany,41,Eliminated Week 9,5,21.0,7.0,6.0,9
16,5,Victor Ortiz,Lindsay Arnold,Athlete,Kansas,United States,26,Eliminated Week 6,8,21.0,7.0,6.0,9
16,5,Andy Dick,Sharna Burgess,Comedian,South Carolina,United States,47,Eliminated Week 7,7,18.0,6.0,8.0,9
16,5,D. L. Hughley,Cheryl Burke,Comedian,Virginia,United States,50,Eliminated Week 5,9,18.0,6.0,8.0,9
16,6,Kellie Pickler,Derek Hough,Singer/Rapper,North Carolina,United States,26,1st Place,1,27.0,9.0,1.0,8
16,6,Alexandra Raisman,Mark Ballas,Athlete,Massachusetts,United States,18,Eliminated Week 10,4,26.0,8.666666666666666,2.0,8
16,6,Zendaya,Valentin Chmerkovskiy,Actor/Actress,California,United States,16,2nd Place,2,25.5,8.5,3.0,8
16,6,Ingo Rademacher,Kym Johnson,Actor/Actress,,Germany,41,Eliminated Week 9,5,23.0,7.666666666666667,4.0,8
16,6,Sean Lowe,Peta Murgatroyd,TV Personality,Texas,United States,29,Eliminated Week 8,6,23.0,7.666666666666667,4.0,8
16,6,Jacoby Jones,Karina Smirnoff,Athlete,Louisiana,United States,28,3rd Place,3,22.5,7.5,6.0,8
16,6,Andy Dick,Sharna Burgess,Comedian,South Carolina,United States,47,Eliminated Week 7,7,21.5,7.166666666666667,7.0,8
16,6,Victor Ortiz,Lindsay Arnold,Athlete,Kansas,United States,26,Eliminated Week 6,8,20.0,6.666666666666667,8.0,8
16,7,Alexandra Raisman,Mark Ballas,Athlete,Massachusetts,United States,18,Eliminated Week 10,4,32.0,10.666666666666666,1.0,7
16,7,Zendaya,Valentin Chmerkovskiy,Actor/Actress,California,United States,16,2nd Place,2,30.0,10.0,2.0,7
16,7,Kellie Pickler,Derek Hough,Singer/Rapper,North Carolina,United States,26,1st Place,1,29.0,9.666666666666666,3.0,7
16,7,Jacoby Jones,Karina Smirnoff,Athlete,Louisiana,United States,28,3rd Place,3,27.0,9.0,4.0,7
16,7,Ingo Rademacher,Kym Johnson,Actor/Actress,,Germany,41,Eliminated Week 9,5,25.0,8.333333333333334,5.0,7
16,7,Sean Lowe,Peta Murgatroyd,TV Personality,Texas,United States,29,Eliminated Week 8,6,24.0,8.0,6.0,7
16,7,Andy Dick,Sharna Burgess,Comedian,South Carolina,United States,47,Eliminated Week 7,7,17.0,5.666666666666667,7.0,7
16,8,Zendaya,Valentin Chmerkovskiy,Actor/Actress,California,United States,16,2nd Place,2,29.0,9.666666666666666,1.0,6
16,8,Alexandra Raisman,Mark Ballas,Athlete,Massachusetts,United States,18,Eliminated Week 10,4,28.0,9.333333333333334,2.0,6
16,8,Kellie Pickler,Derek Hough,Singer/Rapper,North Carolina,United States,26,1st Place,1,27.5,9.166666666666666,3.0,6
16,8,Jacoby Jones,Karina Smirnoff,Athlete,Louisiana,United States,28,3rd Place,3,26.0,8.666666666666666,4.0,6
16,8,Ingo Rademacher,Kym Johnson,Actor/Actress,,Germany,41,Eliminated Week 9,5,24.0,8.0,5.0,6
16,8,Sean Lowe,Peta Murgatroyd,TV Personality,Texas,United States,29,Eliminated Week 8,6,21.0,7.0,6.0,6
16,9,Alexandra Raisman,Mark Ballas,Athlete,Massachusetts,United States,18,Eliminated Week 10,4,29.5,9.833333333333334,1.0,5
16,9,Jacoby Jones,Karina Smirnoff,Athlete,Louisiana,United States,28,3rd Place,3,29.5,9.833333333333334,1.0,5
16,9,Kellie Pickler,Derek Hough,Singer/Rapper,North Carolina,United States,26,1st Place,1,29.0,9.666666666666666,3.0,5
16,9,Zendaya,Valentin Chmerkovskiy,Actor/Actress,California,United States,16,2nd Place,2,27.5,9.166666666666666,4.0,5
16,9,Ingo Rademacher,Kym Johnson,Actor/Actress,,Germany,41,Eliminated Week 9,5,25.5,8.5,5.0,5
16,10,Kellie Pickler,Derek Hough,Singer/Rapper,North Carolina,United States,26,1st Place,1,30.0,10.0,1.0,4
16,10,Zendaya,Valentin Chmerkovskiy,Actor/Actress,California,United States,16,2nd Place,2,30.0,10.0,1.0,4
16,10,Alexandra Raisman,Mark Ballas,Athlete,Massachusetts,United States,18,Eliminated Week 10,4,29.0,9.666666666666666,3.0,4
16,10,Jacoby Jones,Karina Smirnoff,Athlete,Louisiana,United States,28,3rd Place,3,27.999899999999997,9.3333,4.0,4
17,1,Amber Riley,Derek Hough,Actor/Actress,California,United States,27,1st Place,1,27.0,9.0,1.0,12
17,1,Corbin Bleu,Karina Smirnoff,Actor/Actress,New York,United States,24,2nd Place,2,24.0,8.0,2.0,12
17,1,Elizabeth Berkley Lauren,Valentin Chmerkovskiy,Actor/Actress,Michigan,United States,39,Eliminated Week 9,6,24.0,8.0,2.0,12
17,1,Jack Osbourne,Cheryl Burke,TV Personality,,England,27,3rd Place,3,23.0,7.666666666666667,4.0,12
17,1,"Nicole ""Snooki"" Polizzi",Sasha Farber,TV Personality,,Chile,25,Eliminated Week 7,8,23.0,7.666666666666667,4.0,12
17,1,Brant Daugherty,Peta Murgatroyd,Actor/Actress,Ohio,United States,28,Eliminated Week 8,7,22.0,7.333333333333333,6.0,12
17,1,Christina Milian,Mark Ballas,Singer/Rapper,New Jersey,United States,31,Eliminated Week 5,9,22.0,7.333333333333333,6.0,12
17,1,Leah Remini,Tony Dovolani,Actor/Actress,New York,United States,43,Eliminated Week 10,5,21.0,7.0,8.0,12
17,1,Valerie Harper,Tristan MacManus,Actor/Actress,New York,United States,74,Eliminated Week 4,10,21.0,7.0,8.0,12
17,1,Bill Engvall,Emma Slater,Comedian,Texas,United States,56,Eliminated Week 11,4,18.0,6.0,10.0,12
17,1,Keyshawn Johnson,Sharna Burgess,Athlete,California,United States,41,Eliminated Week 2,12,17.0,5.666666666666667,11.0,12
17,1,Bill Nye,Tyne Stecklein,TV Personality,Washington D.C.,United States,57,Eliminated Week 3,11,14.0,4.666666666666667,12.0,12
17,2,Corbin Bleu,Karina Smirnoff,Actor/Actress,New York,United States,24,2nd Place,2,26.0,8.666666666666666,1.0,12
17,2,Christina Milian,Mark Ballas,Singer/Rapper,New Jersey,United States,31,Eliminated Week 5,9,25.0,8.333333333333334,2.0,12
17,2,Elizabeth Berkley Lauren,Valentin Chmerkovskiy,Actor/Actress,Michigan,United States,39,Eliminated Week 9,6,25.0,8.333333333333334,2.0,12
17,2,Amber Riley,Derek Hough,Actor/Actress,California,United States,27,1st Place,1,24.0,8.0,4.0,12
17,2,Jack Osbourne,Cheryl Burke,TV Personality,,England,27,3rd Place,3,24.0,8.0,4.0,12
17,2,Leah Remini,Tony Dovolani,Actor/Actress,New York,United States,43,Eliminated Week 10,5,24.0,8.0,4.0,12
17,2,Brant Daugherty,Peta Murgatroyd,Actor/Actress,Ohio,United States,28,Eliminated Week 8,7,23.0,7.666666666666667,7.0,12
17,2,Bill Engvall,Emma Slater,Comedian,Texas,United States,56,Eliminated Week 11,4,21.0,7.0,8.0,12
17,2,"Nicole ""Snooki"" Polizzi",Sasha Farber,TV Personality,,Chile,25,Eliminated Week 7,8,20.0,6.666666666666667,9.0,12
17,2,Valerie Harper,Tristan MacManus,Actor/Actress,New York,United States,74,Eliminated Week 4,10,19.0,6.333333333333333,10.0,12
17,2,Keyshawn Johnson,Sharna Burgess,Athlete,California,United States,41,Eliminated Week 2,12,18.0,6.0,11.0,12
17,2,Bill Nye,Tyne Stecklein,TV Personality,Washington D.C.,United States,57,Eliminated Week 3,11,17.0,5.666666666666667,12.0,12
17,3,Brant Daugherty,Peta Murgatroyd,Actor/Actress,Ohio,United States,28,Eliminated Week 8,7,27.0,9.0,1.0,11
17,3,Christina Milian,Mark Ballas,Singer/Rapper,New Jersey,United States,31,Eliminated Week 5,9,26.0,8.666666666666666,2.0,11
17,3,Corbin Bleu,Karina Smirnoff,Actor/Actress,New York,United States,24,2nd Place,2,26.0,8.666666666666666,2.0,11
17,3,Elizabeth Berkley Lauren,Valentin Chmerkovskiy,Actor/Actress,Michigan,United States,39,Eliminated Week 9,6,25.0,8.333333333333334,4.0,11
17,3,"Nicole ""Snooki"" Polizzi",Sasha Farber,TV Personality,,Chile,25,Eliminated Week 7,8,25.0,8.333333333333334,4.0,11
17,3,Amber Riley,Derek Hough,Actor/Actress,California,United States,27,1st Place,1,24.0,8.0,6.0,11
17,3,Bill Engvall,Emma Slater,Comedian,Texas,United States,56,Eliminated Week 11,4,24.0,8.0,6.0,11
17,3,Leah Remini,Tony Dovolani,Actor/Actress,New York,United States,43,Eliminated Week 10,5,24.0,8.0,6.0,11
17,3,Jack Osbourne,Cheryl Burke,TV Personality,,England,27,3rd Place,3,22.0,7.333333333333333,9.0,11
17,3,Bill Nye,Tyne Stecklein,TV Personality,Washington D.C.,United States,57,Eliminated Week 3,11,16.0,5.333333333333333,10.0,11
17,3,Valerie Harper,Tristan MacManus,Actor/Actress,New York,United States,74,Eliminated Week 4,10,16.0,5.333333333333333,10.0,11
17,4,Amber Riley,Derek Hough,Actor/Actress,California,United States,27,1st Place,1,27.0,9.0,1.0,10
17,4,Corbin Bleu,Karina Smirnoff,Actor/Actress,New York,United States,24,2nd Place,2,27.0,9.0,1.0,10
17,4,Elizabeth Berkley Lauren,Valentin Chmerkovskiy,Actor/Actress,Michigan,United States,39,Eliminated Week 9,6,27.0,9.0,1.0,10
17,4,Christina Milian,Mark Ballas,Singer/Rapper,New Jersey,United States,31,Eliminated Week 5,9,24.0,8.0,4.0,10
17,4,Jack Osbourne,Cheryl Burke,TV Personality,,England,27,3rd Place,3,24.0,8.0,4.0,10
17,4,Leah Remini,Tony Dovolani,Actor/Actress,New York,United States,43,Eliminated Week 10,5,24.0,8.0,4.0,10
17,4,"Nicole ""Snooki"" Polizzi",Sasha Farber,TV Personality,,Chile,25,Eliminated Week 7,8,24.0,8.0,4.0,10
17,4,Bill Engvall,Emma Slater,Comedian,Texas,United States,56,Eliminated Week 11,4,21.0,7.0,8.0,10
17,4,Brant Daugherty,Peta Murgatroyd,Actor/Actress,Ohio,United States,28,Eliminated Week 8,7,21.0,7.0,8.0,10
17,4,Valerie Harper,Tristan MacManus,Actor/Actress,New York,United States,74,Eliminated Week 4,10,18.0,6.0,10.0,10
17,5,Christina Milian,Mark Ballas,Singer/Rapper,New Jersey,United States,31,Eliminated Week 5,9,28.0,9.333333333333334,1.0,9
17,5,Corbin Bleu,Karina Smirnoff,Actor/Actress,New York,United States,24,2nd Place,2,28.0,9.333333333333334,1.0,9
17,5,Brant Daugherty,Peta Murgatroyd,Actor/Actress,Ohio,United States,28,Eliminated Week 8,7,27.0,9.0,3.0,9
17,5,Jack Osbourne,Cheryl Burke,TV Personality,,England,27,3rd Place,3,27.0,9.0,3.0,9
17,5,"Nicole ""Snooki"" Polizzi",Sasha Farber,TV Personality,,Chile,25,Eliminated Week 7,8,27.0,9.0,3.0,9
17,5,Amber Riley,Derek Hough,Actor/Actress,California,United States,27,1st Place,1,26.0,8.666666666666666,6.0,9
17,5,Elizabeth Berkley Lauren,Valentin Chmerkovskiy,Actor/Actress,Michigan,United States,39,Eliminated Week 9,6,26.0,8.666666666666666,6.0,9
17,5,Bill Engvall,Emma Slater,Comedian,Texas,United States,56,Eliminated Week 11,4,24.0,8.0,8.0,9
17,5,Leah Remini,Tony Dovolani,Actor/Actress,New York,United States,43,Eliminated Week 10,5,22.0,7.333333333333333,9.0,9
17,6,Amber Riley,Derek Hough,Actor/Actress,California,United States,27,1st Place,1,31.999899999999997,10.666633333333332,1.0,8
17,6,Elizabeth Berkley Lauren,Valentin Chmerkovskiy,Actor/Actress,Michigan,United States,39,Eliminated Week 9,6,31.9998,10.6666,2.0,8
17,6,Brant Daugherty,Peta Murgatroyd,Actor/Actress,Ohio,United States,28,Eliminated Week 8,7,31.0,10.333333333333334,3.0,8
17,6,"Nicole ""Snooki"" Polizzi",Sasha Farber,TV Personality,,Chile,25,Eliminated Week 7,8,30.0,10.0,4.0,8
17,6,Leah Remini,Tony Dovolani,Actor/Actress,New York,United States,43,Eliminated Week 10,5,27.999899999999997,9.3333,5.0,8
17,6,Corbin Bleu,Karina Smirnoff,Actor/Actress,New York,United States,24,2nd Place,2,26.999899999999997,8.999966666666666,6.0,8
17,6,Jack Osbourne,Cheryl Burke,TV Personality,,England,27,3rd Place,3,26.9998,8.999933333333333,7.0,8
17,6,Bill Engvall,Emma Slater,Comedian,Texas,United States,56,Eliminated Week 11,4,23.9999,7.9999666666666664,8.0,8
17,7,Amber Riley,Derek Hough,Actor/Actress,California,United States,27,1st Place,1,29.5,9.833333333333334,1.0,8
17,7,Corbin Bleu,Karina Smirnoff,Actor/Actress,New York,United States,24,2nd Place,2,29.5,9.833333333333334,1.0,8
17,7,Brant Daugherty,Peta Murgatroyd,Actor/Actress,Ohio,United States,28,Eliminated Week 8,7,28.5,9.5,3.0,8
17,7,Jack Osbourne,Cheryl Burke,TV Personality,,England,27,3rd Place,3,28.5,9.5,3.0,8
17,7,Elizabeth Berkley Lauren,Valentin Chmerkovskiy,Actor/Actress,Michigan,United States,39,Eliminated Week 9,6,27.0,9.0,5.0,8
17,7,"Nicole ""Snooki"" Polizzi",Sasha Farber,TV Personality,,Chile,25,Eliminated Week 7,8,27.0,9.0,5.0,8
17,7,Leah Remini,Tony Dovolani,Actor/Actress,New York,United States,43,Eliminated Week 10,5,26.5,8.833333333333334,7.0,8
17,7,Bill Engvall,Emma Slater,Comedian,Texas,United States,56,Eliminated Week 11,4,25.0,8.333333333333334,8.0,8
17,8,Corbin Bleu,Karina Smirnoff,Actor/Actress,New York,United States,24,2nd Place,2,30.0,10.0,1.0,7
17,8,Jack Osbourne,Cheryl Burke,TV Personality,,England,27,3rd Place,3,30.0,10.0,1.0,7
17,8,Amber Riley,Derek Hough,Actor/Actress,California,United States,27,1st Place,1,28.0,9.333333333333334,3.0,7
17,8,Leah Remini,Tony Dovolani,Actor/Actress,New York,United States,43,Eliminated Week 10,5,28.0,9.333333333333334,3.0,7
17,8,Brant Daugherty,Peta Murgatroyd,Actor/Actress,Ohio,United States,28,Eliminated Week 8,7,27.0,9.0,5.0,7
17,8,Elizabeth Berkley Lauren,Valentin Chmerkovskiy,Actor/Actress,Michigan,United States,39,Eliminated Week 9,6,25.0,8.333333333333334,6.0,7
17,8,Bill Engvall,Emma Slater,Comedian,Texas,United States,56,Eliminated Week 11,4,24.0,8.0,7.0,7
17,9,Corbin Bleu,Karina Smirnoff,Actor/Actress,New York,United States,24,2nd Place,2,29.0,9.666666666666666,1.0,6
17,9,Elizabeth Berkley Lauren,Valentin Chmerkovskiy,Actor/Actress,Michigan,United States,39,Eliminated Week 9,6,28.0,9.333333333333334,2.0,6
17,9,Jack Osbourne,Cheryl Burke,TV Personality,,England,27,3rd Place,3,27.0,9.0,3.0,6
17,9,Leah Remini,Tony Dovolani,Actor/Actress,New York,United States,43,Eliminated Week 10,5,27.0,9.0,3.0,6
17,9,Amber Riley,Derek Hough,Actor/Actress,California,United States,27,1st Place,1,25.5,8.5,5.0,6
17,9,Bill Engvall,Emma Slater,Comedian,Texas,United States,56,Eliminated Week 11,4,21.0,7.0,6.0,6
17,10,Amber Riley,Derek Hough,Actor/Actress,California,United States,27,1st Place,1,39.5,9.875,1.0,5
17,10,Corbin Bleu,Karina Smirnoff,Actor/Actress,New York,United States,24,2nd Place,2,37.5,9.375,2.0,5
17,10,Jack Osbourne,Cheryl Burke,TV Personality,,England,27,3rd Place,3,35.5,8.875,3.0,5
17,10,Leah Remini,Tony Dovolani,Actor/Actress,New York,United States,43,Eliminated Week 10,5,32.5,8.125,4.0,5
17,10,Bill Engvall,Emma Slater,Comedian,Texas,United States,56,Eliminated Week 11,4,30.0,7.5,5.0,5
17,11,Amber Riley,Derek Hough,Actor/Actress,California,United States,27,1st Place,1,31.333199999999998,10.4444,1.0,4
17,11,Corbin Bleu,Karina Smirnoff,Actor/Actress,New York,United States,24,2nd Place,2,29.6664,9.8888,2.0,4
17,11,Jack Osbourne,Cheryl Burke,TV Personality,,England,27,3rd Place,3,27.999899999999997,9.3333,3.0,4
17,11,Bill Engvall,Emma Slater,Comedian,Texas,United States,56,Eliminated Week 11,4,25.499899999999997,8.499966666666666,4.0,4
18,1,Charlie White,Sharna Burgess,Athlete,Michigan,United States,26,Eliminated Week 9,5,27.0,9.0,1.0,12
18,1,Candace Cameron Bure,Mark Ballas,Actor/Actress,California,United States,37,3rd Place,3,25.0,8.333333333333334,2.0,12
18,1,Amy Purdy,Derek Hough,Athlete,Nevada,United States,34,2nd Place,2,24.0,8.0,3.0,12
18,1,Danica McKellar,Valentin Chmerkovskiy,Actor/Actress,California,United States,39,Eliminated Week 8,6,24.0,8.0,3.0,12
18,1,Meryl Davis,Maksim Chmerkoskiy,Athlete,Michigan,United States,27,1st Place,1,24.0,8.0,3.0,12
18,1,Cody Simpson,Witney Carson,Singer/Rapper,,Australia,17,Eliminated Week 5,9,22.0,7.333333333333333,6.0,12
18,1,Drew Carey,Cheryl Burke,Comedian,Ohio,United States,55,Eliminated Week 6,8,21.0,7.0,7.0,12
18,1,James Maslow,Peta Murgatroyd,Actor/Actress,New York,United States,23,Eliminated Week 10,4,21.0,7.0,7.0,12
18,1,NeNe Leakes,Tony Dovolani,TV Personality,New York,United States,46,Eliminated Week 7,7,21.0,7.0,7.0,12
18,1,Sean Avery,Karina Smirnoff,Athlete,,Canada,33,Eliminated Week 2,11,20.0,6.666666666666667,10.0,12
18,1,Diana Nyad,Henry Byalikov,Athlete,New York,United States,64,Eliminated Week 2,12,18.0,6.0,11.0,12
18,1,Billy Dee Williams,Emma Slater,Actor/Actress,New York,United States,76,Withdrew,10,15.0,5.0,12.0,12
18,2,Charlie White,Sharna Burgess,Athlete,Michigan,United States,26,Eliminated Week 9,5,25.0,8.333333333333334,1.0,11
18,2,James Maslow,Peta Murgatroyd,Actor/Actress,New York,United States,23,Eliminated Week 10,4,25.0,8.333333333333334,1.0,11
18,2,Meryl Davis,Maksim Chmerkoskiy,Athlete,Michigan,United States,27,1st Place,1,25.0,8.333333333333334,1.0,11
18,2,Amy Purdy,Derek Hough,Athlete,Nevada,United States,34,2nd Place,2,24.0,8.0,4.0,11
18,2,Danica McKellar,Valentin Chmerkovskiy,Actor/Actress,California,United States,39,Eliminated Week 8,6,24.0,8.0,4.0,11
18,2,Cody Simpson,Witney Carson,Singer/Rapper,,Australia,17,Eliminated Week 5,9,22.0,7.333333333333333,6.0,11
18,2,Candace Cameron Bure,Mark Ballas,Actor/Actress,California,United States,37,3rd Place,3,21.0,7.0,7.0,11
18,2,Drew Carey,Cheryl Burke,Comedian,Ohio,United States,55,Eliminated Week 6,8,21.0,7.0,7.0,11
18,2,NeNe Leakes,Tony Dovolani,TV Personality,New York,United States,46,Eliminated Week 7,7,21.0,7.0,7.0,11
18,2,Sean Avery,Karina Smirnoff,Athlete,,Canada,33,Eliminated Week 2,11,21.0,7.0,7.0,11
18,2,Billy Dee Williams,Emma Slater,Actor/Actress,New York,United States,76,Withdrew,10,15.0,5.0,11.0,11
18,3,Meryl Davis,Maksim Chmerkoskiy,Athlete,Michigan,United States,27,1st Place,1,39.0,9.75,1.0,9
18,3,Amy Purdy,Derek Hough,Athlete,Nevada,United States,34,2nd Place,2,36.0,9.0,2.0,9
18,3,Charlie White,Sharna Burgess,Athlete,Michigan,United States,26,Eliminated Week 9,5,36.0,9.0,2.0,9
18,3,Danica McKellar,Valentin Chmerkovskiy,Actor/Actress,California,United States,39,Eliminated Week 8,6,36.0,9.0,2.0,9
18,3,James Maslow,Peta Murgatroyd,Actor/Actress,New York,United States,23,Eliminated Week 10,4,36.0,9.0,2.0,9
18,3,Cody Simpson,Witney Carson,Singer/Rapper,,Australia,17,Eliminated Week 5,9,35.0,8.75,6.0,9
18,3,Candace Cameron Bure,Mark Ballas,Actor/Actress,California,United States,37,3rd Place,3,32.0,8.0,7.0,9
18,3,NeNe Leakes,Tony Dovolani,TV Personality,New York,United States,46,Eliminated Week 7,7,31.0,7.75,8.0,9
18,3,Drew Carey,Cheryl Burke,Comedian,Ohio,United States,55,Eliminated Week 6,8,30.0,7.5,9.0,9
18,4,Meryl Davis,Maksim Chmerkoskiy,Athlete,Michigan,United States,27,1st Place,1,39.0,9.75,1.0,9
18,4,James Maslow,Peta Murgatroyd,Actor/Actress,New York,United States,23,Eliminated Week 10,4,35.0,8.75,2.0,9
18,4,Amy Purdy,Derek Hough,Athlete,Nevada,United States,34,2nd Place,2,34.0,8.5,3.0,9
18,4,Charlie White,Sharna Burgess,Athlete,Michigan,United States,26,Eliminated Week 9,5,33.0,8.25,4.0,9
18,4,Drew Carey,Cheryl Burke,Comedian,Ohio,United States,55,Eliminated Week 6,8,33.0,8.25,4.0,9
18,4,Danica McKellar,Valentin Chmerkovskiy,Actor/Actress,California,United States,39,Eliminated Week 8,6,32.0,8.0,6.0,9
18,4,NeNe Leakes,Tony Dovolani,TV Personality,New York,United States,46,Eliminated Week 7,7,32.0,8.0,6.0,9
18,4,Cody Simpson,Witney Carson,Singer/Rapper,,Australia,17,Eliminated Week 5,9,31.0,7.75,8.0,9
18,4,Candace Cameron Bure,Mark Ballas,Actor/Actress,California,United States,37,3rd Place,3,28.0,7.0,9.0,9
18,5,James Maslow,Peta Murgatroyd,Actor/Actress,New York,United States,23,Eliminated Week 10,4,40.0,10.0,1.0,9
18,5,Danica McKellar,Valentin Chmerkovskiy,Actor/Actress,California,United States,39,Eliminated Week 8,6,39.0,9.75,2.0,9
18,5,Amy Purdy,Derek Hough,Athlete,Nevada,United States,34,2nd Place,2,37.0,9.25,3.0,9
18,5,Charlie White,Sharna Burgess,Athlete,Michigan,United States,26,Eliminated Week 9,5,37.0,9.25,3.0,9
18,5,Meryl Davis,Maksim Chmerkoskiy,Athlete,Michigan,United States,27,1st Place,1,36.0,9.0,5.0,9
18,5,NeNe Leakes,Tony Dovolani,TV Personality,New York,United States,46,Eliminated Week 7,7,36.0,9.0,5.0,9
18,5,Candace Cameron Bure,Mark Ballas,Actor/Actress,California,United States,37,3rd Place,3,35.0,8.75,7.0,9
18,5,Cody Simpson,Witney Carson,Singer/Rapper,,Australia,17,Eliminated Week 5,9,34.0,8.5,8.0,9
18,5,Drew Carey,Cheryl Burke,Comedian,Ohio,United States,55,Eliminated Week 6,8,28.0,7.0,9.0,9
18,6,Meryl Davis,Maksim Chmerkoskiy,Athlete,Michigan,United States,27,1st Place,1,40.0,10.0,1.0,8
18,6,Amy Purdy,Derek Hough,Athlete,Nevada,United States,34,2nd Place,2,38.0,9.5,2.0,8
18,6,Charlie White,Sharna Burgess,Athlete,Michigan,United States,26,Eliminated Week 9,5,36.0,9.0,3.0,8
18,6,Danica McKellar,Valentin Chmerkovskiy,Actor/Actress,California,United States,39,Eliminated Week 8,6,36.0,9.0,3.0,8
18,6,James Maslow,Peta Murgatroyd,Actor/Actress,New York,United States,23,Eliminated Week 10,4,35.0,8.75,5.0,8
18,6,NeNe Leakes,Tony Dovolani,TV Personality,New York,United States,46,Eliminated Week 7,7,33.0,8.25,6.0,8
18,6,Candace Cameron Bure,Mark Ballas,Actor/Actress,California,United States,37,3rd Place,3,32.0,8.0,7.0,8
18,6,Drew Carey,Cheryl Burke,Comedian,Ohio,United States,55,Eliminated Week 6,8,32.0,8.0,7.0,8
18,7,Meryl Davis,Maksim Chmerkoskiy,Athlete,Michigan,United States,27,1st Place,1,39.0,9.75,1.0,7
18,7,Amy Purdy,Derek Hough,Athlete,Nevada,United States,34,2nd Place,2,37.5,9.375,2.0,7
18,7,Candace Cameron Bure,Mark Ballas,Actor/Actress,California,United States,37,3rd Place,3,37.0,9.25,3.0,7
18,7,Danica McKellar,Valentin Chmerkovskiy,Actor/Actress,California,United States,39,Eliminated Week 8,6,36.0,9.0,4.0,7
18,7,Charlie White,Sharna Burgess,Athlete,Michigan,United States,26,Eliminated Week 9,5,35.5,8.875,5.0,7
18,7,James Maslow,Peta Murgatroyd,Actor/Actress,New York,United States,23,Eliminated Week 10,4,35.0,8.75,6.0,7
18,7,NeNe Leakes,Tony Dovolani,TV Personality,New York,United States,46,Eliminated Week 7,7,33.0,8.25,7.0,7
18,8,Amy Purdy,Derek Hough,Athlete,Nevada,United States,34,2nd Place,2,40.0,10.0,1.0,6
18,8,Charlie White,Sharna Burgess,Athlete,Michigan,United States,26,Eliminated Week 9,5,40.0,10.0,1.0,6
18,8,Danica McKellar,Valentin Chmerkovskiy,Actor/Actress,California,United States,39,Eliminated Week 8,6,38.0,9.5,3.0,6
18,8,Candace Cameron Bure,Mark Ballas,Actor/Actress,California,United States,37,3rd Place,3,36.0,9.0,4.0,6
18,8,James Maslow,Peta Murgatroyd,Actor/Actress,New York,United States,23,Eliminated Week 10,4,36.0,9.0,4.0,6
18,8,Meryl Davis,Maksim Chmerkoskiy,Athlete,Michigan,United States,27,1st Place,1,36.0,9.0,4.0,6
18,9,Meryl Davis,Maksim Chmerkoskiy,Athlete,Michigan,United States,27,1st Place,1,40.0,10.0,1.0,5
18,9,Amy Purdy,Derek Hough,Athlete,Nevada,United States,34,2nd Place,2,39.0,9.75,2.0,5
18,9,Charlie White,Sharna Burgess,Athlete,Michigan,United States,26,Eliminated Week 9,5,38.0,9.5,3.0,5
18,9,James Maslow,Peta Murgatroyd,Actor/Actress,New York,United States,23,Eliminated Week 10,4,38.0,9.5,3.0,5
18,9,Candace Cameron Bure,Mark Ballas,Actor/Actress,California,United States,37,3rd Place,3,36.0,9.0,5.0,5
18,10,Meryl Davis,Maksim Chmerkoskiy,Athlete,Michigan,United States,27,1st Place,1,30.0,10.0,1.0,4
18,10,Amy Purdy,Derek Hough,Athlete,Nevada,United States,34,2nd Place,2,29.666600000000003,9.888866666666667,2.0,4
18,10,James Maslow,Peta Murgatroyd,Actor/Actress,New York,United States,23,Eliminated Week 10,4,29.0,9.666666666666666,3.0,4
18,10,Candace Cameron Bure,Mark Ballas,Actor/Actress,California,United States,37,3rd Place,3,25.9998,8.6666,4.0,4
19,1,Alfonso Ribeiro,Witney Carson,Actor/Actress,New York,United States,42,1st Place,1,36.0,9.0,1.0,13
19,1,Sadie Robertson,Mark Ballas,TV Personality,Louisiana,United States,17,2nd Place,2,34.0,8.5,2.0,13
19,1,Bethany Mota,Derek Hough,Social Media Personality,California,United States,18,Eliminated Week 11,4,32.0,8.0,3.0,13
19,1,Lea Thompson,Artem Chigvintsev,Actor/Actress,Minnesota,United States,53,Eliminated Week 9,6,32.0,8.0,3.0,13
19,1,Randy Couture,Karina Smirnoff,Athlete,Washington,United States,51,Eliminated Week 3,11,31.0,7.75,5.0,13
19,1,Jonathan Bennett,Allison Holker,Actor/Actress,Ohio,United States,33,Eliminated Week 6,9,30.0,7.5,6.0,13
19,1,Janel Parrish,Valentin Chmerkovskiy,Actor/Actress,Hawaii,United States,25,3rd Place,3,29.0,7.25,7.0,13
19,1,Tavis Smiley,Sharna Burgess,Radio Personality,Mississippi,United States,50,Eliminated Week 2,12,29.0,7.25,7.0,13
19,1,Tommy Chong,Peta Murgatroyd,Comedian,,Canada,76,Eliminated Week 10,5,27.0,6.75,9.0,13
19,1,Antonio Sabato Jr.,Cheryl Burke,Actor/Actress,,Italy,42,Eliminated Week 7,8,25.0,6.25,10.0,13
19,1,Michael Waltrip,Emma Slater,Racing Driver,Kentucky,United States,51,Eliminated Week 8,7,25.0,6.25,10.0,13
19,1,Lolo Jones,Keo Motsepe,Athlete,Iowa,United States,32,Eliminated Week 1,13,22.0,5.5,12.0,13
19,1,Betsey Johnson,Tony Dovolani,Fashion Designer,Connecticut,United States,72,Eliminated Week 4,10,20.0,5.0,13.0,13
19,2,Lea Thompson,Artem Chigvintsev,Actor/Actress,Minnesota,United States,53,Eliminated Week 9,6,35.0,8.75,1.0,12
19,2,Janel Parrish,Valentin Chmerkovskiy,Actor/Actress,Hawaii,United States,25,3rd Place,3,34.0,8.5,2.0,12
19,2,Bethany Mota,Derek Hough,Social Media Personality,California,United States,18,Eliminated Week 11,4,33.0,8.25,3.0,12
19,2,Alfonso Ribeiro,Witney Carson,Actor/Actress,New York,United States,42,1st Place,1,32.0,8.0,4.0,12
19,2,Antonio Sabato Jr.,Cheryl Burke,Actor/Actress,,Italy,42,Eliminated Week 7,8,31.0,7.75,5.0,12
19,2,Sadie Robertson,Mark Ballas,TV Personality,Louisiana,United States,17,2nd Place,2,31.0,7.75,5.0,12
19,2,Jonathan Bennett,Allison Holker,Actor/Actress,Ohio,United States,33,Eliminated Week 6,9,30.0,7.5,7.0,12
19,2,Betsey Johnson,Tony Dovolani,Fashion Designer,Connecticut,United States,72,Eliminated Week 4,10,28.0,7.0,8.0,12
19,2,Randy Couture,Karina Smirnoff,Athlete,Washington,United States,51,Eliminated Week 3,11,28.0,7.0,8.0,12
19,2,Tavis Smiley,Sharna Burgess,Radio Personality,Mississippi,United States,50,Eliminated Week 2,12,28.0,7.0,8.0,12
19,2,Tommy Chong,Peta Murgatroyd,Comedian,,Canada,76,Eliminated Week 10,5,28.0,7.0,8.0,12
19,2,Michael Waltrip,Emma Slater,Racing Driver,Kentucky,United States,51,Eliminated Week 8,7,24.0,6.0,12.0,12
19,3,Bethany Mota,Derek Hough,Social Media Personality,California,United States,18,Eliminated Week 11,4,40.0,10.0,1.0,11
19,3,Janel Parrish,Valentin Chmerkovskiy,Actor/Actress,Hawaii,United States,25,3rd Place,3,40.0,10.0,1.0,11
19,3,Tommy Chong,Peta Murgatroyd,Comedian,,Canada,76,Eliminated Week 10,5,34.0,8.5,3.0,11
19,3,Alfonso Ribeiro,Witney Carson,Actor/Actress,New York,United States,42,1st Place,1,32.0,8.0,4.0,11
19,3,Jonathan Bennett,Allison Holker,Actor/Actress,Ohio,United States,33,Eliminated Week 6,9,32.0,8.0,4.0,11
19,3,Sadie Robertson,Mark Ballas,TV Personality,Louisiana,United States,17,2nd Place,2,32.0,8.0,4.0,11
19,3,Lea Thompson,Artem Chigvintsev,Actor/Actress,Minnesota,United States,53,Eliminated Week 9,6,31.0,7.75,7.0,11
19,3,Antonio Sabato Jr.,Cheryl Burke,Actor/Actress,,Italy,42,Eliminated Week 7,8,29.0,7.25,8.0,11
19,3,Betsey Johnson,Tony Dovolani,Fashion Designer,Connecticut,United States,72,Eliminated Week 4,10,29.0,7.25,8.0,11
19,3,Michael Waltrip,Emma Slater,Racing Driver,Kentucky,United States,51,Eliminated Week 8,7,28.0,7.0,10.0,11
19,3,Randy Couture,Karina Smirnoff,Athlete,Washington,United States,51,Eliminated Week 3,11,26.0,6.5,11.0,11
19,4,Alfonso Ribeiro,Witney Carson,Actor/Actress,New York,United States,42,1st Place,1,40.0,10.0,1.0,10
19,4,Lea Thompson,Artem Chigvintsev,Actor/Actress,Minnesota,United States,53,Eliminated Week 9,6,39.0,9.75,2.0,10
19,4,Sadie Robertson,Mark Ballas,TV Personality,Louisiana,United States,17,2nd Place,2,37.0,9.25,3.0,10
19,4,Janel Parrish,Valentin Chmerkovskiy,Actor/Actress,Hawaii,United States,25,3rd Place,3,36.0,9.0,4.0,10
19,4,Bethany Mota,Derek Hough,Social Media Personality,California,United States,18,Eliminated Week 11,4,33.0,8.25,5.0,10
19,4,Antonio Sabato Jr.,Cheryl Burke,Actor/Actress,,Italy,42,Eliminated Week 7,8,29.0,7.25,6.0,10
19,4,Betsey Johnson,Tony Dovolani,Fashion Designer,Connecticut,United States,72,Eliminated Week 4,10,29.0,7.25,6.0,10
19,4,Tommy Chong,Peta Murgatroyd,Comedian,,Canada,76,Eliminated Week 10,5,28.0,7.0,8.0,10
19,4,Michael Waltrip,Emma Slater,Racing Driver,Kentucky,United States,51,Eliminated Week 8,7,25.0,6.25,9.0,10
19,4,Jonathan Bennett,Allison Holker,Actor/Actress,Ohio,United States,33,Eliminated Week 6,9,24.0,6.0,10.0,10
19,5,Sadie Robertson,Mark Ballas,TV Personality,Louisiana,United States,17,2nd Place,2,36.0,9.0,1.0,9
19,5,Alfonso Ribeiro,Witney Carson,Actor/Actress,New York,United States,42,1st Place,1,34.0,8.5,2.0,9
19,5,Lea Thompson,Artem Chigvintsev,Actor/Actress,Minnesota,United States,53,Eliminated Week 9,6,34.0,8.5,2.0,9
19,5,Janel Parrish,Valentin Chmerkovskiy,Actor/Actress,Hawaii,United States,25,3rd Place,3,33.0,8.25,4.0,9
19,5,Bethany Mota,Derek Hough,Social Media Personality,California,United States,18,Eliminated Week 11,4,32.0,8.0,5.0,9
19,5,Antonio Sabato Jr.,Cheryl Burke,Actor/Actress,,Italy,42,Eliminated Week 7,8,28.0,7.0,6.0,9
19,5,Jonathan Bennett,Allison Holker,Actor/Actress,Ohio,United States,33,Eliminated Week 6,9,24.0,6.0,7.0,9
19,5,Tommy Chong,Peta Murgatroyd,Comedian,,Canada,76,Eliminated Week 10,5,23.0,5.75,8.0,9
19,5,Michael Waltrip,Emma Slater,Racing Driver,Kentucky,United States,51,Eliminated Week 8,7,20.0,5.0,9.0,9
19,6,Alfonso Ribeiro,Witney Carson,Actor/Actress,New York,United States,42,1st Place,1,39.0,9.75,1.0,9
19,6,Bethany Mota,Derek Hough,Social Media Personality,California,United States,18,Eliminated Week 11,4,36.0,9.0,2.0,9
19,6,Sadie Robertson,Mark Ballas,TV Personality,Louisiana,United States,17,2nd Place,2,35.0,8.75,3.0,9
19,6,Janel Parrish,Valentin Chmerkovskiy,Actor/Actress,Hawaii,United States,25,3rd Place,3,33.0,8.25,4.0,9
19,6,Jonathan Bennett,Allison Holker,Actor/Actress,Ohio,United States,33,Eliminated Week 6,9,32.0,8.0,5.0,9
19,6,Lea Thompson,Artem Chigvintsev,Actor/Actress,Minnesota,United States,53,Eliminated Week 9,6,32.0,8.0,5.0,9
19,6,Michael Waltrip,Emma Slater,Racing Driver,Kentucky,United States,51,Eliminated Week 8,7,30.0,7.5,7.0,9
19,6,Antonio Sabato Jr.,Cheryl Burke,Actor/Actress,,Italy,42,Eliminated Week 7,8,28.0,7.0,8.0,9
19,6,Tommy Chong,Peta Murgatroyd,Comedian,,Canada,76,Eliminated Week 10,5,28.0,7.0,8.0,9
19,7,Bethany Mota,Derek Hough,Social Media Personality,California,United States,18,Eliminated Week 11,4,37.5,9.375,1.0,8
19,7,Lea Thompson,Artem Chigvintsev,Actor/Actress,Minnesota,United States,53,Eliminated Week 9,6,35.0,8.75,2.0,8
19,7,Alfonso Ribeiro,Witney Carson,Actor/Actress,New York,United States,42,1st Place,1,34.0,8.5,3.0,8
19,7,Janel Parrish,Valentin Chmerkovskiy,Actor/Actress,Hawaii,United States,25,3rd Place,3,33.5,8.375,4.0,8
19,7,Sadie Robertson,Mark Ballas,TV Personality,Louisiana,United States,17,2nd Place,2,31.0,7.75,5.0,8
19,7,Tommy Chong,Peta Murgatroyd,Comedian,,Canada,76,Eliminated Week 10,5,30.0,7.5,6.0,8
19,7,Antonio Sabato Jr.,Cheryl Burke,Actor/Actress,,Italy,42,Eliminated Week 7,8,29.5,7.375,7.0,8
19,7,Michael Waltrip,Emma Slater,Racing Driver,Kentucky,United States,51,Eliminated Week 8,7,28.0,7.0,8.0,8
19,8,Janel Parrish,Valentin Chmerkovskiy,Actor/Actress,Hawaii,United States,25,3rd Place,3,43.0,10.75,1.0,7
19,8,Alfonso Ribeiro,Witney Carson,Actor/Actress,New York,United States,42,1st Place,1,41.0,10.25,2.0,7
19,8,Bethany Mota,Derek Hough,Social Media Personality,California,United States,18,Eliminated Week 11,4,40.0,10.0,3.0,7
19,8,Sadie Robertson,Mark Ballas,TV Personality,Louisiana,United States,17,2nd Place,2,38.0,9.5,4.0,7
19,8,Lea Thompson,Artem Chigvintsev,Actor/Actress,Minnesota,United States,53,Eliminated Week 9,6,32.0,8.0,5.0,7
19,8,Tommy Chong,Peta Murgatroyd,Comedian,,Canada,76,Eliminated Week 10,5,29.0,7.25,6.0,7
19,8,Michael Waltrip,Emma Slater,Racing Driver,Kentucky,United States,51,Eliminated Week 8,7,25.0,6.25,7.0,7
19,9,Alfonso Ribeiro,Witney Carson,Actor/Actress,New York,United States,42,1st Place,1,38.5,9.625,1.0,6
19,9,Janel Parrish,Valentin Chmerkovskiy,Actor/Actress,Hawaii,United States,25,3rd Place,3,38.5,9.625,1.0,6
19,9,Bethany Mota,Derek Hough,Social Media Personality,California,United States,18,Eliminated Week 11,4,37.0,9.25,3.0,6
19,9,Sadie Robertson,Mark Ballas,TV Personality,Louisiana,United States,17,2nd Place,2,36.5,9.125,4.0,6
19,9,Lea Thompson,Artem Chigvintsev,Actor/Actress,Minnesota,United States,53,Eliminated Week 9,6,35.0,8.75,5.0,6
19,9,Tommy Chong,Peta Murgatroyd,Comedian,,Canada,76,Eliminated Week 10,5,28.5,7.125,6.0,6
19,10,Janel Parrish,Valentin Chmerkovskiy,Actor/Actress,Hawaii,United States,25,3rd Place,3,39.0,9.75,1.0,5
19,10,Bethany Mota,Derek Hough,Social Media Personality,California,United States,18,Eliminated Week 11,4,38.0,9.5,2.0,5
19,10,Alfonso Ribeiro,Witney Carson,Actor/Actress,New York,United States,42,1st Place,1,37.5,9.375,3.0,5
19,10,Sadie Robertson,Mark Ballas,TV Personality,Louisiana,United States,17,2nd Place,2,37.0,9.25,4.0,5
19,10,Tommy Chong,Peta Murgatroyd,Comedian,,Canada,76,Eliminated Week 10,5,31.0,7.75,5.0,5
19,11,Alfonso Ribeiro,Witney Carson,Actor/Actress,New York,United States,42,1st Place,1,40.0,10.0,1.0,4
19,11,Sadie Robertson,Mark Ballas,TV Personality,Louisiana,United States,17,2nd Place,2,39.333200000000005,9.833300000000001,2.0,4
19,11,Janel Parrish,Valentin Chmerkovskiy,Actor/Actress,Hawaii,United States,25,3rd Place,3,38.99980000000001,9.749950000000002,3.0,4
19,11,Bethany Mota,Derek Hough,Social Media Personality,California,United States,18,Eliminated Week 11,4,38.0,9.5,4.0,4
20,1,Rumer Willis,Valentin Chmerkovskiy,Actor/Actress,Kentucky,United States,26,1st Place,1,32.0,8.0,1.0,12
20,1,Riker Lynch,Allison Holker,Actor/Actress,Colorado,United States,23,2nd Place,2,31.0,7.75,2.0,12
20,1,Nastia Liukin,Derek Hough,Athlete,,Russia,25,Eliminated Week 9,4,30.0,7.5,3.0,12
20,1,Robert Herjavec,Kym Johnson,Entrepreneur,,Croatia,52,Eliminated Week 8,6,28.0,7.0,4.0,12
20,1,Chris Soules,Witney Carson,TV Personality,Iowa,United States,33,Eliminated Week 8,5,26.0,6.5,5.0,12
20,1,Michael Sam,Peta Murgatroyd,Athlete,Texas,United States,25,Eliminated Week 4,10,26.0,6.5,5.0,12
20,1,Noah Galloway,Sharna Burgess,Motivational Speaker,Alabama,United States,33,3rd Place,3,26.0,6.5,5.0,12
20,1,Patti LaBelle,Artem Chigvintsev,Singer/Rapper,Pennsylvania,United States,70,Eliminated Week 6,8,25.0,6.25,8.0,12
20,1,Suzanne Somers,Tony Dovolani,Actor/Actress,California,United States,68,Eliminated Week 5,9,25.0,6.25,8.0,12
20,1,Willow Shields,Mark Ballas,Actor/Actress,New Mexico,United States,14,Eliminated Week 7,7,25.0,6.25,8.0,12
20,1,Charlotte McKinney,Keo Motsepe,Model,Florida,United States,21,Eliminated Week 3,11,22.0,5.5,11.0,12
20,1,Redfoo,Emma Slater,Singer/Rapper,California,United States,39,Eliminated Week 2,12,22.0,5.5,11.0,12
20,2,Nastia Liukin,Derek Hough,Athlete,,Russia,25,Eliminated Week 9,4,34.0,8.5,1.0,12
20,2,Riker Lynch,Allison Holker,Actor/Actress,Colorado,United States,23,2nd Place,2,32.0,8.0,2.0,12
20,2,Rumer Willis,Valentin Chmerkovskiy,Actor/Actress,Kentucky,United States,26,1st Place,1,32.0,8.0,2.0,12
20,2,Willow Shields,Mark Ballas,Actor/Actress,New Mexico,United States,14,Eliminated Week 7,7,32.0,8.0,2.0,12
20,2,Redfoo,Emma Slater,Singer/Rapper,California,United States,39,Eliminated Week 2,12,31.0,7.75,5.0,12
20,2,Michael Sam,Peta Murgatroyd,Athlete,Texas,United States,25,Eliminated Week 4,10,28.0,7.0,6.0,12
20,2,Patti LaBelle,Artem Chigvintsev,Singer/Rapper,Pennsylvania,United States,70,Eliminated Week 6,8,28.0,7.0,6.0,12
20,2,Robert Herjavec,Kym Johnson,Entrepreneur,,Croatia,52,Eliminated Week 8,6,28.0,7.0,6.0,12
20,2,Suzanne Somers,Tony Dovolani,Actor/Actress,California,United States,68,Eliminated Week 5,9,28.0,7.0,6.0,12
20,2,Noah Galloway,Sharna Burgess,Motivational Speaker,Alabama,United States,33,3rd Place,3,27.0,6.75,10.0,12
20,2,Charlotte McKinney,Keo Motsepe,Model,Florida,United States,21,Eliminated Week 3,11,26.0,6.5,11.0,12
20,2,Chris Soules,Witney Carson,TV Personality,Iowa,United States,33,Eliminated Week 8,5,21.0,5.25,12.0,12
20,3,Nastia Liukin,Derek Hough,Athlete,,Russia,25,Eliminated Week 9,4,34.0,8.5,1.0,11
20,3,Riker Lynch,Allison Holker,Actor/Actress,Colorado,United States,23,2nd Place,2,34.0,8.5,1.0,11
20,3,Rumer Willis,Valentin Chmerkovskiy,Actor/Actress,Kentucky,United States,26,1st Place,1,33.0,8.25,3.0,11
20,3,Willow Shields,Mark Ballas,Actor/Actress,New Mexico,United States,14,Eliminated Week 7,7,32.0,8.0,4.0,11
20,3,Noah Galloway,Sharna Burgess,Motivational Speaker,Alabama,United States,33,3rd Place,3,30.0,7.5,5.0,11
20,3,Robert Herjavec,Kym Johnson,Entrepreneur,,Croatia,52,Eliminated Week 8,6,29.0,7.25,6.0,11
20,3,Chris Soules,Witney Carson,TV Personality,Iowa,United States,33,Eliminated Week 8,5,28.0,7.0,7.0,11
20,3,Suzanne Somers,Tony Dovolani,Actor/Actress,California,United States,68,Eliminated Week 5,9,25.0,6.25,8.0,11
20,3,Michael Sam,Peta Murgatroyd,Athlete,Texas,United States,25,Eliminated Week 4,10,24.0,6.0,9.0,11
20,3,Charlotte McKinney,Keo Motsepe,Model,Florida,United States,21,Eliminated Week 3,11,22.0,5.5,10.0,11
20,3,Patti LaBelle,Artem Chigvintsev,Singer/Rapper,Pennsylvania,United States,70,Eliminated Week 6,8,22.0,5.5,10.0,11
20,4,Willow Shields,Mark Ballas,Actor/Actress,New Mexico,United States,14,Eliminated Week 7,7,39.0,9.75,1.0,10
20,4,Nastia Liukin,Derek Hough,Athlete,,Russia,25,Eliminated Week 9,4,36.0,9.0,2.0,10
20,4,Rumer Willis,Valentin Chmerkovskiy,Actor/Actress,Kentucky,United States,26,1st Place,1,35.0,8.75,3.0,10
20,4,Riker Lynch,Allison Holker,Actor/Actress,Colorado,United States,23,2nd Place,2,34.0,8.5,4.0,10
20,4,Robert Herjavec,Kym Johnson,Entrepreneur,,Croatia,52,Eliminated Week 8,6,34.0,8.5,4.0,10
20,4,Noah Galloway,Sharna Burgess,Motivational Speaker,Alabama,United States,33,3rd Place,3,32.0,8.0,6.0,10
20,4,Michael Sam,Peta Murgatroyd,Athlete,Texas,United States,25,Eliminated Week 4,10,30.0,7.5,7.0,10
20,4,Patti LaBelle,Artem Chigvintsev,Singer/Rapper,Pennsylvania,United States,70,Eliminated Week 6,8,30.0,7.5,7.0,10
20,4,Suzanne Somers,Tony Dovolani,Actor/Actress,California,United States,68,Eliminated Week 5,9,28.0,7.0,9.0,10
20,4,Chris Soules,Witney Carson,TV Personality,Iowa,United States,33,Eliminated Week 8,5,27.0,6.75,10.0,10
20,5,Rumer Willis,Valentin Chmerkovskiy,Actor/Actress,Kentucky,United States,26,1st Place,1,39.0,9.75,1.0,9
20,5,Nastia Liukin,Derek Hough,Athlete,,Russia,25,Eliminated Week 9,4,38.0,9.5,2.0,9
20,5,Riker Lynch,Allison Holker,Actor/Actress,Colorado,United States,23,2nd Place,2,38.0,9.5,2.0,9
20,5,Willow Shields,Mark Ballas,Actor/Actress,New Mexico,United States,14,Eliminated Week 7,7,34.0,8.5,4.0,9
20,5,Noah Galloway,Sharna Burgess,Motivational Speaker,Alabama,United States,33,3rd Place,3,28.0,7.0,5.0,9
20,5,Suzanne Somers,Tony Dovolani,Actor/Actress,California,United States,68,Eliminated Week 5,9,28.0,7.0,5.0,9
20,5,Chris Soules,Witney Carson,TV Personality,Iowa,United States,33,Eliminated Week 8,5,27.0,6.75,7.0,9
20,5,Patti LaBelle,Artem Chigvintsev,Singer/Rapper,Pennsylvania,United States,70,Eliminated Week 6,8,27.0,6.75,7.0,9
20,5,Robert Herjavec,Kym Johnson,Entrepreneur,,Croatia,52,Eliminated Week 8,6,24.0,6.0,9.0,9
20,6,Riker Lynch,Allison Holker,Actor/Actress,Colorado,United States,23,2nd Place,2,38.0,9.5,1.0,8
20,6,Nastia Liukin,Derek Hough,Athlete,,Russia,25,Eliminated Week 9,4,36.5,9.125,2.0,8
20,6,Willow Shields,Mark Ballas,Actor/Actress,New Mexico,United States,14,Eliminated Week 7,7,36.5,9.125,2.0,8
20,6,Rumer Willis,Valentin Chmerkovskiy,Actor/Actress,Kentucky,United States,26,1st Place,1,35.5,8.875,4.0,8
20,6,Chris Soules,Witney Carson,TV Personality,Iowa,United States,33,Eliminated Week 8,5,35.0,8.75,5.0,8
20,6,Noah Galloway,Sharna Burgess,Motivational Speaker,Alabama,United States,33,3rd Place,3,34.0,8.5,6.0,8
20,6,Patti LaBelle,Artem Chigvintsev,Singer/Rapper,Pennsylvania,United States,70,Eliminated Week 6,8,34.0,8.5,6.0,8
20,6,Robert Herjavec,Kym Johnson,Entrepreneur,,Croatia,52,Eliminated Week 8,6,33.5,8.375,8.0,8
20,7,Nastia Liukin,Derek Hough,Athlete,,Russia,25,Eliminated Week 9,4,41.0,10.25,1.0,7
20,7,Willow Shields,Mark Ballas,Actor/Actress,New Mexico,United States,14,Eliminated Week 7,7,39.0,9.75,2.0,7
20,7,Noah Galloway,Sharna Burgess,Motivational Speaker,Alabama,United States,33,3rd Place,3,38.0,9.5,3.0,7
20,7,Riker Lynch,Allison Holker,Actor/Actress,Colorado,United States,23,2nd Place,2,37.0,9.25,4.0,7
20,7,Rumer Willis,Valentin Chmerkovskiy,Actor/Actress,Kentucky,United States,26,1st Place,1,37.0,9.25,4.0,7
20,7,Chris Soules,Witney Carson,TV Personality,Iowa,United States,33,Eliminated Week 8,5,31.0,7.75,6.0,7
20,7,Robert Herjavec,Kym Johnson,Entrepreneur,,Croatia,52,Eliminated Week 8,6,31.0,7.75,6.0,7
20,8,Rumer Willis,Valentin Chmerkovskiy,Actor/Actress,Kentucky,United States,26,1st Place,1,40.0,10.0,1.0,6
20,8,Riker Lynch,Allison Holker,Actor/Actress,Colorado,United States,23,2nd Place,2,39.0,9.75,2.0,6
20,8,Nastia Liukin,Derek Hough,Athlete,,Russia,25,Eliminated Week 9,4,38.0,9.5,3.0,6
20,8,Chris Soules,Witney Carson,TV Personality,Iowa,United States,33,Eliminated Week 8,5,32.0,8.0,4.0,6
20,8,Noah Galloway,Sharna Burgess,Motivational Speaker,Alabama,United States,33,3rd Place,3,31.5,7.875,5.0,6
20,8,Robert Herjavec,Kym Johnson,Entrepreneur,,Croatia,52,Eliminated Week 8,6,31.0,7.75,6.0,6
20,9,Nastia Liukin,Derek Hough,Athlete,,Russia,25,Eliminated Week 9,4,40.0,10.0,1.0,4
20,9,Riker Lynch,Allison Holker,Actor/Actress,Colorado,United States,23,2nd Place,2,40.0,10.0,1.0,4
20,9,Rumer Willis,Valentin Chmerkovskiy,Actor/Actress,Kentucky,United States,26,1st Place,1,39.0,9.75,3.0,4
20,9,Noah Galloway,Sharna Burgess,Motivational Speaker,Alabama,United States,33,3rd Place,3,38.0,9.5,4.0,4
20,10,Riker Lynch,Allison Holker,Actor/Actress,Colorado,United States,23,2nd Place,2,40.0,10.0,1.0,3
20,10,Rumer Willis,Valentin Chmerkovskiy,Actor/Actress,Kentucky,United States,26,1st Place,1,40.0,10.0,1.0,3
20,10,Noah Galloway,Sharna Burgess,Motivational Speaker,Alabama,United States,33,3rd Place,3,36.0,9.0,3.0,3
21,1,Bindi Irwin,Derek Hough,TV Personality,,Australia,17,1st Place,1,24.0,8.0,1.0,13
21,1,Nick Carter,Sharna Burgess,Singer/Rapper,New York,United States,35,2nd Place,2,24.0,8.0,1.0,13
21,1,Carlos PenaVega,Witney Carson,Actor/Actress,Missouri,United States,26,Eliminated Week 11,4,23.0,7.666666666666667,3.0,13
21,1,Tamar Braxton,Valentin Chmerkovskiy,Singer/Rapper,Maryland,United States,38,Withdrew,5,23.0,7.666666666666667,3.0,13
21,1,Alek Skarlatos,Lindsay Arnold,Military,California,United States,22,3rd Place,3,22.0,7.333333333333333,5.0,13
21,1,Alexa PenaVega,Mark Ballas,Actor/Actress,Florida,United States,27,Eliminated Week 9,6,22.0,7.333333333333333,5.0,13
21,1,Andy Grammer,Allison Holker,Singer/Rapper,California,United States,31,Eliminated Week 8,7,21.0,7.0,7.0,13
21,1,Hayes Grier,Emma Slater,Social Media Personality,North Carolina,United States,15,Eliminated Week 7,8,21.0,7.0,7.0,13
21,1,Gary Busey,Anna Trebunskaya,Actor/Actress,Texas,United States,71,Eliminated Week 4,10,15.0,5.0,9.0,13
21,1,Paula Deen,Louis van Amstel,TV Personality,Georgia,United States,68,Eliminated Week 6,9,15.0,5.0,9.0,13
21,1,Victor Espinoza,Karina Smirnoff,Athlete,,Mexico,43,Eliminated Week 2,12,15.0,5.0,9.0,13
21,1,Chaka Khan,Keo Motsepe,Singer/Rapper,Illinois,United States,62,Eliminated Week 2,13,13.0,4.333333333333333,12.0,13
21,1,Kim Zolciak-Biermann,Tony Dovolani,TV Personality,Florida,United States,37,Withdrew,11,12.0,4.0,13.0,13
21,2,Tamar Braxton,Valentin Chmerkovskiy,Singer/Rapper,Maryland,United States,38,Withdrew,5,24.5,8.166666666666666,1.0,13
21,2,Bindi Irwin,Derek Hough,TV Personality,,Australia,17,1st Place,1,24.0,8.0,2.0,13
21,2,Alexa PenaVega,Mark Ballas,Actor/Actress,Florida,United States,27,Eliminated Week 9,6,23.0,7.666666666666667,3.0,13
21,2,Alek Skarlatos,Lindsay Arnold,Military,California,United States,22,3rd Place,3,22.5,7.5,4.0,13
21,2,Carlos PenaVega,Witney Carson,Actor/Actress,Missouri,United States,26,Eliminated Week 11,4,22.5,7.5,4.0,13
21,2,Hayes Grier,Emma Slater,Social Media Personality,North Carolina,United States,15,Eliminated Week 7,8,22.5,7.5,4.0,13
21,2,Nick Carter,Sharna Burgess,Singer/Rapper,New York,United States,35,2nd Place,2,22.5,7.5,4.0,13
21,2,Andy Grammer,Allison Holker,Singer/Rapper,California,United States,31,Eliminated Week 8,7,22.0,7.333333333333333,8.0,13
21,2,Kim Zolciak-Biermann,Tony Dovolani,TV Personality,Florida,United States,37,Withdrew,11,18.5,6.166666666666667,9.0,13
21,2,Paula Deen,Louis van Amstel,TV Personality,Georgia,United States,68,Eliminated Week 6,9,18.5,6.166666666666667,9.0,13
21,2,Victor Espinoza,Karina Smirnoff,Athlete,,Mexico,43,Eliminated Week 2,12,18.5,6.166666666666667,9.0,13
21,2,Gary Busey,Anna Trebunskaya,Actor/Actress,Texas,United States,71,Eliminated Week 4,10,16.5,5.5,12.0,13
21,2,Chaka Khan,Keo Motsepe,Singer/Rapper,Illinois,United States,62,Eliminated Week 2,13,15.0,5.0,13.0,13
21,3,Alexa PenaVega,Mark Ballas,Actor/Actress,Florida,United States,27,Eliminated Week 9,6,36.0,9.0,1.0,10
21,3,Nick Carter,Sharna Burgess,Singer/Rapper,New York,United States,35,2nd Place,2,36.0,9.0,1.0,10
21,3,Alek Skarlatos,Lindsay Arnold,Military,California,United States,22,3rd Place,3,33.0,8.25,3.0,10
21,3,Tamar Braxton,Valentin Chmerkovskiy,Singer/Rapper,Maryland,United States,38,Withdrew,5,33.0,8.25,3.0,10
21,3,Bindi Irwin,Derek Hough,TV Personality,,Australia,17,1st Place,1,32.0,8.0,5.0,10
21,3,Carlos PenaVega,Witney Carson,Actor/Actress,Missouri,United States,26,Eliminated Week 11,4,31.0,7.75,6.0,10
21,3,Hayes Grier,Emma Slater,Social Media Personality,North Carolina,United States,15,Eliminated Week 7,8,30.0,7.5,7.0,10
21,3,Andy Grammer,Allison Holker,Singer/Rapper,California,United States,31,Eliminated Week 8,7,29.0,7.25,8.0,10
21,3,Gary Busey,Anna Trebunskaya,Actor/Actress,Texas,United States,71,Eliminated Week 4,10,25.0,6.25,9.0,10
21,3,Paula Deen,Louis van Amstel,TV Personality,Georgia,United States,68,Eliminated Week 6,9,20.0,5.0,10.0,10
21,4,Bindi Irwin,Derek Hough,TV Personality,,Australia,17,1st Place,1,28.0,9.333333333333334,1.0,10
21,4,Hayes Grier,Emma Slater,Social Media Personality,North Carolina,United States,15,Eliminated Week 7,8,27.0,9.0,2.0,10
21,4,Nick Carter,Sharna Burgess,Singer/Rapper,New York,United States,35,2nd Place,2,27.0,9.0,2.0,10
21,4,Tamar Braxton,Valentin Chmerkovskiy,Singer/Rapper,Maryland,United States,38,Withdrew,5,27.0,9.0,2.0,10
21,4,Carlos PenaVega,Witney Carson,Actor/Actress,Missouri,United States,26,Eliminated Week 11,4,25.0,8.333333333333334,5.0,10
21,4,Alek Skarlatos,Lindsay Arnold,Military,California,United States,22,3rd Place,3,24.0,8.0,6.0,10
21,4,Andy Grammer,Allison Holker,Singer/Rapper,California,United States,31,Eliminated Week 8,7,23.0,7.666666666666667,7.0,10
21,4,Alexa PenaVega,Mark Ballas,Actor/Actress,Florida,United States,27,Eliminated Week 9,6,21.0,7.0,8.0,10
21,4,Paula Deen,Louis van Amstel,TV Personality,Georgia,United States,68,Eliminated Week 6,9,18.0,6.0,9.0,10
21,4,Gary Busey,Anna Trebunskaya,Actor/Actress,Texas,United States,71,Eliminated Week 4,10,16.0,5.333333333333333,10.0,10
21,5,Alexa PenaVega,Mark Ballas,Actor/Actress,Florida,United States,27,Eliminated Week 9,6,40.0,10.0,1.0,9
21,5,Carlos PenaVega,Witney Carson,Actor/Actress,Missouri,United States,26,Eliminated Week 11,4,39.0,9.75,2.0,9
21,5,Bindi Irwin,Derek Hough,TV Personality,,Australia,17,1st Place,1,37.0,9.25,3.0,9
21,5,Andy Grammer,Allison Holker,Singer/Rapper,California,United States,31,Eliminated Week 8,7,36.0,9.0,4.0,9
21,5,Nick Carter,Sharna Burgess,Singer/Rapper,New York,United States,35,2nd Place,2,35.0,8.75,5.0,9
21,5,Hayes Grier,Emma Slater,Social Media Personality,North Carolina,United States,15,Eliminated Week 7,8,30.0,7.5,6.0,9
21,5,Alek Skarlatos,Lindsay Arnold,Military,California,United States,22,3rd Place,3,29.0,7.25,7.0,9
21,5,Tamar Braxton,Valentin Chmerkovskiy,Singer/Rapper,Maryland,United States,38,Withdrew,5,29.0,7.25,7.0,9
21,5,Paula Deen,Louis van Amstel,TV Personality,Georgia,United States,68,Eliminated Week 6,9,26.0,6.5,9.0,9
21,6,Andy Grammer,Allison Holker,Singer/Rapper,California,United States,31,Eliminated Week 8,7,40.0,10.0,1.0,9
21,6,Bindi Irwin,Derek Hough,TV Personality,,Australia,17,1st Place,1,40.0,10.0,1.0,9
21,6,Tamar Braxton,Valentin Chmerkovskiy,Singer/Rapper,Maryland,United States,38,Withdrew,5,40.0,10.0,1.0,9
21,6,Nick Carter,Sharna Burgess,Singer/Rapper,New York,United States,35,2nd Place,2,39.0,9.75,4.0,9
21,6,Carlos PenaVega,Witney Carson,Actor/Actress,Missouri,United States,26,Eliminated Week 11,4,38.0,9.5,5.0,9
21,6,Hayes Grier,Emma Slater,Social Media Personality,North Carolina,United States,15,Eliminated Week 7,8,32.0,8.0,6.0,9
21,6,Alek Skarlatos,Lindsay Arnold,Military,California,United States,22,3rd Place,3,30.0,7.5,7.0,9
21,6,Alexa PenaVega,Mark Ballas,Actor/Actress,Florida,United States,27,Eliminated Week 9,6,30.0,7.5,7.0,9
21,6,Paula Deen,Louis van Amstel,TV Personality,Georgia,United States,68,Eliminated Week 6,9,24.0,6.0,9.0,9
21,7,Bindi Irwin,Derek Hough,TV Personality,,Australia,17,1st Place,1,29.0,9.666666666666666,1.0,8
21,7,Andy Grammer,Allison Holker,Singer/Rapper,California,United States,31,Eliminated Week 8,7,28.0,9.333333333333334,2.0,8
21,7,Carlos PenaVega,Witney Carson,Actor/Actress,Missouri,United States,26,Eliminated Week 11,4,28.0,9.333333333333334,2.0,8
21,7,Hayes Grier,Emma Slater,Social Media Personality,North Carolina,United States,15,Eliminated Week 7,8,28.0,9.333333333333334,2.0,8
21,7,Alexa PenaVega,Mark Ballas,Actor/Actress,Florida,United States,27,Eliminated Week 9,6,27.5,9.166666666666666,5.0,8
21,7,Nick Carter,Sharna Burgess,Singer/Rapper,New York,United States,35,2nd Place,2,27.0,9.0,6.0,8
21,7,Tamar Braxton,Valentin Chmerkovskiy,Singer/Rapper,Maryland,United States,38,Withdrew,5,27.0,9.0,6.0,8
21,7,Alek Skarlatos,Lindsay Arnold,Military,California,United States,22,3rd Place,3,26.5,8.833333333333334,8.0,8
21,8,Nick Carter,Sharna Burgess,Singer/Rapper,New York,United States,35,2nd Place,2,33.0,11.0,1.0,7
21,8,Carlos PenaVega,Witney Carson,Actor/Actress,Missouri,United States,26,Eliminated Week 11,4,28.9998,9.6666,2.0,7
21,8,Bindi Irwin,Derek Hough,TV Personality,,Australia,17,1st Place,1,28.0,9.333333333333334,3.0,7
21,8,Tamar Braxton,Valentin Chmerkovskiy,Singer/Rapper,Maryland,United States,38,Withdrew,5,28.0,9.333333333333334,3.0,7
21,8,Alexa PenaVega,Mark Ballas,Actor/Actress,Florida,United States,27,Eliminated Week 9,6,26.9998,8.999933333333333,5.0,7
21,8,Alek Skarlatos,Lindsay Arnold,Military,California,United States,22,3rd Place,3,25.0,8.333333333333334,6.0,7
21,8,Andy Grammer,Allison Holker,Singer/Rapper,California,United States,31,Eliminated Week 8,7,23.9998,7.999933333333334,7.0,7
21,9,Alexa PenaVega,Mark Ballas,Actor/Actress,Florida,United States,27,Eliminated Week 9,6,30.0,10.0,1.0,6
21,9,Bindi Irwin,Derek Hough,TV Personality,,Australia,17,1st Place,1,30.0,10.0,1.0,6
21,9,Nick Carter,Sharna Burgess,Singer/Rapper,New York,United States,35,2nd Place,2,27.5,9.166666666666666,3.0,6
21,9,Carlos PenaVega,Witney Carson,Actor/Actress,Missouri,United States,26,Eliminated Week 11,4,27.0,9.0,4.0,6
21,9,Alek Skarlatos,Lindsay Arnold,Military,California,United States,22,3rd Place,3,25.5,8.5,5.0,6
21,9,Tamar Braxton,Valentin Chmerkovskiy,Singer/Rapper,Maryland,United States,38,Withdrew,5,24.5,8.166666666666666,6.0,6
21,10,Bindi Irwin,Derek Hough,TV Personality,,Australia,17,1st Place,1,31.5,10.5,1.0,4
21,10,Carlos PenaVega,Witney Carson,Actor/Actress,Missouri,United States,26,Eliminated Week 11,4,31.5,10.5,1.0,4
21,10,Alek Skarlatos,Lindsay Arnold,Military,California,United States,22,3rd Place,3,28.5,9.5,3.0,4
21,10,Nick Carter,Sharna Burgess,Singer/Rapper,New York,United States,35,2nd Place,2,27.0,9.0,4.0,4
21,11,Bindi Irwin,Derek Hough,TV Personality,,Australia,17,1st Place,1,30.0,10.0,1.0,4
21,11,Carlos PenaVega,Witney Carson,Actor/Actress,Missouri,United States,26,Eliminated Week 11,4,30.0,10.0,1.0,4
21,11,Nick Carter,Sharna Burgess,Singer/Rapper,New York,United States,35,2nd Place,2,30.0,10.0,1.0,4
21,11,Alek Skarlatos,Lindsay Arnold,Military,California,United States,22,3rd Place,3,27.999899999999997,9.3333,4.0,4
22,1,Ginger Zee,Valentin Chmerkovskiy,News Anchor,California,United States,35,3rd Place,3,23.0,7.666666666666667,1.0,12
22,1,Nyle DiMarco,Peta Murgatroyd,Model,New York,United States,26,1st Place,1,23.0,7.666666666666667,1.0,12
22,1,Wanya Morris,Lindsay Arnold,Singer/Rapper,Pennsylvania,United States,42,Eliminated Week 9,4,23.0,7.666666666666667,1.0,12
22,1,Antonio Brown,Sharna Burgess,Athlete,Florida,United States,27,Eliminated Week 9,5,21.0,7.0,4.0,12
22,1,Marla Maples,Tony Dovolani,TV Personality,Georgia,United States,52,Eliminated Week 4,10,21.0,7.0,4.0,12
22,1,Paige VanZant,Mark Ballas,Athlete,Oregon,United States,22,2nd Place,2,21.0,7.0,4.0,12
22,1,Von Miller,Witney Carson,Athlete,Texas,United States,27,Eliminated Week 7,7,21.0,7.0,4.0,12
22,1,Jodie Sweetin,Keo Motsepe,Actor/Actress,California,United States,34,Eliminated Week 8,6,20.0,6.666666666666667,8.0,12
22,1,Kim Fields,Sasha Farber,Actor/Actress,New York,United States,46,Eliminated Week 7,8,20.0,6.666666666666667,8.0,12
22,1,Mischa Barton,Artem Chigvintsev,Actor/Actress,,England,30,Eliminated Week 3,11,16.0,5.333333333333333,10.0,12
22,1,Doug Flutie,Karina Smirnoff,Athlete,Maryland,United States,53,Eliminated Week 6,9,15.0,5.0,11.0,12
22,1,Geraldo Rivera,Edyta Sliwinska,Journalist,New York,United States,72,Eliminated Week 2,12,13.0,4.333333333333333,12.0,12
22,2,Paige VanZant,Mark Ballas,Athlete,Oregon,United States,22,2nd Place,2,24.0,8.0,1.0,12
22,2,Wanya Morris,Lindsay Arnold,Singer/Rapper,Pennsylvania,United States,42,Eliminated Week 9,4,24.0,8.0,1.0,12
22,2,Ginger Zee,Valentin Chmerkovskiy,News Anchor,California,United States,35,3rd Place,3,21.0,7.0,3.0,12
22,2,Jodie Sweetin,Keo Motsepe,Actor/Actress,California,United States,34,Eliminated Week 8,6,21.0,7.0,3.0,12
22,2,Doug Flutie,Karina Smirnoff,Athlete,Maryland,United States,53,Eliminated Week 6,9,20.0,6.666666666666667,5.0,12
22,2,Marla Maples,Tony Dovolani,TV Personality,Georgia,United States,52,Eliminated Week 4,10,20.0,6.666666666666667,5.0,12
22,2,Nyle DiMarco,Peta Murgatroyd,Model,New York,United States,26,1st Place,1,20.0,6.666666666666667,5.0,12
22,2,Von Miller,Witney Carson,Athlete,Texas,United States,27,Eliminated Week 7,7,20.0,6.666666666666667,5.0,12
22,2,Antonio Brown,Sharna Burgess,Athlete,Florida,United States,27,Eliminated Week 9,5,19.0,6.333333333333333,9.0,12
22,2,Kim Fields,Sasha Farber,Actor/Actress,New York,United States,46,Eliminated Week 7,8,19.0,6.333333333333333,9.0,12
22,2,Mischa Barton,Artem Chigvintsev,Actor/Actress,,England,30,Eliminated Week 3,11,15.0,5.0,11.0,12
22,2,Geraldo Rivera,Edyta Sliwinska,Journalist,New York,United States,72,Eliminated Week 2,12,13.0,4.333333333333333,12.0,12
22,3,Nyle DiMarco,Peta Murgatroyd,Model,New York,United States,26,1st Place,1,25.0,8.333333333333334,1.0,11
22,3,Wanya Morris,Lindsay Arnold,Singer/Rapper,Pennsylvania,United States,42,Eliminated Week 9,4,24.0,8.0,2.0,11
22,3,Jodie Sweetin,Keo Motsepe,Actor/Actress,California,United States,34,Eliminated Week 8,6,23.0,7.666666666666667,3.0,11
22,3,Paige VanZant,Mark Ballas,Athlete,Oregon,United States,22,2nd Place,2,23.0,7.666666666666667,3.0,11
22,3,Kim Fields,Sasha Farber,Actor/Actress,New York,United States,46,Eliminated Week 7,8,22.0,7.333333333333333,5.0,11
22,3,Ginger Zee,Valentin Chmerkovskiy,News Anchor,California,United States,35,3rd Place,3,21.0,7.0,6.0,11
22,3,Marla Maples,Tony Dovolani,TV Personality,Georgia,United States,52,Eliminated Week 4,10,21.0,7.0,6.0,11
22,3,Antonio Brown,Sharna Burgess,Athlete,Florida,United States,27,Eliminated Week 9,5,20.0,6.666666666666667,8.0,11
22,3,Doug Flutie,Karina Smirnoff,Athlete,Maryland,United States,53,Eliminated Week 6,9,20.0,6.666666666666667,8.0,11
22,3,Von Miller,Witney Carson,Athlete,Texas,United States,27,Eliminated Week 7,7,20.0,6.666666666666667,8.0,11
22,3,Mischa Barton,Artem Chigvintsev,Actor/Actress,,England,30,Eliminated Week 3,11,18.0,6.0,11.0,11
22,4,Ginger Zee,Valentin Chmerkovskiy,News Anchor,California,United States,35,3rd Place,3,36.0,9.0,1.0,10
22,4,Paige VanZant,Mark Ballas,Athlete,Oregon,United States,22,2nd Place,2,36.0,9.0,1.0,10
22,4,Antonio Brown,Sharna Burgess,Athlete,Florida,United States,27,Eliminated Week 9,5,35.0,8.75,3.0,10
22,4,Wanya Morris,Lindsay Arnold,Singer/Rapper,Pennsylvania,United States,42,Eliminated Week 9,4,35.0,8.75,3.0,10
22,4,Nyle DiMarco,Peta Murgatroyd,Model,New York,United States,26,1st Place,1,34.0,8.5,5.0,10
22,4,Kim Fields,Sasha Farber,Actor/Actress,New York,United States,46,Eliminated Week 7,8,32.0,8.0,6.0,10
22,4,Von Miller,Witney Carson,Athlete,Texas,United States,27,Eliminated Week 7,7,32.0,8.0,6.0,10
22,4,Marla Maples,Tony Dovolani,TV Personality,Georgia,United States,52,Eliminated Week 4,10,28.0,7.0,8.0,10
22,4,Jodie Sweetin,Keo Motsepe,Actor/Actress,California,United States,34,Eliminated Week 8,6,27.0,6.75,9.0,10
22,4,Doug Flutie,Karina Smirnoff,Athlete,Maryland,United States,53,Eliminated Week 6,9,24.0,6.0,10.0,10
22,5,Nyle DiMarco,Peta Murgatroyd,Model,New York,United States,26,1st Place,1,37.0,9.25,1.0,9
22,5,Jodie Sweetin,Keo Motsepe,Actor/Actress,California,United States,34,Eliminated Week 8,6,35.0,8.75,2.0,9
22,5,Ginger Zee,Valentin Chmerkovskiy,News Anchor,California,United States,35,3rd Place,3,32.0,8.0,3.0,9
22,5,Paige VanZant,Mark Ballas,Athlete,Oregon,United States,22,2nd Place,2,31.0,7.75,4.0,9
22,5,Wanya Morris,Lindsay Arnold,Singer/Rapper,Pennsylvania,United States,42,Eliminated Week 9,4,30.0,7.5,5.0,9
22,5,Von Miller,Witney Carson,Athlete,Texas,United States,27,Eliminated Week 7,7,29.0,7.25,6.0,9
22,5,Doug Flutie,Karina Smirnoff,Athlete,Maryland,United States,53,Eliminated Week 6,9,28.0,7.0,7.0,9
22,5,Kim Fields,Sasha Farber,Actor/Actress,New York,United States,46,Eliminated Week 7,8,28.0,7.0,7.0,9
22,5,Antonio Brown,Sharna Burgess,Athlete,Florida,United States,27,Eliminated Week 9,5,26.0,6.5,9.0,9
22,6,Wanya Morris,Lindsay Arnold,Singer/Rapper,Pennsylvania,United States,42,Eliminated Week 9,4,29.0,9.666666666666666,1.0,9
22,6,Paige VanZant,Mark Ballas,Athlete,Oregon,United States,22,2nd Place,2,28.0,9.333333333333334,2.0,9
22,6,Antonio Brown,Sharna Burgess,Athlete,Florida,United States,27,Eliminated Week 9,5,27.0,9.0,3.0,9
22,6,Jodie Sweetin,Keo Motsepe,Actor/Actress,California,United States,34,Eliminated Week 8,6,25.0,8.333333333333334,4.0,9
22,6,Nyle DiMarco,Peta Murgatroyd,Model,New York,United States,26,1st Place,1,25.0,8.333333333333334,4.0,9
22,6,Ginger Zee,Valentin Chmerkovskiy,News Anchor,California,United States,35,3rd Place,3,24.0,8.0,6.0,9
22,6,Kim Fields,Sasha Farber,Actor/Actress,New York,United States,46,Eliminated Week 7,8,24.0,8.0,6.0,9
22,6,Von Miller,Witney Carson,Athlete,Texas,United States,27,Eliminated Week 7,7,24.0,8.0,6.0,9
22,6,Doug Flutie,Karina Smirnoff,Athlete,Maryland,United States,53,Eliminated Week 6,9,21.0,7.0,9.0,9
22,7,Nyle DiMarco,Peta Murgatroyd,Model,New York,United States,26,1st Place,1,28.0,9.333333333333334,1.0,8
22,7,Ginger Zee,Valentin Chmerkovskiy,News Anchor,California,United States,35,3rd Place,3,27.5,9.166666666666666,2.0,8
22,7,Paige VanZant,Mark Ballas,Athlete,Oregon,United States,22,2nd Place,2,27.5,9.166666666666666,2.0,8
22,7,Wanya Morris,Lindsay Arnold,Singer/Rapper,Pennsylvania,United States,42,Eliminated Week 9,4,27.5,9.166666666666666,2.0,8
22,7,Antonio Brown,Sharna Burgess,Athlete,Florida,United States,27,Eliminated Week 9,5,26.0,8.666666666666666,5.0,8
22,7,Kim Fields,Sasha Farber,Actor/Actress,New York,United States,46,Eliminated Week 7,8,26.0,8.666666666666666,5.0,8
22,7,Von Miller,Witney Carson,Athlete,Texas,United States,27,Eliminated Week 7,7,26.0,8.666666666666666,5.0,8
22,7,Jodie Sweetin,Keo Motsepe,Actor/Actress,California,United States,34,Eliminated Week 8,6,25.5,8.5,8.0,8
22,8,Ginger Zee,Valentin Chmerkovskiy,News Anchor,California,United States,35,3rd Place,3,30.0,10.0,1.0,6
22,8,Jodie Sweetin,Keo Motsepe,Actor/Actress,California,United States,34,Eliminated Week 8,6,30.0,10.0,1.0,6
22,8,Nyle DiMarco,Peta Murgatroyd,Model,New York,United States,26,1st Place,1,29.0,9.666666666666666,3.0,6
22,8,Paige VanZant,Mark Ballas,Athlete,Oregon,United States,22,2nd Place,2,28.0,9.333333333333334,4.0,6
22,8,Antonio Brown,Sharna Burgess,Athlete,Florida,United States,27,Eliminated Week 9,5,27.0,9.0,5.0,6
22,8,Wanya Morris,Lindsay Arnold,Singer/Rapper,Pennsylvania,United States,42,Eliminated Week 9,4,25.0,8.333333333333334,6.0,6
22,9,Wanya Morris,Lindsay Arnold,Singer/Rapper,Pennsylvania,United States,42,Eliminated Week 9,4,30.0,10.0,1.0,5
22,9,Paige VanZant,Mark Ballas,Athlete,Oregon,United States,22,2nd Place,2,29.5,9.833333333333334,2.0,5
22,9,Nyle DiMarco,Peta Murgatroyd,Model,New York,United States,26,1st Place,1,28.5,9.5,3.0,5
22,9,Ginger Zee,Valentin Chmerkovskiy,News Anchor,California,United States,35,3rd Place,3,28.0,9.333333333333334,4.0,5
22,9,Antonio Brown,Sharna Burgess,Athlete,Florida,United States,27,Eliminated Week 9,5,27.5,9.166666666666666,5.0,5
22,10,Paige VanZant,Mark Ballas,Athlete,Oregon,United States,22,2nd Place,2,29.666600000000003,9.888866666666667,1.0,3
22,10,Nyle DiMarco,Peta Murgatroyd,Model,New York,United States,26,1st Place,1,28.9998,9.6666,2.0,3
22,10,Ginger Zee,Valentin Chmerkovskiy,News Anchor,California,United States,35,3rd Place,3,28.333199999999998,9.4444,3.0,3
23,1,James Hinchcliffe,Sharna Burgess,Racing Driver,,Canada,29,2nd Place,2,31.0,7.75,1.0,13
23,1,Laurie Hernandez,Valentin Chmerkovskiy,Athlete,New Jersey,United States,16,1st Place,1,31.0,7.75,1.0,13
23,1,Jana Kramer,Gleb Savchenko,Singer/Rapper,Michigan,United States,32,Eliminated Week 11,4,27.0,6.75,3.0,13
23,1,Marilu Henner,Derek Hough,Actor/Actress,Illinois,United States,64,Eliminated Week 9,6,27.0,6.75,3.0,13
23,1,Babyface,Allison Holker,Singer/Rapper,Indiana,United States,57,Eliminated Week 4,11,26.0,6.5,5.0,13
23,1,Calvin Johnson Jr.,Lindsay Arnold,Athlete,Georgia,United States,30,3rd Place,3,26.0,6.5,5.0,13
23,1,Terra Jole,Sasha Farber,TV Personality,Texas,United States,36,Eliminated Week 10,5,25.0,6.25,7.0,13
23,1,Vanilla Ice,Witney Carson,Singer/Rapper,Texas,United States,48,Eliminated Week 4,10,25.0,6.25,7.0,13
23,1,Amber Rose,Maksim Chmerkoskiy,Model,Pennsylvania,United States,32,Eliminated Week 6,9,24.0,6.0,9.0,13
23,1,Ryan Lochte,Cheryl Burke,Athlete,New York,United States,32,Eliminated Week 8,7,24.0,6.0,9.0,13
23,1,Jake T. Austin,Jenna Johnson,Actor/Actress,New York,United States,21,Eliminated Week 2,13,22.0,5.5,11.0,13
23,1,Maureen McCormick,Artem Chigvintsev,Actor/Actress,California,United States,60,Eliminated Week 7,8,22.0,5.5,11.0,13
23,1,Rick Perry,Emma Slater,Politician,Texas,United States,66,Eliminated Week 3,12,20.0,5.0,13.0,13
23,2,Laurie Hernandez,Valentin Chmerkovskiy,Athlete,New Jersey,United States,16,1st Place,1,32.0,8.0,1.0,13
23,2,Terra Jole,Sasha Farber,TV Personality,Texas,United States,36,Eliminated Week 10,5,31.0,7.75,2.0,13
23,2,Babyface,Allison Holker,Singer/Rapper,Indiana,United States,57,Eliminated Week 4,11,30.0,7.5,3.0,13
23,2,James Hinchcliffe,Sharna Burgess,Racing Driver,,Canada,29,2nd Place,2,29.0,7.25,4.0,13
23,2,Jana Kramer,Gleb Savchenko,Singer/Rapper,Michigan,United States,32,Eliminated Week 11,4,29.0,7.25,4.0,13
23,2,Calvin Johnson Jr.,Lindsay Arnold,Athlete,Georgia,United States,30,3rd Place,3,28.0,7.0,6.0,13
23,2,Marilu Henner,Derek Hough,Actor/Actress,Illinois,United States,64,Eliminated Week 9,6,27.0,6.75,7.0,13
23,2,Maureen McCormick,Artem Chigvintsev,Actor/Actress,California,United States,60,Eliminated Week 7,8,26.0,6.5,8.0,13
23,2,Vanilla Ice,Witney Carson,Singer/Rapper,Texas,United States,48,Eliminated Week 4,10,26.0,6.5,8.0,13
23,2,Amber Rose,Maksim Chmerkoskiy,Model,Pennsylvania,United States,32,Eliminated Week 6,9,24.0,6.0,10.0,13
23,2,Jake T. Austin,Jenna Johnson,Actor/Actress,New York,United States,21,Eliminated Week 2,13,24.0,6.0,10.0,13
23,2,Ryan Lochte,Cheryl Burke,Athlete,New York,United States,32,Eliminated Week 8,7,24.0,6.0,10.0,13
23,2,Rick Perry,Emma Slater,Politician,Texas,United States,66,Eliminated Week 3,12,22.0,5.5,13.0,13
23,3,Calvin Johnson Jr.,Lindsay Arnold,Athlete,Georgia,United States,30,3rd Place,3,32.0,8.0,1.0,12
23,3,Laurie Hernandez,Valentin Chmerkovskiy,Athlete,New Jersey,United States,16,1st Place,1,31.0,7.75,2.0,12
23,3,Terra Jole,Sasha Farber,TV Personality,Texas,United States,36,Eliminated Week 10,5,30.0,7.5,3.0,12
23,3,James Hinchcliffe,Sharna Burgess,Racing Driver,,Canada,29,2nd Place,2,29.0,7.25,4.0,12
23,3,Marilu Henner,Derek Hough,Actor/Actress,Illinois,United States,64,Eliminated Week 9,6,28.0,7.0,5.0,12
23,3,Maureen McCormick,Artem Chigvintsev,Actor/Actress,California,United States,60,Eliminated Week 7,8,28.0,7.0,5.0,12
23,3,Jana Kramer,Gleb Savchenko,Singer/Rapper,Michigan,United States,32,Eliminated Week 11,4,26.0,6.5,7.0,12
23,3,Amber Rose,Maksim Chmerkoskiy,Model,Pennsylvania,United States,32,Eliminated Week 6,9,25.0,6.25,8.0,12
23,3,Babyface,Allison Holker,Singer/Rapper,Indiana,United States,57,Eliminated Week 4,11,25.0,6.25,8.0,12
23,3,Ryan Lochte,Cheryl Burke,Athlete,New York,United States,32,Eliminated Week 8,7,25.0,6.25,8.0,12
23,3,Rick Perry,Emma Slater,Politician,Texas,United States,66,Eliminated Week 3,12,23.0,5.75,11.0,12
23,3,Vanilla Ice,Witney Carson,Singer/Rapper,Texas,United States,48,Eliminated Week 4,10,23.0,5.75,11.0,12
23,4,Laurie Hernandez,Valentin Chmerkovskiy,Athlete,New Jersey,United States,16,1st Place,1,30.0,10.0,1.0,11
23,4,James Hinchcliffe,Sharna Burgess,Racing Driver,,Canada,29,2nd Place,2,28.0,9.333333333333334,2.0,11
23,4,Terra Jole,Sasha Farber,TV Personality,Texas,United States,36,Eliminated Week 10,5,25.0,8.333333333333334,3.0,11
23,4,Amber Rose,Maksim Chmerkoskiy,Model,Pennsylvania,United States,32,Eliminated Week 6,9,24.0,8.0,4.0,11
23,4,Maureen McCormick,Artem Chigvintsev,Actor/Actress,California,United States,60,Eliminated Week 7,8,24.0,8.0,4.0,11
23,4,Calvin Johnson Jr.,Lindsay Arnold,Athlete,Georgia,United States,30,3rd Place,3,23.0,7.666666666666667,6.0,11
23,4,Jana Kramer,Gleb Savchenko,Singer/Rapper,Michigan,United States,32,Eliminated Week 11,4,23.0,7.666666666666667,6.0,11
23,4,Vanilla Ice,Witney Carson,Singer/Rapper,Texas,United States,48,Eliminated Week 4,10,23.0,7.666666666666667,6.0,11
23,4,Ryan Lochte,Cheryl Burke,Athlete,New York,United States,32,Eliminated Week 8,7,22.0,7.333333333333333,9.0,11
23,4,Marilu Henner,Derek Hough,Actor/Actress,Illinois,United States,64,Eliminated Week 9,6,21.0,7.0,10.0,11
23,4,Babyface,Allison Holker,Singer/Rapper,Indiana,United States,57,Eliminated Week 4,11,18.0,6.0,11.0,11
23,5,James Hinchcliffe,Sharna Burgess,Racing Driver,,Canada,29,2nd Place,2,29.0,9.666666666666666,1.0,9
23,5,Marilu Henner,Derek Hough,Actor/Actress,Illinois,United States,64,Eliminated Week 9,6,27.0,9.0,2.0,9
23,5,Terra Jole,Sasha Farber,TV Personality,Texas,United States,36,Eliminated Week 10,5,27.0,9.0,2.0,9
23,5,Jana Kramer,Gleb Savchenko,Singer/Rapper,Michigan,United States,32,Eliminated Week 11,4,26.0,8.666666666666666,4.0,9
23,5,Laurie Hernandez,Valentin Chmerkovskiy,Athlete,New Jersey,United States,16,1st Place,1,25.0,8.333333333333334,5.0,9
23,5,Amber Rose,Maksim Chmerkoskiy,Model,Pennsylvania,United States,32,Eliminated Week 6,9,24.0,8.0,6.0,9
23,5,Calvin Johnson Jr.,Lindsay Arnold,Athlete,Georgia,United States,30,3rd Place,3,24.0,8.0,6.0,9
23,5,Maureen McCormick,Artem Chigvintsev,Actor/Actress,California,United States,60,Eliminated Week 7,8,24.0,8.0,6.0,9
23,5,Ryan Lochte,Cheryl Burke,Athlete,New York,United States,32,Eliminated Week 8,7,24.0,8.0,6.0,9
23,6,Jana Kramer,Gleb Savchenko,Singer/Rapper,Michigan,United States,32,Eliminated Week 11,4,40.0,10.0,1.0,9
23,6,James Hinchcliffe,Sharna Burgess,Racing Driver,,Canada,29,2nd Place,2,38.0,9.5,2.0,9
23,6,Calvin Johnson Jr.,Lindsay Arnold,Athlete,Georgia,United States,30,3rd Place,3,37.0,9.25,3.0,9
23,6,Laurie Hernandez,Valentin Chmerkovskiy,Athlete,New Jersey,United States,16,1st Place,1,37.0,9.25,3.0,9
23,6,Marilu Henner,Derek Hough,Actor/Actress,Illinois,United States,64,Eliminated Week 9,6,34.0,8.5,5.0,9
23,6,Maureen McCormick,Artem Chigvintsev,Actor/Actress,California,United States,60,Eliminated Week 7,8,31.0,7.75,6.0,9
23,6,Ryan Lochte,Cheryl Burke,Athlete,New York,United States,32,Eliminated Week 8,7,30.0,7.5,7.0,9
23,6,Terra Jole,Sasha Farber,TV Personality,Texas,United States,36,Eliminated Week 10,5,30.0,7.5,7.0,9
23,6,Amber Rose,Maksim Chmerkoskiy,Model,Pennsylvania,United States,32,Eliminated Week 6,9,28.0,7.0,9.0,9
23,7,Calvin Johnson Jr.,Lindsay Arnold,Athlete,Georgia,United States,30,3rd Place,3,37.0,9.25,1.0,8
23,7,James Hinchcliffe,Sharna Burgess,Racing Driver,,Canada,29,2nd Place,2,37.0,9.25,1.0,8
23,7,Jana Kramer,Gleb Savchenko,Singer/Rapper,Michigan,United States,32,Eliminated Week 11,4,34.5,8.625,3.0,8
23,7,Laurie Hernandez,Valentin Chmerkovskiy,Athlete,New Jersey,United States,16,1st Place,1,34.5,8.625,3.0,8
23,7,Terra Jole,Sasha Farber,TV Personality,Texas,United States,36,Eliminated Week 10,5,34.5,8.625,3.0,8
23,7,Maureen McCormick,Artem Chigvintsev,Actor/Actress,California,United States,60,Eliminated Week 7,8,33.0,8.25,6.0,8
23,7,Ryan Lochte,Cheryl Burke,Athlete,New York,United States,32,Eliminated Week 8,7,33.0,8.25,6.0,8
23,7,Marilu Henner,Derek Hough,Actor/Actress,Illinois,United States,64,Eliminated Week 9,6,32.0,8.0,8.0,8
23,8,James Hinchcliffe,Sharna Burgess,Racing Driver,,Canada,29,2nd Place,2,34.9998,11.6666,1.0,7
23,8,Laurie Hernandez,Valentin Chmerkovskiy,Athlete,New Jersey,United States,16,1st Place,1,33.0,11.0,2.0,7
23,8,Calvin Johnson Jr.,Lindsay Arnold,Athlete,Georgia,United States,30,3rd Place,3,30.0,10.0,3.0,7
23,8,Jana Kramer,Gleb Savchenko,Singer/Rapper,Michigan,United States,32,Eliminated Week 11,4,30.0,10.0,3.0,7
23,8,Ryan Lochte,Cheryl Burke,Athlete,New York,United States,32,Eliminated Week 8,7,26.0,8.666666666666666,5.0,7
23,8,Terra Jole,Sasha Farber,TV Personality,Texas,United States,36,Eliminated Week 10,5,24.0,8.0,6.0,7
23,8,Marilu Henner,Derek Hough,Actor/Actress,Illinois,United States,64,Eliminated Week 9,6,23.0,7.666666666666667,7.0,7
23,9,Jana Kramer,Gleb Savchenko,Singer/Rapper,Michigan,United States,32,Eliminated Week 11,4,40.0,10.0,1.0,6
23,9,Laurie Hernandez,Valentin Chmerkovskiy,Athlete,New Jersey,United States,16,1st Place,1,40.0,10.0,1.0,6
23,9,Terra Jole,Sasha Farber,TV Personality,Texas,United States,36,Eliminated Week 10,5,38.0,9.5,3.0,6
23,9,Calvin Johnson Jr.,Lindsay Arnold,Athlete,Georgia,United States,30,3rd Place,3,37.0,9.25,4.0,6
23,9,James Hinchcliffe,Sharna Burgess,Racing Driver,,Canada,29,2nd Place,2,36.0,9.0,5.0,6
23,9,Marilu Henner,Derek Hough,Actor/Actress,Illinois,United States,64,Eliminated Week 9,6,36.0,9.0,5.0,6
23,10,Laurie Hernandez,Valentin Chmerkovskiy,Athlete,New Jersey,United States,16,1st Place,1,30.0,10.0,1.0,5
23,10,Terra Jole,Sasha Farber,TV Personality,Texas,United States,36,Eliminated Week 10,5,30.0,10.0,1.0,5
23,10,James Hinchcliffe,Sharna Burgess,Racing Driver,,Canada,29,2nd Place,2,29.5,9.833333333333334,3.0,5
23,10,Jana Kramer,Gleb Savchenko,Singer/Rapper,Michigan,United States,32,Eliminated Week 11,4,29.0,9.666666666666666,4.0,5
23,10,Calvin Johnson Jr.,Lindsay Arnold,Athlete,Georgia,United States,30,3rd Place,3,28.0,9.333333333333334,5.0,5
23,11,Laurie Hernandez,Valentin Chmerkovskiy,Athlete,New Jersey,United States,16,1st Place,1,39.333200000000005,9.833300000000001,1.0,4
23,11,James Hinchcliffe,Sharna Burgess,Racing Driver,,Canada,29,2nd Place,2,38.9998,9.74995,2.0,4
23,11,Calvin Johnson Jr.,Lindsay Arnold,Athlete,Georgia,United States,30,3rd Place,3,38.3331,9.583275,3.0,4
23,11,Jana Kramer,Gleb Savchenko,Singer/Rapper,Michigan,United States,32,Eliminated Week 11,4,35.5,8.875,4.0,4
24,1,Simone Biles,Sasha Farber,Athlete,Ohio,United States,20,Eliminated Week 9,4,32.0,8.0,1.0,12
24,1,Rashad Jennings,Emma Slater,Athlete,Virginia,United States,32,1st Place,1,31.0,7.75,2.0,12
24,1,David Ross,Lindsay Arnold,Athlete,Georgia,United States,40,2nd Place,2,28.0,7.0,3.0,12
24,1,Heather Morris,Maksim Chmerkoskiy,Actor/Actress,California,United States,30,Eliminated Week 6,8,28.0,7.0,3.0,12
24,1,Nancy Kerrigan,Artem Chigvintsev,Athlete,Massachusetts,United States,47,Eliminated Week 7,7,28.0,7.0,3.0,12
24,1,Normani,Valentin Chmerkovskiy,Singer/Rapper,Georgia,United States,20,3rd Place,3,27.0,6.75,6.0,12
24,1,Erika Jayne,Gleb Savchenko,Singer/Rapper,Georgia,United States,45,Eliminated Week 5,9,24.0,6.0,7.0,12
24,1,Nick Viall,Peta Murgatroyd,TV Personality,Wisconsin,United States,36,Eliminated Week 7,6,24.0,6.0,7.0,12
24,1,Bonner Bolton,Sharna Burgess,Athlete,Texas,United States,29,Eliminated Week 8,5,22.0,5.5,9.0,12
24,1,Charo,Keo Motsepe,Actor/Actress,,Spain,66,Eliminated Week 3,11,21.0,5.25,10.0,12
24,1,Mr. T,Kym Herjavec,Actor/Actress,Illinois,United States,64,Eliminated Week 4,10,20.0,5.0,11.0,12
24,1,Chris Kattan,Witney Carson,Comedian,California,United States,46,Eliminated Week 2,12,17.0,4.25,12.0,12
24,2,Normani,Valentin Chmerkovskiy,Singer/Rapper,Georgia,United States,20,3rd Place,3,32.0,8.0,1.0,12
24,2,Rashad Jennings,Emma Slater,Athlete,Virginia,United States,32,1st Place,1,32.0,8.0,1.0,12
24,2,Heather Morris,Maksim Chmerkoskiy,Actor/Actress,California,United States,30,Eliminated Week 6,8,30.0,7.5,3.0,12
24,2,Simone Biles,Sasha Farber,Athlete,Ohio,United States,20,Eliminated Week 9,4,29.0,7.25,4.0,12
24,2,Bonner Bolton,Sharna Burgess,Athlete,Texas,United States,29,Eliminated Week 8,5,28.0,7.0,5.0,12
24,2,Erika Jayne,Gleb Savchenko,Singer/Rapper,Georgia,United States,45,Eliminated Week 5,9,28.0,7.0,5.0,12
24,2,Nancy Kerrigan,Artem Chigvintsev,Athlete,Massachusetts,United States,47,Eliminated Week 7,7,28.0,7.0,5.0,12
24,2,David Ross,Lindsay Arnold,Athlete,Georgia,United States,40,2nd Place,2,27.0,6.75,8.0,12
24,2,Charo,Keo Motsepe,Actor/Actress,,Spain,66,Eliminated Week 3,11,25.0,6.25,9.0,12
24,2,Nick Viall,Peta Murgatroyd,TV Personality,Wisconsin,United States,36,Eliminated Week 7,6,25.0,6.25,9.0,12
24,2,Chris Kattan,Witney Carson,Comedian,California,United States,46,Eliminated Week 2,12,22.0,5.5,11.0,12
24,2,Mr. T,Kym Herjavec,Actor/Actress,Illinois,United States,64,Eliminated Week 4,10,22.0,5.5,11.0,12
24,3,Normani,Valentin Chmerkovskiy,Singer/Rapper,Georgia,United States,20,3rd Place,3,34.0,8.5,1.0,11
24,3,Heather Morris,Maksim Chmerkoskiy,Actor/Actress,California,United States,30,Eliminated Week 6,8,33.0,8.25,2.0,11
24,3,Nancy Kerrigan,Artem Chigvintsev,Athlete,Massachusetts,United States,47,Eliminated Week 7,7,33.0,8.25,2.0,11
24,3,Simone Biles,Sasha Farber,Athlete,Ohio,United States,20,Eliminated Week 9,4,32.0,8.0,4.0,11
24,3,David Ross,Lindsay Arnold,Athlete,Georgia,United States,40,2nd Place,2,31.0,7.75,5.0,11
24,3,Rashad Jennings,Emma Slater,Athlete,Virginia,United States,32,1st Place,1,28.0,7.0,6.0,11
24,3,Erika Jayne,Gleb Savchenko,Singer/Rapper,Georgia,United States,45,Eliminated Week 5,9,26.0,6.5,7.0,11
24,3,Nick Viall,Peta Murgatroyd,TV Personality,Wisconsin,United States,36,Eliminated Week 7,6,26.0,6.5,7.0,11
24,3,Bonner Bolton,Sharna Burgess,Athlete,Texas,United States,29,Eliminated Week 8,5,24.0,6.0,9.0,11
24,3,Charo,Keo Motsepe,Actor/Actress,,Spain,66,Eliminated Week 3,11,24.0,6.0,9.0,11
24,3,Mr. T,Kym Herjavec,Actor/Actress,Illinois,United States,64,Eliminated Week 4,10,24.0,6.0,9.0,11
24,4,Rashad Jennings,Emma Slater,Athlete,Virginia,United States,32,1st Place,1,39.0,9.75,1.0,10
24,4,Simone Biles,Sasha Farber,Athlete,Ohio,United States,20,Eliminated Week 9,4,36.0,9.0,2.0,10
24,4,Heather Morris,Maksim Chmerkoskiy,Actor/Actress,California,United States,30,Eliminated Week 6,8,35.0,8.75,3.0,10
24,4,Nancy Kerrigan,Artem Chigvintsev,Athlete,Massachusetts,United States,47,Eliminated Week 7,7,33.0,8.25,4.0,10
24,4,Bonner Bolton,Sharna Burgess,Athlete,Texas,United States,29,Eliminated Week 8,5,32.0,8.0,5.0,10
24,4,Normani,Valentin Chmerkovskiy,Singer/Rapper,Georgia,United States,20,3rd Place,3,32.0,8.0,5.0,10
24,4,David Ross,Lindsay Arnold,Athlete,Georgia,United States,40,2nd Place,2,31.0,7.75,7.0,10
24,4,Erika Jayne,Gleb Savchenko,Singer/Rapper,Georgia,United States,45,Eliminated Week 5,9,30.0,7.5,8.0,10
24,4,Nick Viall,Peta Murgatroyd,TV Personality,Wisconsin,United States,36,Eliminated Week 7,6,30.0,7.5,8.0,10
24,4,Mr. T,Kym Herjavec,Actor/Actress,Illinois,United States,64,Eliminated Week 4,10,28.0,7.0,10.0,10
24,5,Normani,Valentin Chmerkovskiy,Singer/Rapper,Georgia,United States,20,3rd Place,3,39.0,9.75,1.0,9
24,5,Simone Biles,Sasha Farber,Athlete,Ohio,United States,20,Eliminated Week 9,4,38.0,9.5,2.0,9
24,5,Nancy Kerrigan,Artem Chigvintsev,Athlete,Massachusetts,United States,47,Eliminated Week 7,7,36.0,9.0,3.0,9
24,5,Heather Morris,Maksim Chmerkoskiy,Actor/Actress,California,United States,30,Eliminated Week 6,8,34.0,8.5,4.0,9
24,5,Nick Viall,Peta Murgatroyd,TV Personality,Wisconsin,United States,36,Eliminated Week 7,6,34.0,8.5,4.0,9
24,5,Erika Jayne,Gleb Savchenko,Singer/Rapper,Georgia,United States,45,Eliminated Week 5,9,32.0,8.0,6.0,9
24,5,Rashad Jennings,Emma Slater,Athlete,Virginia,United States,32,1st Place,1,32.0,8.0,6.0,9
24,5,Bonner Bolton,Sharna Burgess,Athlete,Texas,United States,29,Eliminated Week 8,5,30.0,7.5,8.0,9
24,5,David Ross,Lindsay Arnold,Athlete,Georgia,United States,40,2nd Place,2,29.0,7.25,9.0,9
24,6,Heather Morris,Maksim Chmerkoskiy,Actor/Actress,California,United States,30,Eliminated Week 6,8,37.0,9.25,1.0,8
24,6,Normani,Valentin Chmerkovskiy,Singer/Rapper,Georgia,United States,20,3rd Place,3,36.0,9.0,2.0,8
24,6,Rashad Jennings,Emma Slater,Athlete,Virginia,United States,32,1st Place,1,35.0,8.75,3.0,8
24,6,Simone Biles,Sasha Farber,Athlete,Ohio,United States,20,Eliminated Week 9,4,34.5,8.625,4.0,8
24,6,Nancy Kerrigan,Artem Chigvintsev,Athlete,Massachusetts,United States,47,Eliminated Week 7,7,33.5,8.375,5.0,8
24,6,Bonner Bolton,Sharna Burgess,Athlete,Texas,United States,29,Eliminated Week 8,5,31.5,7.875,6.0,8
24,6,David Ross,Lindsay Arnold,Athlete,Georgia,United States,40,2nd Place,2,31.0,7.75,7.0,8
24,6,Nick Viall,Peta Murgatroyd,TV Personality,Wisconsin,United States,36,Eliminated Week 7,6,30.5,7.625,8.0,8
24,7,Normani,Valentin Chmerkovskiy,Singer/Rapper,Georgia,United States,20,3rd Place,3,42.0,10.5,1.0,7
24,7,Rashad Jennings,Emma Slater,Athlete,Virginia,United States,32,1st Place,1,39.0,9.75,2.0,7
24,7,Simone Biles,Sasha Farber,Athlete,Ohio,United States,20,Eliminated Week 9,4,39.0,9.75,2.0,7
24,7,Nancy Kerrigan,Artem Chigvintsev,Athlete,Massachusetts,United States,47,Eliminated Week 7,7,36.0,9.0,4.0,7
24,7,Nick Viall,Peta Murgatroyd,TV Personality,Wisconsin,United States,36,Eliminated Week 7,6,34.0,8.5,5.0,7
24,7,David Ross,Lindsay Arnold,Athlete,Georgia,United States,40,2nd Place,2,32.0,8.0,6.0,7
24,7,Bonner Bolton,Sharna Burgess,Athlete,Texas,United States,29,Eliminated Week 8,5,31.0,7.75,7.0,7
24,8,Normani,Valentin Chmerkovskiy,Singer/Rapper,Georgia,United States,20,3rd Place,3,39.5,9.875,1.0,5
24,8,Rashad Jennings,Emma Slater,Athlete,Virginia,United States,32,1st Place,1,37.5,9.375,2.0,5
24,8,Simone Biles,Sasha Farber,Athlete,Ohio,United States,20,Eliminated Week 9,4,36.0,9.0,3.0,5
24,8,David Ross,Lindsay Arnold,Athlete,Georgia,United States,40,2nd Place,2,32.5,8.125,4.0,5
24,8,Bonner Bolton,Sharna Burgess,Athlete,Texas,United States,29,Eliminated Week 8,5,29.0,7.25,5.0,5
24,9,Simone Biles,Sasha Farber,Athlete,Ohio,United States,20,Eliminated Week 9,4,40.0,10.0,1.0,4
24,9,Rashad Jennings,Emma Slater,Athlete,Virginia,United States,32,1st Place,1,38.5,9.625,2.0,4
24,9,Normani,Valentin Chmerkovskiy,Singer/Rapper,Georgia,United States,20,3rd Place,3,38.0,9.5,3.0,4
24,9,David Ross,Lindsay Arnold,Athlete,Georgia,United States,40,2nd Place,2,35.0,8.75,4.0,4
24,10,Rashad Jennings,Emma Slater,Athlete,Virginia,United States,32,1st Place,1,39.6666,9.91665,1.0,3
24,10,Normani,Valentin Chmerkovskiy,Singer/Rapper,Georgia,United States,20,3rd Place,3,39.333200000000005,9.833300000000001,2.0,3
24,10,David Ross,Lindsay Arnold,Athlete,Georgia,United States,40,2nd Place,2,36.3333,9.083325,3.0,3
25,1,Jordan Fisher,Lindsay Arnold,Actor/Actress,Alabama,United States,23,1st Place,1,22.0,7.333333333333333,1.0,13
25,1,Lindsey Stirling,Mark Ballas,Musician,California,United States,31,2nd Place,2,22.0,7.333333333333333,1.0,13
25,1,Vanessa Lachey,Maksim Chmerkoskiy,TV Personality,,Philippines,36,Eliminated Week 7,7,21.0,7.0,3.0,13
25,1,Nikki Bella,Artem Chigvintsev,Athlete,California,United States,33,Eliminated Week 7,8,20.0,6.666666666666667,4.0,13
25,1,Frankie Muniz,Witney Carson,Actor/Actress,New Jersey,United States,31,3rd Place,3,19.0,6.333333333333333,5.0,13
25,1,Victoria Arlen,Valentin Chmerkovskiy,Athlete,New Hamshire,United States,22,Eliminated Week 9,5,19.0,6.333333333333333,5.0,13
25,1,Derek Fisher,Sharna Burgess,Athlete,Arkansas,United States,43,Eliminated Week 4,11,18.0,6.0,7.0,13
25,1,Nick Lachey,Peta Murgatroyd,Singer/Rapper,Kentucky,United States,43,Eliminated Week 6,9,18.0,6.0,7.0,13
25,1,Sasha Pieterse,Gleb Savchenko,Actor/Actress,,South Africa,21,Eliminated Week 5,10,18.0,6.0,7.0,13
25,1,Debbie Gibson,Alan Bersten,Singer/Rapper,New York,United States,47,Eliminated Week 2,12,17.0,5.666666666666667,10.0,13
25,1,Drew Scott,Emma Slater,TV Personality,,Canada,39,Eliminated Week 10,4,16.0,5.333333333333333,11.0,13
25,1,Terrell Owens,Cheryl Burke,Athlete,Alabama,United States,43,Eliminated Week 8,6,15.0,5.0,12.0,13
25,1,Barbara Corcoran,Keo Motsepe,Entrepreneur,New Jersey,United States,68,Eliminated Week 2,13,14.0,4.666666666666667,13.0,13
25,2,Frankie Muniz,Witney Carson,Actor/Actress,New Jersey,United States,31,3rd Place,3,24.0,8.0,1.0,13
25,2,Jordan Fisher,Lindsay Arnold,Actor/Actress,Alabama,United States,23,1st Place,1,24.0,8.0,1.0,13
25,2,Vanessa Lachey,Maksim Chmerkoskiy,TV Personality,,Philippines,36,Eliminated Week 7,7,23.5,7.833333333333333,3.0,13
25,2,Lindsey Stirling,Mark Ballas,Musician,California,United States,31,2nd Place,2,22.5,7.5,4.0,13
25,2,Sasha Pieterse,Gleb Savchenko,Actor/Actress,,South Africa,21,Eliminated Week 5,10,22.5,7.5,4.0,13
25,2,Victoria Arlen,Valentin Chmerkovskiy,Athlete,New Hamshire,United States,22,Eliminated Week 9,5,22.0,7.333333333333333,6.0,13
25,2,Debbie Gibson,Alan Bersten,Singer/Rapper,New York,United States,47,Eliminated Week 2,12,20.5,6.833333333333333,7.0,13
25,2,Drew Scott,Emma Slater,TV Personality,,Canada,39,Eliminated Week 10,4,20.5,6.833333333333333,7.0,13
25,2,Nikki Bella,Artem Chigvintsev,Athlete,California,United States,33,Eliminated Week 7,8,19.5,6.5,9.0,13
25,2,Terrell Owens,Cheryl Burke,Athlete,Alabama,United States,43,Eliminated Week 8,6,19.5,6.5,9.0,13
25,2,Derek Fisher,Sharna Burgess,Athlete,Arkansas,United States,43,Eliminated Week 4,11,19.0,6.333333333333333,11.0,13
25,2,Nick Lachey,Peta Murgatroyd,Singer/Rapper,Kentucky,United States,43,Eliminated Week 6,9,19.0,6.333333333333333,11.0,13
25,2,Barbara Corcoran,Keo Motsepe,Entrepreneur,New Jersey,United States,68,Eliminated Week 2,13,17.0,5.666666666666667,13.0,13
25,3,Lindsey Stirling,Mark Ballas,Musician,California,United States,31,2nd Place,2,27.0,9.0,1.0,11
25,3,Jordan Fisher,Lindsay Arnold,Actor/Actress,Alabama,United States,23,1st Place,1,25.0,8.333333333333334,2.0,11
25,3,Drew Scott,Emma Slater,TV Personality,,Canada,39,Eliminated Week 10,4,23.0,7.666666666666667,3.0,11
25,3,Vanessa Lachey,Maksim Chmerkoskiy,TV Personality,,Philippines,36,Eliminated Week 7,7,23.0,7.666666666666667,3.0,11
25,3,Victoria Arlen,Valentin Chmerkovskiy,Athlete,New Hamshire,United States,22,Eliminated Week 9,5,22.0,7.333333333333333,5.0,11
25,3,Derek Fisher,Sharna Burgess,Athlete,Arkansas,United States,43,Eliminated Week 4,11,21.0,7.0,6.0,11
25,3,Frankie Muniz,Witney Carson,Actor/Actress,New Jersey,United States,31,3rd Place,3,21.0,7.0,6.0,11
25,3,Nick Lachey,Peta Murgatroyd,Singer/Rapper,Kentucky,United States,43,Eliminated Week 6,9,21.0,7.0,6.0,11
25,3,Nikki Bella,Artem Chigvintsev,Athlete,California,United States,33,Eliminated Week 7,8,21.0,7.0,6.0,11
25,3,Terrell Owens,Cheryl Burke,Athlete,Alabama,United States,43,Eliminated Week 8,6,21.0,7.0,6.0,11
25,3,Sasha Pieterse,Gleb Savchenko,Actor/Actress,,South Africa,21,Eliminated Week 5,10,19.0,6.333333333333333,11.0,11
25,4,Jordan Fisher,Lindsay Arnold,Actor/Actress,Alabama,United States,23,1st Place,1,29.0,9.666666666666666,1.0,11
25,4,Victoria Arlen,Valentin Chmerkovskiy,Athlete,New Hamshire,United States,22,Eliminated Week 9,5,27.0,9.0,2.0,11
25,4,Lindsey Stirling,Mark Ballas,Musician,California,United States,31,2nd Place,2,26.0,8.666666666666666,3.0,11
25,4,Drew Scott,Emma Slater,TV Personality,,Canada,39,Eliminated Week 10,4,24.0,8.0,4.0,11
25,4,Frankie Muniz,Witney Carson,Actor/Actress,New Jersey,United States,31,3rd Place,3,24.0,8.0,4.0,11
25,4,Nikki Bella,Artem Chigvintsev,Athlete,California,United States,33,Eliminated Week 7,8,24.0,8.0,4.0,11
25,4,Sasha Pieterse,Gleb Savchenko,Actor/Actress,,South Africa,21,Eliminated Week 5,10,24.0,8.0,4.0,11
25,4,Terrell Owens,Cheryl Burke,Athlete,Alabama,United States,43,Eliminated Week 8,6,24.0,8.0,4.0,11
25,4,Vanessa Lachey,Maksim Chmerkoskiy,TV Personality,,Philippines,36,Eliminated Week 7,7,24.0,8.0,4.0,11
25,4,Derek Fisher,Sharna Burgess,Athlete,Arkansas,United States,43,Eliminated Week 4,11,23.0,7.666666666666667,10.0,11
25,4,Nick Lachey,Peta Murgatroyd,Singer/Rapper,Kentucky,United States,43,Eliminated Week 6,9,22.0,7.333333333333333,11.0,11
25,5,Jordan Fisher,Lindsay Arnold,Actor/Actress,Alabama,United States,23,1st Place,1,30.0,10.0,1.0,10
25,5,Frankie Muniz,Witney Carson,Actor/Actress,New Jersey,United States,31,3rd Place,3,29.0,9.666666666666666,2.0,10
25,5,Lindsey Stirling,Mark Ballas,Musician,California,United States,31,2nd Place,2,28.0,9.333333333333334,3.0,10
25,5,Nikki Bella,Artem Chigvintsev,Athlete,California,United States,33,Eliminated Week 7,8,27.0,9.0,4.0,10
25,5,Victoria Arlen,Valentin Chmerkovskiy,Athlete,New Hamshire,United States,22,Eliminated Week 9,5,27.0,9.0,4.0,10
25,5,Drew Scott,Emma Slater,TV Personality,,Canada,39,Eliminated Week 10,4,25.0,8.333333333333334,6.0,10
25,5,Terrell Owens,Cheryl Burke,Athlete,Alabama,United States,43,Eliminated Week 8,6,25.0,8.333333333333334,6.0,10
25,5,Sasha Pieterse,Gleb Savchenko,Actor/Actress,,South Africa,21,Eliminated Week 5,10,24.0,8.0,8.0,10
25,5,Vanessa Lachey,Maksim Chmerkoskiy,TV Personality,,Philippines,36,Eliminated Week 7,7,24.0,8.0,8.0,10
25,5,Nick Lachey,Peta Murgatroyd,Singer/Rapper,Kentucky,United States,43,Eliminated Week 6,9,22.0,7.333333333333333,10.0,10
25,6,Lindsey Stirling,Mark Ballas,Musician,California,United States,31,2nd Place,2,40.0,10.0,1.0,9
25,6,Jordan Fisher,Lindsay Arnold,Actor/Actress,Alabama,United States,23,1st Place,1,39.0,9.75,2.0,9
25,6,Terrell Owens,Cheryl Burke,Athlete,Alabama,United States,43,Eliminated Week 8,6,37.0,9.25,3.0,9
25,6,Nikki Bella,Artem Chigvintsev,Athlete,California,United States,33,Eliminated Week 7,8,36.0,9.0,4.0,9
25,6,Vanessa Lachey,Maksim Chmerkoskiy,TV Personality,,Philippines,36,Eliminated Week 7,7,36.0,9.0,4.0,9
25,6,Frankie Muniz,Witney Carson,Actor/Actress,New Jersey,United States,31,3rd Place,3,31.0,7.75,6.0,9
25,6,Victoria Arlen,Valentin Chmerkovskiy,Athlete,New Hamshire,United States,22,Eliminated Week 9,5,31.0,7.75,6.0,9
25,6,Drew Scott,Emma Slater,TV Personality,,Canada,39,Eliminated Week 10,4,30.0,7.5,8.0,9
25,6,Nick Lachey,Peta Murgatroyd,Singer/Rapper,Kentucky,United States,43,Eliminated Week 6,9,26.0,6.5,9.0,9
25,7,Frankie Muniz,Witney Carson,Actor/Actress,New Jersey,United States,31,3rd Place,3,30.0,10.0,1.0,8
25,7,Drew Scott,Emma Slater,TV Personality,,Canada,39,Eliminated Week 10,4,28.5,9.5,2.0,8
25,7,Victoria Arlen,Valentin Chmerkovskiy,Athlete,New Hamshire,United States,22,Eliminated Week 9,5,28.5,9.5,2.0,8
25,7,Jordan Fisher,Lindsay Arnold,Actor/Actress,Alabama,United States,23,1st Place,1,27.0,9.0,4.0,8
25,7,Vanessa Lachey,Maksim Chmerkoskiy,TV Personality,,Philippines,36,Eliminated Week 7,7,27.0,9.0,4.0,8
25,7,Lindsey Stirling,Mark Ballas,Musician,California,United States,31,2nd Place,2,25.5,8.5,6.0,8
25,7,Terrell Owens,Cheryl Burke,Athlete,Alabama,United States,43,Eliminated Week 8,6,24.5,8.166666666666666,7.0,8
25,7,Nikki Bella,Artem Chigvintsev,Athlete,California,United States,33,Eliminated Week 7,8,24.0,8.0,8.0,8
25,8,Jordan Fisher,Lindsay Arnold,Actor/Actress,Alabama,United States,23,1st Place,1,30.0,10.0,1.0,6
25,8,Lindsey Stirling,Mark Ballas,Musician,California,United States,31,2nd Place,2,27.0,9.0,2.0,6
25,8,Frankie Muniz,Witney Carson,Actor/Actress,New Jersey,United States,31,3rd Place,3,26.5,8.833333333333334,3.0,6
25,8,Terrell Owens,Cheryl Burke,Athlete,Alabama,United States,43,Eliminated Week 8,6,25.5,8.5,4.0,6
25,8,Victoria Arlen,Valentin Chmerkovskiy,Athlete,New Hamshire,United States,22,Eliminated Week 9,5,24.0,8.0,5.0,6
25,8,Drew Scott,Emma Slater,TV Personality,,Canada,39,Eliminated Week 10,4,23.5,7.833333333333333,6.0,6
25,9,Jordan Fisher,Lindsay Arnold,Actor/Actress,Alabama,United States,23,1st Place,1,29.0,9.666666666666666,1.0,5
25,9,Lindsey Stirling,Mark Ballas,Musician,California,United States,31,2nd Place,2,28.5,9.5,2.0,5
25,9,Victoria Arlen,Valentin Chmerkovskiy,Athlete,New Hamshire,United States,22,Eliminated Week 9,5,28.0,9.333333333333334,3.0,5
25,9,Frankie Muniz,Witney Carson,Actor/Actress,New Jersey,United States,31,3rd Place,3,25.5,8.5,4.0,5
25,9,Drew Scott,Emma Slater,TV Personality,,Canada,39,Eliminated Week 10,4,24.0,8.0,5.0,5
25,10,Jordan Fisher,Lindsay Arnold,Actor/Actress,Alabama,United States,23,1st Place,1,40.0,10.0,1.0,4
25,10,Lindsey Stirling,Mark Ballas,Musician,California,United States,31,2nd Place,2,40.0,10.0,1.0,4
25,10,Frankie Muniz,Witney Carson,Actor/Actress,New Jersey,United States,31,3rd Place,3,38.8887,9.722175,3.0,4
25,10,Drew Scott,Emma Slater,TV Personality,,Canada,39,Eliminated Week 10,4,37.5,9.375,4.0,4
26,1,Adam Rippon,Jenna Johnson,Athlete,Pennsylvania,United States,28,1st Place,1,24.0,8.0,1.0,10
26,1,Josh Norman,Sharna Burgess,Athlete,South Carolina,United States,30,2nd Place,2,24.0,8.0,1.0,10
26,1,Mirai Nagasu,Alan Bersten,Athlete,California,United States,25,Eliminated Week 3,4,23.0,7.666666666666667,3.0,10
26,1,Tonya Harding,Sasha Farber,Athlete,Oregon,United States,47,3rd Place,3,23.0,7.666666666666667,3.0,10
26,1,Chris Mazdzer,Witney Carson,Athlete,Massachusetts,United States,29,Eliminated Week 3,5,21.0,7.0,5.0,10
26,1,Jennie Finch Daigle,Keo Motsepe,Athlete,California,United States,37,Eliminated Week 3,6,21.0,7.0,5.0,10
26,1,Arike Ogunbowale,Gleb Savchenko,Athlete,Wisconsin,United States,21,Eliminated Week 2,7,20.0,6.666666666666667,7.0,10
26,1,Jamie Anderson,Artem Chigvintsev,Athlete,California,United States,27,Eliminated Week 1,10,19.0,6.333333333333333,8.0,10
26,1,Johnny Damon,Emma Slater,Athlete,Kansas,United States,44,Eliminated Week 1,9,18.0,6.0,9.0,10
26,1,Kareem Abdul-Jabbar,Lindsay Arnold,Athlete,New York,United States,71,Eliminated Week 2,8,17.0,5.666666666666667,10.0,10
26,2,Adam Rippon,Jenna Johnson,Athlete,Pennsylvania,United States,28,1st Place,1,37.0,9.25,1.0,8
26,2,Mirai Nagasu,Alan Bersten,Athlete,California,United States,25,Eliminated Week 3,4,37.0,9.25,1.0,8
26,2,Arike Ogunbowale,Gleb Savchenko,Athlete,Wisconsin,United States,21,Eliminated Week 2,7,35.0,8.75,3.0,8
26,2,Chris Mazdzer,Witney Carson,Athlete,Massachusetts,United States,29,Eliminated Week 3,5,33.0,8.25,4.0,8
26,2,Tonya Harding,Sasha Farber,Athlete,Oregon,United States,47,3rd Place,3,33.0,8.25,4.0,8
26,2,Jennie Finch Daigle,Keo Motsepe,Athlete,California,United States,37,Eliminated Week 3,6,31.5,7.875,6.0,8
26,2,Josh Norman,Sharna Burgess,Athlete,South Carolina,United States,30,2nd Place,2,31.5,7.875,6.0,8
26,2,Kareem Abdul-Jabbar,Lindsay Arnold,Athlete,New York,United States,71,Eliminated Week 2,8,29.5,7.375,8.0,8
26,3,Adam Rippon,Jenna Johnson,Athlete,Pennsylvania,United States,28,1st Place,1,41.0,10.25,1.0,6
26,3,Josh Norman,Sharna Burgess,Athlete,South Carolina,United States,30,2nd Place,2,38.0,9.5,2.0,6
26,3,Mirai Nagasu,Alan Bersten,Athlete,California,United States,25,Eliminated Week 3,4,35.0,8.75,3.0,6
26,3,Tonya Harding,Sasha Farber,Athlete,Oregon,United States,47,3rd Place,3,35.0,8.75,3.0,6
26,3,Chris Mazdzer,Witney Carson,Athlete,Massachusetts,United States,29,Eliminated Week 3,5,33.0,8.25,5.0,6
26,3,Jennie Finch Daigle,Keo Motsepe,Athlete,California,United States,37,Eliminated Week 3,6,29.0,7.25,6.0,6
26,4,Adam Rippon,Jenna Johnson,Athlete,Pennsylvania,United States,28,1st Place,1,29.0,9.666666666666666,1.0,3
26,4,Josh Norman,Sharna Burgess,Athlete,South Carolina,United States,30,2nd Place,2,28.5,9.5,2.0,3
26,4,Tonya Harding,Sasha Farber,Athlete,Oregon,United States,47,3rd Place,3,28.0,9.333333333333334,3.0,3
27,1,DeMarcus Ware,Lindsay Arnold,Athlete,Alabama,United States,36,Eliminated Week 7,7,23.0,7.666666666666667,1.0,13
27,1,Tinashe,Brandon Armstrong,Singer/Rapper,Kentucky,United States,25,Eliminated Week 4,10,23.0,7.666666666666667,1.0,13
27,1,Alexis Ren,Alan Bersten,Social Media Personality,California,United States,21,4th Place,4,22.0,7.333333333333333,3.0,13
27,1,Juan Pablo Di Pace,Cheryl Burke,Actor/Actress,,Argentina,39,Eliminated Week 8,5,22.0,7.333333333333333,3.0,13
27,1,Bobby Bones,Sharna Burgess,Radio Personality,Arkansas,United States,38,1st Place,1,20.0,6.666666666666667,5.0,13
27,1,Mary Lou Retton,Sasha Farber,Athlete,West Virginia,United States,50,Eliminated Week 6,9,20.0,6.666666666666667,5.0,13
27,1,Milo Manheim,Witney Carson,Actor/Actress,California,United States,17,2nd Place,2,20.0,6.666666666666667,5.0,13
27,1,Nancy McKeon,Valentin Chmerkovskiy,Actor/Actress,New York,United States,52,Eliminated Week 3,11,19.5,6.5,8.0,13
27,1,Danelle Umstead,Artem Chigvintsev,Athlete,New Mexico,United States,46,Eliminated Week 2,12,18.0,6.0,9.0,13
27,1,Evanna Lynch,Keo Motsepe,Actor/Actress,,Ireland,27,3rd Place,3,18.0,6.0,9.0,13
27,1,John Schneider,Emma Slater,Actor/Actress,New York,United States,58,Eliminated Week 7,8,18.0,6.0,9.0,13
27,1,Nikki Glaser,Gleb Savchenko,Comedian,Ohio,United States,34,Eliminated Week 1,13,17.5,5.833333333333333,12.0,13
27,1,Joe Amabile,Jenna Johnson,TV Personality,Illinois,United States,32,Eliminated Week 8,6,14.0,4.666666666666667,13.0,13
27,2,Juan Pablo Di Pace,Cheryl Burke,Actor/Actress,,Argentina,39,Eliminated Week 8,5,26.0,8.666666666666666,1.0,12
27,2,Milo Manheim,Witney Carson,Actor/Actress,California,United States,17,2nd Place,2,26.0,8.666666666666666,1.0,12
27,2,Tinashe,Brandon Armstrong,Singer/Rapper,Kentucky,United States,25,Eliminated Week 4,10,26.0,8.666666666666666,1.0,12
27,2,Alexis Ren,Alan Bersten,Social Media Personality,California,United States,21,4th Place,4,24.5,8.166666666666666,4.0,12
27,2,Evanna Lynch,Keo Motsepe,Actor/Actress,,Ireland,27,3rd Place,3,24.0,8.0,5.0,12
27,2,DeMarcus Ware,Lindsay Arnold,Athlete,Alabama,United States,36,Eliminated Week 7,7,23.5,7.833333333333333,6.0,12
27,2,Mary Lou Retton,Sasha Farber,Athlete,West Virginia,United States,50,Eliminated Week 6,9,23.0,7.666666666666667,7.0,12
27,2,John Schneider,Emma Slater,Actor/Actress,New York,United States,58,Eliminated Week 7,8,21.5,7.166666666666667,8.0,12
27,2,Nancy McKeon,Valentin Chmerkovskiy,Actor/Actress,New York,United States,52,Eliminated Week 3,11,20.5,6.833333333333333,9.0,12
27,2,Bobby Bones,Sharna Burgess,Radio Personality,Arkansas,United States,38,1st Place,1,19.5,6.5,10.0,12
27,2,Danelle Umstead,Artem Chigvintsev,Athlete,New Mexico,United States,46,Eliminated Week 2,12,18.5,6.166666666666667,11.0,12
27,2,Joe Amabile,Jenna Johnson,TV Personality,Illinois,United States,32,Eliminated Week 8,6,17.5,5.833333333333333,12.0,12
27,3,Juan Pablo Di Pace,Cheryl Burke,Actor/Actress,,Argentina,39,Eliminated Week 8,5,30.0,10.0,1.0,11
27,3,Evanna Lynch,Keo Motsepe,Actor/Actress,,Ireland,27,3rd Place,3,27.0,9.0,2.0,11
27,3,Milo Manheim,Witney Carson,Actor/Actress,California,United States,17,2nd Place,2,27.0,9.0,2.0,11
27,3,Tinashe,Brandon Armstrong,Singer/Rapper,Kentucky,United States,25,Eliminated Week 4,10,27.0,9.0,2.0,11
27,3,Alexis Ren,Alan Bersten,Social Media Personality,California,United States,21,4th Place,4,26.0,8.666666666666666,5.0,11
27,3,DeMarcus Ware,Lindsay Arnold,Athlete,Alabama,United States,36,Eliminated Week 7,7,26.0,8.666666666666666,5.0,11
27,3,Mary Lou Retton,Sasha Farber,Athlete,West Virginia,United States,50,Eliminated Week 6,9,24.0,8.0,7.0,11
27,3,Bobby Bones,Sharna Burgess,Radio Personality,Arkansas,United States,38,1st Place,1,23.0,7.666666666666667,8.0,11
27,3,Nancy McKeon,Valentin Chmerkovskiy,Actor/Actress,New York,United States,52,Eliminated Week 3,11,22.0,7.333333333333333,9.0,11
27,3,John Schneider,Emma Slater,Actor/Actress,New York,United States,58,Eliminated Week 7,8,21.0,7.0,10.0,11
27,3,Joe Amabile,Jenna Johnson,TV Personality,Illinois,United States,32,Eliminated Week 8,6,18.0,6.0,11.0,11
27,4,Milo Manheim,Witney Carson,Actor/Actress,California,United States,17,2nd Place,2,29.0,9.666666666666666,1.0,10
27,4,Mary Lou Retton,Sasha Farber,Athlete,West Virginia,United States,50,Eliminated Week 6,9,26.0,8.666666666666666,2.0,10
27,4,Tinashe,Brandon Armstrong,Singer/Rapper,Kentucky,United States,25,Eliminated Week 4,10,26.0,8.666666666666666,2.0,10
27,4,Alexis Ren,Alan Bersten,Social Media Personality,California,United States,21,4th Place,4,25.0,8.333333333333334,4.0,10
27,4,Evanna Lynch,Keo Motsepe,Actor/Actress,,Ireland,27,3rd Place,3,24.0,8.0,5.0,10
27,4,Juan Pablo Di Pace,Cheryl Burke,Actor/Actress,,Argentina,39,Eliminated Week 8,5,24.0,8.0,5.0,10
27,4,DeMarcus Ware,Lindsay Arnold,Athlete,Alabama,United States,36,Eliminated Week 7,7,22.0,7.333333333333333,7.0,10
27,4,John Schneider,Emma Slater,Actor/Actress,New York,United States,58,Eliminated Week 7,8,21.0,7.0,8.0,10
27,4,Bobby Bones,Sharna Burgess,Radio Personality,Arkansas,United States,38,1st Place,1,20.0,6.666666666666667,9.0,10
27,4,Joe Amabile,Jenna Johnson,TV Personality,Illinois,United States,32,Eliminated Week 8,6,15.0,5.0,10.0,10
27,5,Alexis Ren,Alan Bersten,Social Media Personality,California,United States,21,4th Place,4,29.0,9.666666666666666,1.0,9
27,5,Juan Pablo Di Pace,Cheryl Burke,Actor/Actress,,Argentina,39,Eliminated Week 8,5,29.0,9.666666666666666,1.0,9
27,5,Milo Manheim,Witney Carson,Actor/Actress,California,United States,17,2nd Place,2,27.0,9.0,3.0,9
27,5,DeMarcus Ware,Lindsay Arnold,Athlete,Alabama,United States,36,Eliminated Week 7,7,26.0,8.666666666666666,4.0,9
27,5,Mary Lou Retton,Sasha Farber,Athlete,West Virginia,United States,50,Eliminated Week 6,9,25.0,8.333333333333334,5.0,9
27,5,Evanna Lynch,Keo Motsepe,Actor/Actress,,Ireland,27,3rd Place,3,24.0,8.0,6.0,9
27,5,John Schneider,Emma Slater,Actor/Actress,New York,United States,58,Eliminated Week 7,8,24.0,8.0,6.0,9
27,5,Bobby Bones,Sharna Burgess,Radio Personality,Arkansas,United States,38,1st Place,1,21.0,7.0,8.0,9
27,5,Joe Amabile,Jenna Johnson,TV Personality,Illinois,United States,32,Eliminated Week 8,6,17.0,5.666666666666667,9.0,9
27,6,Juan Pablo Di Pace,Cheryl Burke,Actor/Actress,,Argentina,39,Eliminated Week 8,5,30.0,10.0,1.0,9
27,6,Milo Manheim,Witney Carson,Actor/Actress,California,United States,17,2nd Place,2,30.0,10.0,1.0,9
27,6,Evanna Lynch,Keo Motsepe,Actor/Actress,,Ireland,27,3rd Place,3,29.0,9.666666666666666,3.0,9
27,6,Alexis Ren,Alan Bersten,Social Media Personality,California,United States,21,4th Place,4,27.0,9.0,4.0,9
27,6,DeMarcus Ware,Lindsay Arnold,Athlete,Alabama,United States,36,Eliminated Week 7,7,26.0,8.666666666666666,5.0,9
27,6,Mary Lou Retton,Sasha Farber,Athlete,West Virginia,United States,50,Eliminated Week 6,9,24.0,8.0,6.0,9
27,6,Bobby Bones,Sharna Burgess,Radio Personality,Arkansas,United States,38,1st Place,1,22.0,7.333333333333333,7.0,9
27,6,Joe Amabile,Jenna Johnson,TV Personality,Illinois,United States,32,Eliminated Week 8,6,22.0,7.333333333333333,7.0,9
27,6,John Schneider,Emma Slater,Actor/Actress,New York,United States,58,Eliminated Week 7,8,19.0,6.333333333333333,9.0,9
27,7,Evanna Lynch,Keo Motsepe,Actor/Actress,,Ireland,27,3rd Place,3,29.5,9.833333333333334,1.0,8
27,7,Milo Manheim,Witney Carson,Actor/Actress,California,United States,17,2nd Place,2,29.0,9.666666666666666,2.0,8
27,7,Juan Pablo Di Pace,Cheryl Burke,Actor/Actress,,Argentina,39,Eliminated Week 8,5,28.0,9.333333333333334,3.0,8
27,7,Alexis Ren,Alan Bersten,Social Media Personality,California,United States,21,4th Place,4,27.5,9.166666666666666,4.0,8
27,7,John Schneider,Emma Slater,Actor/Actress,New York,United States,58,Eliminated Week 7,8,27.0,9.0,5.0,8
27,7,Bobby Bones,Sharna Burgess,Radio Personality,Arkansas,United States,38,1st Place,1,26.5,8.833333333333334,6.0,8
27,7,DeMarcus Ware,Lindsay Arnold,Athlete,Alabama,United States,36,Eliminated Week 7,7,26.5,8.833333333333334,6.0,8
27,7,Joe Amabile,Jenna Johnson,TV Personality,Illinois,United States,32,Eliminated Week 8,6,23.5,7.833333333333333,8.0,8
27,8,Juan Pablo Di Pace,Cheryl Burke,Actor/Actress,,Argentina,39,Eliminated Week 8,5,30.0,10.0,1.0,6
27,8,Alexis Ren,Alan Bersten,Social Media Personality,California,United States,21,4th Place,4,29.0,9.666666666666666,2.0,6
27,8,Evanna Lynch,Keo Motsepe,Actor/Actress,,Ireland,27,3rd Place,3,29.0,9.666666666666666,2.0,6
27,8,Milo Manheim,Witney Carson,Actor/Actress,California,United States,17,2nd Place,2,27.5,9.166666666666666,4.0,6
27,8,Joe Amabile,Jenna Johnson,TV Personality,Illinois,United States,32,Eliminated Week 8,6,23.0,7.666666666666667,5.0,6
27,8,Bobby Bones,Sharna Burgess,Radio Personality,Arkansas,United States,38,1st Place,1,22.5,7.5,6.0,6
27,9,Evanna Lynch,Keo Motsepe,Actor/Actress,,Ireland,27,3rd Place,3,30.0,10.0,1.0,4
27,9,Milo Manheim,Witney Carson,Actor/Actress,California,United States,17,2nd Place,2,30.0,10.0,1.0,4
27,9,Alexis Ren,Alan Bersten,Social Media Personality,California,United States,21,4th Place,4,28.5,9.5,3.0,4
27,9,Bobby Bones,Sharna Burgess,Radio Personality,Arkansas,United States,38,1st Place,1,27.0,9.0,4.0,4
28,1,James Van Der Beek,Emma Slater,Actor/Actress,Connecticut,United States,42,Eliminated Week 10,5,21.0,7.0,1.0,12
28,1,Hannah Brown,Alan Bersten,TV Personality,Alabama,United States,24,1st Place,1,20.0,6.666666666666667,2.0,12
28,1,Lauren Alaina,Gleb Savchenko,Singer/Rapper,Georgia,United States,24,4th Place,4,19.0,6.333333333333333,3.0,12
28,1,Sailor Brinkley-Cook,Valentin Chmerkovskiy,Model,New York,United States,21,Eliminated Week 6,9,18.0,6.0,4.0,12
28,1,Karamo Brown,Jenna Johnson,TV Personality,Texas,United States,38,Eliminated Week 7,8,17.0,5.666666666666667,5.0,12
28,1,Mary Wilson,Brandon Armstrong,Singer/Rapper,Nevada,United States,75,Eliminated Week 2,12,17.0,5.666666666666667,5.0,12
28,1,Ally Brooke,Sasha Farber,Singer/Rapper,Texas,United States,26,3rd Place,3,16.0,5.333333333333333,7.0,12
28,1,Kel Mitchell,Witney Carson,Actor/Actress,Illinois,United States,41,2nd Place,2,16.0,5.333333333333333,7.0,12
28,1,Kate Flannery,Pasha Pashkov,Actor/Actress,Pennsylvania,United States,55,Eliminated Week 8,7,15.0,5.0,9.0,12
28,1,Ray Lewis,Cheryl Burke,Athlete,Florida,United States,44,Withdrew,11,15.0,5.0,9.0,12
28,1,Sean Spicer,Lindsay Arnold,Politician,New York,United States,48,Eliminated Week 9,6,12.0,4.0,11.0,12
28,1,Lamar Odom,Peta Murgatroyd,Athlete,New York,United States,39,Eliminated Week 4,10,11.0,3.6666666666666665,12.0,12
28,2,Hannah Brown,Alan Bersten,TV Personality,Alabama,United States,24,1st Place,1,24.0,8.0,1.0,12
28,2,Kate Flannery,Pasha Pashkov,Actor/Actress,Pennsylvania,United States,55,Eliminated Week 8,7,21.0,7.0,2.0,12
28,2,Ally Brooke,Sasha Farber,Singer/Rapper,Texas,United States,26,3rd Place,3,20.0,6.666666666666667,3.0,12
28,2,James Van Der Beek,Emma Slater,Actor/Actress,Connecticut,United States,42,Eliminated Week 10,5,20.0,6.666666666666667,3.0,12
28,2,Kel Mitchell,Witney Carson,Actor/Actress,Illinois,United States,41,2nd Place,2,20.0,6.666666666666667,3.0,12
28,2,Karamo Brown,Jenna Johnson,TV Personality,Texas,United States,38,Eliminated Week 7,8,19.0,6.333333333333333,6.0,12
28,2,Lauren Alaina,Gleb Savchenko,Singer/Rapper,Georgia,United States,24,4th Place,4,19.0,6.333333333333333,6.0,12
28,2,Sailor Brinkley-Cook,Valentin Chmerkovskiy,Model,New York,United States,21,Eliminated Week 6,9,18.0,6.0,8.0,12
28,2,Sean Spicer,Lindsay Arnold,Politician,New York,United States,48,Eliminated Week 9,6,16.0,5.333333333333333,9.0,12
28,2,Mary Wilson,Brandon Armstrong,Singer/Rapper,Nevada,United States,75,Eliminated Week 2,12,15.0,5.0,10.0,12
28,2,Ray Lewis,Cheryl Burke,Athlete,Florida,United States,44,Withdrew,11,15.0,5.0,10.0,12
28,2,Lamar Odom,Peta Murgatroyd,Athlete,New York,United States,39,Eliminated Week 4,10,12.0,4.0,12.0,12
28,3,Ally Brooke,Sasha Farber,Singer/Rapper,Texas,United States,26,3rd Place,3,24.0,8.0,1.0,10
28,3,Kate Flannery,Pasha Pashkov,Actor/Actress,Pennsylvania,United States,55,Eliminated Week 8,7,24.0,8.0,1.0,10
28,3,James Van Der Beek,Emma Slater,Actor/Actress,Connecticut,United States,42,Eliminated Week 10,5,23.0,7.666666666666667,3.0,10
28,3,Sailor Brinkley-Cook,Valentin Chmerkovskiy,Model,New York,United States,21,Eliminated Week 6,9,23.0,7.666666666666667,3.0,10
28,3,Hannah Brown,Alan Bersten,TV Personality,Alabama,United States,24,1st Place,1,21.0,7.0,5.0,10
28,3,Kel Mitchell,Witney Carson,Actor/Actress,Illinois,United States,41,2nd Place,2,20.0,6.666666666666667,6.0,10
28,3,Lauren Alaina,Gleb Savchenko,Singer/Rapper,Georgia,United States,24,4th Place,4,20.0,6.666666666666667,6.0,10
28,3,Karamo Brown,Jenna Johnson,TV Personality,Texas,United States,38,Eliminated Week 7,8,16.0,5.333333333333333,8.0,10
28,3,Sean Spicer,Lindsay Arnold,Politician,New York,United States,48,Eliminated Week 9,6,15.0,5.0,9.0,10
28,3,Lamar Odom,Peta Murgatroyd,Athlete,New York,United States,39,Eliminated Week 4,10,12.0,4.0,10.0,10
28,4,Ally Brooke,Sasha Farber,Singer/Rapper,Texas,United States,26,3rd Place,3,32.0,8.0,1.0,10
28,4,Hannah Brown,Alan Bersten,TV Personality,Alabama,United States,24,1st Place,1,32.0,8.0,1.0,10
28,4,Kel Mitchell,Witney Carson,Actor/Actress,Illinois,United States,41,2nd Place,2,32.0,8.0,1.0,10
28,4,Lauren Alaina,Gleb Savchenko,Singer/Rapper,Georgia,United States,24,4th Place,4,32.0,8.0,1.0,10
28,4,Sailor Brinkley-Cook,Valentin Chmerkovskiy,Model,New York,United States,21,Eliminated Week 6,9,31.0,7.75,5.0,10
28,4,James Van Der Beek,Emma Slater,Actor/Actress,Connecticut,United States,42,Eliminated Week 10,5,28.0,7.0,6.0,10
28,4,Karamo Brown,Jenna Johnson,TV Personality,Texas,United States,38,Eliminated Week 7,8,28.0,7.0,6.0,10
28,4,Kate Flannery,Pasha Pashkov,Actor/Actress,Pennsylvania,United States,55,Eliminated Week 8,7,26.0,6.5,8.0,10
28,4,Sean Spicer,Lindsay Arnold,Politician,New York,United States,48,Eliminated Week 9,6,21.0,5.25,9.0,10
28,4,Lamar Odom,Peta Murgatroyd,Athlete,New York,United States,39,Eliminated Week 4,10,20.0,5.0,10.0,10
28,5,Ally Brooke,Sasha Farber,Singer/Rapper,Texas,United States,26,3rd Place,3,27.0,9.0,1.0,9
28,5,James Van Der Beek,Emma Slater,Actor/Actress,Connecticut,United States,42,Eliminated Week 10,5,26.0,8.666666666666666,2.0,9
28,5,Kel Mitchell,Witney Carson,Actor/Actress,Illinois,United States,41,2nd Place,2,26.0,8.666666666666666,2.0,9
28,5,Hannah Brown,Alan Bersten,TV Personality,Alabama,United States,24,1st Place,1,25.0,8.333333333333334,4.0,9
28,5,Kate Flannery,Pasha Pashkov,Actor/Actress,Pennsylvania,United States,55,Eliminated Week 8,7,24.0,8.0,5.0,9
28,5,Sailor Brinkley-Cook,Valentin Chmerkovskiy,Model,New York,United States,21,Eliminated Week 6,9,24.0,8.0,5.0,9
28,5,Lauren Alaina,Gleb Savchenko,Singer/Rapper,Georgia,United States,24,4th Place,4,23.0,7.666666666666667,7.0,9
28,5,Karamo Brown,Jenna Johnson,TV Personality,Texas,United States,38,Eliminated Week 7,8,21.0,7.0,8.0,9
28,5,Sean Spicer,Lindsay Arnold,Politician,New York,United States,48,Eliminated Week 9,6,19.0,6.333333333333333,9.0,9
28,6,James Van Der Beek,Emma Slater,Actor/Actress,Connecticut,United States,42,Eliminated Week 10,5,27.0,9.0,1.0,9
28,6,Kate Flannery,Pasha Pashkov,Actor/Actress,Pennsylvania,United States,55,Eliminated Week 8,7,27.0,9.0,1.0,9
28,6,Sailor Brinkley-Cook,Valentin Chmerkovskiy,Model,New York,United States,21,Eliminated Week 6,9,27.0,9.0,1.0,9
28,6,Kel Mitchell,Witney Carson,Actor/Actress,Illinois,United States,41,2nd Place,2,26.0,8.666666666666666,4.0,9
28,6,Lauren Alaina,Gleb Savchenko,Singer/Rapper,Georgia,United States,24,4th Place,4,26.0,8.666666666666666,4.0,9
28,6,Ally Brooke,Sasha Farber,Singer/Rapper,Texas,United States,26,3rd Place,3,25.0,8.333333333333334,6.0,9
28,6,Karamo Brown,Jenna Johnson,TV Personality,Texas,United States,38,Eliminated Week 7,8,25.0,8.333333333333334,6.0,9
28,6,Hannah Brown,Alan Bersten,TV Personality,Alabama,United States,24,1st Place,1,24.0,8.0,8.0,9
28,6,Sean Spicer,Lindsay Arnold,Politician,New York,United States,48,Eliminated Week 9,6,21.0,7.0,9.0,9
28,7,Ally Brooke,Sasha Farber,Singer/Rapper,Texas,United States,26,3rd Place,3,27.0,9.0,1.0,8
28,7,James Van Der Beek,Emma Slater,Actor/Actress,Connecticut,United States,42,Eliminated Week 10,5,27.0,9.0,1.0,8
28,7,Lauren Alaina,Gleb Savchenko,Singer/Rapper,Georgia,United States,24,4th Place,4,27.0,9.0,1.0,8
28,7,Hannah Brown,Alan Bersten,TV Personality,Alabama,United States,24,1st Place,1,26.0,8.666666666666666,4.0,8
28,7,Kel Mitchell,Witney Carson,Actor/Actress,Illinois,United States,41,2nd Place,2,25.5,8.5,5.0,8
28,7,Karamo Brown,Jenna Johnson,TV Personality,Texas,United States,38,Eliminated Week 7,8,24.5,8.166666666666666,6.0,8
28,7,Kate Flannery,Pasha Pashkov,Actor/Actress,Pennsylvania,United States,55,Eliminated Week 8,7,24.0,8.0,7.0,8
28,7,Sean Spicer,Lindsay Arnold,Politician,New York,United States,48,Eliminated Week 9,6,21.0,7.0,8.0,8
28,8,James Van Der Beek,Emma Slater,Actor/Actress,Connecticut,United States,42,Eliminated Week 10,5,31.9998,10.6666,1.0,7
28,8,Hannah Brown,Alan Bersten,TV Personality,Alabama,United States,24,1st Place,1,30.9998,10.333266666666667,2.0,7
28,8,Ally Brooke,Sasha Farber,Singer/Rapper,Texas,United States,26,3rd Place,3,30.0,10.0,3.0,7
28,8,Kel Mitchell,Witney Carson,Actor/Actress,Illinois,United States,41,2nd Place,2,29.9998,9.999933333333333,4.0,7
28,8,Kate Flannery,Pasha Pashkov,Actor/Actress,Pennsylvania,United States,55,Eliminated Week 8,7,25.9998,8.6666,5.0,7
28,8,Lauren Alaina,Gleb Savchenko,Singer/Rapper,Georgia,United States,24,4th Place,4,24.0,8.0,6.0,7
28,8,Sean Spicer,Lindsay Arnold,Politician,New York,United States,48,Eliminated Week 9,6,20.0,6.666666666666667,7.0,7
28,9,Ally Brooke,Sasha Farber,Singer/Rapper,Texas,United States,26,3rd Place,3,40.0,10.0,1.0,6
28,9,Kel Mitchell,Witney Carson,Actor/Actress,Illinois,United States,41,2nd Place,2,37.0,9.25,2.0,6
28,9,James Van Der Beek,Emma Slater,Actor/Actress,Connecticut,United States,42,Eliminated Week 10,5,36.0,9.0,3.0,6
28,9,Hannah Brown,Alan Bersten,TV Personality,Alabama,United States,24,1st Place,1,35.5,8.875,4.0,6
28,9,Lauren Alaina,Gleb Savchenko,Singer/Rapper,Georgia,United States,24,4th Place,4,35.0,8.75,5.0,6
28,9,Sean Spicer,Lindsay Arnold,Politician,New York,United States,48,Eliminated Week 9,6,25.0,6.25,6.0,6
28,10,Ally Brooke,Sasha Farber,Singer/Rapper,Texas,United States,26,3rd Place,3,29.5,9.833333333333334,1.0,5
28,10,Kel Mitchell,Witney Carson,Actor/Actress,Illinois,United States,41,2nd Place,2,28.5,9.5,2.0,5
28,10,Hannah Brown,Alan Bersten,TV Personality,Alabama,United States,24,1st Place,1,27.0,9.0,3.0,5
28,10,Lauren Alaina,Gleb Savchenko,Singer/Rapper,Georgia,United States,24,4th Place,4,27.0,9.0,3.0,5
28,10,James Van Der Beek,Emma Slater,Actor/Actress,Connecticut,United States,42,Eliminated Week 10,5,25.5,8.5,5.0,5
28,11,Ally Brooke,Sasha Farber,Singer/Rapper,Texas,United States,26,3rd Place,3,30.0,10.0,1.0,4
28,11,Kel Mitchell,Witney Carson,Actor/Actress,Illinois,United States,41,2nd Place,2,29.5,9.833333333333334,2.0,4
28,11,Hannah Brown,Alan Bersten,TV Personality,Alabama,United States,24,1st Place,1,29.0,9.666666666666666,3.0,4
28,11,Lauren Alaina,Gleb Savchenko,Singer/Rapper,Georgia,United States,24,4th Place,4,28.5,9.5,4.0,4
29,1,Justina Machado,Sasha Farber,Actor/Actress,Illinois,United States,48,4th Place,4,21.0,7.0,1.0,15
29,1,Skai Jackson,Alan Bersten,Actor/Actress,New York,United States,18,Eliminated Week 10,5,21.0,7.0,1.0,15
29,1,Kaitlyn Bristowe,Artem Chigvintsev,TV Personality,,Canada,35,1st Place,1,20.0,6.666666666666667,3.0,15
29,1,Nev Schulman,Jenna Johnson,Producer,New York,United States,35,2nd Place,2,20.0,6.666666666666667,3.0,15
29,1,Monica Aldama,Valentin Chmerkovskiy,TV Personality,Alabama,United States,48,Eliminated Week 7,10,19.0,6.333333333333333,5.0,15
29,1,AJ McLean,Cheryl Burke,Singer/Rapper,Florida,United States,42,Eliminated Week 9,7,18.0,6.0,6.0,15
29,1,Anne Heche,Keo Motsepe,Actor/Actress,Ohio,United States,51,Eliminated Week 4,13,18.0,6.0,6.0,15
29,1,Jeannie Mai,Brandon Armstrong,TV Personality,California,United States,41,Withdrew,9,18.0,6.0,6.0,15
29,1,Jesse Metcalfe,Sharna Burgess,Actor/Actress,California,United States,41,Eliminated Week 5,12,18.0,6.0,6.0,15
29,1,Johnny Weir,Britt Stewart,Athlete,Pennsylvania,United States,36,Eliminated Week 10,6,18.0,6.0,6.0,15
29,1,Veron Davis,Peta Murgatroyd,Athlete,Washington D.C.,United States,36,Eliminated Week 6,11,17.0,5.666666666666667,11.0,15
29,1,Nelly,Daniella Karagach,Singer/Rapper,Texas,United States,45,3rd Place,3,16.0,5.333333333333333,12.0,15
29,1,Chrishell Stause,Gleb Savchenko,Actor/Actress,Kentucky,United States,39,Eliminated Week 8,8,13.0,4.333333333333333,13.0,15
29,1,Charles Oakley,Emma Slater,Athlete,Ohio,United States,56,Eliminated Week 2,15,12.0,4.0,14.0,15
29,1,Carole Baskin,Pasha Pashkov,TV Personality,Texas,United States,59,Eliminated Week 3,14,11.0,3.6666666666666665,15.0,15
29,2,Kaitlyn Bristowe,Artem Chigvintsev,TV Personality,,Canada,35,1st Place,1,22.0,7.333333333333333,1.0,15
29,2,Justina Machado,Sasha Farber,Actor/Actress,Illinois,United States,48,4th Place,4,21.0,7.0,2.0,15
29,2,Nev Schulman,Jenna Johnson,Producer,New York,United States,35,2nd Place,2,21.0,7.0,2.0,15
29,2,Jesse Metcalfe,Sharna Burgess,Actor/Actress,California,United States,41,Eliminated Week 5,12,20.0,6.666666666666667,4.0,15
29,2,AJ McLean,Cheryl Burke,Singer/Rapper,Florida,United States,42,Eliminated Week 9,7,19.0,6.333333333333333,5.0,15
29,2,Anne Heche,Keo Motsepe,Actor/Actress,Ohio,United States,51,Eliminated Week 4,13,18.0,6.0,6.0,15
29,2,Chrishell Stause,Gleb Savchenko,Actor/Actress,Kentucky,United States,39,Eliminated Week 8,8,18.0,6.0,6.0,15
29,2,Jeannie Mai,Brandon Armstrong,TV Personality,California,United States,41,Withdrew,9,18.0,6.0,6.0,15
29,2,Johnny Weir,Britt Stewart,Athlete,Pennsylvania,United States,36,Eliminated Week 10,6,18.0,6.0,6.0,15
29,2,Nelly,Daniella Karagach,Singer/Rapper,Texas,United States,45,3rd Place,3,18.0,6.0,6.0,15
29,2,Veron Davis,Peta Murgatroyd,Athlete,Washington D.C.,United States,36,Eliminated Week 6,11,18.0,6.0,6.0,15
29,2,Carole Baskin,Pasha Pashkov,TV Personality,Texas,United States,59,Eliminated Week 3,14,16.0,5.333333333333333,12.0,15
29,2,Monica Aldama,Valentin Chmerkovskiy,TV Personality,Alabama,United States,48,Eliminated Week 7,10,16.0,5.333333333333333,12.0,15
29,2,Charles Oakley,Emma Slater,Athlete,Ohio,United States,56,Eliminated Week 2,15,15.0,5.0,14.0,15
29,2,Skai Jackson,Alan Bersten,Actor/Actress,New York,United States,18,Eliminated Week 10,5,15.0,5.0,14.0,15
29,3,Johnny Weir,Britt Stewart,Athlete,Pennsylvania,United States,36,Eliminated Week 10,6,24.0,8.0,1.0,14
29,3,Nev Schulman,Jenna Johnson,Producer,New York,United States,35,2nd Place,2,24.0,8.0,1.0,14
29,3,Kaitlyn Bristowe,Artem Chigvintsev,TV Personality,,Canada,35,1st Place,1,23.0,7.666666666666667,3.0,14
29,3,Chrishell Stause,Gleb Savchenko,Actor/Actress,Kentucky,United States,39,Eliminated Week 8,8,22.0,7.333333333333333,4.0,14
29,3,Jeannie Mai,Brandon Armstrong,TV Personality,California,United States,41,Withdrew,9,22.0,7.333333333333333,4.0,14
29,3,Veron Davis,Peta Murgatroyd,Athlete,Washington D.C.,United States,36,Eliminated Week 6,11,22.0,7.333333333333333,4.0,14
29,3,AJ McLean,Cheryl Burke,Singer/Rapper,Florida,United States,42,Eliminated Week 9,7,21.0,7.0,7.0,14
29,3,Monica Aldama,Valentin Chmerkovskiy,TV Personality,Alabama,United States,48,Eliminated Week 7,10,21.0,7.0,7.0,14
29,3,Jesse Metcalfe,Sharna Burgess,Actor/Actress,California,United States,41,Eliminated Week 5,12,20.0,6.666666666666667,9.0,14
29,3,Justina Machado,Sasha Farber,Actor/Actress,Illinois,United States,48,4th Place,4,19.0,6.333333333333333,10.0,14
29,3,Nelly,Daniella Karagach,Singer/Rapper,Texas,United States,45,3rd Place,3,18.0,6.0,11.0,14
29,3,Skai Jackson,Alan Bersten,Actor/Actress,New York,United States,18,Eliminated Week 10,5,18.0,6.0,11.0,14
29,3,Anne Heche,Keo Motsepe,Actor/Actress,Ohio,United States,51,Eliminated Week 4,13,15.0,5.0,13.0,14
29,3,Carole Baskin,Pasha Pashkov,TV Personality,Texas,United States,59,Eliminated Week 3,14,12.0,4.0,14.0,14
29,4,Skai Jackson,Alan Bersten,Actor/Actress,New York,United States,18,Eliminated Week 10,5,28.0,9.333333333333334,1.0,13
29,4,Kaitlyn Bristowe,Artem Chigvintsev,TV Personality,,Canada,35,1st Place,1,25.0,8.333333333333334,2.0,13
29,4,AJ McLean,Cheryl Burke,Singer/Rapper,Florida,United States,42,Eliminated Week 9,7,24.0,8.0,3.0,13
29,4,Johnny Weir,Britt Stewart,Athlete,Pennsylvania,United States,36,Eliminated Week 10,6,24.0,8.0,3.0,13
29,4,Justina Machado,Sasha Farber,Actor/Actress,Illinois,United States,48,4th Place,4,24.0,8.0,3.0,13
29,4,Monica Aldama,Valentin Chmerkovskiy,TV Personality,Alabama,United States,48,Eliminated Week 7,10,24.0,8.0,3.0,13
29,4,Nev Schulman,Jenna Johnson,Producer,New York,United States,35,2nd Place,2,24.0,8.0,3.0,13
29,4,Chrishell Stause,Gleb Savchenko,Actor/Actress,Kentucky,United States,39,Eliminated Week 8,8,22.0,7.333333333333333,8.0,13
29,4,Veron Davis,Peta Murgatroyd,Athlete,Washington D.C.,United States,36,Eliminated Week 6,11,22.0,7.333333333333333,8.0,13
29,4,Anne Heche,Keo Motsepe,Actor/Actress,Ohio,United States,51,Eliminated Week 4,13,21.0,7.0,10.0,13
29,4,Jeannie Mai,Brandon Armstrong,TV Personality,California,United States,41,Withdrew,9,21.0,7.0,10.0,13
29,4,Jesse Metcalfe,Sharna Burgess,Actor/Actress,California,United States,41,Eliminated Week 5,12,21.0,7.0,10.0,13
29,4,Nelly,Daniella Karagach,Singer/Rapper,Texas,United States,45,3rd Place,3,21.0,7.0,10.0,13
29,5,Johnny Weir,Britt Stewart,Athlete,Pennsylvania,United States,36,Eliminated Week 10,6,29.0,9.666666666666666,1.0,12
29,5,Kaitlyn Bristowe,Artem Chigvintsev,TV Personality,,Canada,35,1st Place,1,27.0,9.0,2.0,12
29,5,Monica Aldama,Valentin Chmerkovskiy,TV Personality,Alabama,United States,48,Eliminated Week 7,10,26.0,8.666666666666666,3.0,12
29,5,Nev Schulman,Jenna Johnson,Producer,New York,United States,35,2nd Place,2,26.0,8.666666666666666,3.0,12
29,5,AJ McLean,Cheryl Burke,Singer/Rapper,Florida,United States,42,Eliminated Week 9,7,24.0,8.0,5.0,12
29,5,Jeannie Mai,Brandon Armstrong,TV Personality,California,United States,41,Withdrew,9,24.0,8.0,5.0,12
29,5,Justina Machado,Sasha Farber,Actor/Actress,Illinois,United States,48,4th Place,4,24.0,8.0,5.0,12
29,5,Nelly,Daniella Karagach,Singer/Rapper,Texas,United States,45,3rd Place,3,24.0,8.0,5.0,12
29,5,Skai Jackson,Alan Bersten,Actor/Actress,New York,United States,18,Eliminated Week 10,5,24.0,8.0,5.0,12
29,5,Veron Davis,Peta Murgatroyd,Athlete,Washington D.C.,United States,36,Eliminated Week 6,11,21.0,7.0,10.0,12
29,5,Chrishell Stause,Gleb Savchenko,Actor/Actress,Kentucky,United States,39,Eliminated Week 8,8,19.0,6.333333333333333,11.0,12
29,5,Jesse Metcalfe,Sharna Burgess,Actor/Actress,California,United States,41,Eliminated Week 5,12,19.0,6.333333333333333,11.0,12
29,6,AJ McLean,Cheryl Burke,Singer/Rapper,Florida,United States,42,Eliminated Week 9,7,27.0,9.0,1.0,11
29,6,Justina Machado,Sasha Farber,Actor/Actress,Illinois,United States,48,4th Place,4,27.0,9.0,1.0,11
29,6,Kaitlyn Bristowe,Artem Chigvintsev,TV Personality,,Canada,35,1st Place,1,27.0,9.0,1.0,11
29,6,Monica Aldama,Valentin Chmerkovskiy,TV Personality,Alabama,United States,48,Eliminated Week 7,10,27.0,9.0,1.0,11
29,6,Nev Schulman,Jenna Johnson,Producer,New York,United States,35,2nd Place,2,26.0,8.666666666666666,5.0,11
29,6,Jeannie Mai,Brandon Armstrong,TV Personality,California,United States,41,Withdrew,9,25.0,8.333333333333334,6.0,11
29,6,Chrishell Stause,Gleb Savchenko,Actor/Actress,Kentucky,United States,39,Eliminated Week 8,8,24.0,8.0,7.0,11
29,6,Nelly,Daniella Karagach,Singer/Rapper,Texas,United States,45,3rd Place,3,24.0,8.0,7.0,11
29,6,Johnny Weir,Britt Stewart,Athlete,Pennsylvania,United States,36,Eliminated Week 10,6,22.0,7.333333333333333,9.0,11
29,6,Veron Davis,Peta Murgatroyd,Athlete,Washington D.C.,United States,36,Eliminated Week 6,11,21.0,7.0,10.0,11
29,6,Skai Jackson,Alan Bersten,Actor/Actress,New York,United States,18,Eliminated Week 10,5,18.0,6.0,11.0,11
29,7,Nev Schulman,Jenna Johnson,Producer,New York,United States,35,2nd Place,2,30.0,10.0,1.0,10
29,7,Johnny Weir,Britt Stewart,Athlete,Pennsylvania,United States,36,Eliminated Week 10,6,27.0,9.0,2.0,10
29,7,Nelly,Daniella Karagach,Singer/Rapper,Texas,United States,45,3rd Place,3,27.0,9.0,2.0,10
29,7,Skai Jackson,Alan Bersten,Actor/Actress,New York,United States,18,Eliminated Week 10,5,27.0,9.0,2.0,10
29,7,AJ McLean,Cheryl Burke,Singer/Rapper,Florida,United States,42,Eliminated Week 9,7,26.0,8.666666666666666,5.0,10
29,7,Chrishell Stause,Gleb Savchenko,Actor/Actress,Kentucky,United States,39,Eliminated Week 8,8,26.0,8.666666666666666,5.0,10
29,7,Justina Machado,Sasha Farber,Actor/Actress,Illinois,United States,48,4th Place,4,26.0,8.666666666666666,5.0,10
29,7,Jeannie Mai,Brandon Armstrong,TV Personality,California,United States,41,Withdrew,9,25.0,8.333333333333334,8.0,10
29,7,Kaitlyn Bristowe,Artem Chigvintsev,TV Personality,,Canada,35,1st Place,1,24.0,8.0,9.0,10
29,7,Monica Aldama,Valentin Chmerkovskiy,TV Personality,Alabama,United States,48,Eliminated Week 7,10,22.0,7.333333333333333,10.0,10
29,8,Johnny Weir,Britt Stewart,Athlete,Pennsylvania,United States,36,Eliminated Week 10,6,30.0,10.0,1.0,8
29,8,Nev Schulman,Jenna Johnson,Producer,New York,United States,35,2nd Place,2,30.0,10.0,1.0,8
29,8,Justina Machado,Sasha Farber,Actor/Actress,Illinois,United States,48,4th Place,4,28.9998,9.6666,3.0,8
29,8,Kaitlyn Bristowe,Artem Chigvintsev,TV Personality,,Canada,35,1st Place,1,28.0,9.333333333333334,4.0,8
29,8,AJ McLean,Cheryl Burke,Singer/Rapper,Florida,United States,42,Eliminated Week 9,7,27.0,9.0,5.0,8
29,8,Chrishell Stause,Gleb Savchenko,Actor/Actress,Kentucky,United States,39,Eliminated Week 8,8,27.0,9.0,5.0,8
29,8,Skai Jackson,Alan Bersten,Actor/Actress,New York,United States,18,Eliminated Week 10,5,26.9998,8.999933333333333,7.0,8
29,8,Nelly,Daniella Karagach,Singer/Rapper,Texas,United States,45,3rd Place,3,24.0,8.0,8.0,8
29,9,Johnny Weir,Britt Stewart,Athlete,Pennsylvania,United States,36,Eliminated Week 10,6,30.0,10.0,1.0,7
29,9,Kaitlyn Bristowe,Artem Chigvintsev,TV Personality,,Canada,35,1st Place,1,30.0,10.0,1.0,7
29,9,Nev Schulman,Jenna Johnson,Producer,New York,United States,35,2nd Place,2,28.9998,9.6666,3.0,7
29,9,Skai Jackson,Alan Bersten,Actor/Actress,New York,United States,18,Eliminated Week 10,5,28.9998,9.6666,3.0,7
29,9,Justina Machado,Sasha Farber,Actor/Actress,Illinois,United States,48,4th Place,4,25.9998,8.6666,5.0,7
29,9,AJ McLean,Cheryl Burke,Singer/Rapper,Florida,United States,42,Eliminated Week 9,7,24.9998,8.333266666666667,6.0,7
29,9,Nelly,Daniella Karagach,Singer/Rapper,Texas,United States,45,3rd Place,3,24.0,8.0,7.0,7
29,10,Kaitlyn Bristowe,Artem Chigvintsev,TV Personality,,Canada,35,1st Place,1,30.0,10.0,1.0,6
29,10,Nev Schulman,Jenna Johnson,Producer,New York,United States,35,2nd Place,2,30.0,10.0,1.0,6
29,10,Justina Machado,Sasha Farber,Actor/Actress,Illinois,United States,48,4th Place,4,29.0,9.666666666666666,3.0,6
29,10,Johnny Weir,Britt Stewart,Athlete,Pennsylvania,United States,36,Eliminated Week 10,6,28.5,9.5,4.0,6
29,10,Skai Jackson,Alan Bersten,Actor/Actress,New York,United States,18,Eliminated Week 10,5,28.5,9.5,4.0,6
29,10,Nelly,Daniella Karagach,Singer/Rapper,Texas,United States,45,3rd Place,3,28.0,9.333333333333334,6.0,6
29,11,Justina Machado,Sasha Farber,Actor/Actress,Illinois,United States,48,4th Place,4,30.0,10.0,1.0,4
29,11,Kaitlyn Bristowe,Artem Chigvintsev,TV Personality,,Canada,35,1st Place,1,30.0,10.0,1.0,4
29,11,Nev Schulman,Jenna Johnson,Producer,New York,United States,35,2nd Place,2,30.0,10.0,1.0,4
29,11,Nelly,Daniella Karagach,Singer/Rapper,Texas,United States,45,3rd Place,3,28.5,9.5,4.0,4
30,1,JoJo Siwa,Jenna Johnson,Social Media Personality,Nebraska,United States,18,2nd Place,2,29.0,7.25,1.0,15
30,1,Amanda Kloots,Alan Bersten,TV Personality,Ohio,United States,39,4th Place,4,28.0,7.0,2.0,15
30,1,Suni Lee,Sasha Farber,Athlete,Minnesota,United States,18,Eliminated Week 9,5,28.0,7.0,2.0,15
30,1,Melanie C,Gleb Savchenko,Singer/Rapper,,England,47,Eliminated Week 5,11,27.0,6.75,4.0,15
30,1,Kenya Moore,Brandon Armstrong,TV Personality,Michigan,United States,50,Eliminated Week 6,10,26.0,6.5,5.0,15
30,1,Melora Hardin,Artem Chigvintsev,Actor/Actress,Texas,United States,54,Eliminated Week 9,6,26.0,6.5,5.0,15
30,1,Christine Chiu,Pasha Pashkov,TV Personality,,Taiwan China,38,Eliminated Week 3,14,25.0,6.25,7.0,15
30,1,Olivia Jade,Valentin Chmerkovskiy,Social Media Personality,California,United States,21,Eliminated Week 8,8,25.0,6.25,7.0,15
30,1,Brian Austin Green,Sharna Burgess,Actor/Actress,California,United States,48,Eliminated Week 4,13,24.0,6.0,9.0,15
30,1,Cody Rigsby,Cheryl Burke,Fitness Instructor,California,United States,34,3rd Place,3,24.0,6.0,9.0,15
30,1,Matt James,Lindsay Arnold,Athlete,North Carolina,United States,29,Eliminated Week 4,12,24.0,6.0,9.0,15
30,1,"Mike ""The Miz"" Mizanin",Witney Carson,Athlete,Ohio,United States,40,Eliminated Week 7,9,24.0,6.0,9.0,15
30,1,Jimmie Allen,Emma Slater,Singer/Rapper,Delaware,United States,36,Eliminated Week 8,7,22.0,5.5,13.0,15
30,1,Iman Shumpert,Daniella Karagach,Athlete,Illinois,United States,31,1st Place,1,21.0,5.25,14.0,15
30,1,Martin Kove,Britt Stewart,Actor/Actress,New York,United States,75,Eliminated Week 2,15,13.0,3.25,15.0,15
30,2,Amanda Kloots,Alan Bersten,TV Personality,Ohio,United States,39,4th Place,4,32.0,8.0,1.0,15
30,2,JoJo Siwa,Jenna Johnson,Social Media Personality,Nebraska,United States,18,2nd Place,2,31.0,7.75,2.0,15
30,2,Melanie C,Gleb Savchenko,Singer/Rapper,,England,47,Eliminated Week 5,11,30.0,7.5,3.0,15
30,2,Suni Lee,Sasha Farber,Athlete,Minnesota,United States,18,Eliminated Week 9,5,28.0,7.0,4.0,15
30,2,Jimmie Allen,Emma Slater,Singer/Rapper,Delaware,United States,36,Eliminated Week 8,7,27.0,6.75,5.0,15
30,2,Melora Hardin,Artem Chigvintsev,Actor/Actress,Texas,United States,54,Eliminated Week 9,6,27.0,6.75,5.0,15
30,2,Olivia Jade,Valentin Chmerkovskiy,Social Media Personality,California,United States,21,Eliminated Week 8,8,27.0,6.75,5.0,15
30,2,"Mike ""The Miz"" Mizanin",Witney Carson,Athlete,Ohio,United States,40,Eliminated Week 7,9,26.0,6.5,8.0,15
30,2,Iman Shumpert,Daniella Karagach,Athlete,Illinois,United States,31,1st Place,1,25.0,6.25,9.0,15
30,2,Christine Chiu,Pasha Pashkov,TV Personality,,Taiwan China,38,Eliminated Week 3,14,24.0,6.0,10.0,15
30,2,Cody Rigsby,Cheryl Burke,Fitness Instructor,California,United States,34,3rd Place,3,24.0,6.0,10.0,15
30,2,Kenya Moore,Brandon Armstrong,TV Personality,Michigan,United States,50,Eliminated Week 6,10,24.0,6.0,10.0,15
30,2,Brian Austin Green,Sharna Burgess,Actor/Actress,California,United States,48,Eliminated Week 4,13,23.0,5.75,13.0,15
30,2,Matt James,Lindsay Arnold,Athlete,North Carolina,United States,29,Eliminated Week 4,12,22.0,5.5,14.0,15
30,2,Martin Kove,Britt Stewart,Actor/Actress,New York,United States,75,Eliminated Week 2,15,15.0,3.75,15.0,15
30,3,Amanda Kloots,Alan Bersten,TV Personality,Ohio,United States,39,4th Place,4,24.0,8.0,1.0,14
30,3,JoJo Siwa,Jenna Johnson,Social Media Personality,Nebraska,United States,18,2nd Place,2,24.0,8.0,1.0,14
30,3,Olivia Jade,Valentin Chmerkovskiy,Social Media Personality,California,United States,21,Eliminated Week 8,8,24.0,8.0,1.0,14
30,3,Melora Hardin,Artem Chigvintsev,Actor/Actress,Texas,United States,54,Eliminated Week 9,6,23.0,7.666666666666667,4.0,14
30,3,Melanie C,Gleb Savchenko,Singer/Rapper,,England,47,Eliminated Week 5,11,22.0,7.333333333333333,5.0,14
30,3,"Mike ""The Miz"" Mizanin",Witney Carson,Athlete,Ohio,United States,40,Eliminated Week 7,9,22.0,7.333333333333333,5.0,14
30,3,Christine Chiu,Pasha Pashkov,TV Personality,,Taiwan China,38,Eliminated Week 3,14,21.0,7.0,7.0,14
30,3,Kenya Moore,Brandon Armstrong,TV Personality,Michigan,United States,50,Eliminated Week 6,10,21.0,7.0,7.0,14
30,3,Suni Lee,Sasha Farber,Athlete,Minnesota,United States,18,Eliminated Week 9,5,21.0,7.0,7.0,14
30,3,Jimmie Allen,Emma Slater,Singer/Rapper,Delaware,United States,36,Eliminated Week 8,7,20.0,6.666666666666667,10.0,14
30,3,Matt James,Lindsay Arnold,Athlete,North Carolina,United States,29,Eliminated Week 4,12,20.0,6.666666666666667,10.0,14
30,3,Brian Austin Green,Sharna Burgess,Actor/Actress,California,United States,48,Eliminated Week 4,13,19.0,6.333333333333333,12.0,14
30,3,Iman Shumpert,Daniella Karagach,Athlete,Illinois,United States,31,1st Place,1,19.0,6.333333333333333,12.0,14
30,3,Cody Rigsby,Cheryl Burke,Fitness Instructor,California,United States,34,3rd Place,3,18.0,6.0,14.0,14
30,4,Melora Hardin,Artem Chigvintsev,Actor/Actress,Texas,United States,54,Eliminated Week 9,6,36.5,9.125,1.0,13
30,4,JoJo Siwa,Jenna Johnson,Social Media Personality,Nebraska,United States,18,2nd Place,2,35.0,8.75,2.0,13
30,4,Olivia Jade,Valentin Chmerkovskiy,Social Media Personality,California,United States,21,Eliminated Week 8,8,35.0,8.75,2.0,13
30,4,Amanda Kloots,Alan Bersten,TV Personality,Ohio,United States,39,4th Place,4,34.0,8.5,4.0,13
30,4,Suni Lee,Sasha Farber,Athlete,Minnesota,United States,18,Eliminated Week 9,5,34.0,8.5,4.0,13
30,4,Melanie C,Gleb Savchenko,Singer/Rapper,,England,47,Eliminated Week 5,11,33.0,8.25,6.0,13
30,4,Jimmie Allen,Emma Slater,Singer/Rapper,Delaware,United States,36,Eliminated Week 8,7,32.5,8.125,7.0,13
30,4,"Mike ""The Miz"" Mizanin",Witney Carson,Athlete,Ohio,United States,40,Eliminated Week 7,9,32.5,8.125,7.0,13
30,4,Iman Shumpert,Daniella Karagach,Athlete,Illinois,United States,31,1st Place,1,31.5,7.875,9.0,13
30,4,Kenya Moore,Brandon Armstrong,TV Personality,Michigan,United States,50,Eliminated Week 6,10,29.5,7.375,10.0,13
30,4,Cody Rigsby,Cheryl Burke,Fitness Instructor,California,United States,34,3rd Place,3,29.0,7.25,11.0,13
30,4,Matt James,Lindsay Arnold,Athlete,North Carolina,United States,29,Eliminated Week 4,12,28.5,7.125,12.0,13
30,4,Brian Austin Green,Sharna Burgess,Actor/Actress,California,United States,48,Eliminated Week 4,13,26.0,6.5,13.0,13
30,5,JoJo Siwa,Jenna Johnson,Social Media Personality,Nebraska,United States,18,2nd Place,2,40.0,10.0,1.0,11
30,5,Amanda Kloots,Alan Bersten,TV Personality,Ohio,United States,39,4th Place,4,39.0,9.75,2.0,11
30,5,Kenya Moore,Brandon Armstrong,TV Personality,Michigan,United States,50,Eliminated Week 6,10,36.0,9.0,3.0,11
30,5,Melanie C,Gleb Savchenko,Singer/Rapper,,England,47,Eliminated Week 5,11,36.0,9.0,3.0,11
30,5,Melora Hardin,Artem Chigvintsev,Actor/Actress,Texas,United States,54,Eliminated Week 9,6,36.0,9.0,3.0,11
30,5,Olivia Jade,Valentin Chmerkovskiy,Social Media Personality,California,United States,21,Eliminated Week 8,8,36.0,9.0,3.0,11
30,5,Suni Lee,Sasha Farber,Athlete,Minnesota,United States,18,Eliminated Week 9,5,36.0,9.0,3.0,11
30,5,Jimmie Allen,Emma Slater,Singer/Rapper,Delaware,United States,36,Eliminated Week 8,7,34.0,8.5,8.0,11
30,5,Cody Rigsby,Cheryl Burke,Fitness Instructor,California,United States,34,3rd Place,3,32.0,8.0,9.0,11
30,5,"Mike ""The Miz"" Mizanin",Witney Carson,Athlete,Ohio,United States,40,Eliminated Week 7,9,32.0,8.0,9.0,11
30,5,Iman Shumpert,Daniella Karagach,Athlete,Illinois,United States,31,1st Place,1,28.0,7.0,11.0,11
30,6,Iman Shumpert,Daniella Karagach,Athlete,Illinois,United States,31,1st Place,1,40.0,10.0,1.0,10
30,6,JoJo Siwa,Jenna Johnson,Social Media Personality,Nebraska,United States,18,2nd Place,2,40.0,10.0,1.0,10
30,6,Amanda Kloots,Alan Bersten,TV Personality,Ohio,United States,39,4th Place,4,38.0,9.5,3.0,10
30,6,Jimmie Allen,Emma Slater,Singer/Rapper,Delaware,United States,36,Eliminated Week 8,7,38.0,9.5,3.0,10
30,6,Cody Rigsby,Cheryl Burke,Fitness Instructor,California,United States,34,3rd Place,3,36.0,9.0,5.0,10
30,6,Olivia Jade,Valentin Chmerkovskiy,Social Media Personality,California,United States,21,Eliminated Week 8,8,36.0,9.0,5.0,10
30,6,Suni Lee,Sasha Farber,Athlete,Minnesota,United States,18,Eliminated Week 9,5,36.0,9.0,5.0,10
30,6,Melora Hardin,Artem Chigvintsev,Actor/Actress,Texas,United States,54,Eliminated Week 9,6,34.0,8.5,8.0,10
30,6,"Mike ""The Miz"" Mizanin",Witney Carson,Athlete,Ohio,United States,40,Eliminated Week 7,9,34.0,8.5,8.0,10
30,6,Kenya Moore,Brandon Armstrong,TV Personality,Michigan,United States,50,Eliminated Week 6,10,32.0,8.0,10.0,10
30,7,Olivia Jade,Valentin Chmerkovskiy,Social Media Personality,California,United States,21,Eliminated Week 8,8,42.0,10.5,1.0,9
30,7,JoJo Siwa,Jenna Johnson,Social Media Personality,Nebraska,United States,18,2nd Place,2,39.0,9.75,2.0,9
30,7,Jimmie Allen,Emma Slater,Singer/Rapper,Delaware,United States,36,Eliminated Week 8,7,38.0,9.5,3.0,9
30,7,Melora Hardin,Artem Chigvintsev,Actor/Actress,Texas,United States,54,Eliminated Week 9,6,38.0,9.5,3.0,9
30,7,Cody Rigsby,Cheryl Burke,Fitness Instructor,California,United States,34,3rd Place,3,36.0,9.0,5.0,9
30,7,Amanda Kloots,Alan Bersten,TV Personality,Ohio,United States,39,4th Place,4,34.0,8.5,6.0,9
30,7,Iman Shumpert,Daniella Karagach,Athlete,Illinois,United States,31,1st Place,1,34.0,8.5,6.0,9
30,7,Suni Lee,Sasha Farber,Athlete,Minnesota,United States,18,Eliminated Week 9,5,34.0,8.5,6.0,9
30,7,"Mike ""The Miz"" Mizanin",Witney Carson,Athlete,Ohio,United States,40,Eliminated Week 7,9,32.0,8.0,9.0,9
30,8,Amanda Kloots,Alan Bersten,TV Personality,Ohio,United States,39,4th Place,4,42.0,10.5,1.0,8
30,8,Melora Hardin,Artem Chigvintsev,Actor/Actress,Texas,United States,54,Eliminated Week 9,6,42.0,10.5,1.0,8
30,8,Suni Lee,Sasha Farber,Athlete,Minnesota,United States,18,Eliminated Week 9,5,42.0,10.5,1.0,8
30,8,JoJo Siwa,Jenna Johnson,Social Media Personality,Nebraska,United States,18,2nd Place,2,41.0,10.25,4.0,8
30,8,Cody Rigsby,Cheryl Burke,Fitness Instructor,California,United States,34,3rd Place,3,38.0,9.5,5.0,8
30,8,Olivia Jade,Valentin Chmerkovskiy,Social Media Personality,California,United States,21,Eliminated Week 8,8,36.0,9.0,6.0,8
30,8,Iman Shumpert,Daniella Karagach,Athlete,Illinois,United States,31,1st Place,1,35.0,8.75,7.0,8
30,8,Jimmie Allen,Emma Slater,Singer/Rapper,Delaware,United States,36,Eliminated Week 8,7,32.0,8.0,8.0,8
30,9,JoJo Siwa,Jenna Johnson,Social Media Personality,Nebraska,United States,18,2nd Place,2,40.0,10.0,1.0,6
30,9,Amanda Kloots,Alan Bersten,TV Personality,Ohio,United States,39,4th Place,4,39.5,9.875,2.0,6
30,9,Iman Shumpert,Daniella Karagach,Athlete,Illinois,United States,31,1st Place,1,37.5,9.375,3.0,6
30,9,Suni Lee,Sasha Farber,Athlete,Minnesota,United States,18,Eliminated Week 9,5,37.5,9.375,3.0,6
30,9,Melora Hardin,Artem Chigvintsev,Actor/Actress,Texas,United States,54,Eliminated Week 9,6,36.0,9.0,5.0,6
30,9,Cody Rigsby,Cheryl Burke,Fitness Instructor,California,United States,34,3rd Place,3,35.5,8.875,6.0,6
30,10,Iman Shumpert,Daniella Karagach,Athlete,Illinois,United States,31,1st Place,1,40.0,10.0,1.0,4
30,10,JoJo Siwa,Jenna Johnson,Social Media Personality,Nebraska,United States,18,2nd Place,2,40.0,10.0,1.0,4
30,10,Amanda Kloots,Alan Bersten,TV Personality,Ohio,United States,39,4th Place,4,39.0,9.75,3.0,4
30,10,Cody Rigsby,Cheryl Burke,Fitness Instructor,California,United States,34,3rd Place,3,38.0,9.5,4.0,4
31,1,Charli D'Amelio,Mark Ballas,Social Media Personality,Connecticut,United States,18,1st Place,1,32.0,8.0,1.0,16
31,1,Wayne Brady,Witney Carson,Comedian,Georgia,United States,50,3rd Place,3,29.0,7.25,2.0,16
31,1,Gabby Windey,Valentin Chmerkovskiy,TV Personality,Illinois,United States,31,2nd Place,2,28.0,7.0,3.0,16
31,1,Selma Blair,Sasha Farber,Actor/Actress,Michigan,United States,50,Withdrew,12,28.0,7.0,3.0,16
31,1,Shangela,Gleb Savchenko,TV Personality,Texas,United States,40,4th Place,4,28.0,7.0,3.0,16
31,1,Daniel Durant,Britt Stewart,Actor/Actress,Michigan,United States,32,Eliminated Week 9,5,27.0,6.75,6.0,16
31,1,Jordin Sparks,Brandon Armstrong,Singer/Rapper,Arizona,United States,32,Eliminated Week 7,9,26.0,6.5,7.0,16
31,1,Heidi D'Amelio,Artem Chigvintsev,Social Media Personality,Louisiana,United States,50,Eliminated Week 8,8,24.0,6.0,8.0,16
31,1,Joseph Baena,Daniella Karagach,Actor/Actress,California,United States,24,Eliminated Week 5,11,23.0,5.75,9.0,16
31,1,Cheryl Ladd,Louis van Amstel,Actor/Actress,South Dakota,United States,71,Eliminated Week 3,14,21.0,5.25,10.0,16
31,1,Trevor Donovan,Emma Slater,Actor/Actress,California,United States,39,Eliminated Week 9,6,21.0,5.25,10.0,16
31,1,Jessie James Decker,Alan Bersten,Singer/Rapper,,Italy,34,Eliminated Week 6,10,20.0,5.0,12.0,16
31,1,Sam Champion,Cheryl Burke,News Anchor,Kentucky,United States,61,Eliminated Week 4,13,20.0,5.0,12.0,16
31,1,Teresa Giudice,Pasha Pashkov,TV Personality,New Jersey,United States,50,Eliminated Week 2,15,20.0,5.0,12.0,16
31,1,Jason Lewis,Peta Murgatroyd,Actor/Actress,California,United States,51,Eliminated Week 1,16,18.0,4.5,15.0,16
31,1,Vinny Guadagnino,Koko Iwasaki,TV Personality,New York,United States,34,Eliminated Week 8,7,17.0,4.25,16.0,16
31,2,Charli D'Amelio,Mark Ballas,Social Media Personality,Connecticut,United States,18,1st Place,1,32.0,8.0,1.0,15
31,2,Gabby Windey,Valentin Chmerkovskiy,TV Personality,Illinois,United States,31,2nd Place,2,32.0,8.0,1.0,15
31,2,Wayne Brady,Witney Carson,Comedian,Georgia,United States,50,3rd Place,3,32.0,8.0,1.0,15
31,2,Trevor Donovan,Emma Slater,Actor/Actress,California,United States,39,Eliminated Week 9,6,30.0,7.5,4.0,15
31,2,Daniel Durant,Britt Stewart,Actor/Actress,Michigan,United States,32,Eliminated Week 9,5,29.0,7.25,5.0,15
31,2,Heidi D'Amelio,Artem Chigvintsev,Social Media Personality,Louisiana,United States,50,Eliminated Week 8,8,28.0,7.0,6.0,15
31,2,Selma Blair,Sasha Farber,Actor/Actress,Michigan,United States,50,Withdrew,12,28.0,7.0,6.0,15
31,2,Shangela,Gleb Savchenko,TV Personality,Texas,United States,40,4th Place,4,28.0,7.0,6.0,15
31,2,Jordin Sparks,Brandon Armstrong,Singer/Rapper,Arizona,United States,32,Eliminated Week 7,9,27.0,6.75,9.0,15
31,2,Vinny Guadagnino,Koko Iwasaki,TV Personality,New York,United States,34,Eliminated Week 8,7,27.0,6.75,9.0,15
31,2,Sam Champion,Cheryl Burke,News Anchor,Kentucky,United States,61,Eliminated Week 4,13,26.0,6.5,11.0,15
31,2,Jessie James Decker,Alan Bersten,Singer/Rapper,,Italy,34,Eliminated Week 6,10,25.0,6.25,12.0,15
31,2,Joseph Baena,Daniella Karagach,Actor/Actress,California,United States,24,Eliminated Week 5,11,24.0,6.0,13.0,15
31,2,Teresa Giudice,Pasha Pashkov,TV Personality,New Jersey,United States,50,Eliminated Week 2,15,23.0,5.75,14.0,15
31,2,Cheryl Ladd,Louis van Amstel,Actor/Actress,South Dakota,United States,71,Eliminated Week 3,14,21.0,5.25,15.0,15
31,3,Charli D'Amelio,Mark Ballas,Social Media Personality,Connecticut,United States,18,1st Place,1,33.0,8.25,1.0,14
31,3,Gabby Windey,Valentin Chmerkovskiy,TV Personality,Illinois,United States,31,2nd Place,2,33.0,8.25,1.0,14
31,3,Wayne Brady,Witney Carson,Comedian,Georgia,United States,50,3rd Place,3,33.0,8.25,1.0,14
31,3,Heidi D'Amelio,Artem Chigvintsev,Social Media Personality,Louisiana,United States,50,Eliminated Week 8,8,32.0,8.0,4.0,14
31,3,Daniel Durant,Britt Stewart,Actor/Actress,Michigan,United States,32,Eliminated Week 9,5,31.0,7.75,5.0,14
31,3,Shangela,Gleb Savchenko,TV Personality,Texas,United States,40,4th Place,4,30.0,7.5,6.0,14
31,3,Jordin Sparks,Brandon Armstrong,Singer/Rapper,Arizona,United States,32,Eliminated Week 7,9,29.0,7.25,7.0,14
31,3,Joseph Baena,Daniella Karagach,Actor/Actress,California,United States,24,Eliminated Week 5,11,29.0,7.25,7.0,14
31,3,Selma Blair,Sasha Farber,Actor/Actress,Michigan,United States,50,Withdrew,12,28.0,7.0,9.0,14
31,3,Trevor Donovan,Emma Slater,Actor/Actress,California,United States,39,Eliminated Week 9,6,27.0,6.75,10.0,14
31,3,Jessie James Decker,Alan Bersten,Singer/Rapper,,Italy,34,Eliminated Week 6,10,26.0,6.5,11.0,14
31,3,Sam Champion,Cheryl Burke,News Anchor,Kentucky,United States,61,Eliminated Week 4,13,25.0,6.25,12.0,14
31,3,Cheryl Ladd,Louis van Amstel,Actor/Actress,South Dakota,United States,71,Eliminated Week 3,14,24.0,6.0,13.0,14
31,3,Vinny Guadagnino,Koko Iwasaki,TV Personality,New York,United States,34,Eliminated Week 8,7,23.0,5.75,14.0,14
31,4,Charli D'Amelio,Mark Ballas,Social Media Personality,Connecticut,United States,18,1st Place,1,36.0,9.0,1.0,13
31,4,Gabby Windey,Valentin Chmerkovskiy,TV Personality,Illinois,United States,31,2nd Place,2,36.0,9.0,1.0,13
31,4,Wayne Brady,Witney Carson,Comedian,Georgia,United States,50,3rd Place,3,36.0,9.0,1.0,13
31,4,Heidi D'Amelio,Artem Chigvintsev,Social Media Personality,Louisiana,United States,50,Eliminated Week 8,8,34.0,8.5,4.0,13
31,4,Jordin Sparks,Brandon Armstrong,Singer/Rapper,Arizona,United States,32,Eliminated Week 7,9,34.0,8.5,4.0,13
31,4,Selma Blair,Sasha Farber,Actor/Actress,Michigan,United States,50,Withdrew,12,32.0,8.0,6.0,13
31,4,Shangela,Gleb Savchenko,TV Personality,Texas,United States,40,4th Place,4,32.0,8.0,6.0,13
31,4,Jessie James Decker,Alan Bersten,Singer/Rapper,,Italy,34,Eliminated Week 6,10,31.0,7.75,8.0,13
31,4,Daniel Durant,Britt Stewart,Actor/Actress,Michigan,United States,32,Eliminated Week 9,5,29.0,7.25,9.0,13
31,4,Vinny Guadagnino,Koko Iwasaki,TV Personality,New York,United States,34,Eliminated Week 8,7,29.0,7.25,9.0,13
31,4,Joseph Baena,Daniella Karagach,Actor/Actress,California,United States,24,Eliminated Week 5,11,28.0,7.0,11.0,13
31,4,Trevor Donovan,Emma Slater,Actor/Actress,California,United States,39,Eliminated Week 9,6,28.0,7.0,11.0,13
31,4,Sam Champion,Cheryl Burke,News Anchor,Kentucky,United States,61,Eliminated Week 4,13,25.0,6.25,13.0,13
31,5,Charli D'Amelio,Mark Ballas,Social Media Personality,Connecticut,United States,18,1st Place,1,42.0,10.5,1.0,12
31,5,Gabby Windey,Valentin Chmerkovskiy,TV Personality,Illinois,United States,31,2nd Place,2,41.0,10.25,2.0,12
31,5,Wayne Brady,Witney Carson,Comedian,Georgia,United States,50,3rd Place,3,41.0,10.25,2.0,12
31,5,Selma Blair,Sasha Farber,Actor/Actress,Michigan,United States,50,Withdrew,12,40.0,10.0,4.0,12
31,5,Heidi D'Amelio,Artem Chigvintsev,Social Media Personality,Louisiana,United States,50,Eliminated Week 8,8,39.0,9.75,5.0,12
31,5,Shangela,Gleb Savchenko,TV Personality,Texas,United States,40,4th Place,4,38.5,9.625,6.0,12
31,5,Jessie James Decker,Alan Bersten,Singer/Rapper,,Italy,34,Eliminated Week 6,10,36.0,9.0,7.0,12
31,5,Trevor Donovan,Emma Slater,Actor/Actress,California,United States,39,Eliminated Week 9,6,36.0,9.0,7.0,12
31,5,Jordin Sparks,Brandon Armstrong,Singer/Rapper,Arizona,United States,32,Eliminated Week 7,9,35.5,8.875,9.0,12
31,5,Joseph Baena,Daniella Karagach,Actor/Actress,California,United States,24,Eliminated Week 5,11,35.0,8.75,10.0,12
31,5,Daniel Durant,Britt Stewart,Actor/Actress,Michigan,United States,32,Eliminated Week 9,5,33.5,8.375,11.0,12
31,5,Vinny Guadagnino,Koko Iwasaki,TV Personality,New York,United States,34,Eliminated Week 8,7,31.0,7.75,12.0,12
31,6,Charli D'Amelio,Mark Ballas,Social Media Personality,Connecticut,United States,18,1st Place,1,40.0,10.0,1.0,10
31,6,Gabby Windey,Valentin Chmerkovskiy,TV Personality,Illinois,United States,31,2nd Place,2,37.0,9.25,2.0,10
31,6,Heidi D'Amelio,Artem Chigvintsev,Social Media Personality,Louisiana,United States,50,Eliminated Week 8,8,36.0,9.0,3.0,10
31,6,Shangela,Gleb Savchenko,TV Personality,Texas,United States,40,4th Place,4,36.0,9.0,3.0,10
31,6,Daniel Durant,Britt Stewart,Actor/Actress,Michigan,United States,32,Eliminated Week 9,5,34.0,8.5,5.0,10
31,6,Jordin Sparks,Brandon Armstrong,Singer/Rapper,Arizona,United States,32,Eliminated Week 7,9,34.0,8.5,5.0,10
31,6,Trevor Donovan,Emma Slater,Actor/Actress,California,United States,39,Eliminated Week 9,6,34.0,8.5,5.0,10
31,6,Wayne Brady,Witney Carson,Comedian,Georgia,United States,50,3rd Place,3,34.0,8.5,5.0,10
31,6,Jessie James Decker,Alan Bersten,Singer/Rapper,,Italy,34,Eliminated Week 6,10,32.0,8.0,9.0,10
31,6,Vinny Guadagnino,Koko Iwasaki,TV Personality,New York,United States,34,Eliminated Week 8,7,28.0,7.0,10.0,10
31,7,Charli D'Amelio,Mark Ballas,Social Media Personality,Connecticut,United States,18,1st Place,1,39.0,9.75,1.0,9
31,7,Trevor Donovan,Emma Slater,Actor/Actress,California,United States,39,Eliminated Week 9,6,39.0,9.75,1.0,9
31,7,Wayne Brady,Witney Carson,Comedian,Georgia,United States,50,3rd Place,3,38.0,9.5,3.0,9
31,7,Daniel Durant,Britt Stewart,Actor/Actress,Michigan,United States,32,Eliminated Week 9,5,36.5,9.125,4.0,9
31,7,Shangela,Gleb Savchenko,TV Personality,Texas,United States,40,4th Place,4,36.5,9.125,4.0,9
31,7,Gabby Windey,Valentin Chmerkovskiy,TV Personality,Illinois,United States,31,2nd Place,2,35.5,8.875,6.0,9
31,7,Heidi D'Amelio,Artem Chigvintsev,Social Media Personality,Louisiana,United States,50,Eliminated Week 8,8,35.0,8.75,7.0,9
31,7,Jordin Sparks,Brandon Armstrong,Singer/Rapper,Arizona,United States,32,Eliminated Week 7,9,34.5,8.625,8.0,9
31,7,Vinny Guadagnino,Koko Iwasaki,TV Personality,New York,United States,34,Eliminated Week 8,7,31.5,7.875,9.0,9
31,8,Charli D'Amelio,Mark Ballas,Social Media Personality,Connecticut,United States,18,1st Place,1,45.0,11.25,1.0,8
31,8,Wayne Brady,Witney Carson,Comedian,Georgia,United States,50,3rd Place,3,45.0,11.25,1.0,8
31,8,Shangela,Gleb Savchenko,TV Personality,Texas,United States,40,4th Place,4,42.0,10.5,3.0,8
31,8,Gabby Windey,Valentin Chmerkovskiy,TV Personality,Illinois,United States,31,2nd Place,2,40.0,10.0,4.0,8
31,8,Daniel Durant,Britt Stewart,Actor/Actress,Michigan,United States,32,Eliminated Week 9,5,39.0,9.75,5.0,8
31,8,Trevor Donovan,Emma Slater,Actor/Actress,California,United States,39,Eliminated Week 9,6,39.0,9.75,5.0,8
31,8,Heidi D'Amelio,Artem Chigvintsev,Social Media Personality,Louisiana,United States,50,Eliminated Week 8,8,35.0,8.75,7.0,8
31,8,Vinny Guadagnino,Koko Iwasaki,TV Personality,New York,United States,34,Eliminated Week 8,7,29.0,7.25,8.0,8
31,9,Charli D'Amelio,Mark Ballas,Social Media Personality,Connecticut,United States,18,1st Place,1,40.0,10.0,1.0,6
31,9,Gabby Windey,Valentin Chmerkovskiy,TV Personality,Illinois,United States,31,2nd Place,2,40.0,10.0,1.0,6
31,9,Shangela,Gleb Savchenko,TV Personality,Texas,United States,40,4th Place,4,36.5,9.125,3.0,6
31,9,Wayne Brady,Witney Carson,Comedian,Georgia,United States,50,3rd Place,3,36.5,9.125,3.0,6
31,9,Daniel Durant,Britt Stewart,Actor/Actress,Michigan,United States,32,Eliminated Week 9,5,34.5,8.625,5.0,6
31,9,Trevor Donovan,Emma Slater,Actor/Actress,California,United States,39,Eliminated Week 9,6,32.5,8.125,6.0,6
31,10,Charli D'Amelio,Mark Ballas,Social Media Personality,Connecticut,United States,18,1st Place,1,40.0,10.0,1.0,4
31,10,Gabby Windey,Valentin Chmerkovskiy,TV Personality,Illinois,United States,31,2nd Place,2,40.0,10.0,1.0,4
31,10,Shangela,Gleb Savchenko,TV Personality,Texas,United States,40,4th Place,4,38.0,9.5,3.0,4
31,10,Wayne Brady,Witney Carson,Comedian,Georgia,United States,50,3rd Place,3,38.0,9.5,3.0,4
32,1,Charity Lawson,Artem Chigvintsev,TV Personality,Georgia,United States,27,4th Place,4,22.0,7.333333333333333,1.0,14
32,1,Ariana Madix,Pasha Pashkov,TV Personality,Florida,United States,38,3rd Place,3,21.0,7.0,2.0,14
32,1,Jason Mraz,Daniella Karagach,Singer/Rapper,Virginia,United States,46,2nd Place,2,21.0,7.0,2.0,14
32,1,Lele Pons,Brandon Armstrong,Social Media Personality,,Venezuela,27,Eliminated Week 7,8,19.0,6.333333333333333,4.0,14
32,1,Adrian Peterson,Britt Stewart,Athlete,Texas,United States,38,Eliminated Week 4,11,18.0,6.0,5.0,14
32,1,Xochitl Gomez,Valentin Chmerkovskiy,Actor/Actress,California,United States,17,1st Place,1,18.0,6.0,5.0,14
32,1,Mira Sorvino,Gleb Savchenko,Actor/Actress,New York,United States,55,Eliminated Week 5,10,17.0,5.666666666666667,7.0,14
32,1,Barry Williams,Peta Murgatroyd,Actor/Actress,California,United States,68,Eliminated Week 8,7,16.0,5.333333333333333,8.0,14
32,1,Jamie Lynn Spears,Alan Bersten,Actor/Actress,Mississippi,United States,32,Eliminated Week 2,13,15.0,5.0,9.0,14
32,1,Mauricio Umansky,Emma Slater,TV Personality,,Mexico,53,Eliminated Week 6,9,15.0,5.0,9.0,14
32,1,Alyson Hannigan,Sasha Farber,Actor/Actress,Washington D.C.,United States,49,5th Place,5,13.0,4.333333333333333,11.0,14
32,1,Harry Jowsey,Rylee Arnold,TV Personality,,Australia,26,Eliminated Week 9,6,12.0,4.0,12.0,14
32,1,Matt Walsh,Koko Iwasaki,Comedian,Illinois,United States,58,Eliminated Week 1,14,12.0,4.0,12.0,14
32,1,Tyson Beckford,Jenna Johnson,Model,New York,United States,52,Eliminated Week 3,12,12.0,4.0,12.0,14
32,2,Jason Mraz,Daniella Karagach,Singer/Rapper,Virginia,United States,46,2nd Place,2,24.0,8.0,1.0,13
32,2,Xochitl Gomez,Valentin Chmerkovskiy,Actor/Actress,California,United States,17,1st Place,1,24.0,8.0,1.0,13
32,2,Charity Lawson,Artem Chigvintsev,TV Personality,Georgia,United States,27,4th Place,4,21.0,7.0,3.0,13
32,2,Lele Pons,Brandon Armstrong,Social Media Personality,,Venezuela,27,Eliminated Week 7,8,21.0,7.0,3.0,13
32,2,Ariana Madix,Pasha Pashkov,TV Personality,Florida,United States,38,3rd Place,3,20.0,6.666666666666667,5.0,13
32,2,Alyson Hannigan,Sasha Farber,Actor/Actress,Washington D.C.,United States,49,5th Place,5,19.0,6.333333333333333,6.0,13
32,2,Mira Sorvino,Gleb Savchenko,Actor/Actress,New York,United States,55,Eliminated Week 5,10,18.0,6.0,7.0,13
32,2,Tyson Beckford,Jenna Johnson,Model,New York,United States,52,Eliminated Week 3,12,18.0,6.0,7.0,13
32,2,Jamie Lynn Spears,Alan Bersten,Actor/Actress,Mississippi,United States,32,Eliminated Week 2,13,16.0,5.333333333333333,9.0,13
32,2,Adrian Peterson,Britt Stewart,Athlete,Texas,United States,38,Eliminated Week 4,11,15.0,5.0,10.0,13
32,2,Barry Williams,Peta Murgatroyd,Actor/Actress,California,United States,68,Eliminated Week 8,7,15.0,5.0,10.0,13
32,2,Harry Jowsey,Rylee Arnold,TV Personality,,Australia,26,Eliminated Week 9,6,15.0,5.0,10.0,13
32,2,Mauricio Umansky,Emma Slater,TV Personality,,Mexico,53,Eliminated Week 6,9,12.0,4.0,13.0,13
32,3,Ariana Madix,Pasha Pashkov,TV Personality,Florida,United States,38,3rd Place,3,34.0,8.5,1.0,12
32,3,Jason Mraz,Daniella Karagach,Singer/Rapper,Virginia,United States,46,2nd Place,2,34.0,8.5,1.0,12
32,3,Charity Lawson,Artem Chigvintsev,TV Personality,Georgia,United States,27,4th Place,4,32.0,8.0,3.0,12
32,3,Xochitl Gomez,Valentin Chmerkovskiy,Actor/Actress,California,United States,17,1st Place,1,32.0,8.0,3.0,12
32,3,Lele Pons,Brandon Armstrong,Social Media Personality,,Venezuela,27,Eliminated Week 7,8,27.0,6.75,5.0,12
32,3,Mira Sorvino,Gleb Savchenko,Actor/Actress,New York,United States,55,Eliminated Week 5,10,26.0,6.5,6.0,12
32,3,Barry Williams,Peta Murgatroyd,Actor/Actress,California,United States,68,Eliminated Week 8,7,25.0,6.25,7.0,12
32,3,Alyson Hannigan,Sasha Farber,Actor/Actress,Washington D.C.,United States,49,5th Place,5,24.0,6.0,8.0,12
32,3,Harry Jowsey,Rylee Arnold,TV Personality,,Australia,26,Eliminated Week 9,6,24.0,6.0,8.0,12
32,3,Mauricio Umansky,Emma Slater,TV Personality,,Mexico,53,Eliminated Week 6,9,23.0,5.75,10.0,12
32,3,Adrian Peterson,Britt Stewart,Athlete,Texas,United States,38,Eliminated Week 4,11,22.0,5.5,11.0,12
32,3,Tyson Beckford,Jenna Johnson,Model,New York,United States,52,Eliminated Week 3,12,20.0,5.0,12.0,12
32,4,Xochitl Gomez,Valentin Chmerkovskiy,Actor/Actress,California,United States,17,1st Place,1,27.0,9.0,1.0,11
32,4,Ariana Madix,Pasha Pashkov,TV Personality,Florida,United States,38,3rd Place,3,25.0,8.333333333333334,2.0,11
32,4,Charity Lawson,Artem Chigvintsev,TV Personality,Georgia,United States,27,4th Place,4,24.0,8.0,3.0,11
32,4,Jason Mraz,Daniella Karagach,Singer/Rapper,Virginia,United States,46,2nd Place,2,24.0,8.0,3.0,11
32,4,Lele Pons,Brandon Armstrong,Social Media Personality,,Venezuela,27,Eliminated Week 7,8,22.0,7.333333333333333,5.0,11
32,4,Adrian Peterson,Britt Stewart,Athlete,Texas,United States,38,Eliminated Week 4,11,21.0,7.0,6.0,11
32,4,Harry Jowsey,Rylee Arnold,TV Personality,,Australia,26,Eliminated Week 9,6,21.0,7.0,6.0,11
32,4,Mira Sorvino,Gleb Savchenko,Actor/Actress,New York,United States,55,Eliminated Week 5,10,21.0,7.0,6.0,11
32,4,Mauricio Umansky,Emma Slater,TV Personality,,Mexico,53,Eliminated Week 6,9,19.0,6.333333333333333,9.0,11
32,4,Alyson Hannigan,Sasha Farber,Actor/Actress,Washington D.C.,United States,49,5th Place,5,18.0,6.0,10.0,11
32,4,Barry Williams,Peta Murgatroyd,Actor/Actress,California,United States,68,Eliminated Week 8,7,18.0,6.0,10.0,11
32,5,Charity Lawson,Artem Chigvintsev,TV Personality,Georgia,United States,27,4th Place,4,28.0,9.333333333333334,1.0,10
32,5,Xochitl Gomez,Valentin Chmerkovskiy,Actor/Actress,California,United States,17,1st Place,1,28.0,9.333333333333334,1.0,10
32,5,Jason Mraz,Daniella Karagach,Singer/Rapper,Virginia,United States,46,2nd Place,2,27.0,9.0,3.0,10
32,5,Ariana Madix,Pasha Pashkov,TV Personality,Florida,United States,38,3rd Place,3,24.0,8.0,4.0,10
32,5,Barry Williams,Peta Murgatroyd,Actor/Actress,California,United States,68,Eliminated Week 8,7,24.0,8.0,4.0,10
32,5,Lele Pons,Brandon Armstrong,Social Media Personality,,Venezuela,27,Eliminated Week 7,8,24.0,8.0,4.0,10
32,5,Mauricio Umansky,Emma Slater,TV Personality,,Mexico,53,Eliminated Week 6,9,24.0,8.0,4.0,10
32,5,Mira Sorvino,Gleb Savchenko,Actor/Actress,New York,United States,55,Eliminated Week 5,10,22.0,7.333333333333333,8.0,10
32,5,Alyson Hannigan,Sasha Farber,Actor/Actress,Washington D.C.,United States,49,5th Place,5,21.0,7.0,9.0,10
32,5,Harry Jowsey,Rylee Arnold,TV Personality,,Australia,26,Eliminated Week 9,6,18.0,6.0,10.0,10
32,6,Xochitl Gomez,Valentin Chmerkovskiy,Actor/Actress,California,United States,17,1st Place,1,42.0,10.5,1.0,9
32,6,Ariana Madix,Pasha Pashkov,TV Personality,Florida,United States,38,3rd Place,3,41.0,10.25,2.0,9
32,6,Jason Mraz,Daniella Karagach,Singer/Rapper,Virginia,United States,46,2nd Place,2,39.0,9.75,3.0,9
32,6,Charity Lawson,Artem Chigvintsev,TV Personality,Georgia,United States,27,4th Place,4,38.0,9.5,4.0,9
32,6,Lele Pons,Brandon Armstrong,Social Media Personality,,Venezuela,27,Eliminated Week 7,8,37.0,9.25,5.0,9
32,6,Mauricio Umansky,Emma Slater,TV Personality,,Mexico,53,Eliminated Week 6,9,33.0,8.25,6.0,9
32,6,Barry Williams,Peta Murgatroyd,Actor/Actress,California,United States,68,Eliminated Week 8,7,32.0,8.0,7.0,9
32,6,Alyson Hannigan,Sasha Farber,Actor/Actress,Washington D.C.,United States,49,5th Place,5,31.0,7.75,8.0,9
32,6,Harry Jowsey,Rylee Arnold,TV Personality,,Australia,26,Eliminated Week 9,6,29.0,7.25,9.0,9
32,7,Ariana Madix,Pasha Pashkov,TV Personality,Florida,United States,38,3rd Place,3,37.0,9.25,1.0,8
32,7,Xochitl Gomez,Valentin Chmerkovskiy,Actor/Actress,California,United States,17,1st Place,1,37.0,9.25,1.0,8
32,7,Lele Pons,Brandon Armstrong,Social Media Personality,,Venezuela,27,Eliminated Week 7,8,36.5,9.125,3.0,8
32,7,Charity Lawson,Artem Chigvintsev,TV Personality,Georgia,United States,27,4th Place,4,36.0,9.0,4.0,8
32,7,Jason Mraz,Daniella Karagach,Singer/Rapper,Virginia,United States,46,2nd Place,2,36.0,9.0,4.0,8
32,7,Alyson Hannigan,Sasha Farber,Actor/Actress,Washington D.C.,United States,49,5th Place,5,35.0,8.75,6.0,8
32,7,Barry Williams,Peta Murgatroyd,Actor/Actress,California,United States,68,Eliminated Week 8,7,32.5,8.125,7.0,8
32,7,Harry Jowsey,Rylee Arnold,TV Personality,,Australia,26,Eliminated Week 9,6,32.0,8.0,8.0,8
32,8,Ariana Madix,Pasha Pashkov,TV Personality,Florida,United States,38,3rd Place,3,42.0,10.5,1.0,7
32,8,Xochitl Gomez,Valentin Chmerkovskiy,Actor/Actress,California,United States,17,1st Place,1,40.0,10.0,2.0,7
32,8,Charity Lawson,Artem Chigvintsev,TV Personality,Georgia,United States,27,4th Place,4,39.0,9.75,3.0,7
32,8,Alyson Hannigan,Sasha Farber,Actor/Actress,Washington D.C.,United States,49,5th Place,5,36.0,9.0,4.0,7
32,8,Barry Williams,Peta Murgatroyd,Actor/Actress,California,United States,68,Eliminated Week 8,7,35.0,8.75,5.0,7
32,8,Jason Mraz,Daniella Karagach,Singer/Rapper,Virginia,United States,46,2nd Place,2,33.0,8.25,6.0,7
32,8,Harry Jowsey,Rylee Arnold,TV Personality,,Australia,26,Eliminated Week 9,6,28.0,7.0,7.0,7
32,9,Jason Mraz,Daniella Karagach,Singer/Rapper,Virginia,United States,46,2nd Place,2,43.0,10.75,1.0,6
32,9,Xochitl Gomez,Valentin Chmerkovskiy,Actor/Actress,California,United States,17,1st Place,1,41.0,10.25,2.0,6
32,9,Charity Lawson,Artem Chigvintsev,TV Personality,Georgia,United States,27,4th Place,4,38.0,9.5,3.0,6
32,9,Ariana Madix,Pasha Pashkov,TV Personality,Florida,United States,38,3rd Place,3,37.0,9.25,4.0,6
32,9,Alyson Hannigan,Sasha Farber,Actor/Actress,Washington D.C.,United States,49,5th Place,5,32.0,8.0,5.0,6
32,9,Harry Jowsey,Rylee Arnold,TV Personality,,Australia,26,Eliminated Week 9,6,30.0,7.5,6.0,6
32,10,Xochitl Gomez,Valentin Chmerkovskiy,Actor/Actress,California,United States,17,1st Place,1,30.0,10.0,1.0,5
32,10,Charity Lawson,Artem Chigvintsev,TV Personality,Georgia,United States,27,4th Place,4,29.5,9.833333333333334,2.0,5
32,10,Ariana Madix,Pasha Pashkov,TV Personality,Florida,United States,38,3rd Place,3,29.0,9.666666666666666,3.0,5
32,10,Jason Mraz,Daniella Karagach,Singer/Rapper,Virginia,United States,46,2nd Place,2,28.5,9.5,4.0,5
32,10,Alyson Hannigan,Sasha Farber,Actor/Actress,Washington D.C.,United States,49,5th Place,5,25.5,8.5,5.0,5
32,11,Jason Mraz,Daniella Karagach,Singer/Rapper,Virginia,United States,46,2nd Place,2,30.0,10.0,1.0,5
32,11,Xochitl Gomez,Valentin Chmerkovskiy,Actor/Actress,California,United States,17,1st Place,1,30.0,10.0,1.0,5
32,11,Ariana Madix,Pasha Pashkov,TV Personality,Florida,United States,38,3rd Place,3,29.5,9.833333333333334,3.0,5
32,11,Charity Lawson,Artem Chigvintsev,TV Personality,Georgia,United States,27,4th Place,4,29.5,9.833333333333334,3.0,5
32,11,Alyson Hannigan,Sasha Farber,Actor/Actress,Washington D.C.,United States,49,5th Place,5,26.5,8.833333333333334,5.0,5
33,1,Chandler Kinney,Brandon Armstrong,Actor/Actress,California,United States,24,3rd Place,3,23.0,7.666666666666667,1.0,13
33,1,Dwight Howard ,Daniella Karagach,Athlete,Georgia,United States,38,Eliminated Week 7,6,22.0,7.333333333333333,2.0,13
33,1,Joey Graziadei,Jenna Johnson,TV Personality,Louisiana,United States,29,1st Place,1,21.0,7.0,3.0,13
33,1,Stephen Nedoroscik,Rylee Arnold,Athlete,Florida,United States,26,4th Place,4,21.0,7.0,3.0,13
33,1,Danny Amendola,Witney Carson,Athlete,Texas,United States,39,5th Place,5,20.0,6.666666666666667,5.0,13
33,1,Jenn Tran,Sasha Farber,TV Personality,Florida,United States,26,Eliminated Week 6,7,19.0,6.333333333333333,6.0,13
33,1,Phaedra Parks,Val Chmerkovskiy,TV Personality,Georgia,United States,51,Eliminated Week 5,8,19.0,6.333333333333333,6.0,13
33,1,Anna Delvey,Ezra Sosa,Con artist,,Russia,33,Eliminated Week 2,12,18.0,6.0,8.0,13
33,1,Brooks Nader,Gleb Savchenko,Model,New York,United States,27,Eliminated Week 4,9,18.0,6.0,8.0,13
33,1,Ilona Maher,Alan Bersten,Athlete,California,United States,28,2nd Place,2,18.0,6.0,8.0,13
33,1,Tori Spelling,Pasha Pashkov,Actor/Actress,California,United States,51,Eliminated Week 2,12,17.0,5.666666666666667,11.0,13
33,1,Reginald VelJohnson,Emma Slater,Actor/Actress,New York,United States,74,Eliminated Week 3,10,16.0,5.333333333333333,12.0,13
33,1,Eric Roberts,Britt Stewart,Actor/Actress,California,United States,68,Eliminated Week 3,10,15.0,5.0,13.0,13
33,2,Chandler Kinney,Brandon Armstrong,Actor/Actress,California,United States,24,3rd Place,3,24.0,8.0,1.0,13
33,2,Dwight Howard ,Daniella Karagach,Athlete,Georgia,United States,38,Eliminated Week 7,6,22.0,7.333333333333333,2.0,13
33,2,Joey Graziadei,Jenna Johnson,TV Personality,Louisiana,United States,29,1st Place,1,22.0,7.333333333333333,2.0,13
33,2,Stephen Nedoroscik,Rylee Arnold,Athlete,Florida,United States,26,4th Place,4,22.0,7.333333333333333,2.0,13
33,2,Danny Amendola,Witney Carson,Athlete,Texas,United States,39,5th Place,5,21.0,7.0,5.0,13
33,2,Ilona Maher,Alan Bersten,Athlete,California,United States,28,2nd Place,2,21.0,7.0,5.0,13
33,2,Phaedra Parks,Val Chmerkovskiy,TV Personality,Georgia,United States,51,Eliminated Week 5,8,21.0,7.0,5.0,13
33,2,Brooks Nader,Gleb Savchenko,Model,New York,United States,27,Eliminated Week 4,9,20.0,6.666666666666667,8.0,13
33,2,Jenn Tran,Sasha Farber,TV Personality,Florida,United States,26,Eliminated Week 6,7,19.0,6.333333333333333,9.0,13
33,2,Tori Spelling,Pasha Pashkov,Actor/Actress,California,United States,51,Eliminated Week 2,12,19.0,6.333333333333333,9.0,13
33,2,Anna Delvey,Ezra Sosa,Con artist,,Russia,33,Eliminated Week 2,12,17.0,5.666666666666667,11.0,13
33,2,Eric Roberts,Britt Stewart,Actor/Actress,California,United States,68,Eliminated Week 3,10,15.0,5.0,12.0,13
33,2,Reginald VelJohnson,Emma Slater,Actor/Actress,New York,United States,74,Eliminated Week 3,10,15.0,5.0,12.0,13
33,3,Joey Graziadei,Jenna Johnson,TV Personality,Louisiana,United States,29,1st Place,1,35.0,8.75,1.0,11
33,3,Chandler Kinney,Brandon Armstrong,Actor/Actress,California,United States,24,3rd Place,3,34.5,8.625,2.0,11
33,3,Jenn Tran,Sasha Farber,TV Personality,Florida,United States,26,Eliminated Week 6,7,31.0,7.75,3.0,11
33,3,Stephen Nedoroscik,Rylee Arnold,Athlete,Florida,United States,26,4th Place,4,31.0,7.75,3.0,11
33,3,Brooks Nader,Gleb Savchenko,Model,New York,United States,27,Eliminated Week 4,9,30.5,7.625,5.0,11
33,3,Danny Amendola,Witney Carson,Athlete,Texas,United States,39,5th Place,5,30.0,7.5,6.0,11
33,3,Ilona Maher,Alan Bersten,Athlete,California,United States,28,2nd Place,2,28.0,7.0,7.0,11
33,3,Phaedra Parks,Val Chmerkovskiy,TV Personality,Georgia,United States,51,Eliminated Week 5,8,28.0,7.0,7.0,11
33,3,Dwight Howard ,Daniella Karagach,Athlete,Georgia,United States,38,Eliminated Week 7,6,26.0,6.5,9.0,11
33,3,Eric Roberts,Britt Stewart,Actor/Actress,California,United States,68,Eliminated Week 3,10,23.0,5.75,10.0,11
33,3,Reginald VelJohnson,Emma Slater,Actor/Actress,New York,United States,74,Eliminated Week 3,10,21.0,5.25,11.0,11
33,4,Danny Amendola,Witney Carson,Athlete,Texas,United States,39,5th Place,5,36.0,9.0,1.0,9
33,4,Joey Graziadei,Jenna Johnson,TV Personality,Louisiana,United States,29,1st Place,1,36.0,9.0,1.0,9
33,4,Stephen Nedoroscik,Rylee Arnold,Athlete,Florida,United States,26,4th Place,4,33.0,8.25,3.0,9
33,4,Brooks Nader,Gleb Savchenko,Model,New York,United States,27,Eliminated Week 4,9,32.0,8.0,4.0,9
33,4,Chandler Kinney,Brandon Armstrong,Actor/Actress,California,United States,24,3rd Place,3,32.0,8.0,4.0,9
33,4,Ilona Maher,Alan Bersten,Athlete,California,United States,28,2nd Place,2,32.0,8.0,4.0,9
33,4,Jenn Tran,Sasha Farber,TV Personality,Florida,United States,26,Eliminated Week 6,7,32.0,8.0,4.0,9
33,4,Phaedra Parks,Val Chmerkovskiy,TV Personality,Georgia,United States,51,Eliminated Week 5,8,32.0,8.0,4.0,9
33,4,Dwight Howard ,Daniella Karagach,Athlete,Georgia,United States,38,Eliminated Week 7,6,29.0,7.25,9.0,9
33,5,Chandler Kinney,Brandon Armstrong,Actor/Actress,California,United States,24,3rd Place,3,27.0,9.0,1.0,8
33,5,Ilona Maher,Alan Bersten,Athlete,California,United States,28,2nd Place,2,26.0,8.666666666666666,2.0,8
33,5,Joey Graziadei,Jenna Johnson,TV Personality,Louisiana,United States,29,1st Place,1,26.0,8.666666666666666,2.0,8
33,5,Danny Amendola,Witney Carson,Athlete,Texas,United States,39,5th Place,5,25.5,8.5,4.0,8
33,5,Jenn Tran,Sasha Farber,TV Personality,Florida,United States,26,Eliminated Week 6,7,25.5,8.5,4.0,8
33,5,Dwight Howard ,Daniella Karagach,Athlete,Georgia,United States,38,Eliminated Week 7,6,24.0,8.0,6.0,8
33,5,Phaedra Parks,Val Chmerkovskiy,TV Personality,Georgia,United States,51,Eliminated Week 5,8,24.0,8.0,6.0,8
33,5,Stephen Nedoroscik,Rylee Arnold,Athlete,Florida,United States,26,4th Place,4,24.0,8.0,6.0,8
33,6,Chandler Kinney,Brandon Armstrong,Actor/Actress,California,United States,24,3rd Place,3,32.0,10.666666666666666,1.0,7
33,6,Joey Graziadei,Jenna Johnson,TV Personality,Louisiana,United States,29,1st Place,1,32.0,10.666666666666666,1.0,7
33,6,Dwight Howard ,Daniella Karagach,Athlete,Georgia,United States,38,Eliminated Week 7,6,31.0,10.333333333333334,3.0,7
33,6,Jenn Tran,Sasha Farber,TV Personality,Florida,United States,26,Eliminated Week 6,7,31.0,10.333333333333334,3.0,7
33,6,Danny Amendola,Witney Carson,Athlete,Texas,United States,39,5th Place,5,28.0,9.333333333333334,5.0,7
33,6,Stephen Nedoroscik,Rylee Arnold,Athlete,Florida,United States,26,4th Place,4,28.0,9.333333333333334,5.0,7
33,6,Ilona Maher,Alan Bersten,Athlete,California,United States,28,2nd Place,2,24.0,8.0,7.0,7
33,7,Chandler Kinney,Brandon Armstrong,Actor/Actress,California,United States,24,3rd Place,3,30.0,10.0,1.0,6
33,7,Joey Graziadei,Jenna Johnson,TV Personality,Louisiana,United States,29,1st Place,1,27.5,9.166666666666666,2.0,6
33,7,Stephen Nedoroscik,Rylee Arnold,Athlete,Florida,United States,26,4th Place,4,27.0,9.0,3.0,6
33,7,Ilona Maher,Alan Bersten,Athlete,California,United States,28,2nd Place,2,26.0,8.666666666666666,4.0,6
33,7,Danny Amendola,Witney Carson,Athlete,Texas,United States,39,5th Place,5,25.5,8.5,5.0,6
33,7,Dwight Howard ,Daniella Karagach,Athlete,Georgia,United States,38,Eliminated Week 7,6,24.0,8.0,6.0,6
33,8,Chandler Kinney,Brandon Armstrong,Actor/Actress,California,United States,24,3rd Place,3,29.0,9.666666666666666,1.0,5
33,8,Joey Graziadei,Jenna Johnson,TV Personality,Louisiana,United States,29,1st Place,1,29.0,9.666666666666666,1.0,5
33,8,Ilona Maher,Alan Bersten,Athlete,California,United States,28,2nd Place,2,28.5,9.5,3.0,5
33,8,Danny Amendola,Witney Carson,Athlete,Texas,United States,39,5th Place,5,27.0,9.0,4.0,5
33,8,Stephen Nedoroscik,Rylee Arnold,Athlete,Florida,United States,26,4th Place,4,26.5,8.833333333333334,5.0,5
33,9,Chandler Kinney,Brandon Armstrong,Actor/Actress,California,United States,24,3rd Place,3,30.0,10.0,1.0,5
33,9,Joey Graziadei,Jenna Johnson,TV Personality,Louisiana,United States,29,1st Place,1,29.5,9.833333333333334,2.0,5
33,9,Stephen Nedoroscik,Rylee Arnold,Athlete,Florida,United States,26,4th Place,4,29.5,9.833333333333334,2.0,5
33,9,Ilona Maher,Alan Bersten,Athlete,California,United States,28,2nd Place,2,28.5,9.5,4.0,5
33,9,Danny Amendola,Witney Carson,Athlete,Texas,United States,39,5th Place,5,28.0,9.333333333333334,5.0,5
34,1,Robert Irwin,Witney Carson (Xoshitl Gomez week 9),Conservationist,,Australia,22,1st Place,1,15.0,7.5,1.0,14
34,1,Whitney Leavitt,Mark Ballas,TV Personality,Utah,United States,32,Eliminated Week 10,6,15.0,7.5,1.0,14
34,1,Hilaria Baldwin,Gleb Savchenko,Entrepreneur,New York,United States,41,Eliminated Week 4,11,14.0,7.0,3.0,14
34,1,Alix Earle,Val Chmerkovskiy (Joey Graziadei week 9),Social media personality,Florida,United States,24,2nd Place,2,13.0,6.5,4.0,14
34,1,Lauren Jauregui,Brandon Armstrong,Singer/Rapper,Florida,United States,29,Eliminated Week 3,12,13.0,6.5,4.0,14
34,1,Danielle Fishel,Pasha Pashkov,Actor/Actress,California,United States,44,Eliminated Week 8,8,12.0,6.0,6.0,14
34,1,Elaine Hendrix,Alan Bersten (Rashad Jennings week 9),Actor/Actress,Georgia,United States,55,5th Place,5,12.0,6.0,6.0,14
34,1,Jen Affleck,Jan Ravnik,TV Personality,Utah,United States,26,Eliminated Week 7,9,12.0,6.0,6.0,14
34,1,Baron Davis,Britt Stewart,Athlete,California,United States,46,Eliminated Week 2,13,10.0,5.0,9.0,14
34,1,Dylan Efron,Daniella Karagach (Rumer Willis week 9),TV Personality,California,United States,33,4th Place,4,10.0,5.0,9.0,14
34,1,Jordan Chiles,Ezra Sosa (Apolo Anton Ohno week 9),Athlete,Texas,United States,24,3rd Place,3,10.0,5.0,9.0,14
34,1,Scott Hoying,Rylee Arnold,Singer/Rapper,California,United States,34,Eliminated Week 6,10,10.0,5.0,9.0,14
34,1,Andy Richter,Emma Slater/Kaitlyn Bristowe (week 9),Comedian,California,United States,59,Eliminated Week 9,7,9.0,4.5,13.0,14
34,1,Corey Feldman,Jenna Johnson,Actor/Actress,California,United States,54,Eliminated Week 2,13,9.0,4.5,13.0,14
34,2,Jen Affleck,Jan Ravnik,TV Personality,Utah,United States,26,Eliminated Week 7,9,22.0,7.333333333333333,1.0,14
34,2,Jordan Chiles,Ezra Sosa (Apolo Anton Ohno week 9),Athlete,Texas,United States,24,3rd Place,3,22.0,7.333333333333333,1.0,14
34,2,Robert Irwin,Witney Carson (Xoshitl Gomez week 9),Conservationist,,Australia,22,1st Place,1,22.0,7.333333333333333,1.0,14
34,2,Whitney Leavitt,Mark Ballas,TV Personality,Utah,United States,32,Eliminated Week 10,6,22.0,7.333333333333333,1.0,14
34,2,Alix Earle,Val Chmerkovskiy (Joey Graziadei week 9),Social media personality,Florida,United States,24,2nd Place,2,21.0,7.0,5.0,14
34,2,Elaine Hendrix,Alan Bersten (Rashad Jennings week 9),Actor/Actress,Georgia,United States,55,5th Place,5,21.0,7.0,5.0,14
34,2,Hilaria Baldwin,Gleb Savchenko,Entrepreneur,New York,United States,41,Eliminated Week 4,11,21.0,7.0,5.0,14
34,2,Lauren Jauregui,Brandon Armstrong,Singer/Rapper,Florida,United States,29,Eliminated Week 3,12,21.0,7.0,5.0,14
34,2,Dylan Efron,Daniella Karagach (Rumer Willis week 9),TV Personality,California,United States,33,4th Place,4,20.0,6.666666666666667,9.0,14
34,2,Danielle Fishel,Pasha Pashkov,Actor/Actress,California,United States,44,Eliminated Week 8,8,19.0,6.333333333333333,10.0,14
34,2,Baron Davis,Britt Stewart,Athlete,California,United States,46,Eliminated Week 2,13,18.0,6.0,11.0,14
34,2,Scott Hoying,Rylee Arnold,Singer/Rapper,California,United States,34,Eliminated Week 6,10,18.0,6.0,11.0,14
34,2,Andy Richter,Emma Slater/Kaitlyn Bristowe (week 9),Comedian,California,United States,59,Eliminated Week 9,7,16.0,5.333333333333333,13.0,14
34,2,Corey Feldman,Jenna Johnson,Actor/Actress,California,United States,54,Eliminated Week 2,13,15.0,5.0,14.0,14
34,3,Jordan Chiles,Ezra Sosa (Apolo Anton Ohno week 9),Athlete,Texas,United States,24,3rd Place,3,24.0,8.0,1.0,12
34,3,Whitney Leavitt,Mark Ballas,TV Personality,Utah,United States,32,Eliminated Week 10,6,24.0,8.0,1.0,12
34,3,Alix Earle,Val Chmerkovskiy (Joey Graziadei week 9),Social media personality,Florida,United States,24,2nd Place,2,23.0,7.666666666666667,3.0,12
34,3,Dylan Efron,Daniella Karagach (Rumer Willis week 9),TV Personality,California,United States,33,4th Place,4,23.0,7.666666666666667,3.0,12
34,3,Hilaria Baldwin,Gleb Savchenko,Entrepreneur,New York,United States,41,Eliminated Week 4,11,22.0,7.333333333333333,5.0,12
34,3,Robert Irwin,Witney Carson (Xoshitl Gomez week 9),Conservationist,,Australia,22,1st Place,1,22.0,7.333333333333333,5.0,12
34,3,Scott Hoying,Rylee Arnold,Singer/Rapper,California,United States,34,Eliminated Week 6,10,22.0,7.333333333333333,5.0,12
34,3,Danielle Fishel,Pasha Pashkov,Actor/Actress,California,United States,44,Eliminated Week 8,8,21.0,7.0,8.0,12
34,3,Elaine Hendrix,Alan Bersten (Rashad Jennings week 9),Actor/Actress,Georgia,United States,55,5th Place,5,21.0,7.0,8.0,12
34,3,Jen Affleck,Jan Ravnik,TV Personality,Utah,United States,26,Eliminated Week 7,9,19.0,6.333333333333333,10.0,12
34,3,Andy Richter,Emma Slater/Kaitlyn Bristowe (week 9),Comedian,California,United States,59,Eliminated Week 9,7,18.0,6.0,11.0,12
34,3,Lauren Jauregui,Brandon Armstrong,Singer/Rapper,Florida,United States,29,Eliminated Week 3,12,18.0,6.0,11.0,12
34,4,Whitney Leavitt,Mark Ballas,TV Personality,Utah,United States,32,Eliminated Week 10,6,25.0,8.333333333333334,1.0,11
34,4,Alix Earle,Val Chmerkovskiy (Joey Graziadei week 9),Social media personality,Florida,United States,24,2nd Place,2,24.0,8.0,2.0,11
34,4,Elaine Hendrix,Alan Bersten (Rashad Jennings week 9),Actor/Actress,Georgia,United States,55,5th Place,5,24.0,8.0,2.0,11
34,4,Jordan Chiles,Ezra Sosa (Apolo Anton Ohno week 9),Athlete,Texas,United States,24,3rd Place,3,24.0,8.0,2.0,11
34,4,Dylan Efron,Daniella Karagach (Rumer Willis week 9),TV Personality,California,United States,33,4th Place,4,23.0,7.666666666666667,5.0,11
34,4,Hilaria Baldwin,Gleb Savchenko,Entrepreneur,New York,United States,41,Eliminated Week 4,11,23.0,7.666666666666667,5.0,11
34,4,Jen Affleck,Jan Ravnik,TV Personality,Utah,United States,26,Eliminated Week 7,9,23.0,7.666666666666667,5.0,11
34,4,Robert Irwin,Witney Carson (Xoshitl Gomez week 9),Conservationist,,Australia,22,1st Place,1,22.0,7.333333333333333,8.0,11
34,4,Danielle Fishel,Pasha Pashkov,Actor/Actress,California,United States,44,Eliminated Week 8,8,21.0,7.0,9.0,11
34,4,Scott Hoying,Rylee Arnold,Singer/Rapper,California,United States,34,Eliminated Week 6,10,21.0,7.0,9.0,11
34,4,Andy Richter,Emma Slater/Kaitlyn Bristowe (week 9),Comedian,California,United States,59,Eliminated Week 9,7,18.0,6.0,11.0,11
34,5,Dylan Efron,Daniella Karagach (Rumer Willis week 9),TV Personality,California,United States,33,4th Place,4,36.0,9.0,1.0,10
34,5,Alix Earle,Val Chmerkovskiy (Joey Graziadei week 9),Social media personality,Florida,United States,24,2nd Place,2,35.0,8.75,2.0,10
34,5,Robert Irwin,Witney Carson (Xoshitl Gomez week 9),Conservationist,,Australia,22,1st Place,1,35.0,8.75,2.0,10
34,5,Whitney Leavitt,Mark Ballas,TV Personality,Utah,United States,32,Eliminated Week 10,6,33.0,8.25,4.0,10
34,5,Jordan Chiles,Ezra Sosa (Apolo Anton Ohno week 9),Athlete,Texas,United States,24,3rd Place,3,32.0,8.0,5.0,10
34,5,Elaine Hendrix,Alan Bersten (Rashad Jennings week 9),Actor/Actress,Georgia,United States,55,5th Place,5,30.0,7.5,6.0,10
34,5,Scott Hoying,Rylee Arnold,Singer/Rapper,California,United States,34,Eliminated Week 6,10,30.0,7.5,6.0,10
34,5,Danielle Fishel,Pasha Pashkov,Actor/Actress,California,United States,44,Eliminated Week 8,8,29.0,7.25,8.0,10
34,5,Jen Affleck,Jan Ravnik,TV Personality,Utah,United States,26,Eliminated Week 7,9,29.0,7.25,8.0,10
34,5,Andy Richter,Emma Slater/Kaitlyn Bristowe (week 9),Comedian,California,United States,59,Eliminated Week 9,7,24.0,6.0,10.0,10
34,6,Jordan Chiles,Ezra Sosa (Apolo Anton Ohno week 9),Athlete,Texas,United States,24,3rd Place,3,39.0,9.75,1.0,10
34,6,Whitney Leavitt,Mark Ballas,TV Personality,Utah,United States,32,Eliminated Week 10,6,39.0,9.75,1.0,10
34,6,Danielle Fishel,Pasha Pashkov,Actor/Actress,California,United States,44,Eliminated Week 8,8,36.0,9.0,3.0,10
34,6,Elaine Hendrix,Alan Bersten (Rashad Jennings week 9),Actor/Actress,Georgia,United States,55,5th Place,5,36.0,9.0,3.0,10
34,6,Robert Irwin,Witney Carson (Xoshitl Gomez week 9),Conservationist,,Australia,22,1st Place,1,36.0,9.0,3.0,10
34,6,Alix Earle,Val Chmerkovskiy (Joey Graziadei week 9),Social media personality,Florida,United States,24,2nd Place,2,35.0,8.75,6.0,10
34,6,Dylan Efron,Daniella Karagach (Rumer Willis week 9),TV Personality,California,United States,33,4th Place,4,32.0,8.0,7.0,10
34,6,Jen Affleck,Jan Ravnik,TV Personality,Utah,United States,26,Eliminated Week 7,9,32.0,8.0,7.0,10
34,6,Scott Hoying,Rylee Arnold,Singer/Rapper,California,United States,34,Eliminated Week 6,10,28.0,7.0,9.0,10
34,6,Andy Richter,Emma Slater/Kaitlyn Bristowe (week 9),Comedian,California,United States,59,Eliminated Week 9,7,27.0,6.75,10.0,10
34,7,Alix Earle,Val Chmerkovskiy (Joey Graziadei week 9),Social media personality,Florida,United States,24,2nd Place,2,43.0,10.75,1.0,9
34,7,Whitney Leavitt,Mark Ballas,TV Personality,Utah,United States,32,Eliminated Week 10,6,42.0,10.5,2.0,9
34,7,Robert Irwin,Witney Carson (Xoshitl Gomez week 9),Conservationist,,Australia,22,1st Place,1,41.0,10.25,3.0,9
34,7,Dylan Efron,Daniella Karagach (Rumer Willis week 9),TV Personality,California,United States,33,4th Place,4,38.0,9.5,4.0,9
34,7,Jordan Chiles,Ezra Sosa (Apolo Anton Ohno week 9),Athlete,Texas,United States,24,3rd Place,3,38.0,9.5,4.0,9
34,7,Danielle Fishel,Pasha Pashkov,Actor/Actress,California,United States,44,Eliminated Week 8,8,35.0,8.75,6.0,9
34,7,Jen Affleck,Jan Ravnik,TV Personality,Utah,United States,26,Eliminated Week 7,9,34.0,8.5,7.0,9
34,7,Elaine Hendrix,Alan Bersten (Rashad Jennings week 9),Actor/Actress,Georgia,United States,55,5th Place,5,32.0,8.0,8.0,9
34,7,Andy Richter,Emma Slater/Kaitlyn Bristowe (week 9),Comedian,California,United States,59,Eliminated Week 9,7,29.0,7.25,9.0,9
34,8,Whitney Leavitt,Mark Ballas,TV Personality,Utah,United States,32,Eliminated Week 10,6,39.5,9.875,1.0,8
34,8,Jordan Chiles,Ezra Sosa (Apolo Anton Ohno week 9),Athlete,Texas,United States,24,3rd Place,3,39.0,9.75,2.0,8
34,8,Alix Earle,Val Chmerkovskiy (Joey Graziadei week 9),Social media personality,Florida,United States,24,2nd Place,2,38.5,9.625,3.0,8
34,8,Dylan Efron,Daniella Karagach (Rumer Willis week 9),TV Personality,California,United States,33,4th Place,4,38.0,9.5,4.0,8
34,8,Robert Irwin,Witney Carson (Xoshitl Gomez week 9),Conservationist,,Australia,22,1st Place,1,38.0,9.5,4.0,8
34,8,Elaine Hendrix,Alan Bersten (Rashad Jennings week 9),Actor/Actress,Georgia,United States,55,5th Place,5,37.5,9.375,6.0,8
34,8,Danielle Fishel,Pasha Pashkov,Actor/Actress,California,United States,44,Eliminated Week 8,8,37.0,9.25,7.0,8
34,8,Andy Richter,Emma Slater/Kaitlyn Bristowe (week 9),Comedian,California,United States,59,Eliminated Week 9,7,34.0,8.5,8.0,8
34,9,Dylan Efron,Daniella Karagach (Rumer Willis week 9),TV Personality,California,United States,33,4th Place,4,42.0,10.5,1.0,7
34,9,Robert Irwin,Witney Carson (Xoshitl Gomez week 9),Conservationist,,Australia,22,1st Place,1,42.0,10.5,1.0,7
34,9,Whitney Leavitt,Mark Ballas,TV Personality,Utah,United States,32,Eliminated Week 10,6,42.0,10.5,1.0,7
34,9,Alix Earle,Val Chmerkovskiy (Joey Graziadei week 9),Social media personality,Florida,United States,24,2nd Place,2,40.0,10.0,4.0,7
34,9,Jordan Chiles,Ezra Sosa (Apolo Anton Ohno week 9),Athlete,Texas,United States,24,3rd Place,3,39.0,9.75,5.0,7
34,9,Elaine Hendrix,Alan Bersten (Rashad Jennings week 9),Actor/Actress,Georgia,United States,55,5th Place,5,36.0,9.0,6.0,7
34,9,Andy Richter,Emma Slater/Kaitlyn Bristowe (week 9),Comedian,California,United States,59,Eliminated Week 9,7,29.0,7.25,7.0,7
34,10,Robert Irwin,Witney Carson (Xoshitl Gomez week 9),Conservationist,,Australia,22,1st Place,1,29.5,9.833333333333334,1.0,6
34,10,Alix Earle,Val Chmerkovskiy (Joey Graziadei week 9),Social media personality,Florida,United States,24,2nd Place,2,29.0,9.666666666666666,2.0,6
34,10,Whitney Leavitt,Mark Ballas,TV Personality,Utah,United States,32,Eliminated Week 10,6,29.0,9.666666666666666,2.0,6
34,10,Elaine Hendrix,Alan Bersten (Rashad Jennings week 9),Actor/Actress,Georgia,United States,55,5th Place,5,28.5,9.5,4.0,6
34,10,Jordan Chiles,Ezra Sosa (Apolo Anton Ohno week 9),Athlete,Texas,United States,24,3rd Place,3,28.5,9.5,4.0,6
34,10,Dylan Efron,Daniella Karagach (Rumer Willis week 9),TV Personality,California,United States,33,4th Place,4,27.5,9.166666666666666,6.0,6
34,11,Alix Earle,Val Chmerkovskiy (Joey Graziadei week 9),Social media personality,Florida,United States,24,2nd Place,2,30.0,10.0,1.0,5
34,11,Jordan Chiles,Ezra Sosa (Apolo Anton Ohno week 9),Athlete,Texas,United States,24,3rd Place,3,29.666600000000003,9.888866666666667,2.0,5
34,11,Robert Irwin,Witney Carson (Xoshitl Gomez week 9),Conservationist,,Australia,22,1st Place,1,29.666600000000003,9.888866666666667,2.0,5
34,11,Dylan Efron,Daniella Karagach (Rumer Willis week 9),TV Personality,California,United States,33,4th Place,4,29.3332,9.777733333333334,4.0,5
34,11,Elaine Hendrix,Alan Bersten (Rashad Jennings week 9),Actor/Actress,Georgia,United States,55,5th Place,5,28.9998,9.6666,5.0,5
