celebrity_name,ballroom_partner,celebrity_industry,celebrity_homestate,celebrity_homecountry/region,celebrity_age_during_season,season,results,placement,week,judge1_score,judge2_score,judge3_score,judge4_score,judge_count,judge_total,judge_mean,has_score_record,active
Kelly Monaco,Alec Mazo,Actor/Actress,Pennsylvania,United States,29,1,1st Place,1,1,5.0,4.0,4.0,,3,13.0,4.333333333333333,True,True
John O'Hurley,Charlotte Jorgensen,Actor/Actress,Maine,United States,50,1,2nd Place,2,1,7.0,7.0,6.0,,3,20.0,6.666666666666667,True,True
Joey McIntyre,Ashly DelGrosso,Singer/Rapper,Massachusetts,United States,32,1,3rd Place,3,1,7.0,7.0,6.0,,3,20.0,6.666666666666667,True,True
Rachel Hunter,Jonathan Roberts,Model,,New Zealand,35,1,Eliminated Week 4,4,1,7.0,6.0,7.0,,3,20.0,6.666666666666667,True,True
Evander Holyfield,Edyta Sliwinska,Athlete,Alabama,United States,42,1,Eliminated Week 3,5,1,5.0,7.0,6.0,,3,18.0,6.0,True,True
Trista Sutter,Louis van Amstel,TV Personality,Indiana,United States,32,1,Eliminated Week 2,6,1,6.0,6.0,6.0,,3,18.0,6.0,True,True
Kelly Monaco,Alec Mazo,Actor/Actress,Pennsylvania,United States,29,1,1st Place,1,2,5.0,6.0,6.0,,3,17.0,5.666666666666667,True,True
John O'Hurley,Charlotte Jorgensen,Actor/Actress,Maine,United States,50,1,2nd Place,2,2,8.0,9.0,9.0,,3,26.0,8.666666666666666,True,True
Joey McIntyre,Ashly DelGrosso,Singer/Rapper,Massachusetts,United States,32,1,3rd Place,3,2,8.0,7.0,6.0,,3,21.0,7.0,True,True
Rachel Hunter,Jonathan Roberts,Model,,New Zealand,35,1,Eliminated Week 4,4,2,8.0,8.0,8.0,,3,24.0,8.0,True,True
Evander Holyfield,Edyta Sliwinska,Athlete,Alabama,United States,42,1,Eliminated Week 3,5,2,5.0,4.0,5.0,,3,14.0,4.666666666666667,True,True
Trista Sutter,Louis van Amstel,TV Personality,Indiana,United States,32,1,Eliminated Week 2,6,2,6.0,7.0,6.0,,3,19.0,6.333333333333333,True,True
Kelly Monaco,Alec Mazo,Actor/Actress,Pennsylvania,United States,29,1,1st Place,1,3,6.0,7.0,8.0,,3,21.0,7.0,True,True
John O'Hurley,Charlotte Jorgensen,Actor/Actress,Maine,United States,50,1,2nd Place,2,3,9.0,8.0,7.0,,3,24.0,8.0,True,True
Joey McIntyre,Ashly DelGrosso,Singer/Rapper,Massachusetts,United States,32,1,3rd Place,3,3,7.0,7.0,8.0,,3,22.0,7.333333333333333,True,True
Rachel Hunter,Jonathan Roberts,Model,,New Zealand,35,1,Eliminated Week 4,4,3,8.0,9.0,9.0,,3,26.0,8.666666666666666,True,True
Evander Holyfield,Edyta Sliwinska,Athlete,Alabama,United States,42,1,Eliminated Week 3,5,3,5.0,4.0,4.0,,3,13.0,4.333333333333333,True,True
Trista Sutter,Louis van Amstel,TV Personality,Indiana,United States,32,1,Eliminated Week 2,6,3,0.0,0.0,0.0,,3,0.0,0.0,True,False
Kelly Monaco,Alec Mazo,Actor/Actress,Pennsylvania,United States,29,1,1st Place,1,4,9.0,9.0,8.0,,3,26.0,8.666666666666666,True,True
John O'Hurley,Charlotte Jorgensen,Actor/Actress,Maine,United States,50,1,2nd Place,2,4,7.0,8.0,6.0,,3,21.0,7.0,True,True
Joey McIntyre,Ashly DelGrosso,Singer/Rapper,Massachusetts,United States,32,1,3rd Place,3,4,7.0,6.0,7.0,,3,20.0,6.666666666666667,True,True
Rachel Hunter,Jonathan Roberts,Model,,New Zealand,35,1,Eliminated Week 4,4,4,7.0,9.0,9.0,,3,25.0,8.333333333333334,True,True
Evander Holyfield,Edyta Sliwinska,Athlete,Alabama,United States,42,1,Eliminated Week 3,5,4,0.0,0.0,0.0,,3,0.0,0.0,True,False
Trista Sutter,Louis van Amstel,TV Personality,Indiana,United States,32,1,Eliminated Week 2,6,4,0.0,0.0,0.0,,3,0.0,0.0,True,False
Kelly Monaco,Alec Mazo,Actor/Actress,Pennsylvania,United States,29,1,1st Place,1,5,8.5,7.5,7.5,,3,23.5,7.833333333333333,True,True
John O'Hurley,Charlotte Jorgensen,Actor/Actress,Maine,United States,50,1,2nd Place,2,5,9.0,9.0,9.0,,3,27.0,9.0,True,True
Joey McIntyre,Ashly DelGrosso,Singer/Rapper,Massachusetts,United States,32,1,3rd Place,3,5,8.5,7.0,7.0,,3,22.5,7.5,True,True
Rachel Hunter,Jonathan Roberts,Model,,New Zealand,35,1,Eliminated Week 4,4,5,0.0,0.0,0.0,,3,0.0,0.0,True,False
Evander Holyfield,Edyta Sliwinska,Athlete,Alabama,United States,42,1,Eliminated Week 3,5,5,0.0,0.0,0.0,,3,0.0,0.0,True,False
Trista Sutter,Louis van Amstel,TV Personality,Indiana,United States,32,1,Eliminated Week 2,6,5,0.0,0.0,0.0,,3,0.0,0.0,True,False
Kelly Monaco,Alec Mazo,Actor/Actress,Pennsylvania,United States,29,1,1st Place,1,6,8.5,9.5,9.5,,3,27.5,9.166666666666666,True,True
John O'Hurley,Charlotte Jorgensen,Actor/Actress,Maine,United States,50,1,2nd Place,2,6,9.0,9.0,9.0,,3,27.0,9.0,True,True
Joey McIntyre,Ashly DelGrosso,Singer/Rapper,Massachusetts,United States,32,1,3rd Place,3,6,0.0,0.0,0.0,,3,0.0,0.0,True,False
Rachel Hunter,Jonathan Roberts,Model,,New Zealand,35,1,Eliminated Week 4,4,6,0.0,0.0,0.0,,3,0.0,0.0,True,False
Evander Holyfield,Edyta Sliwinska,Athlete,Alabama,United States,42,1,Eliminated Week 3,5,6,0.0,0.0,0.0,,3,0.0,0.0,True,False
Trista Sutter,Louis van Amstel,TV Personality,Indiana,United States,32,1,Eliminated Week 2,6,6,0.0,0.0,0.0,,3,0.0,0.0,True,False
Kelly Monaco,Alec Mazo,Actor/Actress,Pennsylvania,United States,29,1,1st Place,1,7,,,,,0,,,False,False
John O'Hurley,Charlotte Jorgensen,Actor/Actress,Maine,United States,50,1,2nd Place,2,7,,,,,0,,,False,False
Joey McIntyre,Ashly DelGrosso,Singer/Rapper,Massachusetts,United States,32,1,3rd Place,3,7,,,,,0,,,False,False
Rachel Hunter,Jonathan Roberts,Model,,New Zealand,35,1,Eliminated Week 4,4,7,,,,,0,,,False,False
Evander Holyfield,Edyta Sliwinska,Athlete,Alabama,United States,42,1,Eliminated Week 3,5,7,,,,,0,,,False,False
Trista Sutter,Louis van Amstel,TV Personality,Indiana,United States,32,1,Eliminated Week 2,6,7,,,,,0,,,False,False
Kelly Monaco,Alec Mazo,Actor/Actress,Pennsylvania,United States,29,1,1st Place,1,8,,,,,0,,,False,False
John O'Hurley,Charlotte Jorgensen,Actor/Actress,Maine,United States,50,1,2nd Place,2,8,,,,,0,,,False,False
Joey McIntyre,Ashly DelGrosso,Singer/Rapper,Massachusetts,United States,32,1,3rd Place,3,8,,,,,0,,,False,False
Rachel Hunter,Jonathan Roberts,Model,,New Zealand,35,1,Eliminated Week 4,4,8,,,,,0,,,False,False
Evander Holyfield,Edyta Sliwinska,Athlete,Alabama,United States,42,1,Eliminated Week 3,5,8,,,,,0,,,False,False
Trista Sutter,Louis van Amstel,TV Personality,Indiana,United States,32,1,Eliminated Week 2,6,8,,,,,0,,,False,False
Kelly Monaco,Alec Mazo,Actor/Actress,Pennsylvania,United States,29,1,1st Place,1,9,,,,,0,,,False,False
John O'Hurley,Charlotte Jorgensen,Actor/Actress,Maine,United States,50,1,2nd Place,2,9,,,,,0,,,False,False
Joey McIntyre,Ashly DelGrosso,Singer/Rapper,Massachusetts,United States,32,1,3rd Place,3,9,,,,,0,,,False,False
Rachel Hunter,Jonathan Roberts,Model,,New Zealand,35,1,Eliminated Week 4,4,9,,,,,0,,,False,False
Evander Holyfield,Edyta Sliwinska,Athlete,Alabama,United States,42,1,Eliminated Week 3,5,9,,,,,0,,,False,False
Trista Sutter,Louis van Amstel,TV Personality,Indiana,United States,32,1,Eliminated Week 2,6,9,,,,,0,,,False,False
Kelly Monaco,Alec Mazo,Actor/Actress,Pennsylvania,United States,29,1,1st Place,1,10,,,,,0,,,False,False
John O'Hurley,Charlotte Jorgensen,Actor/Actress,Maine,United States,50,1,2nd Place,2,10,,,,,0,,,False,False
Joey McIntyre,Ashly DelGrosso,Singer/Rapper,Massachusetts,United States,32,1,3rd Place,3,10,,,,,0,,,False,False
Rachel Hunter,Jonathan Roberts,Model,,New Zealand,35,1,Eliminated Week 4,4,10,,,,,0,,,False,False
Evander Holyfield,Edyta Sliwinska,Athlete,Alabama,United States,42,1,Eliminated Week 3,5,10,,,,,0,,,False,False
Trista Sutter,Louis van Amstel,TV Personality,Indiana,United States,32,1,Eliminated Week 2,6,10,,,,,0,,,False,False
Kelly Monaco,Alec Mazo,Actor/Actress,Pennsylvania,United States,29,1,1st Place,1,11,,,,,0,,,False,False
John O'Hurley,Charlotte Jorgensen,Actor/Actress,Maine,United States,50,1,2nd Place,2,11,,,,,0,,,False,False
Joey McIntyre,Ashly DelGrosso,Singer/Rapper,Massachusetts,United States,32,1,3rd Place,3,11,,,,,0,,,False,False
Rachel Hunter,Jonathan Roberts,Model,,New Zealand,35,1,Eliminated Week 4,4,11,,,,,0,,,False,False
Evander Holyfield,Edyta Sliwinska,Athlete,Alabama,United States,42,1,Eliminated Week 3,5,11,,,,,0,,,False,False
Trista Sutter,Louis van Amstel,TV Personality,Indiana,United States,32,1,Eliminated Week 2,6,11,,,,,0,,,False,False
Drew Lachey,Cheryl Burke,Singer/Rapper,Ohio,United States,29,2,1st Place,1,1,8.0,8.0,8.0,,3,24.0,8.0,True,True
Jerry Rice,Anna Trebunskaya,Athlete,Mississippi,United States,43,2,2nd Place,2,1,7.0,7.0,7.0,,3,21.0,7.0,True,True
Stacy Keibler,Tony Dovolani,Athlete,Maryland,United States,26,2,3rd Place,3,1,8.0,6.0,8.0,,3,22.0,7.333333333333333,True,True
Lisa Rinna,Louis van Amstel,Actor/Actress,California,United States,42,2,Eliminated Week 7,4,1,5.0,7.0,7.0,,3,19.0,6.333333333333333,True,True
George Hamilton,Edyta Sliwinska,Actor/Actress,Tennessee,United States,66,2,Eliminated Week 6,5,1,7.0,5.0,6.0,,3,18.0,6.0,True,True
Tia Carrere,Maksim Chmerkoskiy,Actor/Actress,Hawaii,United States,39,2,Eliminated Week 5,6,1,6.0,7.0,7.0,,3,20.0,6.666666666666667,True,True
Master P,Ashly DelGrosso,Singer/Rapper,Louisiana,United States,35,2,Eliminated Week 4,7,1,4.0,4.0,4.0,,3,12.0,4.0,True,True
Giselle Fernandez,Jonathan Roberts,News Anchor,,Mexico,44,2,Eliminated Week 3,8,1,7.0,8.0,8.0,,3,23.0,7.666666666666667,True,True
Tatum O'Neal,Nick Kosovich,Actor/Actress,California,United States,42,2,Eliminated Week 2,9,1,7.0,8.0,8.0,,3,23.0,7.666666666666667,True,True
Kenny Mayne,Andrea Hale,Sports Broadcaster,Washington,United States,46,2,Eliminated Week 1,10,1,4.0,5.0,4.0,,3,13.0,4.333333333333333,True,True
Drew Lachey,Cheryl Burke,Singer/Rapper,Ohio,United States,29,2,1st Place,1,2,9.0,9.0,9.0,,3,27.0,9.0,True,True
Jerry Rice,Anna Trebunskaya,Athlete,Mississippi,United States,43,2,2nd Place,2,2,7.0,8.0,8.0,,3,23.0,7.666666666666667,True,True
Stacy Keibler,Tony Dovolani,Athlete,Maryland,United States,26,2,3rd Place,3,2,9.0,10.0,10.0,,3,29.0,9.666666666666666,True,True
Lisa Rinna,Louis van Amstel,Actor/Actress,California,United States,42,2,Eliminated Week 7,4,2,6.0,7.0,7.0,,3,20.0,6.666666666666667,True,True
George Hamilton,Edyta Sliwinska,Actor/Actress,Tennessee,United States,66,2,Eliminated Week 6,5,2,8.0,7.0,7.0,,3,22.0,7.333333333333333,True,True
Tia Carrere,Maksim Chmerkoskiy,Actor/Actress,Hawaii,United States,39,2,Eliminated Week 5,6,2,7.0,8.0,7.0,,3,22.0,7.333333333333333,True,True
Master P,Ashly DelGrosso,Singer/Rapper,Louisiana,United States,35,2,Eliminated Week 4,7,2,6.0,5.0,5.0,,3,16.0,5.333333333333333,True,True
Giselle Fernandez,Jonathan Roberts,News Anchor,,Mexico,44,2,Eliminated Week 3,8,2,8.0,8.0,8.0,,3,24.0,8.0,True,True
Tatum O'Neal,Nick Kosovich,Actor/Actress,California,United States,42,2,Eliminated Week 2,9,2,5.0,6.0,6.0,,3,17.0,5.666666666666667,True,True
Kenny Mayne,Andrea Hale,Sports Broadcaster,Washington,United States,46,2,Eliminated Week 1,10,2,0.0,0.0,0.0,,3,0.0,0.0,True,False
Drew Lachey,Cheryl Burke,Singer/Rapper,Ohio,United States,29,2,1st Place,1,3,9.0,9.0,9.0,,3,27.0,9.0,True,True
Jerry Rice,Anna Trebunskaya,Athlete,Mississippi,United States,43,2,2nd Place,2,3,7.0,6.0,6.0,,3,19.0,6.333333333333333,True,True
Stacy Keibler,Tony Dovolani,Athlete,Maryland,United States,26,2,3rd Place,3,3,9.0,9.0,9.0,,3,27.0,9.0,True,True
Lisa Rinna,Louis van Amstel,Actor/Actress,California,United States,42,2,Eliminated Week 7,4,3,8.0,8.0,9.0,,3,25.0,8.333333333333334,True,True
George Hamilton,Edyta Sliwinska,Actor/Actress,Tennessee,United States,66,2,Eliminated Week 6,5,3,7.0,7.0,8.0,,3,22.0,7.333333333333333,True,True
Tia Carrere,Maksim Chmerkoskiy,Actor/Actress,Hawaii,United States,39,2,Eliminated Week 5,6,3,9.0,8.0,9.0,,3,26.0,8.666666666666666,True,True
Master P,Ashly DelGrosso,Singer/Rapper,Louisiana,United States,35,2,Eliminated Week 4,7,3,6.0,4.0,4.0,,3,14.0,4.666666666666667,True,True
Giselle Fernandez,Jonathan Roberts,News Anchor,,Mexico,44,2,Eliminated Week 3,8,3,7.0,8.0,7.0,,3,22.0,7.333333333333333,True,True
Tatum O'Neal,Nick Kosovich,Actor/Actress,California,United States,42,2,Eliminated Week 2,9,3,0.0,0.0,0.0,,3,0.0,0.0,True,False
Kenny Mayne,Andrea Hale,Sports Broadcaster,Washington,United States,46,2,Eliminated Week 1,10,3,0.0,0.0,0.0,,3,0.0,0.0,True,False
Drew Lachey,Cheryl Burke,Singer/Rapper,Ohio,United States,29,2,1st Place,1,4,9.0,9.0,10.0,,3,28.0,9.333333333333334,True,True
Jerry Rice,Anna Trebunskaya,Athlete,Mississippi,United States,43,2,2nd Place,2,4,8.0,8.0,8.0,,3,24.0,8.0,True,True
Stacy Keibler,Tony Dovolani,Athlete,Maryland,United States,26,2,3rd Place,3,4,8.0,9.0,9.0,,3,26.0,8.666666666666666,True,True
Lisa Rinna,Louis van Amstel,Actor/Actress,California,United States,42,2,Eliminated Week 7,4,4,9.0,9.0,8.0,,3,26.0,8.666666666666666,True,True
George Hamilton,Edyta Sliwinska,Actor/Actress,Tennessee,United States,66,2,Eliminated Week 6,5,4,7.0,7.0,7.0,,3,21.0,7.0,True,True
Tia Carrere,Maksim Chmerkoskiy,Actor/Actress,Hawaii,United States,39,2,Eliminated Week 5,6,4,9.0,8.0,8.0,,3,25.0,8.333333333333334,True,True
Master P,Ashly DelGrosso,Singer/Rapper,Louisiana,United States,35,2,Eliminated Week 4,7,4,4.0,2.0,2.0,,3,8.0,2.6666666666666665,True,True
Giselle Fernandez,Jonathan Roberts,News Anchor,,Mexico,44,2,Eliminated Week 3,8,4,0.0,0.0,0.0,,3,0.0,0.0,True,False
Tatum O'Neal,Nick Kosovich,Actor/Actress,California,United States,42,2,Eliminated Week 2,9,4,0.0,0.0,0.0,,3,0.0,0.0,True,False
Kenny Mayne,Andrea Hale,Sports Broadcaster,Washington,United States,46,2,Eliminated Week 1,10,4,0.0,0.0,0.0,,3,0.0,0.0,True,False
Drew Lachey,Cheryl Burke,Singer/Rapper,Ohio,United States,29,2,1st Place,1,5,9.0,9.0,9.0,,3,27.0,9.0,True,True
Jerry Rice,Anna Trebunskaya,Athlete,Mississippi,United States,43,2,2nd Place,2,5,7.0,8.0,8.0,,3,23.0,7.666666666666667,True,True
Stacy Keibler,Tony Dovolani,Athlete,Maryland,United States,26,2,3rd Place,3,5,10.0,10.0,10.0,,3,30.0,10.0,True,True
Lisa Rinna,Louis van Amstel,Actor/Actress,California,United States,42,2,Eliminated Week 7,4,5,7.0,9.0,9.0,,3,25.0,8.333333333333334,True,True
George Hamilton,Edyta Sliwinska,Actor/Actress,Tennessee,United States,66,2,Eliminated Week 6,5,5,8.0,8.0,8.0,,3,24.0,8.0,True,True
Tia Carrere,Maksim Chmerkoskiy,Actor/Actress,Hawaii,United States,39,2,Eliminated Week 5,6,5,7.0,7.0,8.0,,3,22.0,7.333333333333333,True,True
Master P,Ashly DelGrosso,Singer/Rapper,Louisiana,United States,35,2,Eliminated Week 4,7,5,0.0,0.0,0.0,,3,0.0,0.0,True,False
Giselle Fernandez,Jonathan Roberts,News Anchor,,Mexico,44,2,Eliminated Week 3,8,5,0.0,0.0,0.0,,3,0.0,0.0,True,False
Tatum O'Neal,Nick Kosovich,Actor/Actress,California,United States,42,2,Eliminated Week 2,9,5,0.0,0.0,0.0,,3,0.0,0.0,True,False
Kenny Mayne,Andrea Hale,Sports Broadcaster,Washington,United States,46,2,Eliminated Week 1,10,5,0.0,0.0,0.0,,3,0.0,0.0,True,False
Drew Lachey,Cheryl Burke,Singer/Rapper,Ohio,United States,29,2,1st Place,1,6,10.0,10.0,10.0,,3,30.0,10.0,True,True
Jerry Rice,Anna Trebunskaya,Athlete,Mississippi,United States,43,2,2nd Place,2,6,8.0,7.0,8.0,,3,23.0,7.666666666666667,True,True
Stacy Keibler,Tony Dovolani,Athlete,Maryland,United States,26,2,3rd Place,3,6,10.0,10.0,10.0,,3,30.0,10.0,True,True
Lisa Rinna,Louis van Amstel,Actor/Actress,California,United States,42,2,Eliminated Week 7,4,6,9.0,9.0,9.0,,3,27.0,9.0,True,True
George Hamilton,Edyta Sliwinska,Actor/Actress,Tennessee,United States,66,2,Eliminated Week 6,5,6,8.0,7.0,8.0,,3,23.0,7.666666666666667,True,True
Tia Carrere,Maksim Chmerkoskiy,Actor/Actress,Hawaii,United States,39,2,Eliminated Week 5,6,6,0.0,0.0,0.0,,3,0.0,0.0,True,False
Master P,Ashly DelGrosso,Singer/Rapper,Louisiana,United States,35,2,Eliminated Week 4,7,6,0.0,0.0,0.0,,3,0.0,0.0,True,False
Giselle Fernandez,Jonathan Roberts,News Anchor,,Mexico,44,2,Eliminated Week 3,8,6,0.0,0.0,0.0,,3,0.0,0.0,True,False
Tatum O'Neal,Nick Kosovich,Actor/Actress,California,United States,42,2,Eliminated Week 2,9,6,0.0,0.0,0.0,,3,0.0,0.0,True,False
Kenny Mayne,Andrea Hale,Sports Broadcaster,Washington,United States,46,2,Eliminated Week 1,10,6,0.0,0.0,0.0,,3,0.0,0.0,True,False
Drew Lachey,Cheryl Burke,Singer/Rapper,Ohio,United States,29,2,1st Place,1,7,9.5,9.0,9.0,,3,27.5,9.166666666666666,True,True
Jerry Rice,Anna Trebunskaya,Athlete,Mississippi,United States,43,2,2nd Place,2,7,7.0,7.0,6.5,,3,20.5,6.833333333333333,True,True
Stacy Keibler,Tony Dovolani,Athlete,Maryland,United States,26,2,3rd Place,3,7,9.0,9.0,9.5,,3,27.5,9.166666666666666,True,True
Lisa Rinna,Louis van Amstel,Actor/Actress,California,United States,42,2,Eliminated Week 7,4,7,8.5,9.0,9.0,,3,26.5,8.833333333333334,True,True
George Hamilton,Edyta Sliwinska,Actor/Actress,Tennessee,United States,66,2,Eliminated Week 6,5,7,0.0,0.0,0.0,,3,0.0,0.0,True,False
Tia Carrere,Maksim Chmerkoskiy,Actor/Actress,Hawaii,United States,39,2,Eliminated Week 5,6,7,0.0,0.0,0.0,,3,0.0,0.0,True,False
Master P,Ashly DelGrosso,Singer/Rapper,Louisiana,United States,35,2,Eliminated Week 4,7,7,0.0,0.0,0.0,,3,0.0,0.0,True,False
Giselle Fernandez,Jonathan Roberts,News Anchor,,Mexico,44,2,Eliminated Week 3,8,7,0.0,0.0,0.0,,3,0.0,0.0,True,False
Tatum O'Neal,Nick Kosovich,Actor/Actress,California,United States,42,2,Eliminated Week 2,9,7,0.0,0.0,0.0,,3,0.0,0.0,True,False
Kenny Mayne,Andrea Hale,Sports Broadcaster,Washington,United States,46,2,Eliminated Week 1,10,7,0.0,0.0,0.0,,3,0.0,0.0,True,False
Drew Lachey,Cheryl Burke,Singer/Rapper,Ohio,United States,29,2,1st Place,1,8,9.6666,9.6666,9.6666,,3,28.9998,9.6666,True,True
Jerry Rice,Anna Trebunskaya,Athlete,Mississippi,United States,43,2,2nd Place,2,8,9.0,9.0,8.6666,,3,26.666600000000003,8.888866666666667,True,True
Stacy Keibler,Tony Dovolani,Athlete,Maryland,United States,26,2,3rd Place,3,8,9.3333,9.6666,9.6666,,3,28.6665,9.5555,True,True
Lisa Rinna,Louis van Amstel,Actor/Actress,California,United States,42,2,Eliminated Week 7,4,8,0.0,0.0,0.0,,3,0.0,0.0,True,False
George Hamilton,Edyta Sliwinska,Actor/Actress,Tennessee,United States,66,2,Eliminated Week 6,5,8,0.0,0.0,0.0,,3,0.0,0.0,True,False
Tia Carrere,Maksim Chmerkoskiy,Actor/Actress,Hawaii,United States,39,2,Eliminated Week 5,6,8,0.0,0.0,0.0,,3,0.0,0.0,True,False
Master P,Ashly DelGrosso,Singer/Rapper,Louisiana,United States,35,2,Eliminated Week 4,7,8,0.0,0.0,0.0,,3,0.0,0.0,True,False
Giselle Fernandez,Jonathan Roberts,News Anchor,,Mexico,44,2,Eliminated Week 3,8,8,0.0,0.0,0.0,,3,0.0,0.0,True,False
Tatum O'Neal,Nick Kosovich,Actor/Actress,California,United States,42,2,Eliminated Week 2,9,8,0.0,0.0,0.0,,3,0.0,0.0,True,False
Kenny Mayne,Andrea Hale,Sports Broadcaster,Washington,United States,46,2,Eliminated Week 1,10,8,0.0,0.0,0.0,,3,0.0,0.0,True,False
Drew Lachey,Cheryl Burke,Singer/Rapper,Ohio,United States,29,2,1st Place,1,9,,,,,0,,,False,False
Jerry Rice,Anna Trebunskaya,Athlete,Mississippi,United States,43,2,2nd Place,2,9,,,,,0,,,False,False
Stacy Keibler,Tony Dovolani,Athlete,Maryland,United States,26,2,3rd Place,3,9,,,,,0,,,False,False
Lisa Rinna,Louis van Amstel,Actor/Actress,California,United States,42,2,Eliminated Week 7,4,9,,,,,0,,,False,False
George Hamilton,Edyta Sliwinska,Actor/Actress,Tennessee,United States,66,2,Eliminated Week 6,5,9,,,,,0,,,False,False
Tia Carrere,Maksim Chmerkoskiy,Actor/Actress,Hawaii,United States,39,2,Eliminated Week 5,6,9,,,,,0,,,False,False
Master P,Ashly DelGrosso,Singer/Rapper,Louisiana,United States,35,2,Eliminated Week 4,7,9,,,,,0,,,False,False
Giselle Fernandez,Jonathan Roberts,News Anchor,,Mexico,44,2,Eliminated Week 3,8,9,,,,,0,,,False,False
Tatum O'Neal,Nick Kosovich,Actor/Actress,California,United States,42,2,Eliminated Week 2,9,9,,,,,0,,,False,False
Kenny Mayne,Andrea Hale,Sports Broadcaster,Washington,United States,46,2,Eliminated Week 1,10,9,,,,,0,,,False,False
Drew Lachey,Cheryl Burke,Singer/Rapper,Ohio,United States,29,2,1st Place,1,10,,,,,0,,,False,False
Jerry Rice,Anna Trebunskaya,Athlete,Mississippi,United States,43,2,2nd Place,2,10,,,,,0,,,False,False
Stacy Keibler,Tony Dovolani,Athlete,Maryland,United States,26,2,3rd Place,3,10,,,,,0,,,False,False
Lisa Rinna,Louis van Amstel,Actor/Actress,California,United States,42,2,Eliminated Week 7,4,10,,,,,0,,,False,False
George Hamilton,Edyta Sliwinska,Actor/Actress,Tennessee,United States,66,2,Eliminated Week 6,5,10,,,,,0,,,False,False
Tia Carrere,Maksim Chmerkoskiy,Actor/Actress,Hawaii,United States,39,2,Eliminated Week 5,6,10,,,,,0,,,False,False
Master P,Ashly DelGrosso,Singer/Rapper,Louisiana,United States,35,2,Eliminated Week 4,7,10,,,,,0,,,False,False
Giselle Fernandez,Jonathan Roberts,News Anchor,,Mexico,44,2,Eliminated Week 3,8,10,,,,,0,,,False,False
Tatum O'Neal,Nick Kosovich,Actor/Actress,California,United States,42,2,Eliminated Week 2,9,10,,,,,0,,,False,False
Kenny Mayne,Andrea Hale,Sports Broadcaster,Washington,United States,46,2,Eliminated Week 1,10,10,,,,,0,,,False,False
Drew Lachey,Cheryl Burke,Singer/Rapper,Ohio,United States,29,2,1st Place,1,11,,,,,0,,,False,False
Jerry Rice,Anna Trebunskaya,Athlete,Mississippi,United States,43,2,2nd Place,2,11,,,,,0,,,False,False
Stacy Keibler,Tony Dovolani,Athlete,Maryland,United States,26,2,3rd Place,3,11,,,,,0,,,False,False
Lisa Rinna,Louis van Amstel,Actor/Actress,California,United States,42,2,Eliminated Week 7,4,11,,,,,0,,,False,False
George Hamilton,Edyta Sliwinska,Actor/Actress,Tennessee,United States,66,2,Eliminated Week 6,5,11,,,,,0,,,False,False
Tia Carrere,Maksim Chmerkoskiy,Actor/Actress,Hawaii,United States,39,2,Eliminated Week 5,6,11,,,,,0,,,False,False
Master P,Ashly DelGrosso,Singer/Rapper,Louisiana,United States,35,2,Eliminated Week 4,7,11,,,,,0,,,False,False
Giselle Fernandez,Jonathan Roberts,News Anchor,,Mexico,44,2,Eliminated Week 3,8,11,,,,,0,,,False,False
Tatum O'Neal,Nick Kosovich,Actor/Actress,California,United States,42,2,Eliminated Week 2,9,11,,,,,0,,,False,False
Kenny Mayne,Andrea Hale,Sports Broadcaster,Washington,United States,46,2,Eliminated Week 1,10,11,,,,,0,,,False,False
Emmitt Smith,Cheryl Burke,Athlete,Florida,United States,37,3,1st Place,1,1,8.0,8.0,8.0,,3,24.0,8.0,True,True
Mario Lopez,Karina Smirnoff,Actor/Actress,California,United States,32,3,2nd Place,2,1,9.0,8.0,9.0,,3,26.0,8.666666666666666,True,True
Joey Lawrence,Edyta Sliwinska,Actor/Actress,Pennsylvania,United States,30,3,3rd Place,3,1,7.0,7.0,7.0,,3,21.0,7.0,True,True
Monique Coleman,Louis van Amstel,Actor/Actress,South Carolina,United States,25,3,Eliminated Week 8,4,1,6.0,6.0,7.0,,3,19.0,6.333333333333333,True,True
Jerry Springer,Kym Johnson,TV Personality,,England,62,3,Eliminated Week 7,5,1,5.0,5.0,6.0,,3,16.0,5.333333333333333,True,True
Sara Evans,Tony Dovolani,Singer/Rapper,Missouri,United States,35,3,Withdrew,6,1,5.0,5.0,5.0,,3,15.0,5.0,True,True
Willa Ford,Maksim Chmerkoskiy,Singer/Rapper,Florida,United States,25,3,Eliminated Week 5,7,1,7.0,7.0,8.0,,3,22.0,7.333333333333333,True,True
Vivica A. Fox,Nick Kosovich,Actor/Actress,Indiana,United States,42,3,Eliminated Week 4,8,1,6.0,8.0,8.0,,3,22.0,7.333333333333333,True,True
Harry Hamlin,Ashly DelGrosso,Actor/Actress,California,United States,54,3,Eliminated Week 3,9,1,5.0,6.0,6.0,,3,17.0,5.666666666666667,True,True
Shanna Moakler,Jesse DeSoto,Model,Rhode Island,United States,31,3,Eliminated Week 2,10,1,7.0,5.0,6.0,,3,18.0,6.0,True,True
Tucker Carlson,Elena Grinenko,TV Personality,California,United States,37,3,Eliminated Week 1,11,1,5.0,4.0,3.0,,3,12.0,4.0,True,True
Emmitt Smith,Cheryl Burke,Athlete,Florida,United States,37,3,1st Place,1,2,8.0,8.0,8.0,,3,24.0,8.0,True,True
Mario Lopez,Karina Smirnoff,Actor/Actress,California,United States,32,3,2nd Place,2,2,7.0,6.0,8.0,,3,21.0,7.0,True,True
Joey Lawrence,Edyta Sliwinska,Actor/Actress,Pennsylvania,United States,30,3,3rd Place,3,2,10.0,9.0,10.0,,3,29.0,9.666666666666666,True,True
Monique Coleman,Louis van Amstel,Actor/Actress,South Carolina,United States,25,3,Eliminated Week 8,4,2,9.0,8.0,9.0,,3,26.0,8.666666666666666,True,True
Jerry Springer,Kym Johnson,TV Personality,,England,62,3,Eliminated Week 7,5,2,7.0,6.0,6.0,,3,19.0,6.333333333333333,True,True
Sara Evans,Tony Dovolani,Singer/Rapper,Missouri,United States,35,3,Withdrew,6,2,7.0,7.0,7.0,,3,21.0,7.0,True,True
Willa Ford,Maksim Chmerkoskiy,Singer/Rapper,Florida,United States,25,3,Eliminated Week 5,7,2,7.0,8.0,8.0,,3,23.0,7.666666666666667,True,True
Vivica A. Fox,Nick Kosovich,Actor/Actress,Indiana,United States,42,3,Eliminated Week 4,8,2,8.0,8.0,8.0,,3,24.0,8.0,True,True
Harry Hamlin,Ashly DelGrosso,Actor/Actress,California,United States,54,3,Eliminated Week 3,9,2,7.0,7.0,7.0,,3,21.0,7.0,True,True
Shanna Moakler,Jesse DeSoto,Model,Rhode Island,United States,31,3,Eliminated Week 2,10,2,8.0,7.0,7.0,,3,22.0,7.333333333333333,True,True
Tucker Carlson,Elena Grinenko,TV Personality,California,United States,37,3,Eliminated Week 1,11,2,0.0,0.0,0.0,,3,0.0,0.0,True,False
Emmitt Smith,Cheryl Burke,Athlete,Florida,United States,37,3,1st Place,1,3,7.0,6.0,6.0,,3,19.0,6.333333333333333,True,True
Mario Lopez,Karina Smirnoff,Actor/Actress,California,United States,32,3,2nd Place,2,3,8.0,6.0,8.0,,3,22.0,7.333333333333333,True,True
Joey Lawrence,Edyta Sliwinska,Actor/Actress,Pennsylvania,United States,30,3,3rd Place,3,3,8.0,6.0,8.0,,3,22.0,7.333333333333333,True,True
Monique Coleman,Louis van Amstel,Actor/Actress,South Carolina,United States,25,3,Eliminated Week 8,4,3,9.0,9.0,9.0,,3,27.0,9.0,True,True
Jerry Springer,Kym Johnson,TV Personality,,England,62,3,Eliminated Week 7,5,3,7.0,7.0,7.0,,3,21.0,7.0,True,True
Sara Evans,Tony Dovolani,Singer/Rapper,Missouri,United States,35,3,Withdrew,6,3,8.0,9.0,8.0,,3,25.0,8.333333333333334,True,True
Willa Ford,Maksim Chmerkoskiy,Singer/Rapper,Florida,United States,25,3,Eliminated Week 5,7,3,7.0,7.0,8.0,,3,22.0,7.333333333333333,True,True
Vivica A. Fox,Nick Kosovich,Actor/Actress,Indiana,United States,42,3,Eliminated Week 4,8,3,9.0,9.0,9.0,,3,27.0,9.0,True,True
Harry Hamlin,Ashly DelGrosso,Actor/Actress,California,United States,54,3,Eliminated Week 3,9,3,7.0,8.0,7.0,,3,22.0,7.333333333333333,True,True
Shanna Moakler,Jesse DeSoto,Model,Rhode Island,United States,31,3,Eliminated Week 2,10,3,0.0,0.0,0.0,,3,0.0,0.0,True,False
Tucker Carlson,Elena Grinenko,TV Personality,California,United States,37,3,Eliminated Week 1,11,3,0.0,0.0,0.0,,3,0.0,0.0,True,False
Emmitt Smith,Cheryl Burke,Athlete,Florida,United States,37,3,1st Place,1,4,8.0,8.0,8.0,,3,24.0,8.0,True,True
Mario Lopez,Karina Smirnoff,Actor/Actress,California,United States,32,3,2nd Place,2,4,10.0,9.0,10.0,,3,29.0,9.666666666666666,True,True
Joey Lawrence,Edyta Sliwinska,Actor/Actress,Pennsylvania,United States,30,3,3rd Place,3,4,9.0,9.0,9.0,,3,27.0,9.0,True,True
Monique Coleman,Louis van Amstel,Actor/Actress,South Carolina,United States,25,3,Eliminated Week 8,4,4,8.0,8.0,8.0,,3,24.0,8.0,True,True
Jerry Springer,Kym Johnson,TV Personality,,England,62,3,Eliminated Week 7,5,4,7.0,7.0,8.0,,3,22.0,7.333333333333333,True,True
Sara Evans,Tony Dovolani,Singer/Rapper,Missouri,United States,35,3,Withdrew,6,4,6.0,7.0,7.0,,3,20.0,6.666666666666667,True,True
Willa Ford,Maksim Chmerkoskiy,Singer/Rapper,Florida,United States,25,3,Eliminated Week 5,7,4,9.0,9.0,10.0,,3,28.0,9.333333333333334,True,True
Vivica A. Fox,Nick Kosovich,Actor/Actress,Indiana,United States,42,3,Eliminated Week 4,8,4,8.0,8.0,8.0,,3,24.0,8.0,True,True
Harry Hamlin,Ashly DelGrosso,Actor/Actress,California,United States,54,3,Eliminated Week 3,9,4,0.0,0.0,0.0,,3,0.0,0.0,True,False
Shanna Moakler,Jesse DeSoto,Model,Rhode Island,United States,31,3,Eliminated Week 2,10,4,0.0,0.0,0.0,,3,0.0,0.0,True,False
Tucker Carlson,Elena Grinenko,TV Personality,California,United States,37,3,Eliminated Week 1,11,4,0.0,0.0,0.0,,3,0.0,0.0,True,False
Emmitt Smith,Cheryl Burke,Athlete,Florida,United States,37,3,1st Place,1,5,9.0,9.0,9.0,,3,27.0,9.0,True,True
Mario Lopez,Karina Smirnoff,Actor/Actress,California,United States,32,3,2nd Place,2,5,9.0,9.0,9.0,,3,27.0,9.0,True,True
Joey Lawrence,Edyta Sliwinska,Actor/Actress,Pennsylvania,United States,30,3,3rd Place,3,5,8.0,8.0,9.0,,3,25.0,8.333333333333334,True,True
Monique Coleman,Louis van Amstel,Actor/Actress,South Carolina,United States,25,3,Eliminated Week 8,4,5,9.0,9.0,9.0,,3,27.0,9.0,True,True
Jerry Springer,Kym Johnson,TV Personality,,England,62,3,Eliminated Week 7,5,5,8.0,8.0,8.0,,3,24.0,8.0,True,True
Sara Evans,Tony Dovolani,Singer/Rapper,Missouri,United States,35,3,Withdrew,6,5,8.0,8.0,8.0,,3,24.0,8.0,True,True
Willa Ford,Maksim Chmerkoskiy,Singer/Rapper,Florida,United States,25,3,Eliminated Week 5,7,5,9.0,9.0,9.0,,3,27.0,9.0,True,True
Vivica A. Fox,Nick Kosovich,Actor/Actress,Indiana,United States,42,3,Eliminated Week 4,8,5,0.0,0.0,0.0,,3,0.0,0.0,True,False
Harry Hamlin,Ashly DelGrosso,Actor/Actress,California,United States,54,3,Eliminated Week 3,9,5,0.0,0.0,0.0,,3,0.0,0.0,True,False
Shanna Moakler,Jesse DeSoto,Model,Rhode Island,United States,31,3,Eliminated Week 2,10,5,0.0,0.0,0.0,,3,0.0,0.0,True,False
Tucker Carlson,Elena Grinenko,TV Personality,California,United States,37,3,Eliminated Week 1,11,5,0.0,0.0,0.0,,3,0.0,0.0,True,False
Emmitt Smith,Cheryl Burke,Athlete,Florida,United States,37,3,1st Place,1,6,8.0,8.0,9.0,,3,25.0,8.333333333333334,True,True
Mario Lopez,Karina Smirnoff,Actor/Actress,California,United States,32,3,2nd Place,2,6,9.0,9.0,10.0,,3,28.0,9.333333333333334,True,True
Joey Lawrence,Edyta Sliwinska,Actor/Actress,Pennsylvania,United States,30,3,3rd Place,3,6,8.0,8.0,8.0,,3,24.0,8.0,True,True
Monique Coleman,Louis van Amstel,Actor/Actress,South Carolina,United States,25,3,Eliminated Week 8,4,6,9.0,7.0,7.0,,3,23.0,7.666666666666667,True,True
Jerry Springer,Kym Johnson,TV Personality,,England,62,3,Eliminated Week 7,5,6,7.0,6.0,5.0,,3,18.0,6.0,True,True
Sara Evans,Tony Dovolani,Singer/Rapper,Missouri,United States,35,3,Withdrew,6,6,0.0,0.0,0.0,,3,0.0,0.0,True,False
Willa Ford,Maksim Chmerkoskiy,Singer/Rapper,Florida,United States,25,3,Eliminated Week 5,7,6,0.0,0.0,0.0,,3,0.0,0.0,True,False
Vivica A. Fox,Nick Kosovich,Actor/Actress,Indiana,United States,42,3,Eliminated Week 4,8,6,0.0,0.0,0.0,,3,0.0,0.0,True,False
Harry Hamlin,Ashly DelGrosso,Actor/Actress,California,United States,54,3,Eliminated Week 3,9,6,0.0,0.0,0.0,,3,0.0,0.0,True,False
Shanna Moakler,Jesse DeSoto,Model,Rhode Island,United States,31,3,Eliminated Week 2,10,6,0.0,0.0,0.0,,3,0.0,0.0,True,False
Tucker Carlson,Elena Grinenko,TV Personality,California,United States,37,3,Eliminated Week 1,11,6,0.0,0.0,0.0,,3,0.0,0.0,True,False
Emmitt Smith,Cheryl Burke,Athlete,Florida,United States,37,3,1st Place,1,7,10.0,9.5,9.0,,3,28.5,9.5,True,True
Mario Lopez,Karina Smirnoff,Actor/Actress,California,United States,32,3,2nd Place,2,7,9.5,9.0,9.5,,3,28.0,9.333333333333334,True,True
Joey Lawrence,Edyta Sliwinska,Actor/Actress,Pennsylvania,United States,30,3,3rd Place,3,7,9.5,9.0,10.0,,3,28.5,9.5,True,True
Monique Coleman,Louis van Amstel,Actor/Actress,South Carolina,United States,25,3,Eliminated Week 8,4,7,9.0,9.0,9.0,,3,27.0,9.0,True,True
Jerry Springer,Kym Johnson,TV Personality,,England,62,3,Eliminated Week 7,5,7,7.5,8.0,7.5,,3,23.0,7.666666666666667,True,True
Sara Evans,Tony Dovolani,Singer/Rapper,Missouri,United States,35,3,Withdrew,6,7,0.0,0.0,0.0,,3,0.0,0.0,True,False
Willa Ford,Maksim Chmerkoskiy,Singer/Rapper,Florida,United States,25,3,Eliminated Week 5,7,7,0.0,0.0,0.0,,3,0.0,0.0,True,False
Vivica A. Fox,Nick Kosovich,Actor/Actress,Indiana,United States,42,3,Eliminated Week 4,8,7,0.0,0.0,0.0,,3,0.0,0.0,True,False
Harry Hamlin,Ashly DelGrosso,Actor/Actress,California,United States,54,3,Eliminated Week 3,9,7,0.0,0.0,0.0,,3,0.0,0.0,True,False
Shanna Moakler,Jesse DeSoto,Model,Rhode Island,United States,31,3,Eliminated Week 2,10,7,0.0,0.0,0.0,,3,0.0,0.0,True,False
Tucker Carlson,Elena Grinenko,TV Personality,California,United States,37,3,Eliminated Week 1,11,7,0.0,0.0,0.0,,3,0.0,0.0,True,False
Emmitt Smith,Cheryl Burke,Athlete,Florida,United States,37,3,1st Place,1,8,8.5,9.0,9.5,,3,27.0,9.0,True,True
Mario Lopez,Karina Smirnoff,Actor/Actress,California,United States,32,3,2nd Place,2,8,9.5,9.0,10.0,,3,28.5,9.5,True,True
Joey Lawrence,Edyta Sliwinska,Actor/Actress,Pennsylvania,United States,30,3,3rd Place,3,8,9.5,8.5,9.0,,3,27.0,9.0,True,True
Monique Coleman,Louis van Amstel,Actor/Actress,South Carolina,United States,25,3,Eliminated Week 8,4,8,8.5,9.0,9.0,,3,26.5,8.833333333333334,True,True
Jerry Springer,Kym Johnson,TV Personality,,England,62,3,Eliminated Week 7,5,8,0.0,0.0,0.0,,3,0.0,0.0,True,False
Sara Evans,Tony Dovolani,Singer/Rapper,Missouri,United States,35,3,Withdrew,6,8,0.0,0.0,0.0,,3,0.0,0.0,True,False
Willa Ford,Maksim Chmerkoskiy,Singer/Rapper,Florida,United States,25,3,Eliminated Week 5,7,8,0.0,0.0,0.0,,3,0.0,0.0,True,False
Vivica A. Fox,Nick Kosovich,Actor/Actress,Indiana,United States,42,3,Eliminated Week 4,8,8,0.0,0.0,0.0,,3,0.0,0.0,True,False
Harry Hamlin,Ashly DelGrosso,Actor/Actress,California,United States,54,3,Eliminated Week 3,9,8,0.0,0.0,0.0,,3,0.0,0.0,True,False
Shanna Moakler,Jesse DeSoto,Model,Rhode Island,United States,31,3,Eliminated Week 2,10,8,0.0,0.0,0.0,,3,0.0,0.0,True,False
Tucker Carlson,Elena Grinenko,TV Personality,California,United States,37,3,Eliminated Week 1,11,8,0.0,0.0,0.0,,3,0.0,0.0,True,False
Emmitt Smith,Cheryl Burke,Athlete,Florida,United States,37,3,1st Place,1,9,9.5,10.0,10.0,,3,29.5,9.833333333333334,True,True
Mario Lopez,Karina Smirnoff,Actor/Actress,California,United States,32,3,2nd Place,2,9,10.0,9.5,10.0,,3,29.5,9.833333333333334,True,True
Joey Lawrence,Edyta Sliwinska,Actor/Actress,Pennsylvania,United States,30,3,3rd Place,3,9,9.5,10.0,10.0,,3,29.5,9.833333333333334,True,True
Monique Coleman,Louis van Amstel,Actor/Actress,South Carolina,United States,25,3,Eliminated Week 8,4,9,0.0,0.0,0.0,,3,0.0,0.0,True,False
Jerry Springer,Kym Johnson,TV Personality,,England,62,3,Eliminated Week 7,5,9,0.0,0.0,0.0,,3,0.0,0.0,True,False
Sara Evans,Tony Dovolani,Singer/Rapper,Missouri,United States,35,3,Withdrew,6,9,0.0,0.0,0.0,,3,0.0,0.0,True,False
Willa Ford,Maksim Chmerkoskiy,Singer/Rapper,Florida,United States,25,3,Eliminated Week 5,7,9,0.0,0.0,0.0,,3,0.0,0.0,True,False
Vivica A. Fox,Nick Kosovich,Actor/Actress,Indiana,United States,42,3,Eliminated Week 4,8,9,0.0,0.0,0.0,,3,0.0,0.0,True,False
Harry Hamlin,Ashly DelGrosso,Actor/Actress,California,United States,54,3,Eliminated Week 3,9,9,0.0,0.0,0.0,,3,0.0,0.0,True,False
Shanna Moakler,Jesse DeSoto,Model,Rhode Island,United States,31,3,Eliminated Week 2,10,9,0.0,0.0,0.0,,3,0.0,0.0,True,False
Tucker Carlson,Elena Grinenko,TV Personality,California,United States,37,3,Eliminated Week 1,11,9,0.0,0.0,0.0,,3,0.0,0.0,True,False
Emmitt Smith,Cheryl Burke,Athlete,Florida,United States,37,3,1st Place,1,10,10.0,9.6666,10.0,,3,29.666600000000003,9.888866666666667,True,True
Mario Lopez,Karina Smirnoff,Actor/Actress,California,United States,32,3,2nd Place,2,10,10.0,10.0,9.6666,,3,29.666600000000003,9.888866666666667,True,True
Joey Lawrence,Edyta Sliwinska,Actor/Actress,Pennsylvania,United States,30,3,3rd Place,3,10,0.0,0.0,0.0,,3,0.0,0.0,True,False
Monique Coleman,Louis van Amstel,Actor/Actress,South Carolina,United States,25,3,Eliminated Week 8,4,10,0.0,0.0,0.0,,3,0.0,0.0,True,False
Jerry Springer,Kym Johnson,TV Personality,,England,62,3,Eliminated Week 7,5,10,0.0,0.0,0.0,,3,0.0,0.0,True,False
Sara Evans,Tony Dovolani,Singer/Rapper,Missouri,United States,35,3,Withdrew,6,10,0.0,0.0,0.0,,3,0.0,0.0,True,False
Willa Ford,Maksim Chmerkoskiy,Singer/Rapper,Florida,United States,25,3,Eliminated Week 5,7,10,0.0,0.0,0.0,,3,0.0,0.0,True,False
Vivica A. Fox,Nick Kosovich,Actor/Actress,Indiana,United States,42,3,Eliminated Week 4,8,10,0.0,0.0,0.0,,3,0.0,0.0,True,False
Harry Hamlin,Ashly DelGrosso,Actor/Actress,California,United States,54,3,Eliminated Week 3,9,10,0.0,0.0,0.0,,3,0.0,0.0,True,False
Shanna Moakler,Jesse DeSoto,Model,Rhode Island,United States,31,3,Eliminated Week 2,10,10,0.0,0.0,0.0,,3,0.0,0.0,True,False
Tucker Carlson,Elena Grinenko,TV Personality,California,United States,37,3,Eliminated Week 1,11,10,0.0,0.0,0.0,,3,0.0,0.0,True,False
Emmitt Smith,Cheryl Burke,Athlete,Florida,United States,37,3,1st Place,1,11,,,,,0,,,False,False
Mario Lopez,Karina Smirnoff,Actor/Actress,California,United States,32,3,2nd Place,2,11,,,,,0,,,False,False
Joey Lawrence,Edyta Sliwinska,Actor/Actress,Pennsylvania,United States,30,3,3rd Place,3,11,,,,,0,,,False,False
Monique Coleman,Louis van Amstel,Actor/Actress,South Carolina,United States,25,3,Eliminated Week 8,4,11,,,,,0,,,False,False
Jerry Springer,Kym Johnson,TV Personality,,England,62,3,Eliminated Week 7,5,11,,,,,0,,,False,False
Sara Evans,Tony Dovolani,Singer/Rapper,Missouri,United States,35,3,Withdrew,6,11,,,,,0,,,False,False
Willa Ford,Maksim Chmerkoskiy,Singer/Rapper,Florida,United States,25,3,Eliminated Week 5,7,11,,,,,0,,,False,False
Vivica A. Fox,Nick Kosovich,Actor/Actress,Indiana,United States,42,3,Eliminated Week 4,8,11,,,,,0,,,False,False
Harry Hamlin,Ashly DelGrosso,Actor/Actress,California,United States,54,3,Eliminated Week 3,9,11,,,,,0,,,False,False
Shanna Moakler,Jesse DeSoto,Model,Rhode Island,United States,31,3,Eliminated Week 2,10,11,,,,,0,,,False,False
Tucker Carlson,Elena Grinenko,TV Personality,California,United States,37,3,Eliminated Week 1,11,11,,,,,0,,,False,False
Apolo Anton Ohno,Julianne Hough,Athlete,Washington,United States,24,4,1st Place,1,1,7.0,7.0,7.0,,3,21.0,7.0,True,True
Joey Fatone,Kym Johnson,Singer/Rapper,New York,United States,30,4,2nd Place,2,1,8.0,8.0,8.0,,3,24.0,8.0,True,True
Laila Ali,Maksim Chmerkoskiy,Athlete,Florida,United States,29,4,3rd Place,3,1,7.0,8.0,8.0,,3,23.0,7.666666666666667,True,True
Ian Ziering,Cheryl Burke,Actor/Actress,New Jersey,United States,42,4,Eliminated Week 9,4,1,7.0,7.0,7.0,,3,21.0,7.0,True,True
Billy Ray Cyrus,Karina Smirnoff,Singer/Rapper,Kentucky,United States,45,4,Eliminated Week 8,5,1,5.0,4.0,4.0,,3,13.0,4.333333333333333,True,True
John Ratzenberger,Edyta Sliwinska,Actor/Actress,Connecticut,United States,59,4,Eliminated Week 7,6,1,6.0,5.0,6.0,,3,17.0,5.666666666666667,True,True
Heather Mills,Jonathan Roberts,Model,,England,39,4,Eliminated Week 6,7,1,6.0,6.0,6.0,,3,18.0,6.0,True,True
Clyde Drexler,Elena Grinenko,Athlete,Louisiana,United States,44,4,Eliminated Week 5,8,1,6.0,5.0,5.0,,3,16.0,5.333333333333333,True,True
Leeza Gibbons,Tony Dovolani,TV Personality,South Carolina,United States,50,4,Eliminated Week 4,9,1,5.0,5.0,5.0,,3,15.0,5.0,True,True
Shandi Finnessey,Brian Fortuna,Beauty Pagent,Missouri,United States,28,4,Eliminated Week 3,10,1,6.0,6.0,7.0,,3,19.0,6.333333333333333,True,True
Paulina Porizkova,Alec Mazo,Model,,Czechoslovakia,41,4,Eliminated Week 2,11,1,6.0,6.0,7.0,,3,19.0,6.333333333333333,True,True
Apolo Anton Ohno,Julianne Hough,Athlete,Washington,United States,24,4,1st Place,1,2,8.0,9.0,9.0,,3,26.0,8.666666666666666,True,True
Joey Fatone,Kym Johnson,Singer/Rapper,New York,United States,30,4,2nd Place,2,2,8.0,8.0,8.0,,3,24.0,8.0,True,True
Laila Ali,Maksim Chmerkoskiy,Athlete,Florida,United States,29,4,3rd Place,3,2,9.0,9.0,9.0,,3,27.0,9.0,True,True
Ian Ziering,Cheryl Burke,Actor/Actress,New Jersey,United States,42,4,Eliminated Week 9,4,2,7.0,8.0,7.0,,3,22.0,7.333333333333333,True,True
Billy Ray Cyrus,Karina Smirnoff,Singer/Rapper,Kentucky,United States,45,4,Eliminated Week 8,5,2,7.0,7.0,7.0,,3,21.0,7.0,True,True
John Ratzenberger,Edyta Sliwinska,Actor/Actress,Connecticut,United States,59,4,Eliminated Week 7,6,2,7.0,7.0,7.0,,3,21.0,7.0,True,True
Heather Mills,Jonathan Roberts,Model,,England,39,4,Eliminated Week 6,7,2,8.0,8.0,8.0,,3,24.0,8.0,True,True
Clyde Drexler,Elena Grinenko,Athlete,Louisiana,United States,44,4,Eliminated Week 5,8,2,6.0,6.0,6.0,,3,18.0,6.0,True,True
Leeza Gibbons,Tony Dovolani,TV Personality,South Carolina,United States,50,4,Eliminated Week 4,9,2,7.0,7.0,7.0,,3,21.0,7.0,True,True
Shandi Finnessey,Brian Fortuna,Beauty Pagent,Missouri,United States,28,4,Eliminated Week 3,10,2,6.0,7.0,7.0,,3,20.0,6.666666666666667,True,True
Paulina Porizkova,Alec Mazo,Model,,Czechoslovakia,41,4,Eliminated Week 2,11,2,7.0,7.0,7.0,,3,21.0,7.0,True,True
Apolo Anton Ohno,Julianne Hough,Athlete,Washington,United States,24,4,1st Place,1,3,7.0,8.0,8.0,,3,23.0,7.666666666666667,True,True
Joey Fatone,Kym Johnson,Singer/Rapper,New York,United States,30,4,2nd Place,2,3,8.0,8.0,8.0,,3,24.0,8.0,True,True
Laila Ali,Maksim Chmerkoskiy,Athlete,Florida,United States,29,4,3rd Place,3,3,7.0,7.0,7.0,,3,21.0,7.0,True,True
Ian Ziering,Cheryl Burke,Actor/Actress,New Jersey,United States,42,4,Eliminated Week 9,4,3,8.0,8.0,8.0,,3,24.0,8.0,True,True
Billy Ray Cyrus,Karina Smirnoff,Singer/Rapper,Kentucky,United States,45,4,Eliminated Week 8,5,3,7.0,7.0,7.0,,3,21.0,7.0,True,True
John Ratzenberger,Edyta Sliwinska,Actor/Actress,Connecticut,United States,59,4,Eliminated Week 7,6,3,7.0,6.0,7.0,,3,20.0,6.666666666666667,True,True
Heather Mills,Jonathan Roberts,Model,,England,39,4,Eliminated Week 6,7,3,8.0,8.0,8.0,,3,24.0,8.0,True,True
Clyde Drexler,Elena Grinenko,Athlete,Louisiana,United States,44,4,Eliminated Week 5,8,3,6.0,5.0,5.0,,3,16.0,5.333333333333333,True,True
Leeza Gibbons,Tony Dovolani,TV Personality,South Carolina,United States,50,4,Eliminated Week 4,9,3,8.0,8.0,8.0,,3,24.0,8.0,True,True
Shandi Finnessey,Brian Fortuna,Beauty Pagent,Missouri,United States,28,4,Eliminated Week 3,10,3,7.0,7.0,7.0,,3,21.0,7.0,True,True
Paulina Porizkova,Alec Mazo,Model,,Czechoslovakia,41,4,Eliminated Week 2,11,3,0.0,0.0,0.0,,3,0.0,0.0,True,False
Apolo Anton Ohno,Julianne Hough,Athlete,Washington,United States,24,4,1st Place,1,4,9.0,8.0,9.0,,3,26.0,8.666666666666666,True,True
Joey Fatone,Kym Johnson,Singer/Rapper,New York,United States,30,4,2nd Place,2,4,10.0,9.0,9.0,,3,28.0,9.333333333333334,True,True
Laila Ali,Maksim Chmerkoskiy,Athlete,Florida,United States,29,4,3rd Place,3,4,7.0,7.0,7.0,,3,21.0,7.0,True,True
Ian Ziering,Cheryl Burke,Actor/Actress,New Jersey,United States,42,4,Eliminated Week 9,4,4,7.0,9.0,8.0,,3,24.0,8.0,True,True
Billy Ray Cyrus,Karina Smirnoff,Singer/Rapper,Kentucky,United States,45,4,Eliminated Week 8,5,4,7.0,7.0,7.0,,3,21.0,7.0,True,True
John Ratzenberger,Edyta Sliwinska,Actor/Actress,Connecticut,United States,59,4,Eliminated Week 7,6,4,6.0,5.0,5.0,,3,16.0,5.333333333333333,True,True
Heather Mills,Jonathan Roberts,Model,,England,39,4,Eliminated Week 6,7,4,7.0,8.0,8.0,,3,23.0,7.666666666666667,True,True
Clyde Drexler,Elena Grinenko,Athlete,Louisiana,United States,44,4,Eliminated Week 5,8,4,6.0,4.0,5.0,,3,15.0,5.0,True,True
Leeza Gibbons,Tony Dovolani,TV Personality,South Carolina,United States,50,4,Eliminated Week 4,9,4,6.0,5.0,5.0,,3,16.0,5.333333333333333,True,True
Shandi Finnessey,Brian Fortuna,Beauty Pagent,Missouri,United States,28,4,Eliminated Week 3,10,4,0.0,0.0,0.0,,3,0.0,0.0,True,False
Paulina Porizkova,Alec Mazo,Model,,Czechoslovakia,41,4,Eliminated Week 2,11,4,0.0,0.0,0.0,,3,0.0,0.0,True,False
Apolo Anton Ohno,Julianne Hough,Athlete,Washington,United States,24,4,1st Place,1,5,10.0,10.0,10.0,,3,30.0,10.0,True,True
Joey Fatone,Kym Johnson,Singer/Rapper,New York,United States,30,4,2nd Place,2,5,8.0,8.0,9.0,,3,25.0,8.333333333333334,True,True
Laila Ali,Maksim Chmerkoskiy,Athlete,Florida,United States,29,4,3rd Place,3,5,9.0,10.0,9.0,,3,28.0,9.333333333333334,True,True
Ian Ziering,Cheryl Burke,Actor/Actress,New Jersey,United States,42,4,Eliminated Week 9,4,5,8.0,8.0,8.0,,3,24.0,8.0,True,True
Billy Ray Cyrus,Karina Smirnoff,Singer/Rapper,Kentucky,United States,45,4,Eliminated Week 8,5,5,6.0,6.0,5.0,,3,17.0,5.666666666666667,True,True
John Ratzenberger,Edyta Sliwinska,Actor/Actress,Connecticut,United States,59,4,Eliminated Week 7,6,5,6.0,6.0,6.0,,3,18.0,6.0,True,True
Heather Mills,Jonathan Roberts,Model,,England,39,4,Eliminated Week 6,7,5,7.0,7.0,7.0,,3,21.0,7.0,True,True
Clyde Drexler,Elena Grinenko,Athlete,Louisiana,United States,44,4,Eliminated Week 5,8,5,4.0,5.0,4.0,,3,13.0,4.333333333333333,True,True
Leeza Gibbons,Tony Dovolani,TV Personality,South Carolina,United States,50,4,Eliminated Week 4,9,5,0.0,0.0,0.0,,3,0.0,0.0,True,False
Shandi Finnessey,Brian Fortuna,Beauty Pagent,Missouri,United States,28,4,Eliminated Week 3,10,5,0.0,0.0,0.0,,3,0.0,0.0,True,False
Paulina Porizkova,Alec Mazo,Model,,Czechoslovakia,41,4,Eliminated Week 2,11,5,0.0,0.0,0.0,,3,0.0,0.0,True,False
Apolo Anton Ohno,Julianne Hough,Athlete,Washington,United States,24,4,1st Place,1,6,9.0,9.0,10.0,,3,28.0,9.333333333333334,True,True
Joey Fatone,Kym Johnson,Singer/Rapper,New York,United States,30,4,2nd Place,2,6,9.0,9.0,9.0,,3,27.0,9.0,True,True
Laila Ali,Maksim Chmerkoskiy,Athlete,Florida,United States,29,4,3rd Place,3,6,9.0,9.0,10.0,,3,28.0,9.333333333333334,True,True
Ian Ziering,Cheryl Burke,Actor/Actress,New Jersey,United States,42,4,Eliminated Week 9,4,6,8.0,8.0,8.0,,3,24.0,8.0,True,True
Billy Ray Cyrus,Karina Smirnoff,Singer/Rapper,Kentucky,United States,45,4,Eliminated Week 8,5,6,7.0,7.0,7.0,,3,21.0,7.0,True,True
John Ratzenberger,Edyta Sliwinska,Actor/Actress,Connecticut,United States,59,4,Eliminated Week 7,6,6,7.0,6.0,6.0,,3,19.0,6.333333333333333,True,True
Heather Mills,Jonathan Roberts,Model,,England,39,4,Eliminated Week 6,7,6,7.0,8.0,8.0,,3,23.0,7.666666666666667,True,True
Clyde Drexler,Elena Grinenko,Athlete,Louisiana,United States,44,4,Eliminated Week 5,8,6,0.0,0.0,0.0,,3,0.0,0.0,True,False
Leeza Gibbons,Tony Dovolani,TV Personality,South Carolina,United States,50,4,Eliminated Week 4,9,6,0.0,0.0,0.0,,3,0.0,0.0,True,False
Shandi Finnessey,Brian Fortuna,Beauty Pagent,Missouri,United States,28,4,Eliminated Week 3,10,6,0.0,0.0,0.0,,3,0.0,0.0,True,False
Paulina Porizkova,Alec Mazo,Model,,Czechoslovakia,41,4,Eliminated Week 2,11,6,0.0,0.0,0.0,,3,0.0,0.0,True,False
Apolo Anton Ohno,Julianne Hough,Athlete,Washington,United States,24,4,1st Place,1,7,9.0,8.5,9.5,,3,27.0,9.0,True,True
Joey Fatone,Kym Johnson,Singer/Rapper,New York,United States,30,4,2nd Place,2,7,10.0,9.5,10.0,,3,29.5,9.833333333333334,True,True
Laila Ali,Maksim Chmerkoskiy,Athlete,Florida,United States,29,4,3rd Place,3,7,10.0,9.5,10.0,,3,29.5,9.833333333333334,True,True
Ian Ziering,Cheryl Burke,Actor/Actress,New Jersey,United States,42,4,Eliminated Week 9,4,7,9.0,9.0,9.0,,3,27.0,9.0,True,True
Billy Ray Cyrus,Karina Smirnoff,Singer/Rapper,Kentucky,United States,45,4,Eliminated Week 8,5,7,6.0,6.5,6.5,,3,19.0,6.333333333333333,True,True
John Ratzenberger,Edyta Sliwinska,Actor/Actress,Connecticut,United States,59,4,Eliminated Week 7,6,7,7.5,7.5,7.5,,3,22.5,7.5,True,True
Heather Mills,Jonathan Roberts,Model,,England,39,4,Eliminated Week 6,7,7,0.0,0.0,0.0,,3,0.0,0.0,True,False
Clyde Drexler,Elena Grinenko,Athlete,Louisiana,United States,44,4,Eliminated Week 5,8,7,0.0,0.0,0.0,,3,0.0,0.0,True,False
Leeza Gibbons,Tony Dovolani,TV Personality,South Carolina,United States,50,4,Eliminated Week 4,9,7,0.0,0.0,0.0,,3,0.0,0.0,True,False
Shandi Finnessey,Brian Fortuna,Beauty Pagent,Missouri,United States,28,4,Eliminated Week 3,10,7,0.0,0.0,0.0,,3,0.0,0.0,True,False
Paulina Porizkova,Alec Mazo,Model,,Czechoslovakia,41,4,Eliminated Week 2,11,7,0.0,0.0,0.0,,3,0.0,0.0,True,False
Apolo Anton Ohno,Julianne Hough,Athlete,Washington,United States,24,4,1st Place,1,8,10.0,9.0,10.0,,3,29.0,9.666666666666666,True,True
Joey Fatone,Kym Johnson,Singer/Rapper,New York,United States,30,4,2nd Place,2,8,9.5,9.0,9.0,,3,27.5,9.166666666666666,True,True
Laila Ali,Maksim Chmerkoskiy,Athlete,Florida,United States,29,4,3rd Place,3,8,9.0,8.5,9.0,,3,26.5,8.833333333333334,True,True
Ian Ziering,Cheryl Burke,Actor/Actress,New Jersey,United States,42,4,Eliminated Week 9,4,8,8.0,7.5,8.0,,3,23.5,7.833333333333333,True,True
Billy Ray Cyrus,Karina Smirnoff,Singer/Rapper,Kentucky,United States,45,4,Eliminated Week 8,5,8,6.5,6.5,6.0,,3,19.0,6.333333333333333,True,True
John Ratzenberger,Edyta Sliwinska,Actor/Actress,Connecticut,United States,59,4,Eliminated Week 7,6,8,0.0,0.0,0.0,,3,0.0,0.0,True,False
Heather Mills,Jonathan Roberts,Model,,England,39,4,Eliminated Week 6,7,8,0.0,0.0,0.0,,3,0.0,0.0,True,False
Clyde Drexler,Elena Grinenko,Athlete,Louisiana,United States,44,4,Eliminated Week 5,8,8,0.0,0.0,0.0,,3,0.0,0.0,True,False
Leeza Gibbons,Tony Dovolani,TV Personality,South Carolina,United States,50,4,Eliminated Week 4,9,8,0.0,0.0,0.0,,3,0.0,0.0,True,False
Shandi Finnessey,Brian Fortuna,Beauty Pagent,Missouri,United States,28,4,Eliminated Week 3,10,8,0.0,0.0,0.0,,3,0.0,0.0,True,False
Paulina Porizkova,Alec Mazo,Model,,Czechoslovakia,41,4,Eliminated Week 2,11,8,0.0,0.0,0.0,,3,0.0,0.0,True,False
Apolo Anton Ohno,Julianne Hough,Athlete,Washington,United States,24,4,1st Place,1,9,10.0,9.5,10.0,,3,29.5,9.833333333333334,True,True
Joey Fatone,Kym Johnson,Singer/Rapper,New York,United States,30,4,2nd Place,2,9,10.0,10.0,10.0,,3,30.0,10.0,True,True
Laila Ali,Maksim Chmerkoskiy,Athlete,Florida,United States,29,4,3rd Place,3,9,10.0,10.0,10.0,,3,30.0,10.0,True,True
Ian Ziering,Cheryl Burke,Actor/Actress,New Jersey,United States,42,4,Eliminated Week 9,4,9,9.5,10.0,9.5,,3,29.0,9.666666666666666,True,True
Billy Ray Cyrus,Karina Smirnoff,Singer/Rapper,Kentucky,United States,45,4,Eliminated Week 8,5,9,0.0,0.0,0.0,,3,0.0,0.0,True,False
John Ratzenberger,Edyta Sliwinska,Actor/Actress,Connecticut,United States,59,4,Eliminated Week 7,6,9,0.0,0.0,0.0,,3,0.0,0.0,True,False
Heather Mills,Jonathan Roberts,Model,,England,39,4,Eliminated Week 6,7,9,0.0,0.0,0.0,,3,0.0,0.0,True,False
Clyde Drexler,Elena Grinenko,Athlete,Louisiana,United States,44,4,Eliminated Week 5,8,9,0.0,0.0,0.0,,3,0.0,0.0,True,False
Leeza Gibbons,Tony Dovolani,TV Personality,South Carolina,United States,50,4,Eliminated Week 4,9,9,0.0,0.0,0.0,,3,0.0,0.0,True,False
Shandi Finnessey,Brian Fortuna,Beauty Pagent,Missouri,United States,28,4,Eliminated Week 3,10,9,0.0,0.0,0.0,,3,0.0,0.0,True,False
Paulina Porizkova,Alec Mazo,Model,,Czechoslovakia,41,4,Eliminated Week 2,11,9,0.0,0.0,0.0,,3,0.0,0.0,True,False
Apolo Anton Ohno,Julianne Hough,Athlete,Washington,United States,24,4,1st Place,1,10,9.6666,9.6666,10.0,,3,29.3332,9.777733333333334,True,True
Joey Fatone,Kym Johnson,Singer/Rapper,New York,United States,30,4,2nd Place,2,10,9.6666,9.3333,9.6666,,3,28.6665,9.5555,True,True
Laila Ali,Maksim Chmerkoskiy,Athlete,Florida,United States,29,4,3rd Place,3,10,9.6666,9.0,9.6666,,3,28.333200000000005,9.444400000000002,True,True
Ian Ziering,Cheryl Burke,Actor/Actress,New Jersey,United States,42,4,Eliminated Week 9,4,10,0.0,0.0,0.0,,3,0.0,0.0,True,False
Billy Ray Cyrus,Karina Smirnoff,Singer/Rapper,Kentucky,United States,45,4,Eliminated Week 8,5,10,0.0,0.0,0.0,,3,0.0,0.0,True,False
John Ratzenberger,Edyta Sliwinska,Actor/Actress,Connecticut,United States,59,4,Eliminated Week 7,6,10,0.0,0.0,0.0,,3,0.0,0.0,True,False
Heather Mills,Jonathan Roberts,Model,,England,39,4,Eliminated Week 6,7,10,0.0,0.0,0.0,,3,0.0,0.0,True,False
Clyde Drexler,Elena Grinenko,Athlete,Louisiana,United States,44,4,Eliminated Week 5,8,10,0.0,0.0,0.0,,3,0.0,0.0,True,False
Leeza Gibbons,Tony Dovolani,TV Personality,South Carolina,United States,50,4,Eliminated Week 4,9,10,0.0,0.0,0.0,,3,0.0,0.0,True,False
Shandi Finnessey,Brian Fortuna,Beauty Pagent,Missouri,United States,28,4,Eliminated Week 3,10,10,0.0,0.0,0.0,,3,0.0,0.0,True,False
Paulina Porizkova,Alec Mazo,Model,,Czechoslovakia,41,4,Eliminated Week 2,11,10,0.0,0.0,0.0,,3,0.0,0.0,True,False
Apolo Anton Ohno,Julianne Hough,Athlete,Washington,United States,24,4,1st Place,1,11,,,,,0,,,False,False
Joey Fatone,Kym Johnson,Singer/Rapper,New York,United States,30,4,2nd Place,2,11,,,,,0,,,False,False
Laila Ali,Maksim Chmerkoskiy,Athlete,Florida,United States,29,4,3rd Place,3,11,,,,,0,,,False,False
Ian Ziering,Cheryl Burke,Actor/Actress,New Jersey,United States,42,4,Eliminated Week 9,4,11,,,,,0,,,False,False
Billy Ray Cyrus,Karina Smirnoff,Singer/Rapper,Kentucky,United States,45,4,Eliminated Week 8,5,11,,,,,0,,,False,False
John Ratzenberger,Edyta Sliwinska,Actor/Actress,Connecticut,United States,59,4,Eliminated Week 7,6,11,,,,,0,,,False,False
Heather Mills,Jonathan Roberts,Model,,England,39,4,Eliminated Week 6,7,11,,,,,0,,,False,False
Clyde Drexler,Elena Grinenko,Athlete,Louisiana,United States,44,4,Eliminated Week 5,8,11,,,,,0,,,False,False
Leeza Gibbons,Tony Dovolani,TV Personality,South Carolina,United States,50,4,Eliminated Week 4,9,11,,,,,0,,,False,False
Shandi Finnessey,Brian Fortuna,Beauty Pagent,Missouri,United States,28,4,Eliminated Week 3,10,11,,,,,0,,,False,False
Paulina Porizkova,Alec Mazo,Model,,Czechoslovakia,41,4,Eliminated Week 2,11,11,,,,,0,,,False,False
Helio Castroneves,Julianne Hough,Racing Driver,,Brazil,32,5,1st Place,1,1,8.0,9.0,8.0,,3,25.0,8.333333333333334,True,True
Mel B,Maksim Chmerkoskiy,Singer/Rapper,,England,32,5,2nd Place,2,1,8.0,8.0,8.0,,3,24.0,8.0,True,True
Marie Osmond,Jonathan Roberts,Singer/Rapper,Utah,United States,47,5,3rd Place,3,1,7.0,7.0,7.0,,3,21.0,7.0,True,True
Jennie Garth,Derek Hough,Actor/Actress,Illinois,United States,35,5,Eliminated Week 9,4,1,7.0,7.0,7.0,,3,21.0,7.0,True,True
Cameron Mathison,Edyta Sliwinska,Actor/Actress,,Canada,38,5,Eliminated Week 8,5,1,7.0,7.0,7.0,,3,21.0,7.0,True,True
Jane Seymour,Tony Dovolani,Actor/Actress,,England,56,5,Eliminated Week 7,6,1,8.0,8.0,8.0,,3,24.0,8.0,True,True
Sabrina Bryan,Mark Ballas,Actor/Actress,California,United States,23,5,Eliminated Week 6,7,1,9.0,8.0,9.0,,3,26.0,8.666666666666666,True,True
Mark Cuban,Kym Johnson,TV Personality,Pennsylvania,United States,49,5,Eliminated Week 5,8,1,7.0,7.0,7.0,,3,21.0,7.0,True,True
Floyd Mayweather Jr. ,Karina Smirnoff,Athlete,Michigan,United States,30,5,Eliminated Week 4,9,1,6.0,6.0,6.0,,3,18.0,6.0,True,True
Wayne Newton,Cheryl Burke,Singer/Rapper,Virginia,United States,65,5,Eliminated Week 3,10,1,6.0,7.0,6.0,,3,19.0,6.333333333333333,True,True
Albert Reed,Anna Trebunskaya,Model,Florida,United States,22,5,Eliminated Week 2,11,1,7.0,7.0,7.0,,3,21.0,7.0,True,True
Josie Maran,Alec Mazo,Model,California,United States,29,5,Eliminated Week 1,12,1,6.0,5.0,5.0,,3,16.0,5.333333333333333,True,True
Helio Castroneves,Julianne Hough,Racing Driver,,Brazil,32,5,1st Place,1,2,9.0,9.0,9.0,,3,27.0,9.0,True,True
Mel B,Maksim Chmerkoskiy,Singer/Rapper,,England,32,5,2nd Place,2,2,7.0,8.0,8.0,,3,23.0,7.666666666666667,True,True
Marie Osmond,Jonathan Roberts,Singer/Rapper,Utah,United States,47,5,3rd Place,3,2,8.0,8.0,8.0,,3,24.0,8.0,True,True
Jennie Garth,Derek Hough,Actor/Actress,Illinois,United States,35,5,Eliminated Week 9,4,2,7.0,7.0,7.0,,3,21.0,7.0,True,True
Cameron Mathison,Edyta Sliwinska,Actor/Actress,,Canada,38,5,Eliminated Week 8,5,2,7.0,7.0,7.0,,3,21.0,7.0,True,True
Jane Seymour,Tony Dovolani,Actor/Actress,,England,56,5,Eliminated Week 7,6,2,7.0,7.0,7.0,,3,21.0,7.0,True,True
Sabrina Bryan,Mark Ballas,Actor/Actress,California,United States,23,5,Eliminated Week 6,7,2,9.0,8.0,9.0,,3,26.0,8.666666666666666,True,True
Mark Cuban,Kym Johnson,TV Personality,Pennsylvania,United States,49,5,Eliminated Week 5,8,2,6.0,6.0,6.0,,3,18.0,6.0,True,True
Floyd Mayweather Jr. ,Karina Smirnoff,Athlete,Michigan,United States,30,5,Eliminated Week 4,9,2,7.0,7.0,7.0,,3,21.0,7.0,True,True
Wayne Newton,Cheryl Burke,Singer/Rapper,Virginia,United States,65,5,Eliminated Week 3,10,2,5.0,5.0,5.0,,3,15.0,5.0,True,True
Albert Reed,Anna Trebunskaya,Model,Florida,United States,22,5,Eliminated Week 2,11,2,7.0,7.0,7.0,,3,21.0,7.0,True,True
Josie Maran,Alec Mazo,Model,California,United States,29,5,Eliminated Week 1,12,2,0.0,0.0,0.0,,3,0.0,0.0,True,False
Helio Castroneves,Julianne Hough,Racing Driver,,Brazil,32,5,1st Place,1,3,8.0,8.0,8.0,,3,24.0,8.0,True,True
Mel B,Maksim Chmerkoskiy,Singer/Rapper,,England,32,5,2nd Place,2,3,9.0,9.0,9.0,,3,27.0,9.0,True,True
Marie Osmond,Jonathan Roberts,Singer/Rapper,Utah,United States,47,5,3rd Place,3,3,9.0,8.0,9.0,,3,26.0,8.666666666666666,True,True
Jennie Garth,Derek Hough,Actor/Actress,Illinois,United States,35,5,Eliminated Week 9,4,3,9.0,8.0,9.0,,3,26.0,8.666666666666666,True,True
Cameron Mathison,Edyta Sliwinska,Actor/Actress,,Canada,38,5,Eliminated Week 8,5,3,8.0,7.0,8.0,,3,23.0,7.666666666666667,True,True
Jane Seymour,Tony Dovolani,Actor/Actress,,England,56,5,Eliminated Week 7,6,3,9.0,9.0,9.0,,3,27.0,9.0,True,True
Sabrina Bryan,Mark Ballas,Actor/Actress,California,United States,23,5,Eliminated Week 6,7,3,9.0,9.0,9.0,,3,27.0,9.0,True,True
Mark Cuban,Kym Johnson,TV Personality,Pennsylvania,United States,49,5,Eliminated Week 5,8,3,6.0,7.0,7.0,,3,20.0,6.666666666666667,True,True
Floyd Mayweather Jr. ,Karina Smirnoff,Athlete,Michigan,United States,30,5,Eliminated Week 4,9,3,7.0,7.0,7.0,,3,21.0,7.0,True,True
Wayne Newton,Cheryl Burke,Singer/Rapper,Virginia,United States,65,5,Eliminated Week 3,10,3,6.0,6.0,6.0,,3,18.0,6.0,True,True
Albert Reed,Anna Trebunskaya,Model,Florida,United States,22,5,Eliminated Week 2,11,3,0.0,0.0,0.0,,3,0.0,0.0,True,False
Josie Maran,Alec Mazo,Model,California,United States,29,5,Eliminated Week 1,12,3,0.0,0.0,0.0,,3,0.0,0.0,True,False
Helio Castroneves,Julianne Hough,Racing Driver,,Brazil,32,5,1st Place,1,4,9.0,9.0,9.0,,3,27.0,9.0,True,True
Mel B,Maksim Chmerkoskiy,Singer/Rapper,,England,32,5,2nd Place,2,4,8.0,9.0,9.0,,3,26.0,8.666666666666666,True,True
Marie Osmond,Jonathan Roberts,Singer/Rapper,Utah,United States,47,5,3rd Place,3,4,9.0,9.0,8.0,,3,26.0,8.666666666666666,True,True
Jennie Garth,Derek Hough,Actor/Actress,Illinois,United States,35,5,Eliminated Week 9,4,4,8.0,10.0,9.0,,3,27.0,9.0,True,True
Cameron Mathison,Edyta Sliwinska,Actor/Actress,,Canada,38,5,Eliminated Week 8,5,4,9.0,9.0,9.0,,3,27.0,9.0,True,True
Jane Seymour,Tony Dovolani,Actor/Actress,,England,56,5,Eliminated Week 7,6,4,8.0,9.0,9.0,,3,26.0,8.666666666666666,True,True
Sabrina Bryan,Mark Ballas,Actor/Actress,California,United States,23,5,Eliminated Week 6,7,4,10.0,10.0,10.0,,3,30.0,10.0,True,True
Mark Cuban,Kym Johnson,TV Personality,Pennsylvania,United States,49,5,Eliminated Week 5,8,4,7.0,8.0,7.0,,3,22.0,7.333333333333333,True,True
Floyd Mayweather Jr. ,Karina Smirnoff,Athlete,Michigan,United States,30,5,Eliminated Week 4,9,4,7.0,8.0,8.0,,3,23.0,7.666666666666667,True,True
Wayne Newton,Cheryl Burke,Singer/Rapper,Virginia,United States,65,5,Eliminated Week 3,10,4,0.0,0.0,0.0,,3,0.0,0.0,True,False
Albert Reed,Anna Trebunskaya,Model,Florida,United States,22,5,Eliminated Week 2,11,4,0.0,0.0,0.0,,3,0.0,0.0,True,False
Josie Maran,Alec Mazo,Model,California,United States,29,5,Eliminated Week 1,12,4,0.0,0.0,0.0,,3,0.0,0.0,True,False
Helio Castroneves,Julianne Hough,Racing Driver,,Brazil,32,5,1st Place,1,5,8.0,7.0,8.0,,3,23.0,7.666666666666667,True,True
Mel B,Maksim Chmerkoskiy,Singer/Rapper,,England,32,5,2nd Place,2,5,10.0,9.0,10.0,,3,29.0,9.666666666666666,True,True
Marie Osmond,Jonathan Roberts,Singer/Rapper,Utah,United States,47,5,3rd Place,3,5,7.0,7.0,7.0,,3,21.0,7.0,True,True
Jennie Garth,Derek Hough,Actor/Actress,Illinois,United States,35,5,Eliminated Week 9,4,5,8.0,9.0,8.0,,3,25.0,8.333333333333334,True,True
Cameron Mathison,Edyta Sliwinska,Actor/Actress,,Canada,38,5,Eliminated Week 8,5,5,8.0,9.0,9.0,,3,26.0,8.666666666666666,True,True
Jane Seymour,Tony Dovolani,Actor/Actress,,England,56,5,Eliminated Week 7,6,5,8.0,9.0,9.0,,3,26.0,8.666666666666666,True,True
Sabrina Bryan,Mark Ballas,Actor/Actress,California,United States,23,5,Eliminated Week 6,7,5,9.0,9.0,10.0,,3,28.0,9.333333333333334,True,True
Mark Cuban,Kym Johnson,TV Personality,Pennsylvania,United States,49,5,Eliminated Week 5,8,5,7.0,7.0,7.0,,3,21.0,7.0,True,True
Floyd Mayweather Jr. ,Karina Smirnoff,Athlete,Michigan,United States,30,5,Eliminated Week 4,9,5,0.0,0.0,0.0,,3,0.0,0.0,True,False
Wayne Newton,Cheryl Burke,Singer/Rapper,Virginia,United States,65,5,Eliminated Week 3,10,5,0.0,0.0,0.0,,3,0.0,0.0,True,False
Albert Reed,Anna Trebunskaya,Model,Florida,United States,22,5,Eliminated Week 2,11,5,0.0,0.0,0.0,,3,0.0,0.0,True,False
Josie Maran,Alec Mazo,Model,California,United States,29,5,Eliminated Week 1,12,5,0.0,0.0,0.0,,3,0.0,0.0,True,False
Helio Castroneves,Julianne Hough,Racing Driver,,Brazil,32,5,1st Place,1,6,9.0,10.0,9.0,,3,28.0,9.333333333333334,True,True
Mel B,Maksim Chmerkoskiy,Singer/Rapper,,England,32,5,2nd Place,2,6,10.0,10.0,10.0,,3,30.0,10.0,True,True
Marie Osmond,Jonathan Roberts,Singer/Rapper,Utah,United States,47,5,3rd Place,3,6,8.0,8.0,7.0,,3,23.0,7.666666666666667,True,True
Jennie Garth,Derek Hough,Actor/Actress,Illinois,United States,35,5,Eliminated Week 9,4,6,9.0,9.0,9.0,,3,27.0,9.0,True,True
Cameron Mathison,Edyta Sliwinska,Actor/Actress,,Canada,38,5,Eliminated Week 8,5,6,9.0,8.0,8.0,,3,25.0,8.333333333333334,True,True
Jane Seymour,Tony Dovolani,Actor/Actress,,England,56,5,Eliminated Week 7,6,6,8.0,7.0,7.0,,3,22.0,7.333333333333333,True,True
Sabrina Bryan,Mark Ballas,Actor/Actress,California,United States,23,5,Eliminated Week 6,7,6,9.0,8.0,8.0,,3,25.0,8.333333333333334,True,True
Mark Cuban,Kym Johnson,TV Personality,Pennsylvania,United States,49,5,Eliminated Week 5,8,6,0.0,0.0,0.0,,3,0.0,0.0,True,False
Floyd Mayweather Jr. ,Karina Smirnoff,Athlete,Michigan,United States,30,5,Eliminated Week 4,9,6,0.0,0.0,0.0,,3,0.0,0.0,True,False
Wayne Newton,Cheryl Burke,Singer/Rapper,Virginia,United States,65,5,Eliminated Week 3,10,6,0.0,0.0,0.0,,3,0.0,0.0,True,False
Albert Reed,Anna Trebunskaya,Model,Florida,United States,22,5,Eliminated Week 2,11,6,0.0,0.0,0.0,,3,0.0,0.0,True,False
Josie Maran,Alec Mazo,Model,California,United States,29,5,Eliminated Week 1,12,6,0.0,0.0,0.0,,3,0.0,0.0,True,False
Helio Castroneves,Julianne Hough,Racing Driver,,Brazil,32,5,1st Place,1,7,9.0,8.5,8.5,,3,26.0,8.666666666666666,True,True
Mel B,Maksim Chmerkoskiy,Singer/Rapper,,England,32,5,2nd Place,2,7,9.0,9.0,9.0,,3,27.0,9.0,True,True
Marie Osmond,Jonathan Roberts,Singer/Rapper,Utah,United States,47,5,3rd Place,3,7,9.0,8.5,8.5,,3,26.0,8.666666666666666,True,True
Jennie Garth,Derek Hough,Actor/Actress,Illinois,United States,35,5,Eliminated Week 9,4,7,8.5,8.5,9.5,,3,26.5,8.833333333333334,True,True
Cameron Mathison,Edyta Sliwinska,Actor/Actress,,Canada,38,5,Eliminated Week 8,5,7,8.5,8.5,8.5,,3,25.5,8.5,True,True
Jane Seymour,Tony Dovolani,Actor/Actress,,England,56,5,Eliminated Week 7,6,7,8.0,8.5,8.5,,3,25.0,8.333333333333334,True,True
Sabrina Bryan,Mark Ballas,Actor/Actress,California,United States,23,5,Eliminated Week 6,7,7,0.0,0.0,0.0,,3,0.0,0.0,True,False
Mark Cuban,Kym Johnson,TV Personality,Pennsylvania,United States,49,5,Eliminated Week 5,8,7,0.0,0.0,0.0,,3,0.0,0.0,True,False
Floyd Mayweather Jr. ,Karina Smirnoff,Athlete,Michigan,United States,30,5,Eliminated Week 4,9,7,0.0,0.0,0.0,,3,0.0,0.0,True,False
Wayne Newton,Cheryl Burke,Singer/Rapper,Virginia,United States,65,5,Eliminated Week 3,10,7,0.0,0.0,0.0,,3,0.0,0.0,True,False
Albert Reed,Anna Trebunskaya,Model,Florida,United States,22,5,Eliminated Week 2,11,7,0.0,0.0,0.0,,3,0.0,0.0,True,False
Josie Maran,Alec Mazo,Model,California,United States,29,5,Eliminated Week 1,12,7,0.0,0.0,0.0,,3,0.0,0.0,True,False
Helio Castroneves,Julianne Hough,Racing Driver,,Brazil,32,5,1st Place,1,8,9.5,9.5,9.5,,3,28.5,9.5,True,True
Mel B,Maksim Chmerkoskiy,Singer/Rapper,,England,32,5,2nd Place,2,8,9.0,9.5,9.5,,3,28.0,9.333333333333334,True,True
Marie Osmond,Jonathan Roberts,Singer/Rapper,Utah,United States,47,5,3rd Place,3,8,8.0,8.5,8.0,,3,24.5,8.166666666666666,True,True
Jennie Garth,Derek Hough,Actor/Actress,Illinois,United States,35,5,Eliminated Week 9,4,8,8.5,8.5,8.0,,3,25.0,8.333333333333334,True,True
Cameron Mathison,Edyta Sliwinska,Actor/Actress,,Canada,38,5,Eliminated Week 8,5,8,8.5,8.5,8.5,,3,25.5,8.5,True,True
Jane Seymour,Tony Dovolani,Actor/Actress,,England,56,5,Eliminated Week 7,6,8,0.0,0.0,0.0,,3,0.0,0.0,True,False
Sabrina Bryan,Mark Ballas,Actor/Actress,California,United States,23,5,Eliminated Week 6,7,8,0.0,0.0,0.0,,3,0.0,0.0,True,False
Mark Cuban,Kym Johnson,TV Personality,Pennsylvania,United States,49,5,Eliminated Week 5,8,8,0.0,0.0,0.0,,3,0.0,0.0,True,False
Floyd Mayweather Jr. ,Karina Smirnoff,Athlete,Michigan,United States,30,5,Eliminated Week 4,9,8,0.0,0.0,0.0,,3,0.0,0.0,True,False
Wayne Newton,Cheryl Burke,Singer/Rapper,Virginia,United States,65,5,Eliminated Week 3,10,8,0.0,0.0,0.0,,3,0.0,0.0,True,False
Albert Reed,Anna Trebunskaya,Model,Florida,United States,22,5,Eliminated Week 2,11,8,0.0,0.0,0.0,,3,0.0,0.0,True,False
Josie Maran,Alec Mazo,Model,California,United States,29,5,Eliminated Week 1,12,8,0.0,0.0,0.0,,3,0.0,0.0,True,False
Helio Castroneves,Julianne Hough,Racing Driver,,Brazil,32,5,1st Place,1,9,10.0,10.0,10.0,,3,30.0,10.0,True,True
Mel B,Maksim Chmerkoskiy,Singer/Rapper,,England,32,5,2nd Place,2,9,10.0,10.0,10.0,,3,30.0,10.0,True,True
Marie Osmond,Jonathan Roberts,Singer/Rapper,Utah,United States,47,5,3rd Place,3,9,9.5,9.5,9.0,,3,28.0,9.333333333333334,True,True
Jennie Garth,Derek Hough,Actor/Actress,Illinois,United States,35,5,Eliminated Week 9,4,9,9.5,10.0,9.5,,3,29.0,9.666666666666666,True,True
Cameron Mathison,Edyta Sliwinska,Actor/Actress,,Canada,38,5,Eliminated Week 8,5,9,0.0,0.0,0.0,,3,0.0,0.0,True,False
Jane Seymour,Tony Dovolani,Actor/Actress,,England,56,5,Eliminated Week 7,6,9,0.0,0.0,0.0,,3,0.0,0.0,True,False
Sabrina Bryan,Mark Ballas,Actor/Actress,California,United States,23,5,Eliminated Week 6,7,9,0.0,0.0,0.0,,3,0.0,0.0,True,False
Mark Cuban,Kym Johnson,TV Personality,Pennsylvania,United States,49,5,Eliminated Week 5,8,9,0.0,0.0,0.0,,3,0.0,0.0,True,False
Floyd Mayweather Jr. ,Karina Smirnoff,Athlete,Michigan,United States,30,5,Eliminated Week 4,9,9,0.0,0.0,0.0,,3,0.0,0.0,True,False
Wayne Newton,Cheryl Burke,Singer/Rapper,Virginia,United States,65,5,Eliminated Week 3,10,9,0.0,0.0,0.0,,3,0.0,0.0,True,False
Albert Reed,Anna Trebunskaya,Model,Florida,United States,22,5,Eliminated Week 2,11,9,0.0,0.0,0.0,,3,0.0,0.0,True,False
Josie Maran,Alec Mazo,Model,California,United States,29,5,Eliminated Week 1,12,9,0.0,0.0,0.0,,3,0.0,0.0,True,False
Helio Castroneves,Julianne Hough,Racing Driver,,Brazil,32,5,1st Place,1,10,9.0,9.3333,9.6666,,3,27.999900000000004,9.333300000000001,True,True
Mel B,Maksim Chmerkoskiy,Singer/Rapper,,England,32,5,2nd Place,2,10,9.3333,9.3333,9.6666,,3,28.333199999999998,9.4444,True,True
Marie Osmond,Jonathan Roberts,Singer/Rapper,Utah,United States,47,5,3rd Place,3,10,8.0,7.5,7.5,,3,23.0,7.666666666666667,True,True
Jennie Garth,Derek Hough,Actor/Actress,Illinois,United States,35,5,Eliminated Week 9,4,10,0.0,0.0,0.0,,3,0.0,0.0,True,False
Cameron Mathison,Edyta Sliwinska,Actor/Actress,,Canada,38,5,Eliminated Week 8,5,10,0.0,0.0,0.0,,3,0.0,0.0,True,False
Jane Seymour,Tony Dovolani,Actor/Actress,,England,56,5,Eliminated Week 7,6,10,0.0,0.0,0.0,,3,0.0,0.0,True,False
Sabrina Bryan,Mark Ballas,Actor/Actress,California,United States,23,5,Eliminated Week 6,7,10,0.0,0.0,0.0,,3,0.0,0.0,True,False
Mark Cuban,Kym Johnson,TV Personality,Pennsylvania,United States,49,5,Eliminated Week 5,8,10,0.0,0.0,0.0,,3,0.0,0.0,True,False
Floyd Mayweather Jr. ,Karina Smirnoff,Athlete,Michigan,United States,30,5,Eliminated Week 4,9,10,0.0,0.0,0.0,,3,0.0,0.0,True,False
Wayne Newton,Cheryl Burke,Singer/Rapper,Virginia,United States,65,5,Eliminated Week 3,10,10,0.0,0.0,0.0,,3,0.0,0.0,True,False
Albert Reed,Anna Trebunskaya,Model,Florida,United States,22,5,Eliminated Week 2,11,10,0.0,0.0,0.0,,3,0.0,0.0,True,False
Josie Maran,Alec Mazo,Model,California,United States,29,5,Eliminated Week 1,12,10,0.0,0.0,0.0,,3,0.0,0.0,True,False
Helio Castroneves,Julianne Hough,Racing Driver,,Brazil,32,5,1st Place,1,11,,,,,0,,,False,False
Mel B,Maksim Chmerkoskiy,Singer/Rapper,,England,32,5,2nd Place,2,11,,,,,0,,,False,False
Marie Osmond,Jonathan Roberts,Singer/Rapper,Utah,United States,47,5,3rd Place,3,11,,,,,0,,,False,False
Jennie Garth,Derek Hough,Actor/Actress,Illinois,United States,35,5,Eliminated Week 9,4,11,,,,,0,,,False,False
Cameron Mathison,Edyta Sliwinska,Actor/Actress,,Canada,38,5,Eliminated Week 8,5,11,,,,,0,,,False,False
Jane Seymour,Tony Dovolani,Actor/Actress,,England,56,5,Eliminated Week 7,6,11,,,,,0,,,False,False
Sabrina Bryan,Mark Ballas,Actor/Actress,California,United States,23,5,Eliminated Week 6,7,11,,,,,0,,,False,False
Mark Cuban,Kym Johnson,TV Personality,Pennsylvania,United States,49,5,Eliminated Week 5,8,11,,,,,0,,,False,False
Floyd Mayweather Jr. ,Karina Smirnoff,Athlete,Michigan,United States,30,5,Eliminated Week 4,9,11,,,,,0,,,False,False
Wayne Newton,Cheryl Burke,Singer/Rapper,Virginia,United States,65,5,Eliminated Week 3,10,11,,,,,0,,,False,False
Albert Reed,Anna Trebunskaya,Model,Florida,United States,22,5,Eliminated Week 2,11,11,,,,,0,,,False,False
Josie Maran,Alec Mazo,Model,California,United States,29,5,Eliminated Week 1,12,11,,,,,0,,,False,False
Kristi Yamaguchi,Mark Ballas,Athlete,California,United States,36,6,1st Place,1,1,9.0,9.0,9.0,,3,27.0,9.0,True,True
Jason Taylor,Edyta Sliwinska,Athlete,Pennsylvania,United States,33,6,2nd Place,2,1,7.0,8.0,7.0,,3,22.0,7.333333333333333,True,True
Cristian de la Fuente,Cheryl Burke,Actor/Actress,,Chile,34,6,3rd Place,3,1,7.0,7.0,7.0,,3,21.0,7.0,True,True
Marissa Jaret Winokur,Tony Dovolani,Actor/Actress,New York,United States,35,6,Eliminated Week 9,4,1,6.0,6.0,6.0,,3,18.0,6.0,True,True
Mario,Karina Smirnoff,Singer/Rapper,Maryland,United States,21,6,Eliminated Week 8,5,1,8.0,8.0,8.0,,3,24.0,8.0,True,True
Shannon Elizabeth,Derek Hough,Actor/Actress,Texas,United States,34,6,Eliminated Week 7,6,1,7.0,7.0,7.0,,3,21.0,7.0,True,True
Marlee Matlin,Fabian Sanchez,Actor/Actress,Illinois,United States,42,6,Eliminated Week 6,7,1,7.0,7.0,8.0,,3,22.0,7.333333333333333,True,True
Priscilla Presley,Louis van Amstel,Actor/Actress,New York,United States,62,6,Eliminated Week 5,8,1,8.0,8.0,8.0,,3,24.0,8.0,True,True
Adam Carolla,Julianne Hough,Radio Personality,California,United States,43,6,Eliminated Week 4,9,1,5.0,5.0,5.0,,3,15.0,5.0,True,True
Steve Guttenberg,Anna Trebunskaya,Actor/Actress,New York,United States,49,6,Eliminated Week 3,10,1,6.0,6.0,6.0,,3,18.0,6.0,True,True
Monica Seles,Jonathan Roberts,Athlete,,Yugoslavia,34,6,Eliminated Week 2,11,1,5.0,5.0,5.0,,3,15.0,5.0,True,True
Penn Jillette,Kym Johnson,Magician,Massachusetts,United States,53,6,Eliminated Week 2,12,1,5.0,6.0,5.0,,3,16.0,5.333333333333333,True,True
Kristi Yamaguchi,Mark Ballas,Athlete,California,United States,36,6,1st Place,1,2,9.0,9.0,9.0,,3,27.0,9.0,True,True
Jason Taylor,Edyta Sliwinska,Athlete,Pennsylvania,United States,33,6,2nd Place,2,2,9.0,9.0,9.0,,3,27.0,9.0,True,True
Cristian de la Fuente,Cheryl Burke,Actor/Actress,,Chile,34,6,3rd Place,3,2,7.0,6.0,7.0,,3,20.0,6.666666666666667,True,True
Marissa Jaret Winokur,Tony Dovolani,Actor/Actress,New York,United States,35,6,Eliminated Week 9,4,2,7.0,7.0,7.0,,3,21.0,7.0,True,True
Mario,Karina Smirnoff,Singer/Rapper,Maryland,United States,21,6,Eliminated Week 8,5,2,9.0,8.0,9.0,,3,26.0,8.666666666666666,True,True
Shannon Elizabeth,Derek Hough,Actor/Actress,Texas,United States,34,6,Eliminated Week 7,6,2,8.0,8.0,8.0,,3,24.0,8.0,True,True
Marlee Matlin,Fabian Sanchez,Actor/Actress,Illinois,United States,42,6,Eliminated Week 6,7,2,8.0,8.0,8.0,,3,24.0,8.0,True,True
Priscilla Presley,Louis van Amstel,Actor/Actress,New York,United States,62,6,Eliminated Week 5,8,2,7.0,7.0,7.0,,3,21.0,7.0,True,True
Adam Carolla,Julianne Hough,Radio Personality,California,United States,43,6,Eliminated Week 4,9,2,6.0,7.0,6.0,,3,19.0,6.333333333333333,True,True
Steve Guttenberg,Anna Trebunskaya,Actor/Actress,New York,United States,49,6,Eliminated Week 3,10,2,6.0,5.0,5.0,,3,16.0,5.333333333333333,True,True
Monica Seles,Jonathan Roberts,Athlete,,Yugoslavia,34,6,Eliminated Week 2,11,2,5.0,5.0,5.0,,3,15.0,5.0,True,True
Penn Jillette,Kym Johnson,Magician,Massachusetts,United States,53,6,Eliminated Week 2,12,2,6.0,6.0,5.0,,3,17.0,5.666666666666667,True,True
Kristi Yamaguchi,Mark Ballas,Athlete,California,United States,36,6,1st Place,1,3,9.0,9.0,9.0,,3,27.0,9.0,True,True
Jason Taylor,Edyta Sliwinska,Athlete,Pennsylvania,United States,33,6,2nd Place,2,3,8.0,7.0,8.0,,3,23.0,7.666666666666667,True,True
Cristian de la Fuente,Cheryl Burke,Actor/Actress,,Chile,34,6,3rd Place,3,3,8.0,8.0,9.0,,3,25.0,8.333333333333334,True,True
Marissa Jaret Winokur,Tony Dovolani,Actor/Actress,New York,United States,35,6,Eliminated Week 9,4,3,6.0,7.0,6.0,,3,19.0,6.333333333333333,True,True
Mario,Karina Smirnoff,Singer/Rapper,Maryland,United States,21,6,Eliminated Week 8,5,3,7.0,6.0,8.0,,3,21.0,7.0,True,True
Shannon Elizabeth,Derek Hough,Actor/Actress,Texas,United States,34,6,Eliminated Week 7,6,3,8.0,8.0,8.0,,3,24.0,8.0,True,True
Marlee Matlin,Fabian Sanchez,Actor/Actress,Illinois,United States,42,6,Eliminated Week 6,7,3,7.0,7.0,7.0,,3,21.0,7.0,True,True
Priscilla Presley,Louis van Amstel,Actor/Actress,New York,United States,62,6,Eliminated Week 5,8,3,8.0,9.0,9.0,,3,26.0,8.666666666666666,True,True
Adam Carolla,Julianne Hough,Radio Personality,California,United States,43,6,Eliminated Week 4,9,3,7.0,7.0,7.0,,3,21.0,7.0,True,True
Steve Guttenberg,Anna Trebunskaya,Actor/Actress,New York,United States,49,6,Eliminated Week 3,10,3,7.0,7.0,7.0,,3,21.0,7.0,True,True
Monica Seles,Jonathan Roberts,Athlete,,Yugoslavia,34,6,Eliminated Week 2,11,3,0.0,0.0,0.0,,3,0.0,0.0,True,False
Penn Jillette,Kym Johnson,Magician,Massachusetts,United States,53,6,Eliminated Week 2,12,3,0.0,0.0,0.0,,3,0.0,0.0,True,False
Kristi Yamaguchi,Mark Ballas,Athlete,California,United States,36,6,1st Place,1,4,10.0,9.0,10.0,,3,29.0,9.666666666666666,True,True
Jason Taylor,Edyta Sliwinska,Athlete,Pennsylvania,United States,33,6,2nd Place,2,4,10.0,9.0,10.0,,3,29.0,9.666666666666666,True,True
Cristian de la Fuente,Cheryl Burke,Actor/Actress,,Chile,34,6,3rd Place,3,4,9.0,8.0,9.0,,3,26.0,8.666666666666666,True,True
Marissa Jaret Winokur,Tony Dovolani,Actor/Actress,New York,United States,35,6,Eliminated Week 9,4,4,8.0,8.0,8.0,,3,24.0,8.0,True,True
Mario,Karina Smirnoff,Singer/Rapper,Maryland,United States,21,6,Eliminated Week 8,5,4,8.0,7.0,9.0,,3,24.0,8.0,True,True
Shannon Elizabeth,Derek Hough,Actor/Actress,Texas,United States,34,6,Eliminated Week 7,6,4,9.0,10.0,9.0,,3,28.0,9.333333333333334,True,True
Marlee Matlin,Fabian Sanchez,Actor/Actress,Illinois,United States,42,6,Eliminated Week 6,7,4,8.0,8.0,8.0,,3,24.0,8.0,True,True
Priscilla Presley,Louis van Amstel,Actor/Actress,New York,United States,62,6,Eliminated Week 5,8,4,7.0,7.0,8.0,,3,22.0,7.333333333333333,True,True
Adam Carolla,Julianne Hough,Radio Personality,California,United States,43,6,Eliminated Week 4,9,4,6.0,7.0,6.0,,3,19.0,6.333333333333333,True,True
Steve Guttenberg,Anna Trebunskaya,Actor/Actress,New York,United States,49,6,Eliminated Week 3,10,4,0.0,0.0,0.0,,3,0.0,0.0,True,False
Monica Seles,Jonathan Roberts,Athlete,,Yugoslavia,34,6,Eliminated Week 2,11,4,0.0,0.0,0.0,,3,0.0,0.0,True,False
Penn Jillette,Kym Johnson,Magician,Massachusetts,United States,53,6,Eliminated Week 2,12,4,0.0,0.0,0.0,,3,0.0,0.0,True,False
Kristi Yamaguchi,Mark Ballas,Athlete,California,United States,36,6,1st Place,1,5,9.0,10.0,10.0,,3,29.0,9.666666666666666,True,True
Jason Taylor,Edyta Sliwinska,Athlete,Pennsylvania,United States,33,6,2nd Place,2,5,9.0,9.0,9.0,,3,27.0,9.0,True,True
Cristian de la Fuente,Cheryl Burke,Actor/Actress,,Chile,34,6,3rd Place,3,5,7.0,8.0,8.0,,3,23.0,7.666666666666667,True,True
Marissa Jaret Winokur,Tony Dovolani,Actor/Actress,New York,United States,35,6,Eliminated Week 9,4,5,8.0,8.0,8.0,,3,24.0,8.0,True,True
Mario,Karina Smirnoff,Singer/Rapper,Maryland,United States,21,6,Eliminated Week 8,5,5,9.0,9.0,9.0,,3,27.0,9.0,True,True
Shannon Elizabeth,Derek Hough,Actor/Actress,Texas,United States,34,6,Eliminated Week 7,6,5,8.0,8.0,7.0,,3,23.0,7.666666666666667,True,True
Marlee Matlin,Fabian Sanchez,Actor/Actress,Illinois,United States,42,6,Eliminated Week 6,7,5,7.0,7.0,8.0,,3,22.0,7.333333333333333,True,True
Priscilla Presley,Louis van Amstel,Actor/Actress,New York,United States,62,6,Eliminated Week 5,8,5,7.0,7.0,7.0,,3,21.0,7.0,True,True
Adam Carolla,Julianne Hough,Radio Personality,California,United States,43,6,Eliminated Week 4,9,5,0.0,0.0,0.0,,3,0.0,0.0,True,False
Steve Guttenberg,Anna Trebunskaya,Actor/Actress,New York,United States,49,6,Eliminated Week 3,10,5,0.0,0.0,0.0,,3,0.0,0.0,True,False
Monica Seles,Jonathan Roberts,Athlete,,Yugoslavia,34,6,Eliminated Week 2,11,5,0.0,0.0,0.0,,3,0.0,0.0,True,False
Penn Jillette,Kym Johnson,Magician,Massachusetts,United States,53,6,Eliminated Week 2,12,5,0.0,0.0,0.0,,3,0.0,0.0,True,False
Kristi Yamaguchi,Mark Ballas,Athlete,California,United States,36,6,1st Place,1,6,10.0,10.0,10.0,,3,30.0,10.0,True,True
Jason Taylor,Edyta Sliwinska,Athlete,Pennsylvania,United States,33,6,2nd Place,2,6,8.0,8.0,8.0,,3,24.0,8.0,True,True
Cristian de la Fuente,Cheryl Burke,Actor/Actress,,Chile,34,6,3rd Place,3,6,9.0,9.0,9.0,,3,27.0,9.0,True,True
Marissa Jaret Winokur,Tony Dovolani,Actor/Actress,New York,United States,35,6,Eliminated Week 9,4,6,9.0,8.0,9.0,,3,26.0,8.666666666666666,True,True
Mario,Karina Smirnoff,Singer/Rapper,Maryland,United States,21,6,Eliminated Week 8,5,6,9.0,9.0,10.0,,3,28.0,9.333333333333334,True,True
Shannon Elizabeth,Derek Hough,Actor/Actress,Texas,United States,34,6,Eliminated Week 7,6,6,8.0,8.0,8.0,,3,24.0,8.0,True,True
Marlee Matlin,Fabian Sanchez,Actor/Actress,Illinois,United States,42,6,Eliminated Week 6,7,6,7.0,7.0,7.0,,3,21.0,7.0,True,True
Priscilla Presley,Louis van Amstel,Actor/Actress,New York,United States,62,6,Eliminated Week 5,8,6,0.0,0.0,0.0,,3,0.0,0.0,True,False
Adam Carolla,Julianne Hough,Radio Personality,California,United States,43,6,Eliminated Week 4,9,6,0.0,0.0,0.0,,3,0.0,0.0,True,False
Steve Guttenberg,Anna Trebunskaya,Actor/Actress,New York,United States,49,6,Eliminated Week 3,10,6,0.0,0.0,0.0,,3,0.0,0.0,True,False
Monica Seles,Jonathan Roberts,Athlete,,Yugoslavia,34,6,Eliminated Week 2,11,6,0.0,0.0,0.0,,3,0.0,0.0,True,False
Penn Jillette,Kym Johnson,Magician,Massachusetts,United States,53,6,Eliminated Week 2,12,6,0.0,0.0,0.0,,3,0.0,0.0,True,False
Kristi Yamaguchi,Mark Ballas,Athlete,California,United States,36,6,1st Place,1,7,9.5,8.0,9.5,,3,27.0,9.0,True,True
Jason Taylor,Edyta Sliwinska,Athlete,Pennsylvania,United States,33,6,2nd Place,2,7,9.5,8.5,9.5,,3,27.5,9.166666666666666,True,True
Cristian de la Fuente,Cheryl Burke,Actor/Actress,,Chile,34,6,3rd Place,3,7,7.5,7.5,8.0,,3,23.0,7.666666666666667,True,True
Marissa Jaret Winokur,Tony Dovolani,Actor/Actress,New York,United States,35,6,Eliminated Week 9,4,7,9.0,8.5,8.5,,3,26.0,8.666666666666666,True,True
Mario,Karina Smirnoff,Singer/Rapper,Maryland,United States,21,6,Eliminated Week 8,5,7,8.5,8.5,8.5,,3,25.5,8.5,True,True
Shannon Elizabeth,Derek Hough,Actor/Actress,Texas,United States,34,6,Eliminated Week 7,6,7,8.5,8.5,8.5,,3,25.5,8.5,True,True
Marlee Matlin,Fabian Sanchez,Actor/Actress,Illinois,United States,42,6,Eliminated Week 6,7,7,0.0,0.0,0.0,,3,0.0,0.0,True,False
Priscilla Presley,Louis van Amstel,Actor/Actress,New York,United States,62,6,Eliminated Week 5,8,7,0.0,0.0,0.0,,3,0.0,0.0,True,False
Adam Carolla,Julianne Hough,Radio Personality,California,United States,43,6,Eliminated Week 4,9,7,0.0,0.0,0.0,,3,0.0,0.0,True,False
Steve Guttenberg,Anna Trebunskaya,Actor/Actress,New York,United States,49,6,Eliminated Week 3,10,7,0.0,0.0,0.0,,3,0.0,0.0,True,False
Monica Seles,Jonathan Roberts,Athlete,,Yugoslavia,34,6,Eliminated Week 2,11,7,0.0,0.0,0.0,,3,0.0,0.0,True,False
Penn Jillette,Kym Johnson,Magician,Massachusetts,United States,53,6,Eliminated Week 2,12,7,0.0,0.0,0.0,,3,0.0,0.0,True,False
Kristi Yamaguchi,Mark Ballas,Athlete,California,United States,36,6,1st Place,1,8,8.5,9.5,9.5,,3,27.5,9.166666666666666,True,True
Jason Taylor,Edyta Sliwinska,Athlete,Pennsylvania,United States,33,6,2nd Place,2,8,9.0,8.0,9.0,,3,26.0,8.666666666666666,True,True
Cristian de la Fuente,Cheryl Burke,Actor/Actress,,Chile,34,6,3rd Place,3,8,10.0,9.0,9.5,,3,28.5,9.5,True,True
Marissa Jaret Winokur,Tony Dovolani,Actor/Actress,New York,United States,35,6,Eliminated Week 9,4,8,8.5,8.0,8.5,,3,25.0,8.333333333333334,True,True
Mario,Karina Smirnoff,Singer/Rapper,Maryland,United States,21,6,Eliminated Week 8,5,8,9.0,8.5,9.0,,3,26.5,8.833333333333334,True,True
Shannon Elizabeth,Derek Hough,Actor/Actress,Texas,United States,34,6,Eliminated Week 7,6,8,0.0,0.0,0.0,,3,0.0,0.0,True,False
Marlee Matlin,Fabian Sanchez,Actor/Actress,Illinois,United States,42,6,Eliminated Week 6,7,8,0.0,0.0,0.0,,3,0.0,0.0,True,False
Priscilla Presley,Louis van Amstel,Actor/Actress,New York,United States,62,6,Eliminated Week 5,8,8,0.0,0.0,0.0,,3,0.0,0.0,True,False
Adam Carolla,Julianne Hough,Radio Personality,California,United States,43,6,Eliminated Week 4,9,8,0.0,0.0,0.0,,3,0.0,0.0,True,False
Steve Guttenberg,Anna Trebunskaya,Actor/Actress,New York,United States,49,6,Eliminated Week 3,10,8,0.0,0.0,0.0,,3,0.0,0.0,True,False
Monica Seles,Jonathan Roberts,Athlete,,Yugoslavia,34,6,Eliminated Week 2,11,8,0.0,0.0,0.0,,3,0.0,0.0,True,False
Penn Jillette,Kym Johnson,Magician,Massachusetts,United States,53,6,Eliminated Week 2,12,8,0.0,0.0,0.0,,3,0.0,0.0,True,False
Kristi Yamaguchi,Mark Ballas,Athlete,California,United States,36,6,1st Place,1,9,9.5,9.0,10.0,,3,28.5,9.5,True,True
Jason Taylor,Edyta Sliwinska,Athlete,Pennsylvania,United States,33,6,2nd Place,2,9,9.0,9.5,9.0,,3,27.5,9.166666666666666,True,True
Cristian de la Fuente,Cheryl Burke,Actor/Actress,,Chile,34,6,3rd Place,3,9,9.5,9.0,9.5,,3,28.0,9.333333333333334,True,True
Marissa Jaret Winokur,Tony Dovolani,Actor/Actress,New York,United States,35,6,Eliminated Week 9,4,9,8.5,9.0,8.5,,3,26.0,8.666666666666666,True,True
Mario,Karina Smirnoff,Singer/Rapper,Maryland,United States,21,6,Eliminated Week 8,5,9,0.0,0.0,0.0,,3,0.0,0.0,True,False
Shannon Elizabeth,Derek Hough,Actor/Actress,Texas,United States,34,6,Eliminated Week 7,6,9,0.0,0.0,0.0,,3,0.0,0.0,True,False
Marlee Matlin,Fabian Sanchez,Actor/Actress,Illinois,United States,42,6,Eliminated Week 6,7,9,0.0,0.0,0.0,,3,0.0,0.0,True,False
Priscilla Presley,Louis van Amstel,Actor/Actress,New York,United States,62,6,Eliminated Week 5,8,9,0.0,0.0,0.0,,3,0.0,0.0,True,False
Adam Carolla,Julianne Hough,Radio Personality,California,United States,43,6,Eliminated Week 4,9,9,0.0,0.0,0.0,,3,0.0,0.0,True,False
Steve Guttenberg,Anna Trebunskaya,Actor/Actress,New York,United States,49,6,Eliminated Week 3,10,9,0.0,0.0,0.0,,3,0.0,0.0,True,False
Monica Seles,Jonathan Roberts,Athlete,,Yugoslavia,34,6,Eliminated Week 2,11,9,0.0,0.0,0.0,,3,0.0,0.0,True,False
Penn Jillette,Kym Johnson,Magician,Massachusetts,United States,53,6,Eliminated Week 2,12,9,0.0,0.0,0.0,,3,0.0,0.0,True,False
Kristi Yamaguchi,Mark Ballas,Athlete,California,United States,36,6,1st Place,1,10,10.0,10.0,10.0,,3,30.0,10.0,True,True
Jason Taylor,Edyta Sliwinska,Athlete,Pennsylvania,United States,33,6,2nd Place,2,10,9.5,9.5,9.5,,3,28.5,9.5,True,True
Cristian de la Fuente,Cheryl Burke,Actor/Actress,,Chile,34,6,3rd Place,3,10,9.0,8.0,9.0,,3,26.0,8.666666666666666,True,True
Marissa Jaret Winokur,Tony Dovolani,Actor/Actress,New York,United States,35,6,Eliminated Week 9,4,10,0.0,0.0,0.0,,3,0.0,0.0,True,False
Mario,Karina Smirnoff,Singer/Rapper,Maryland,United States,21,6,Eliminated Week 8,5,10,0.0,0.0,0.0,,3,0.0,0.0,True,False
Shannon Elizabeth,Derek Hough,Actor/Actress,Texas,United States,34,6,Eliminated Week 7,6,10,0.0,0.0,0.0,,3,0.0,0.0,True,False
Marlee Matlin,Fabian Sanchez,Actor/Actress,Illinois,United States,42,6,Eliminated Week 6,7,10,0.0,0.0,0.0,,3,0.0,0.0,True,False
Priscilla Presley,Louis van Amstel,Actor/Actress,New York,United States,62,6,Eliminated Week 5,8,10,0.0,0.0,0.0,,3,0.0,0.0,True,False
Adam Carolla,Julianne Hough,Radio Personality,California,United States,43,6,Eliminated Week 4,9,10,0.0,0.0,0.0,,3,0.0,0.0,True,False
Steve Guttenberg,Anna Trebunskaya,Actor/Actress,New York,United States,49,6,Eliminated Week 3,10,10,0.0,0.0,0.0,,3,0.0,0.0,True,False
Monica Seles,Jonathan Roberts,Athlete,,Yugoslavia,34,6,Eliminated Week 2,11,10,0.0,0.0,0.0,,3,0.0,0.0,True,False
Penn Jillette,Kym Johnson,Magician,Massachusetts,United States,53,6,Eliminated Week 2,12,10,0.0,0.0,0.0,,3,0.0,0.0,True,False
Kristi Yamaguchi,Mark Ballas,Athlete,California,United States,36,6,1st Place,1,11,,,,,0,,,False,False
Jason Taylor,Edyta Sliwinska,Athlete,Pennsylvania,United States,33,6,2nd Place,2,11,,,,,0,,,False,False
Cristian de la Fuente,Cheryl Burke,Actor/Actress,,Chile,34,6,3rd Place,3,11,,,,,0,,,False,False
Marissa Jaret Winokur,Tony Dovolani,Actor/Actress,New York,United States,35,6,Eliminated Week 9,4,11,,,,,0,,,False,False
Mario,Karina Smirnoff,Singer/Rapper,Maryland,United States,21,6,Eliminated Week 8,5,11,,,,,0,,,False,False
Shannon Elizabeth,Derek Hough,Actor/Actress,Texas,United States,34,6,Eliminated Week 7,6,11,,,,,0,,,False,False
Marlee Matlin,Fabian Sanchez,Actor/Actress,Illinois,United States,42,6,Eliminated Week 6,7,11,,,,,0,,,False,False
Priscilla Presley,Louis van Amstel,Actor/Actress,New York,United States,62,6,Eliminated Week 5,8,11,,,,,0,,,False,False
Adam Carolla,Julianne Hough,Radio Personality,California,United States,43,6,Eliminated Week 4,9,11,,,,,0,,,False,False
Steve Guttenberg,Anna Trebunskaya,Actor/Actress,New York,United States,49,6,Eliminated Week 3,10,11,,,,,0,,,False,False
Monica Seles,Jonathan Roberts,Athlete,,Yugoslavia,34,6,Eliminated Week 2,11,11,,,,,0,,,False,False
Penn Jillette,Kym Johnson,Magician,Massachusetts,United States,53,6,Eliminated Week 2,12,11,,,,,0,,,False,False
Brooke Burke,Derek Hough,TV Personality,Connecticut,United States,37,7,1st Place,1,1,8.0,8.0,8.5,,3,24.5,8.166666666666666,True,True
Warren Sapp,Kym Johnson,Athlete,Florida,United States,35,7,2nd Place,2,1,7.0,7.0,7.5,,3,21.5,7.166666666666667,True,True
Lance Bass,Lacey Schwimmer,Singer/Rapper,Mississippi,United States,29,7,3rd Place,3,1,7.5,6.0,8.0,,3,21.5,7.166666666666667,True,True
Cody Linley,Julianne Hough,Actor/Actress,Texas,United States,18,7,Eliminated Week 9,4,1,7.0,6.5,7.0,,3,20.5,6.833333333333333,True,True
Maurice Greene,Cheryl Burke,Athlete,Kansas,United States,34,7,Eliminated Week 8,5,1,6.5,6.5,6.5,,3,19.5,6.5,True,True
Susan Lucci,Tony Dovolani,Actor/Actress,New York,United States,61,7,Eliminated Week 7,6,1,6.0,6.0,6.5,,3,18.5,6.166666666666667,True,True
Cloris Leachman,Corky Ballas,Actor/Actress,Iowa,United States,82,7,Eliminated Week 6,7,1,6.0,5.0,5.0,,3,16.0,5.333333333333333,True,True
Toni Braxton,Alec Mazo,Singer/Rapper,Maryland,United States,40,7,Eliminated Week 5,8,1,7.5,7.0,8.0,,3,22.5,7.5,True,True
Rocco DiSpirito,Karina Smirnoff,TV Personality,New York,United States,41,7,Eliminated Week 4,9,1,6.0,5.5,6.0,,3,17.5,5.833333333333333,True,True
Misty May-Treanor,Maksim Chmerkoskiy,Athlete,California,United States,31,7,Withdrew,10,1,6.5,7.5,7.0,,3,21.0,7.0,True,True
Kim Kardashian,Mark Ballas,TV Personality,California,United States,27,7,Eliminated Week 2,11,1,6.0,6.5,6.0,,3,18.5,6.166666666666667,True,True
Ted McGinley,Inna Brayer,Actor/Actress,California,United States,50,7,Eliminated Week 1,12,1,6.0,6.0,6.5,,3,18.5,6.166666666666667,True,True
Jeffrey Ross,Edyta Sliwinska,Comedian,New Jersey,United States,43,7,Eliminated Week 1,13,1,4.0,4.0,4.0,,3,12.0,4.0,True,True
Brooke Burke,Derek Hough,TV Personality,Connecticut,United States,37,7,1st Place,1,2,8.0,8.0,8.0,,3,24.0,8.0,True,True
Warren Sapp,Kym Johnson,Athlete,Florida,United States,35,7,2nd Place,2,2,8.0,8.0,8.0,,3,24.0,8.0,True,True
Lance Bass,Lacey Schwimmer,Singer/Rapper,Mississippi,United States,29,7,3rd Place,3,2,7.0,6.0,7.0,,3,20.0,6.666666666666667,True,True
Cody Linley,Julianne Hough,Actor/Actress,Texas,United States,18,7,Eliminated Week 9,4,2,7.0,7.0,7.0,,3,21.0,7.0,True,True
Maurice Greene,Cheryl Burke,Athlete,Kansas,United States,34,7,Eliminated Week 8,5,2,7.0,6.0,6.0,,3,19.0,6.333333333333333,True,True
Susan Lucci,Tony Dovolani,Actor/Actress,New York,United States,61,7,Eliminated Week 7,6,2,7.0,7.0,7.0,,3,21.0,7.0,True,True
Cloris Leachman,Corky Ballas,Actor/Actress,Iowa,United States,82,7,Eliminated Week 6,7,2,5.0,5.0,5.0,,3,15.0,5.0,True,True
Toni Braxton,Alec Mazo,Singer/Rapper,Maryland,United States,40,7,Eliminated Week 5,8,2,7.0,8.0,8.0,,3,23.0,7.666666666666667,True,True
Rocco DiSpirito,Karina Smirnoff,TV Personality,New York,United States,41,7,Eliminated Week 4,9,2,5.0,6.0,5.0,,3,16.0,5.333333333333333,True,True
Misty May-Treanor,Maksim Chmerkoskiy,Athlete,California,United States,31,7,Withdrew,10,2,7.0,7.0,7.0,,3,21.0,7.0,True,True
Kim Kardashian,Mark Ballas,TV Personality,California,United States,27,7,Eliminated Week 2,11,2,6.0,6.0,5.0,,3,17.0,5.666666666666667,True,True
Ted McGinley,Inna Brayer,Actor/Actress,California,United States,50,7,Eliminated Week 1,12,2,0.0,0.0,0.0,,3,0.0,0.0,True,False
Jeffrey Ross,Edyta Sliwinska,Comedian,New Jersey,United States,43,7,Eliminated Week 1,13,2,0.0,0.0,0.0,,3,0.0,0.0,True,False
Brooke Burke,Derek Hough,TV Personality,Connecticut,United States,37,7,1st Place,1,3,9.0,10.0,9.0,,3,28.0,9.333333333333334,True,True
Warren Sapp,Kym Johnson,Athlete,Florida,United States,35,7,2nd Place,2,3,9.0,8.0,8.0,,3,25.0,8.333333333333334,True,True
Lance Bass,Lacey Schwimmer,Singer/Rapper,Mississippi,United States,29,7,3rd Place,3,3,8.0,7.0,7.0,,3,22.0,7.333333333333333,True,True
Cody Linley,Julianne Hough,Actor/Actress,Texas,United States,18,7,Eliminated Week 9,4,3,7.0,7.0,7.0,,3,21.0,7.0,True,True
Maurice Greene,Cheryl Burke,Athlete,Kansas,United States,34,7,Eliminated Week 8,5,3,8.0,8.0,8.0,,3,24.0,8.0,True,True
Susan Lucci,Tony Dovolani,Actor/Actress,New York,United States,61,7,Eliminated Week 7,6,3,7.0,7.0,7.0,,3,21.0,7.0,True,True
Cloris Leachman,Corky Ballas,Actor/Actress,Iowa,United States,82,7,Eliminated Week 6,7,3,6.0,5.0,5.0,,3,16.0,5.333333333333333,True,True
Toni Braxton,Alec Mazo,Singer/Rapper,Maryland,United States,40,7,Eliminated Week 5,8,3,8.0,7.0,7.0,,3,22.0,7.333333333333333,True,True
Rocco DiSpirito,Karina Smirnoff,TV Personality,New York,United States,41,7,Eliminated Week 4,9,3,7.0,7.0,6.0,,3,20.0,6.666666666666667,True,True
Misty May-Treanor,Maksim Chmerkoskiy,Athlete,California,United States,31,7,Withdrew,10,3,0.0,0.0,0.0,,3,0.0,0.0,True,False
Kim Kardashian,Mark Ballas,TV Personality,California,United States,27,7,Eliminated Week 2,11,3,0.0,0.0,0.0,,3,0.0,0.0,True,False
Ted McGinley,Inna Brayer,Actor/Actress,California,United States,50,7,Eliminated Week 1,12,3,0.0,0.0,0.0,,3,0.0,0.0,True,False
Jeffrey Ross,Edyta Sliwinska,Comedian,New Jersey,United States,43,7,Eliminated Week 1,13,3,0.0,0.0,0.0,,3,0.0,0.0,True,False
Brooke Burke,Derek Hough,TV Personality,Connecticut,United States,37,7,1st Place,1,4,9.0,8.0,9.0,,3,26.0,8.666666666666666,True,True
Warren Sapp,Kym Johnson,Athlete,Florida,United States,35,7,2nd Place,2,4,8.0,7.0,7.0,,3,22.0,7.333333333333333,True,True
Lance Bass,Lacey Schwimmer,Singer/Rapper,Mississippi,United States,29,7,3rd Place,3,4,9.0,8.0,9.0,,3,26.0,8.666666666666666,True,True
Cody Linley,Julianne Hough,Actor/Actress,Texas,United States,18,7,Eliminated Week 9,4,4,7.0,8.0,8.0,,3,23.0,7.666666666666667,True,True
Maurice Greene,Cheryl Burke,Athlete,Kansas,United States,34,7,Eliminated Week 8,5,4,6.0,7.0,7.0,,3,20.0,6.666666666666667,True,True
Susan Lucci,Tony Dovolani,Actor/Actress,New York,United States,61,7,Eliminated Week 7,6,4,8.0,8.0,8.0,,3,24.0,8.0,True,True
Cloris Leachman,Corky Ballas,Actor/Actress,Iowa,United States,82,7,Eliminated Week 6,7,4,8.0,7.0,7.0,,3,22.0,7.333333333333333,True,True
Toni Braxton,Alec Mazo,Singer/Rapper,Maryland,United States,40,7,Eliminated Week 5,8,4,7.0,7.0,8.0,,3,22.0,7.333333333333333,True,True
Rocco DiSpirito,Karina Smirnoff,TV Personality,New York,United States,41,7,Eliminated Week 4,9,4,6.0,6.0,6.0,,3,18.0,6.0,True,True
Misty May-Treanor,Maksim Chmerkoskiy,Athlete,California,United States,31,7,Withdrew,10,4,0.0,0.0,0.0,,3,0.0,0.0,True,False
Kim Kardashian,Mark Ballas,TV Personality,California,United States,27,7,Eliminated Week 2,11,4,0.0,0.0,0.0,,3,0.0,0.0,True,False
Ted McGinley,Inna Brayer,Actor/Actress,California,United States,50,7,Eliminated Week 1,12,4,0.0,0.0,0.0,,3,0.0,0.0,True,False
Jeffrey Ross,Edyta Sliwinska,Comedian,New Jersey,United States,43,7,Eliminated Week 1,13,4,0.0,0.0,0.0,,3,0.0,0.0,True,False
Brooke Burke,Derek Hough,TV Personality,Connecticut,United States,37,7,1st Place,1,5,10.0,9.0,10.0,,3,29.0,9.666666666666666,True,True
Warren Sapp,Kym Johnson,Athlete,Florida,United States,35,7,2nd Place,2,5,8.0,8.0,9.0,,3,25.0,8.333333333333334,True,True
Lance Bass,Lacey Schwimmer,Singer/Rapper,Mississippi,United States,29,7,3rd Place,3,5,7.0,7.0,7.0,,3,21.0,7.0,True,True
Cody Linley,Julianne Hough,Actor/Actress,Texas,United States,18,7,Eliminated Week 9,4,5,10.0,9.0,9.0,,3,28.0,9.333333333333334,True,True
Maurice Greene,Cheryl Burke,Athlete,Kansas,United States,34,7,Eliminated Week 8,5,5,9.0,9.0,9.0,,3,27.0,9.0,True,True
Susan Lucci,Tony Dovolani,Actor/Actress,New York,United States,61,7,Eliminated Week 7,6,5,7.0,7.0,8.0,,3,22.0,7.333333333333333,True,True
Cloris Leachman,Corky Ballas,Actor/Actress,Iowa,United States,82,7,Eliminated Week 6,7,5,7.0,7.0,7.0,,3,21.0,7.0,True,True
Toni Braxton,Alec Mazo,Singer/Rapper,Maryland,United States,40,7,Eliminated Week 5,8,5,7.0,7.0,8.0,,3,22.0,7.333333333333333,True,True
Rocco DiSpirito,Karina Smirnoff,TV Personality,New York,United States,41,7,Eliminated Week 4,9,5,0.0,0.0,0.0,,3,0.0,0.0,True,False
Misty May-Treanor,Maksim Chmerkoskiy,Athlete,California,United States,31,7,Withdrew,10,5,0.0,0.0,0.0,,3,0.0,0.0,True,False
Kim Kardashian,Mark Ballas,TV Personality,California,United States,27,7,Eliminated Week 2,11,5,0.0,0.0,0.0,,3,0.0,0.0,True,False
Ted McGinley,Inna Brayer,Actor/Actress,California,United States,50,7,Eliminated Week 1,12,5,0.0,0.0,0.0,,3,0.0,0.0,True,False
Jeffrey Ross,Edyta Sliwinska,Comedian,New Jersey,United States,43,7,Eliminated Week 1,13,5,0.0,0.0,0.0,,3,0.0,0.0,True,False
Brooke Burke,Derek Hough,TV Personality,Connecticut,United States,37,7,1st Place,1,6,8.0,10.0,8.0,,3,26.0,8.666666666666666,True,True
Warren Sapp,Kym Johnson,Athlete,Florida,United States,35,7,2nd Place,2,6,8.0,9.0,8.0,,3,25.0,8.333333333333334,True,True
Lance Bass,Lacey Schwimmer,Singer/Rapper,Mississippi,United States,29,7,3rd Place,3,6,9.0,9.0,9.0,,3,27.0,9.0,True,True
Cody Linley,Julianne Hough,Actor/Actress,Texas,United States,18,7,Eliminated Week 9,4,6,8.0,8.0,7.0,,3,23.0,7.666666666666667,True,True
Maurice Greene,Cheryl Burke,Athlete,Kansas,United States,34,7,Eliminated Week 8,5,6,7.0,7.0,7.0,,3,21.0,7.0,True,True
Susan Lucci,Tony Dovolani,Actor/Actress,New York,United States,61,7,Eliminated Week 7,6,6,8.0,8.0,7.0,,3,23.0,7.666666666666667,True,True
Cloris Leachman,Corky Ballas,Actor/Actress,Iowa,United States,82,7,Eliminated Week 6,7,6,5.0,5.0,5.0,,3,15.0,5.0,True,True
Toni Braxton,Alec Mazo,Singer/Rapper,Maryland,United States,40,7,Eliminated Week 5,8,6,0.0,0.0,0.0,,3,0.0,0.0,True,False
Rocco DiSpirito,Karina Smirnoff,TV Personality,New York,United States,41,7,Eliminated Week 4,9,6,0.0,0.0,0.0,,3,0.0,0.0,True,False
Misty May-Treanor,Maksim Chmerkoskiy,Athlete,California,United States,31,7,Withdrew,10,6,0.0,0.0,0.0,,3,0.0,0.0,True,False
Kim Kardashian,Mark Ballas,TV Personality,California,United States,27,7,Eliminated Week 2,11,6,0.0,0.0,0.0,,3,0.0,0.0,True,False
Ted McGinley,Inna Brayer,Actor/Actress,California,United States,50,7,Eliminated Week 1,12,6,0.0,0.0,0.0,,3,0.0,0.0,True,False
Jeffrey Ross,Edyta Sliwinska,Comedian,New Jersey,United States,43,7,Eliminated Week 1,13,6,0.0,0.0,0.0,,3,0.0,0.0,True,False
Brooke Burke,Derek Hough,TV Personality,Connecticut,United States,37,7,1st Place,1,7,10.0,10.0,10.0,,3,30.0,10.0,True,True
Warren Sapp,Kym Johnson,Athlete,Florida,United States,35,7,2nd Place,2,7,7.0,7.0,7.0,,3,21.0,7.0,True,True
Lance Bass,Lacey Schwimmer,Singer/Rapper,Mississippi,United States,29,7,3rd Place,3,7,9.0,7.0,9.0,,3,25.0,8.333333333333334,True,True
Cody Linley,Julianne Hough,Actor/Actress,Texas,United States,18,7,Eliminated Week 9,4,7,8.0,7.0,7.0,,3,22.0,7.333333333333333,True,True
Maurice Greene,Cheryl Burke,Athlete,Kansas,United States,34,7,Eliminated Week 8,5,7,8.0,9.0,8.0,,3,25.0,8.333333333333334,True,True
Susan Lucci,Tony Dovolani,Actor/Actress,New York,United States,61,7,Eliminated Week 7,6,7,8.0,8.0,8.0,,3,24.0,8.0,True,True
Cloris Leachman,Corky Ballas,Actor/Actress,Iowa,United States,82,7,Eliminated Week 6,7,7,0.0,0.0,0.0,,3,0.0,0.0,True,False
Toni Braxton,Alec Mazo,Singer/Rapper,Maryland,United States,40,7,Eliminated Week 5,8,7,0.0,0.0,0.0,,3,0.0,0.0,True,False
Rocco DiSpirito,Karina Smirnoff,TV Personality,New York,United States,41,7,Eliminated Week 4,9,7,0.0,0.0,0.0,,3,0.0,0.0,True,False
Misty May-Treanor,Maksim Chmerkoskiy,Athlete,California,United States,31,7,Withdrew,10,7,0.0,0.0,0.0,,3,0.0,0.0,True,False
Kim Kardashian,Mark Ballas,TV Personality,California,United States,27,7,Eliminated Week 2,11,7,0.0,0.0,0.0,,3,0.0,0.0,True,False
Ted McGinley,Inna Brayer,Actor/Actress,California,United States,50,7,Eliminated Week 1,12,7,0.0,0.0,0.0,,3,0.0,0.0,True,False
Jeffrey Ross,Edyta Sliwinska,Comedian,New Jersey,United States,43,7,Eliminated Week 1,13,7,0.0,0.0,0.0,,3,0.0,0.0,True,False
Brooke Burke,Derek Hough,TV Personality,Connecticut,United States,37,7,1st Place,1,8,9.5,8.5,9.5,,3,27.5,9.166666666666666,True,True
Warren Sapp,Kym Johnson,Athlete,Florida,United States,35,7,2nd Place,2,8,9.5,8.5,9.0,,3,27.0,9.0,True,True
Lance Bass,Lacey Schwimmer,Singer/Rapper,Mississippi,United States,29,7,3rd Place,3,8,8.5,7.5,9.0,,3,25.0,8.333333333333334,True,True
Cody Linley,Julianne Hough,Actor/Actress,Texas,United States,18,7,Eliminated Week 9,4,8,8.0,8.0,8.0,,3,24.0,8.0,True,True
Maurice Greene,Cheryl Burke,Athlete,Kansas,United States,34,7,Eliminated Week 8,5,8,8.0,8.0,8.0,,3,24.0,8.0,True,True
Susan Lucci,Tony Dovolani,Actor/Actress,New York,United States,61,7,Eliminated Week 7,6,8,0.0,0.0,0.0,,3,0.0,0.0,True,False
Cloris Leachman,Corky Ballas,Actor/Actress,Iowa,United States,82,7,Eliminated Week 6,7,8,0.0,0.0,0.0,,3,0.0,0.0,True,False
Toni Braxton,Alec Mazo,Singer/Rapper,Maryland,United States,40,7,Eliminated Week 5,8,8,0.0,0.0,0.0,,3,0.0,0.0,True,False
Rocco DiSpirito,Karina Smirnoff,TV Personality,New York,United States,41,7,Eliminated Week 4,9,8,0.0,0.0,0.0,,3,0.0,0.0,True,False
Misty May-Treanor,Maksim Chmerkoskiy,Athlete,California,United States,31,7,Withdrew,10,8,0.0,0.0,0.0,,3,0.0,0.0,True,False
Kim Kardashian,Mark Ballas,TV Personality,California,United States,27,7,Eliminated Week 2,11,8,0.0,0.0,0.0,,3,0.0,0.0,True,False
Ted McGinley,Inna Brayer,Actor/Actress,California,United States,50,7,Eliminated Week 1,12,8,0.0,0.0,0.0,,3,0.0,0.0,True,False
Jeffrey Ross,Edyta Sliwinska,Comedian,New Jersey,United States,43,7,Eliminated Week 1,13,8,0.0,0.0,0.0,,3,0.0,0.0,True,False
Brooke Burke,Derek Hough,TV Personality,Connecticut,United States,37,7,1st Place,1,9,8.0,8.5,8.0,,3,24.5,8.166666666666666,True,True
Warren Sapp,Kym Johnson,Athlete,Florida,United States,35,7,2nd Place,2,9,8.5,8.0,8.0,,3,24.5,8.166666666666666,True,True
Lance Bass,Lacey Schwimmer,Singer/Rapper,Mississippi,United States,29,7,3rd Place,3,9,10.0,9.0,9.5,,3,28.5,9.5,True,True
Cody Linley,Julianne Hough,Actor/Actress,Texas,United States,18,7,Eliminated Week 9,4,9,8.0,7.5,7.5,,3,23.0,7.666666666666667,True,True
Maurice Greene,Cheryl Burke,Athlete,Kansas,United States,34,7,Eliminated Week 8,5,9,0.0,0.0,0.0,,3,0.0,0.0,True,False
Susan Lucci,Tony Dovolani,Actor/Actress,New York,United States,61,7,Eliminated Week 7,6,9,0.0,0.0,0.0,,3,0.0,0.0,True,False
Cloris Leachman,Corky Ballas,Actor/Actress,Iowa,United States,82,7,Eliminated Week 6,7,9,0.0,0.0,0.0,,3,0.0,0.0,True,False
Toni Braxton,Alec Mazo,Singer/Rapper,Maryland,United States,40,7,Eliminated Week 5,8,9,0.0,0.0,0.0,,3,0.0,0.0,True,False
Rocco DiSpirito,Karina Smirnoff,TV Personality,New York,United States,41,7,Eliminated Week 4,9,9,0.0,0.0,0.0,,3,0.0,0.0,True,False
Misty May-Treanor,Maksim Chmerkoskiy,Athlete,California,United States,31,7,Withdrew,10,9,0.0,0.0,0.0,,3,0.0,0.0,True,False
Kim Kardashian,Mark Ballas,TV Personality,California,United States,27,7,Eliminated Week 2,11,9,0.0,0.0,0.0,,3,0.0,0.0,True,False
Ted McGinley,Inna Brayer,Actor/Actress,California,United States,50,7,Eliminated Week 1,12,9,0.0,0.0,0.0,,3,0.0,0.0,True,False
Jeffrey Ross,Edyta Sliwinska,Comedian,New Jersey,United States,43,7,Eliminated Week 1,13,9,0.0,0.0,0.0,,3,0.0,0.0,True,False
Brooke Burke,Derek Hough,TV Personality,Connecticut,United States,37,7,1st Place,1,10,10.0,10.0,10.0,,3,30.0,10.0,True,True
Warren Sapp,Kym Johnson,Athlete,Florida,United States,35,7,2nd Place,2,10,9.0,9.5,9.0,,3,27.5,9.166666666666666,True,True
Lance Bass,Lacey Schwimmer,Singer/Rapper,Mississippi,United States,29,7,3rd Place,3,10,9.0,9.0,9.5,,3,27.5,9.166666666666666,True,True
Cody Linley,Julianne Hough,Actor/Actress,Texas,United States,18,7,Eliminated Week 9,4,10,0.0,0.0,0.0,,3,0.0,0.0,True,False
Maurice Greene,Cheryl Burke,Athlete,Kansas,United States,34,7,Eliminated Week 8,5,10,0.0,0.0,0.0,,3,0.0,0.0,True,False
Susan Lucci,Tony Dovolani,Actor/Actress,New York,United States,61,7,Eliminated Week 7,6,10,0.0,0.0,0.0,,3,0.0,0.0,True,False
Cloris Leachman,Corky Ballas,Actor/Actress,Iowa,United States,82,7,Eliminated Week 6,7,10,0.0,0.0,0.0,,3,0.0,0.0,True,False
Toni Braxton,Alec Mazo,Singer/Rapper,Maryland,United States,40,7,Eliminated Week 5,8,10,0.0,0.0,0.0,,3,0.0,0.0,True,False
Rocco DiSpirito,Karina Smirnoff,TV Personality,New York,United States,41,7,Eliminated Week 4,9,10,0.0,0.0,0.0,,3,0.0,0.0,True,False
Misty May-Treanor,Maksim Chmerkoskiy,Athlete,California,United States,31,7,Withdrew,10,10,0.0,0.0,0.0,,3,0.0,0.0,True,False
Kim Kardashian,Mark Ballas,TV Personality,California,United States,27,7,Eliminated Week 2,11,10,0.0,0.0,0.0,,3,0.0,0.0,True,False
Ted McGinley,Inna Brayer,Actor/Actress,California,United States,50,7,Eliminated Week 1,12,10,0.0,0.0,0.0,,3,0.0,0.0,True,False
Jeffrey Ross,Edyta Sliwinska,Comedian,New Jersey,United States,43,7,Eliminated Week 1,13,10,0.0,0.0,0.0,,3,0.0,0.0,True,False
Brooke Burke,Derek Hough,TV Personality,Connecticut,United States,37,7,1st Place,1,11,,,,,0,,,False,False
Warren Sapp,Kym Johnson,Athlete,Florida,United States,35,7,2nd Place,2,11,,,,,0,,,False,False
Lance Bass,Lacey Schwimmer,Singer/Rapper,Mississippi,United States,29,7,3rd Place,3,11,,,,,0,,,False,False
Cody Linley,Julianne Hough,Actor/Actress,Texas,United States,18,7,Eliminated Week 9,4,11,,,,,0,,,False,False
Maurice Greene,Cheryl Burke,Athlete,Kansas,United States,34,7,Eliminated Week 8,5,11,,,,,0,,,False,False
Susan Lucci,Tony Dovolani,Actor/Actress,New York,United States,61,7,Eliminated Week 7,6,11,,,,,0,,,False,False
Cloris Leachman,Corky Ballas,Actor/Actress,Iowa,United States,82,7,Eliminated Week 6,7,11,,,,,0,,,False,False
Toni Braxton,Alec Mazo,Singer/Rapper,Maryland,United States,40,7,Eliminated Week 5,8,11,,,,,0,,,False,False
Rocco DiSpirito,Karina Smirnoff,TV Personality,New York,United States,41,7,Eliminated Week 4,9,11,,,,,0,,,False,False
Misty May-Treanor,Maksim Chmerkoskiy,Athlete,California,United States,31,7,Withdrew,10,11,,,,,0,,,False,False
Kim Kardashian,Mark Ballas,TV Personality,California,United States,27,7,Eliminated Week 2,11,11,,,,,0,,,False,False
Ted McGinley,Inna Brayer,Actor/Actress,California,United States,50,7,Eliminated Week 1,12,11,,,,,0,,,False,False
Jeffrey Ross,Edyta Sliwinska,Comedian,New Jersey,United States,43,7,Eliminated Week 1,13,11,,,,,0,,,False,False
Shawn Johnson,Mark Ballas,Athlete,Iowa,United States,17,8,1st Place,1,1,8.0,8.0,7.0,,3,23.0,7.666666666666667,True,True
Gilles Marini,Cheryl Burke,Actor/Actress,,France,33,8,2nd Place,2,1,8.0,8.0,8.0,,3,24.0,8.0,True,True
Melissa Rycroft,Tony Dovolani,TV Personality,Texas,United States,26,8,3rd Place,3,1,8.0,7.0,8.0,,3,23.0,7.666666666666667,True,True
Ty Murray,Chelsie Hightower,Athlete,Arizona,United States,39,8,Eliminated Week 10,4,1,5.0,4.0,5.0,,3,14.0,4.666666666666667,True,True
Lil' Kim,Derek Hough,Singer/Rapper,New York,United States,34,8,Eliminated Week 9,5,1,7.0,7.0,7.0,,3,21.0,7.0,True,True
Chuck Wicks,Julianne Hough,Singer/Rapper,Delaware,United States,29,8,Eliminated Week 8,6,1,6.0,7.0,7.0,,3,20.0,6.666666666666667,True,True
Lawrence Taylor,Edyta Sliwinska,Athlete,Virginia,United States,50,8,Eliminated Week 7,7,1,6.0,5.0,5.0,,3,16.0,5.333333333333333,True,True
Steve-O,Lacey Schwimmer,TV Personality,,England,34,8,Eliminated Week 6,8,1,6.0,5.0,6.0,,3,17.0,5.666666666666667,True,True
David Alan Grier,Kym Johnson,Actor/Actress,Michigan,United States,52,8,Eliminated Week 5,9,1,6.0,7.0,6.0,,3,19.0,6.333333333333333,True,True
Steve Wozniak,Karina Smirnoff,Entrepreneur,California,United States,58,8,Eliminated Week 4,10,1,5.0,4.0,4.0,,3,13.0,4.333333333333333,True,True
Holly Madison,Dmitry Chaplin,TV Personality,Oregon,United States,30,8,Eliminated Week 4,11,1,6.0,6.0,6.0,,3,18.0,6.0,True,True
Denise Richards,Maksim Chmerkoskiy,Actor/Actress,Illinois,United States,38,8,Eliminated Week 3,12,1,6.0,6.0,6.0,,3,18.0,6.0,True,True
Belinda Carlisle,Jonathan Roberts,Singer/Rapper,California,United States,50,8,Eliminated Week 2,13,1,6.0,6.0,5.0,,3,17.0,5.666666666666667,True,True
Shawn Johnson,Mark Ballas,Athlete,Iowa,United States,17,8,1st Place,1,2,8.0,8.0,8.0,,3,24.0,8.0,True,True
Gilles Marini,Cheryl Burke,Actor/Actress,,France,33,8,2nd Place,2,2,9.0,9.0,9.0,,3,27.0,9.0,True,True
Melissa Rycroft,Tony Dovolani,TV Personality,Texas,United States,26,8,3rd Place,3,2,9.0,8.0,9.0,,3,26.0,8.666666666666666,True,True
Ty Murray,Chelsie Hightower,Athlete,Arizona,United States,39,8,Eliminated Week 10,4,2,7.0,6.0,7.0,,3,20.0,6.666666666666667,True,True
Lil' Kim,Derek Hough,Singer/Rapper,New York,United States,34,8,Eliminated Week 9,5,2,8.0,7.0,8.0,,3,23.0,7.666666666666667,True,True
Chuck Wicks,Julianne Hough,Singer/Rapper,Delaware,United States,29,8,Eliminated Week 8,6,2,6.0,7.0,7.0,,3,20.0,6.666666666666667,True,True
Lawrence Taylor,Edyta Sliwinska,Athlete,Virginia,United States,50,8,Eliminated Week 7,7,2,7.0,6.0,7.0,,3,20.0,6.666666666666667,True,True
Steve-O,Lacey Schwimmer,TV Personality,,England,34,8,Eliminated Week 6,8,2,5.0,4.0,5.0,,3,14.0,4.666666666666667,True,True
David Alan Grier,Kym Johnson,Actor/Actress,Michigan,United States,52,8,Eliminated Week 5,9,2,6.0,5.0,6.0,,3,17.0,5.666666666666667,True,True
Steve Wozniak,Karina Smirnoff,Entrepreneur,California,United States,58,8,Eliminated Week 4,10,2,6.0,5.0,6.0,,3,17.0,5.666666666666667,True,True
Holly Madison,Dmitry Chaplin,TV Personality,Oregon,United States,30,8,Eliminated Week 4,11,2,6.0,6.0,6.0,,3,18.0,6.0,True,True
Denise Richards,Maksim Chmerkoskiy,Actor/Actress,Illinois,United States,38,8,Eliminated Week 3,12,2,7.0,7.0,7.0,,3,21.0,7.0,True,True
Belinda Carlisle,Jonathan Roberts,Singer/Rapper,California,United States,50,8,Eliminated Week 2,13,2,6.0,6.0,6.0,,3,18.0,6.0,True,True
Shawn Johnson,Mark Ballas,Athlete,Iowa,United States,17,8,1st Place,1,3,9.0,9.0,9.0,,3,27.0,9.0,True,True
Gilles Marini,Cheryl Burke,Actor/Actress,,France,33,8,2nd Place,2,3,9.0,9.0,9.0,,3,27.0,9.0,True,True
Melissa Rycroft,Tony Dovolani,TV Personality,Texas,United States,26,8,3rd Place,3,3,9.0,9.0,9.0,,3,27.0,9.0,True,True
Ty Murray,Chelsie Hightower,Athlete,Arizona,United States,39,8,Eliminated Week 10,4,3,8.0,8.0,7.0,,3,23.0,7.666666666666667,True,True
Lil' Kim,Derek Hough,Singer/Rapper,New York,United States,34,8,Eliminated Week 9,5,3,8.0,8.0,9.0,,3,25.0,8.333333333333334,True,True
Chuck Wicks,Julianne Hough,Singer/Rapper,Delaware,United States,29,8,Eliminated Week 8,6,3,8.0,7.0,8.0,,3,23.0,7.666666666666667,True,True
Lawrence Taylor,Edyta Sliwinska,Athlete,Virginia,United States,50,8,Eliminated Week 7,7,3,7.0,6.0,7.0,,3,20.0,6.666666666666667,True,True
Steve-O,Lacey Schwimmer,TV Personality,,England,34,8,Eliminated Week 6,8,3,5.0,5.0,5.0,,3,15.0,5.0,True,True
David Alan Grier,Kym Johnson,Actor/Actress,Michigan,United States,52,8,Eliminated Week 5,9,3,8.0,8.0,8.0,,3,24.0,8.0,True,True
Steve Wozniak,Karina Smirnoff,Entrepreneur,California,United States,58,8,Eliminated Week 4,10,3,4.0,3.0,3.0,,3,10.0,3.3333333333333335,True,True
Holly Madison,Dmitry Chaplin,TV Personality,Oregon,United States,30,8,Eliminated Week 4,11,3,5.0,6.0,6.0,,3,17.0,5.666666666666667,True,True
Denise Richards,Maksim Chmerkoskiy,Actor/Actress,Illinois,United States,38,8,Eliminated Week 3,12,3,5.0,6.0,5.0,,3,16.0,5.333333333333333,True,True
Belinda Carlisle,Jonathan Roberts,Singer/Rapper,California,United States,50,8,Eliminated Week 2,13,3,0.0,0.0,0.0,,3,0.0,0.0,True,False
Shawn Johnson,Mark Ballas,Athlete,Iowa,United States,17,8,1st Place,1,4,8.0,8.0,9.0,,3,25.0,8.333333333333334,True,True
Gilles Marini,Cheryl Burke,Actor/Actress,,France,33,8,2nd Place,2,4,10.0,10.0,10.0,,3,30.0,10.0,True,True
Melissa Rycroft,Tony Dovolani,TV Personality,Texas,United States,26,8,3rd Place,3,4,10.0,9.0,10.0,,3,29.0,9.666666666666666,True,True
Ty Murray,Chelsie Hightower,Athlete,Arizona,United States,39,8,Eliminated Week 10,4,4,9.0,8.0,8.0,,3,25.0,8.333333333333334,True,True
Lil' Kim,Derek Hough,Singer/Rapper,New York,United States,34,8,Eliminated Week 9,5,4,9.0,8.0,10.0,,3,27.0,9.0,True,True
Chuck Wicks,Julianne Hough,Singer/Rapper,Delaware,United States,29,8,Eliminated Week 8,6,4,8.0,7.0,7.0,,3,22.0,7.333333333333333,True,True
Lawrence Taylor,Edyta Sliwinska,Athlete,Virginia,United States,50,8,Eliminated Week 7,7,4,7.0,5.0,7.0,,3,19.0,6.333333333333333,True,True
Steve-O,Lacey Schwimmer,TV Personality,,England,34,8,Eliminated Week 6,8,4,5.0,5.0,5.0,,3,15.0,5.0,True,True
David Alan Grier,Kym Johnson,Actor/Actress,Michigan,United States,52,8,Eliminated Week 5,9,4,8.0,7.0,7.0,,3,22.0,7.333333333333333,True,True
Steve Wozniak,Karina Smirnoff,Entrepreneur,California,United States,58,8,Eliminated Week 4,10,4,4.0,4.0,4.0,,3,12.0,4.0,True,True
Holly Madison,Dmitry Chaplin,TV Personality,Oregon,United States,30,8,Eliminated Week 4,11,4,5.0,6.0,5.0,,3,16.0,5.333333333333333,True,True
Denise Richards,Maksim Chmerkoskiy,Actor/Actress,Illinois,United States,38,8,Eliminated Week 3,12,4,0.0,0.0,0.0,,3,0.0,0.0,True,False
Belinda Carlisle,Jonathan Roberts,Singer/Rapper,California,United States,50,8,Eliminated Week 2,13,4,0.0,0.0,0.0,,3,0.0,0.0,True,False
Shawn Johnson,Mark Ballas,Athlete,Iowa,United States,17,8,1st Place,1,5,9.0,8.0,9.0,,3,26.0,8.666666666666666,True,True
Gilles Marini,Cheryl Burke,Actor/Actress,,France,33,8,2nd Place,2,5,10.0,9.0,10.0,,3,29.0,9.666666666666666,True,True
Melissa Rycroft,Tony Dovolani,TV Personality,Texas,United States,26,8,3rd Place,3,5,8.0,8.0,9.0,,3,25.0,8.333333333333334,True,True
Ty Murray,Chelsie Hightower,Athlete,Arizona,United States,39,8,Eliminated Week 10,4,5,7.0,7.0,7.0,,3,21.0,7.0,True,True
Lil' Kim,Derek Hough,Singer/Rapper,New York,United States,34,8,Eliminated Week 9,5,5,9.0,8.0,9.0,,3,26.0,8.666666666666666,True,True
Chuck Wicks,Julianne Hough,Singer/Rapper,Delaware,United States,29,8,Eliminated Week 8,6,5,7.0,8.0,8.0,,3,23.0,7.666666666666667,True,True
Lawrence Taylor,Edyta Sliwinska,Athlete,Virginia,United States,50,8,Eliminated Week 7,7,5,6.0,7.0,7.0,,3,20.0,6.666666666666667,True,True
Steve-O,Lacey Schwimmer,TV Personality,,England,34,8,Eliminated Week 6,8,5,6.0,6.0,6.0,,3,18.0,6.0,True,True
David Alan Grier,Kym Johnson,Actor/Actress,Michigan,United States,52,8,Eliminated Week 5,9,5,7.0,8.0,7.0,,3,22.0,7.333333333333333,True,True
Steve Wozniak,Karina Smirnoff,Entrepreneur,California,United States,58,8,Eliminated Week 4,10,5,0.0,0.0,0.0,,3,0.0,0.0,True,False
Holly Madison,Dmitry Chaplin,TV Personality,Oregon,United States,30,8,Eliminated Week 4,11,5,0.0,0.0,0.0,,3,0.0,0.0,True,False
Denise Richards,Maksim Chmerkoskiy,Actor/Actress,Illinois,United States,38,8,Eliminated Week 3,12,5,0.0,0.0,0.0,,3,0.0,0.0,True,False
Belinda Carlisle,Jonathan Roberts,Singer/Rapper,California,United States,50,8,Eliminated Week 2,13,5,0.0,0.0,0.0,,3,0.0,0.0,True,False
Shawn Johnson,Mark Ballas,Athlete,Iowa,United States,17,8,1st Place,1,6,8.0,9.0,9.0,,3,26.0,8.666666666666666,True,True
Gilles Marini,Cheryl Burke,Actor/Actress,,France,33,8,2nd Place,2,6,9.0,8.0,9.0,,3,26.0,8.666666666666666,True,True
Melissa Rycroft,Tony Dovolani,TV Personality,Texas,United States,26,8,3rd Place,3,6,9.0,9.0,9.0,,3,27.0,9.0,True,True
Ty Murray,Chelsie Hightower,Athlete,Arizona,United States,39,8,Eliminated Week 10,4,6,6.0,6.0,6.0,,3,18.0,6.0,True,True
Lil' Kim,Derek Hough,Singer/Rapper,New York,United States,34,8,Eliminated Week 9,5,6,10.0,8.0,10.0,,3,28.0,9.333333333333334,True,True
Chuck Wicks,Julianne Hough,Singer/Rapper,Delaware,United States,29,8,Eliminated Week 8,6,6,8.0,7.0,8.0,,3,23.0,7.666666666666667,True,True
Lawrence Taylor,Edyta Sliwinska,Athlete,Virginia,United States,50,8,Eliminated Week 7,7,6,7.0,7.0,8.0,,3,22.0,7.333333333333333,True,True
Steve-O,Lacey Schwimmer,TV Personality,,England,34,8,Eliminated Week 6,8,6,7.0,4.0,5.0,,3,16.0,5.333333333333333,True,True
David Alan Grier,Kym Johnson,Actor/Actress,Michigan,United States,52,8,Eliminated Week 5,9,6,0.0,0.0,0.0,,3,0.0,0.0,True,False
Steve Wozniak,Karina Smirnoff,Entrepreneur,California,United States,58,8,Eliminated Week 4,10,6,0.0,0.0,0.0,,3,0.0,0.0,True,False
Holly Madison,Dmitry Chaplin,TV Personality,Oregon,United States,30,8,Eliminated Week 4,11,6,0.0,0.0,0.0,,3,0.0,0.0,True,False
Denise Richards,Maksim Chmerkoskiy,Actor/Actress,Illinois,United States,38,8,Eliminated Week 3,12,6,0.0,0.0,0.0,,3,0.0,0.0,True,False
Belinda Carlisle,Jonathan Roberts,Singer/Rapper,California,United States,50,8,Eliminated Week 2,13,6,0.0,0.0,0.0,,3,0.0,0.0,True,False
Shawn Johnson,Mark Ballas,Athlete,Iowa,United States,17,8,1st Place,1,7,9.0,9.0,10.0,,3,28.0,9.333333333333334,True,True
Gilles Marini,Cheryl Burke,Actor/Actress,,France,33,8,2nd Place,2,7,9.0,9.0,9.0,,3,27.0,9.0,True,True
Melissa Rycroft,Tony Dovolani,TV Personality,Texas,United States,26,8,3rd Place,3,7,10.0,9.0,10.0,,3,29.0,9.666666666666666,True,True
Ty Murray,Chelsie Hightower,Athlete,Arizona,United States,39,8,Eliminated Week 10,4,7,8.0,8.0,8.0,,3,24.0,8.0,True,True
Lil' Kim,Derek Hough,Singer/Rapper,New York,United States,34,8,Eliminated Week 9,5,7,9.0,8.0,9.0,,3,26.0,8.666666666666666,True,True
Chuck Wicks,Julianne Hough,Singer/Rapper,Delaware,United States,29,8,Eliminated Week 8,6,7,9.0,9.0,9.0,,3,27.0,9.0,True,True
Lawrence Taylor,Edyta Sliwinska,Athlete,Virginia,United States,50,8,Eliminated Week 7,7,7,7.0,7.0,7.0,,3,21.0,7.0,True,True
Steve-O,Lacey Schwimmer,TV Personality,,England,34,8,Eliminated Week 6,8,7,0.0,0.0,0.0,,3,0.0,0.0,True,False
David Alan Grier,Kym Johnson,Actor/Actress,Michigan,United States,52,8,Eliminated Week 5,9,7,0.0,0.0,0.0,,3,0.0,0.0,True,False
Steve Wozniak,Karina Smirnoff,Entrepreneur,California,United States,58,8,Eliminated Week 4,10,7,0.0,0.0,0.0,,3,0.0,0.0,True,False
Holly Madison,Dmitry Chaplin,TV Personality,Oregon,United States,30,8,Eliminated Week 4,11,7,0.0,0.0,0.0,,3,0.0,0.0,True,False
Denise Richards,Maksim Chmerkoskiy,Actor/Actress,Illinois,United States,38,8,Eliminated Week 3,12,7,0.0,0.0,0.0,,3,0.0,0.0,True,False
Belinda Carlisle,Jonathan Roberts,Singer/Rapper,California,United States,50,8,Eliminated Week 2,13,7,0.0,0.0,0.0,,3,0.0,0.0,True,False
Shawn Johnson,Mark Ballas,Athlete,Iowa,United States,17,8,1st Place,1,8,9.0,8.0,9.0,,3,26.0,8.666666666666666,True,True
Gilles Marini,Cheryl Burke,Actor/Actress,,France,33,8,2nd Place,2,8,9.0,9.0,9.5,,3,27.5,9.166666666666666,True,True
Melissa Rycroft,Tony Dovolani,TV Personality,Texas,United States,26,8,3rd Place,3,8,7.5,7.5,8.0,,3,23.0,7.666666666666667,True,True
Ty Murray,Chelsie Hightower,Athlete,Arizona,United States,39,8,Eliminated Week 10,4,8,9.0,8.0,9.0,,3,26.0,8.666666666666666,True,True
Lil' Kim,Derek Hough,Singer/Rapper,New York,United States,34,8,Eliminated Week 9,5,8,9.0,9.0,10.0,,3,28.0,9.333333333333334,True,True
Chuck Wicks,Julianne Hough,Singer/Rapper,Delaware,United States,29,8,Eliminated Week 8,6,8,8.5,8.5,8.5,,3,25.5,8.5,True,True
Lawrence Taylor,Edyta Sliwinska,Athlete,Virginia,United States,50,8,Eliminated Week 7,7,8,0.0,0.0,0.0,,3,0.0,0.0,True,False
Steve-O,Lacey Schwimmer,TV Personality,,England,34,8,Eliminated Week 6,8,8,0.0,0.0,0.0,,3,0.0,0.0,True,False
David Alan Grier,Kym Johnson,Actor/Actress,Michigan,United States,52,8,Eliminated Week 5,9,8,0.0,0.0,0.0,,3,0.0,0.0,True,False
Steve Wozniak,Karina Smirnoff,Entrepreneur,California,United States,58,8,Eliminated Week 4,10,8,0.0,0.0,0.0,,3,0.0,0.0,True,False
Holly Madison,Dmitry Chaplin,TV Personality,Oregon,United States,30,8,Eliminated Week 4,11,8,0.0,0.0,0.0,,3,0.0,0.0,True,False
Denise Richards,Maksim Chmerkoskiy,Actor/Actress,Illinois,United States,38,8,Eliminated Week 3,12,8,0.0,0.0,0.0,,3,0.0,0.0,True,False
Belinda Carlisle,Jonathan Roberts,Singer/Rapper,California,United States,50,8,Eliminated Week 2,13,8,0.0,0.0,0.0,,3,0.0,0.0,True,False
Shawn Johnson,Mark Ballas,Athlete,Iowa,United States,17,8,1st Place,1,9,9.5,9.0,9.5,,3,28.0,9.333333333333334,True,True
Gilles Marini,Cheryl Burke,Actor/Actress,,France,33,8,2nd Place,2,9,9.5,9.0,9.5,,3,28.0,9.333333333333334,True,True
Melissa Rycroft,Tony Dovolani,TV Personality,Texas,United States,26,8,3rd Place,3,9,9.5,9.5,9.5,,3,28.5,9.5,True,True
Ty Murray,Chelsie Hightower,Athlete,Arizona,United States,39,8,Eliminated Week 10,4,9,7.5,8.0,7.5,,3,23.0,7.666666666666667,True,True
Lil' Kim,Derek Hough,Singer/Rapper,New York,United States,34,8,Eliminated Week 9,5,9,8.5,9.0,8.5,,3,26.0,8.666666666666666,True,True
Chuck Wicks,Julianne Hough,Singer/Rapper,Delaware,United States,29,8,Eliminated Week 8,6,9,0.0,0.0,0.0,,3,0.0,0.0,True,False
Lawrence Taylor,Edyta Sliwinska,Athlete,Virginia,United States,50,8,Eliminated Week 7,7,9,0.0,0.0,0.0,,3,0.0,0.0,True,False
Steve-O,Lacey Schwimmer,TV Personality,,England,34,8,Eliminated Week 6,8,9,0.0,0.0,0.0,,3,0.0,0.0,True,False
David Alan Grier,Kym Johnson,Actor/Actress,Michigan,United States,52,8,Eliminated Week 5,9,9,0.0,0.0,0.0,,3,0.0,0.0,True,False
Steve Wozniak,Karina Smirnoff,Entrepreneur,California,United States,58,8,Eliminated Week 4,10,9,0.0,0.0,0.0,,3,0.0,0.0,True,False
Holly Madison,Dmitry Chaplin,TV Personality,Oregon,United States,30,8,Eliminated Week 4,11,9,0.0,0.0,0.0,,3,0.0,0.0,True,False
Denise Richards,Maksim Chmerkoskiy,Actor/Actress,Illinois,United States,38,8,Eliminated Week 3,12,9,0.0,0.0,0.0,,3,0.0,0.0,True,False
Belinda Carlisle,Jonathan Roberts,Singer/Rapper,California,United States,50,8,Eliminated Week 2,13,9,0.0,0.0,0.0,,3,0.0,0.0,True,False
Shawn Johnson,Mark Ballas,Athlete,Iowa,United States,17,8,1st Place,1,10,9.5,9.0,9.5,,3,28.0,9.333333333333334,True,True
Gilles Marini,Cheryl Burke,Actor/Actress,,France,33,8,2nd Place,2,10,10.0,10.0,10.0,,3,30.0,10.0,True,True
Melissa Rycroft,Tony Dovolani,TV Personality,Texas,United States,26,8,3rd Place,3,10,9.0,9.5,9.0,,3,27.5,9.166666666666666,True,True
Ty Murray,Chelsie Hightower,Athlete,Arizona,United States,39,8,Eliminated Week 10,4,10,8.0,8.0,8.0,,3,24.0,8.0,True,True
Lil' Kim,Derek Hough,Singer/Rapper,New York,United States,34,8,Eliminated Week 9,5,10,0.0,0.0,0.0,,3,0.0,0.0,True,False
Chuck Wicks,Julianne Hough,Singer/Rapper,Delaware,United States,29,8,Eliminated Week 8,6,10,0.0,0.0,0.0,,3,0.0,0.0,True,False
Lawrence Taylor,Edyta Sliwinska,Athlete,Virginia,United States,50,8,Eliminated Week 7,7,10,0.0,0.0,0.0,,3,0.0,0.0,True,False
Steve-O,Lacey Schwimmer,TV Personality,,England,34,8,Eliminated Week 6,8,10,0.0,0.0,0.0,,3,0.0,0.0,True,False
David Alan Grier,Kym Johnson,Actor/Actress,Michigan,United States,52,8,Eliminated Week 5,9,10,0.0,0.0,0.0,,3,0.0,0.0,True,False
Steve Wozniak,Karina Smirnoff,Entrepreneur,California,United States,58,8,Eliminated Week 4,10,10,0.0,0.0,0.0,,3,0.0,0.0,True,False
Holly Madison,Dmitry Chaplin,TV Personality,Oregon,United States,30,8,Eliminated Week 4,11,10,0.0,0.0,0.0,,3,0.0,0.0,True,False
Denise Richards,Maksim Chmerkoskiy,Actor/Actress,Illinois,United States,38,8,Eliminated Week 3,12,10,0.0,0.0,0.0,,3,0.0,0.0,True,False
Belinda Carlisle,Jonathan Roberts,Singer/Rapper,California,United States,50,8,Eliminated Week 2,13,10,0.0,0.0,0.0,,3,0.0,0.0,True,False
Shawn Johnson,Mark Ballas,Athlete,Iowa,United States,17,8,1st Place,1,11,10.0,10.0,10.0,,3,30.0,10.0,True,True
Gilles Marini,Cheryl Burke,Actor/Actress,,France,33,8,2nd Place,2,11,9.5,10.0,9.5,,3,29.0,9.666666666666666,True,True
Melissa Rycroft,Tony Dovolani,TV Personality,Texas,United States,26,8,3rd Place,3,11,9.5,9.5,9.5,,3,28.5,9.5,True,True
Ty Murray,Chelsie Hightower,Athlete,Arizona,United States,39,8,Eliminated Week 10,4,11,0.0,0.0,0.0,,3,0.0,0.0,True,False
Lil' Kim,Derek Hough,Singer/Rapper,New York,United States,34,8,Eliminated Week 9,5,11,0.0,0.0,0.0,,3,0.0,0.0,True,False
Chuck Wicks,Julianne Hough,Singer/Rapper,Delaware,United States,29,8,Eliminated Week 8,6,11,0.0,0.0,0.0,,3,0.0,0.0,True,False
Lawrence Taylor,Edyta Sliwinska,Athlete,Virginia,United States,50,8,Eliminated Week 7,7,11,0.0,0.0,0.0,,3,0.0,0.0,True,False
Steve-O,Lacey Schwimmer,TV Personality,,England,34,8,Eliminated Week 6,8,11,0.0,0.0,0.0,,3,0.0,0.0,True,False
David Alan Grier,Kym Johnson,Actor/Actress,Michigan,United States,52,8,Eliminated Week 5,9,11,0.0,0.0,0.0,,3,0.0,0.0,True,False
Steve Wozniak,Karina Smirnoff,Entrepreneur,California,United States,58,8,Eliminated Week 4,10,11,0.0,0.0,0.0,,3,0.0,0.0,True,False
Holly Madison,Dmitry Chaplin,TV Personality,Oregon,United States,30,8,Eliminated Week 4,11,11,0.0,0.0,0.0,,3,0.0,0.0,True,False
Denise Richards,Maksim Chmerkoskiy,Actor/Actress,Illinois,United States,38,8,Eliminated Week 3,12,11,0.0,0.0,0.0,,3,0.0,0.0,True,False
Belinda Carlisle,Jonathan Roberts,Singer/Rapper,California,United States,50,8,Eliminated Week 2,13,11,0.0,0.0,0.0,,3,0.0,0.0,True,False
Donny Osmond,Kym Johnson,Singer/Rapper,Utah,United States,51,9,1st Place,1,1,10.3333,9.3333,10.3333,,3,29.999899999999997,9.999966666666666,True,True
Mya,Dmitry Chaplin,Singer/Rapper,Washington D.C.,United States,29,9,2nd Place,2,1,11.3333,8.3333,11.3333,,3,30.999899999999997,10.3333,True,True
Kelly Osbourne,Louis van Amstel,TV Personality,,England,24,9,3rd Place,3,1,9.6666,10.6666,10.6666,,3,30.9998,10.333266666666667,True,True
Joanna Krupa,Derek Hough,Model,,Poland,30,9,Eliminated Week 9,4,1,11.3333,11.3333,11.3333,,3,33.9999,11.3333,True,True
Aaron Carter,Karina Smirnoff,Singer/Rapper,Florida,United States,21,9,Eliminated Week 8,5,1,10.3333,11.3333,10.3333,,3,31.999899999999997,10.666633333333332,True,True
Mark Dacascos,Lacey Schwimmer,Actor/Actress,Hawaii,United States,45,9,Eliminated Week 7,6,1,9.6666,9.6666,9.6666,,3,28.9998,9.6666,True,True
Michael Irvin,Anna Demidova,Athlete,Florida,United States,43,9,Eliminated Week 7,7,1,7.0,6.0,6.0,,3,19.0,6.333333333333333,True,True
Louie Vito,Chelsie Hightower,Athlete,Ohio,United States,21,9,Eliminated Week 6,8,1,8.6666,9.6666,8.6666,,3,26.9998,8.999933333333333,True,True
Melissa Joan Hart,Mark Ballas,Actor/Actress,New York,United States,33,9,Eliminated Week 6,9,1,8.0,8.0,8.0,,3,24.0,8.0,True,True
Natalie Coughlin,Alec Mazo,Athlete,California,United States,27,9,Eliminated Week 5,10,1,9.6666,8.6666,8.6666,,3,26.9998,8.999933333333333,True,True
Chuck Liddell,Anna Trebunskaya,Athlete,California,United States,39,9,Eliminated Week 4,11,1,8.0,7.0,7.0,,3,22.0,7.333333333333333,True,True
Debi Mazar,Maksim Chmerkoskiy,Actor/Actress,New York,United States,45,9,Eliminated Week 3,12,1,8.0,7.0,7.0,,3,22.0,7.333333333333333,True,True
Tom DeLay,Cheryl Burke,Politician,Texas,United States,62,9,Withdrew,13,1,7.3333,6.3333,6.3333,,3,19.9999,6.666633333333333,True,True
Kathy Ireland,Tony Dovolani,Model,California,United States,46,9,Eliminated Week 2,14,1,7.3333,6.3333,6.3333,,3,19.9999,6.666633333333333,True,True
Macy Gray,Jonathan Roberts,Singer/Rapper,Ohio,United States,42,9,Eliminated Week 1,15,1,7.3333,5.3333,6.3333,,3,18.9999,6.3333,True,True
Ashley Hamiliton,Edyta Sliwinska,Actor/Actress,California,United States,34,9,Eliminated Week 1,16,1,6.3333,7.3333,5.3333,,3,18.9999,6.3333,True,True
Donny Osmond,Kym Johnson,Singer/Rapper,Utah,United States,51,9,1st Place,1,2,8.0,9.0,8.0,,3,25.0,8.333333333333334,True,True
Mya,Dmitry Chaplin,Singer/Rapper,Washington D.C.,United States,29,9,2nd Place,2,2,9.0,9.0,9.0,,3,27.0,9.0,True,True
Kelly Osbourne,Louis van Amstel,TV Personality,,England,24,9,3rd Place,3,2,6.0,7.0,6.0,,3,19.0,6.333333333333333,True,True
Joanna Krupa,Derek Hough,Model,,Poland,30,9,Eliminated Week 9,4,2,6.0,7.0,7.0,,3,20.0,6.666666666666667,True,True
Aaron Carter,Karina Smirnoff,Singer/Rapper,Florida,United States,21,9,Eliminated Week 8,5,2,9.0,9.0,9.0,,3,27.0,9.0,True,True
Mark Dacascos,Lacey Schwimmer,Actor/Actress,Hawaii,United States,45,9,Eliminated Week 7,6,2,7.0,7.0,7.0,,3,21.0,7.0,True,True
Michael Irvin,Anna Demidova,Athlete,Florida,United States,43,9,Eliminated Week 7,7,2,7.0,7.0,6.0,,3,20.0,6.666666666666667,True,True
Louie Vito,Chelsie Hightower,Athlete,Ohio,United States,21,9,Eliminated Week 6,8,2,6.0,7.0,6.0,,3,19.0,6.333333333333333,True,True
Melissa Joan Hart,Mark Ballas,Actor/Actress,New York,United States,33,9,Eliminated Week 6,9,2,7.0,6.0,6.0,,3,19.0,6.333333333333333,True,True
Natalie Coughlin,Alec Mazo,Athlete,California,United States,27,9,Eliminated Week 5,10,2,7.0,7.0,7.0,,3,21.0,7.0,True,True
Chuck Liddell,Anna Trebunskaya,Athlete,California,United States,39,9,Eliminated Week 4,11,2,6.0,7.0,6.0,,3,19.0,6.333333333333333,True,True
Debi Mazar,Maksim Chmerkoskiy,Actor/Actress,New York,United States,45,9,Eliminated Week 3,12,2,7.0,7.0,7.0,,3,21.0,7.0,True,True
Tom DeLay,Cheryl Burke,Politician,Texas,United States,62,9,Withdrew,13,2,6.0,6.0,6.0,,3,18.0,6.0,True,True
Kathy Ireland,Tony Dovolani,Model,California,United States,46,9,Eliminated Week 2,14,2,6.0,6.0,6.0,,3,18.0,6.0,True,True
Macy Gray,Jonathan Roberts,Singer/Rapper,Ohio,United States,42,9,Eliminated Week 1,15,2,0.0,0.0,0.0,,3,0.0,0.0,True,False
Ashley Hamiliton,Edyta Sliwinska,Actor/Actress,California,United States,34,9,Eliminated Week 1,16,2,0.0,0.0,0.0,,3,0.0,0.0,True,False
Donny Osmond,Kym Johnson,Singer/Rapper,Utah,United States,51,9,1st Place,1,3,7.0,7.0,7.0,,3,21.0,7.0,True,True
Mya,Dmitry Chaplin,Singer/Rapper,Washington D.C.,United States,29,9,2nd Place,2,3,10.0,7.0,10.0,,3,27.0,9.0,True,True
Kelly Osbourne,Louis van Amstel,TV Personality,,England,24,9,3rd Place,3,3,7.0,6.0,7.0,,3,20.0,6.666666666666667,True,True
Joanna Krupa,Derek Hough,Model,,Poland,30,9,Eliminated Week 9,4,3,7.0,8.0,8.0,,3,23.0,7.666666666666667,True,True
Aaron Carter,Karina Smirnoff,Singer/Rapper,Florida,United States,21,9,Eliminated Week 8,5,3,8.0,6.0,7.0,,3,21.0,7.0,True,True
Mark Dacascos,Lacey Schwimmer,Actor/Actress,Hawaii,United States,45,9,Eliminated Week 7,6,3,6.0,6.0,6.0,,3,18.0,6.0,True,True
Michael Irvin,Anna Demidova,Athlete,Florida,United States,43,9,Eliminated Week 7,7,3,5.0,4.0,5.0,,3,14.0,4.666666666666667,True,True
Louie Vito,Chelsie Hightower,Athlete,Ohio,United States,21,9,Eliminated Week 6,8,3,8.0,5.0,7.0,,3,20.0,6.666666666666667,True,True
Melissa Joan Hart,Mark Ballas,Actor/Actress,New York,United States,33,9,Eliminated Week 6,9,3,6.0,6.0,7.0,,3,19.0,6.333333333333333,True,True
Natalie Coughlin,Alec Mazo,Athlete,California,United States,27,9,Eliminated Week 5,10,3,9.0,8.0,9.0,,3,26.0,8.666666666666666,True,True
Chuck Liddell,Anna Trebunskaya,Athlete,California,United States,39,9,Eliminated Week 4,11,3,6.0,5.0,6.0,,3,17.0,5.666666666666667,True,True
Debi Mazar,Maksim Chmerkoskiy,Actor/Actress,New York,United States,45,9,Eliminated Week 3,12,3,6.0,5.0,6.0,,3,17.0,5.666666666666667,True,True
Tom DeLay,Cheryl Burke,Politician,Texas,United States,62,9,Withdrew,13,3,6.0,4.0,5.0,,3,15.0,5.0,True,True
Kathy Ireland,Tony Dovolani,Model,California,United States,46,9,Eliminated Week 2,14,3,0.0,0.0,0.0,,3,0.0,0.0,True,False
Macy Gray,Jonathan Roberts,Singer/Rapper,Ohio,United States,42,9,Eliminated Week 1,15,3,0.0,0.0,0.0,,3,0.0,0.0,True,False
Ashley Hamiliton,Edyta Sliwinska,Actor/Actress,California,United States,34,9,Eliminated Week 1,16,3,0.0,0.0,0.0,,3,0.0,0.0,True,False
Donny Osmond,Kym Johnson,Singer/Rapper,Utah,United States,51,9,1st Place,1,4,8.0,8.0,8.0,,3,24.0,8.0,True,True
Mya,Dmitry Chaplin,Singer/Rapper,Washington D.C.,United States,29,9,2nd Place,2,4,10.0,8.0,10.0,,3,28.0,9.333333333333334,True,True
Kelly Osbourne,Louis van Amstel,TV Personality,,England,24,9,3rd Place,3,4,8.0,7.0,8.0,,3,23.0,7.666666666666667,True,True
Joanna Krupa,Derek Hough,Model,,Poland,30,9,Eliminated Week 9,4,4,9.0,8.0,9.0,,3,26.0,8.666666666666666,True,True
Aaron Carter,Karina Smirnoff,Singer/Rapper,Florida,United States,21,9,Eliminated Week 8,5,4,6.0,6.0,6.0,,3,18.0,6.0,True,True
Mark Dacascos,Lacey Schwimmer,Actor/Actress,Hawaii,United States,45,9,Eliminated Week 7,6,4,8.0,7.0,7.0,,3,22.0,7.333333333333333,True,True
Michael Irvin,Anna Demidova,Athlete,Florida,United States,43,9,Eliminated Week 7,7,4,5.0,6.0,5.0,,3,16.0,5.333333333333333,True,True
Louie Vito,Chelsie Hightower,Athlete,Ohio,United States,21,9,Eliminated Week 6,8,4,5.0,5.0,6.0,,3,16.0,5.333333333333333,True,True
Melissa Joan Hart,Mark Ballas,Actor/Actress,New York,United States,33,9,Eliminated Week 6,9,4,9.0,9.0,10.0,,3,28.0,9.333333333333334,True,True
Natalie Coughlin,Alec Mazo,Athlete,California,United States,27,9,Eliminated Week 5,10,4,8.0,8.0,8.0,,3,24.0,8.0,True,True
Chuck Liddell,Anna Trebunskaya,Athlete,California,United States,39,9,Eliminated Week 4,11,4,6.0,5.0,6.0,,3,17.0,5.666666666666667,True,True
Debi Mazar,Maksim Chmerkoskiy,Actor/Actress,New York,United States,45,9,Eliminated Week 3,12,4,0.0,0.0,0.0,,3,0.0,0.0,True,False
Tom DeLay,Cheryl Burke,Politician,Texas,United States,62,9,Withdrew,13,4,0.0,0.0,0.0,,3,0.0,0.0,True,False
Kathy Ireland,Tony Dovolani,Model,California,United States,46,9,Eliminated Week 2,14,4,0.0,0.0,0.0,,3,0.0,0.0,True,False
Macy Gray,Jonathan Roberts,Singer/Rapper,Ohio,United States,42,9,Eliminated Week 1,15,4,0.0,0.0,0.0,,3,0.0,0.0,True,False
Ashley Hamiliton,Edyta Sliwinska,Actor/Actress,California,United States,34,9,Eliminated Week 1,16,4,0.0,0.0,0.0,,3,0.0,0.0,True,False
Donny Osmond,Kym Johnson,Singer/Rapper,Utah,United States,51,9,1st Place,1,5,10.0,9.0,10.0,,3,29.0,9.666666666666666,True,True
Mya,Dmitry Chaplin,Singer/Rapper,Washington D.C.,United States,29,9,2nd Place,2,5,9.0,9.0,9.0,,3,27.0,9.0,True,True
Kelly Osbourne,Louis van Amstel,TV Personality,,England,24,9,3rd Place,3,5,8.0,8.0,8.0,,3,24.0,8.0,True,True
Joanna Krupa,Derek Hough,Model,,Poland,30,9,Eliminated Week 9,4,5,8.0,8.0,8.0,,3,24.0,8.0,True,True
Aaron Carter,Karina Smirnoff,Singer/Rapper,Florida,United States,21,9,Eliminated Week 8,5,5,8.0,8.0,8.0,,3,24.0,8.0,True,True
Mark Dacascos,Lacey Schwimmer,Actor/Actress,Hawaii,United States,45,9,Eliminated Week 7,6,5,9.0,9.0,8.0,,3,26.0,8.666666666666666,True,True
Michael Irvin,Anna Demidova,Athlete,Florida,United States,43,9,Eliminated Week 7,7,5,7.0,7.0,7.0,,3,21.0,7.0,True,True
Louie Vito,Chelsie Hightower,Athlete,Ohio,United States,21,9,Eliminated Week 6,8,5,7.0,8.0,7.0,,3,22.0,7.333333333333333,True,True
Melissa Joan Hart,Mark Ballas,Actor/Actress,New York,United States,33,9,Eliminated Week 6,9,5,8.0,8.0,7.0,,3,23.0,7.666666666666667,True,True
Natalie Coughlin,Alec Mazo,Athlete,California,United States,27,9,Eliminated Week 5,10,5,7.0,8.0,7.0,,3,22.0,7.333333333333333,True,True
Chuck Liddell,Anna Trebunskaya,Athlete,California,United States,39,9,Eliminated Week 4,11,5,0.0,0.0,0.0,,3,0.0,0.0,True,False
Debi Mazar,Maksim Chmerkoskiy,Actor/Actress,New York,United States,45,9,Eliminated Week 3,12,5,0.0,0.0,0.0,,3,0.0,0.0,True,False
Tom DeLay,Cheryl Burke,Politician,Texas,United States,62,9,Withdrew,13,5,0.0,0.0,0.0,,3,0.0,0.0,True,False
Kathy Ireland,Tony Dovolani,Model,California,United States,46,9,Eliminated Week 2,14,5,0.0,0.0,0.0,,3,0.0,0.0,True,False
Macy Gray,Jonathan Roberts,Singer/Rapper,Ohio,United States,42,9,Eliminated Week 1,15,5,0.0,0.0,0.0,,3,0.0,0.0,True,False
Ashley Hamiliton,Edyta Sliwinska,Actor/Actress,California,United States,34,9,Eliminated Week 1,16,5,0.0,0.0,0.0,,3,0.0,0.0,True,False
Donny Osmond,Kym Johnson,Singer/Rapper,Utah,United States,51,9,1st Place,1,6,10.3333,10.3333,10.3333,,3,30.999899999999997,10.3333,True,True
Mya,Dmitry Chaplin,Singer/Rapper,Washington D.C.,United States,29,9,2nd Place,2,6,11.0,10.0,12.0,,3,33.0,11.0,True,True
Kelly Osbourne,Louis van Amstel,TV Personality,,England,24,9,3rd Place,3,6,8.6666,7.6666,8.6666,,3,24.9998,8.333266666666667,True,True
Joanna Krupa,Derek Hough,Model,,Poland,30,9,Eliminated Week 9,4,6,11.3333,12.3333,12.3333,,3,35.9999,11.999966666666666,True,True
Aaron Carter,Karina Smirnoff,Singer/Rapper,Florida,United States,21,9,Eliminated Week 8,5,6,10.6666,11.6666,10.6666,,3,32.9998,10.999933333333333,True,True
Mark Dacascos,Lacey Schwimmer,Actor/Actress,Hawaii,United States,45,9,Eliminated Week 7,6,6,11.0,11.0,10.0,,3,32.0,10.666666666666666,True,True
Michael Irvin,Anna Demidova,Athlete,Florida,United States,43,9,Eliminated Week 7,7,6,6.6666,8.6666,6.6666,,3,21.9998,7.333266666666667,True,True
Louie Vito,Chelsie Hightower,Athlete,Ohio,United States,21,9,Eliminated Week 6,8,6,8.0,8.0,8.0,,3,24.0,8.0,True,True
Melissa Joan Hart,Mark Ballas,Actor/Actress,New York,United States,33,9,Eliminated Week 6,9,6,8.3333,8.3333,7.3333,,3,23.9999,7.9999666666666664,True,True
Natalie Coughlin,Alec Mazo,Athlete,California,United States,27,9,Eliminated Week 5,10,6,0.0,0.0,0.0,,3,0.0,0.0,True,False
Chuck Liddell,Anna Trebunskaya,Athlete,California,United States,39,9,Eliminated Week 4,11,6,0.0,0.0,0.0,,3,0.0,0.0,True,False
Debi Mazar,Maksim Chmerkoskiy,Actor/Actress,New York,United States,45,9,Eliminated Week 3,12,6,0.0,0.0,0.0,,3,0.0,0.0,True,False
Tom DeLay,Cheryl Burke,Politician,Texas,United States,62,9,Withdrew,13,6,0.0,0.0,0.0,,3,0.0,0.0,True,False
Kathy Ireland,Tony Dovolani,Model,California,United States,46,9,Eliminated Week 2,14,6,0.0,0.0,0.0,,3,0.0,0.0,True,False
Macy Gray,Jonathan Roberts,Singer/Rapper,Ohio,United States,42,9,Eliminated Week 1,15,6,0.0,0.0,0.0,,3,0.0,0.0,True,False
Ashley Hamiliton,Edyta Sliwinska,Actor/Actress,California,United States,34,9,Eliminated Week 1,16,6,0.0,0.0,0.0,,3,0.0,0.0,True,False
Donny Osmond,Kym Johnson,Singer/Rapper,Utah,United States,51,9,1st Place,1,7,8.5,8.5,9.0,,3,26.0,8.666666666666666,True,True
Mya,Dmitry Chaplin,Singer/Rapper,Washington D.C.,United States,29,9,2nd Place,2,7,8.5,7.5,8.5,,3,24.5,8.166666666666666,True,True
Kelly Osbourne,Louis van Amstel,TV Personality,,England,24,9,3rd Place,3,7,8.5,8.5,9.0,,3,26.0,8.666666666666666,True,True
Joanna Krupa,Derek Hough,Model,,Poland,30,9,Eliminated Week 9,4,7,9.0,9.0,9.5,,3,27.5,9.166666666666666,True,True
Aaron Carter,Karina Smirnoff,Singer/Rapper,Florida,United States,21,9,Eliminated Week 8,5,7,8.5,9.0,9.0,,3,26.5,8.833333333333334,True,True
Mark Dacascos,Lacey Schwimmer,Actor/Actress,Hawaii,United States,45,9,Eliminated Week 7,6,7,7.0,7.5,7.0,,3,21.5,7.166666666666667,True,True
Michael Irvin,Anna Demidova,Athlete,Florida,United States,43,9,Eliminated Week 7,7,7,8.0,8.0,7.5,,3,23.5,7.833333333333333,True,True
Louie Vito,Chelsie Hightower,Athlete,Ohio,United States,21,9,Eliminated Week 6,8,7,0.0,0.0,0.0,,3,0.0,0.0,True,False
Melissa Joan Hart,Mark Ballas,Actor/Actress,New York,United States,33,9,Eliminated Week 6,9,7,0.0,0.0,0.0,,3,0.0,0.0,True,False
Natalie Coughlin,Alec Mazo,Athlete,California,United States,27,9,Eliminated Week 5,10,7,0.0,0.0,0.0,,3,0.0,0.0,True,False
Chuck Liddell,Anna Trebunskaya,Athlete,California,United States,39,9,Eliminated Week 4,11,7,0.0,0.0,0.0,,3,0.0,0.0,True,False
Debi Mazar,Maksim Chmerkoskiy,Actor/Actress,New York,United States,45,9,Eliminated Week 3,12,7,0.0,0.0,0.0,,3,0.0,0.0,True,False
Tom DeLay,Cheryl Burke,Politician,Texas,United States,62,9,Withdrew,13,7,0.0,0.0,0.0,,3,0.0,0.0,True,False
Kathy Ireland,Tony Dovolani,Model,California,United States,46,9,Eliminated Week 2,14,7,0.0,0.0,0.0,,3,0.0,0.0,True,False
Macy Gray,Jonathan Roberts,Singer/Rapper,Ohio,United States,42,9,Eliminated Week 1,15,7,0.0,0.0,0.0,,3,0.0,0.0,True,False
Ashley Hamiliton,Edyta Sliwinska,Actor/Actress,California,United States,34,9,Eliminated Week 1,16,7,0.0,0.0,0.0,,3,0.0,0.0,True,False
Donny Osmond,Kym Johnson,Singer/Rapper,Utah,United States,51,9,1st Place,1,8,8.5,8.0,8.5,,3,25.0,8.333333333333334,True,True
Mya,Dmitry Chaplin,Singer/Rapper,Washington D.C.,United States,29,9,2nd Place,2,8,9.5,10.0,10.0,,3,29.5,9.833333333333334,True,True
Kelly Osbourne,Louis van Amstel,TV Personality,,England,24,9,3rd Place,3,8,8.0,8.5,9.0,,3,25.5,8.5,True,True
Joanna Krupa,Derek Hough,Model,,Poland,30,9,Eliminated Week 9,4,8,8.5,8.5,9.0,,3,26.0,8.666666666666666,True,True
Aaron Carter,Karina Smirnoff,Singer/Rapper,Florida,United States,21,9,Eliminated Week 8,5,8,8.0,8.5,8.5,,3,25.0,8.333333333333334,True,True
Mark Dacascos,Lacey Schwimmer,Actor/Actress,Hawaii,United States,45,9,Eliminated Week 7,6,8,0.0,0.0,0.0,,3,0.0,0.0,True,False
Michael Irvin,Anna Demidova,Athlete,Florida,United States,43,9,Eliminated Week 7,7,8,0.0,0.0,0.0,,3,0.0,0.0,True,False
Louie Vito,Chelsie Hightower,Athlete,Ohio,United States,21,9,Eliminated Week 6,8,8,0.0,0.0,0.0,,3,0.0,0.0,True,False
Melissa Joan Hart,Mark Ballas,Actor/Actress,New York,United States,33,9,Eliminated Week 6,9,8,0.0,0.0,0.0,,3,0.0,0.0,True,False
Natalie Coughlin,Alec Mazo,Athlete,California,United States,27,9,Eliminated Week 5,10,8,0.0,0.0,0.0,,3,0.0,0.0,True,False
Chuck Liddell,Anna Trebunskaya,Athlete,California,United States,39,9,Eliminated Week 4,11,8,0.0,0.0,0.0,,3,0.0,0.0,True,False
Debi Mazar,Maksim Chmerkoskiy,Actor/Actress,New York,United States,45,9,Eliminated Week 3,12,8,0.0,0.0,0.0,,3,0.0,0.0,True,False
Tom DeLay,Cheryl Burke,Politician,Texas,United States,62,9,Withdrew,13,8,0.0,0.0,0.0,,3,0.0,0.0,True,False
Kathy Ireland,Tony Dovolani,Model,California,United States,46,9,Eliminated Week 2,14,8,0.0,0.0,0.0,,3,0.0,0.0,True,False
Macy Gray,Jonathan Roberts,Singer/Rapper,Ohio,United States,42,9,Eliminated Week 1,15,8,0.0,0.0,0.0,,3,0.0,0.0,True,False
Ashley Hamiliton,Edyta Sliwinska,Actor/Actress,California,United States,34,9,Eliminated Week 1,16,8,0.0,0.0,0.0,,3,0.0,0.0,True,False
Donny Osmond,Kym Johnson,Singer/Rapper,Utah,United States,51,9,1st Place,1,9,8.0,8.3333,8.3333,,3,24.666600000000003,8.2222,True,True
Mya,Dmitry Chaplin,Singer/Rapper,Washington D.C.,United States,29,9,2nd Place,2,9,9.3333,9.6666,10.0,,3,28.9999,9.666633333333333,True,True
Kelly Osbourne,Louis van Amstel,TV Personality,,England,24,9,3rd Place,3,9,8.6666,8.6666,8.6666,,3,25.9998,8.6666,True,True
Joanna Krupa,Derek Hough,Model,,Poland,30,9,Eliminated Week 9,4,9,9.0,9.0,9.0,,3,27.0,9.0,True,True
Aaron Carter,Karina Smirnoff,Singer/Rapper,Florida,United States,21,9,Eliminated Week 8,5,9,0.0,0.0,0.0,,3,0.0,0.0,True,False
Mark Dacascos,Lacey Schwimmer,Actor/Actress,Hawaii,United States,45,9,Eliminated Week 7,6,9,0.0,0.0,0.0,,3,0.0,0.0,True,False
Michael Irvin,Anna Demidova,Athlete,Florida,United States,43,9,Eliminated Week 7,7,9,0.0,0.0,0.0,,3,0.0,0.0,True,False
Louie Vito,Chelsie Hightower,Athlete,Ohio,United States,21,9,Eliminated Week 6,8,9,0.0,0.0,0.0,,3,0.0,0.0,True,False
Melissa Joan Hart,Mark Ballas,Actor/Actress,New York,United States,33,9,Eliminated Week 6,9,9,0.0,0.0,0.0,,3,0.0,0.0,True,False
Natalie Coughlin,Alec Mazo,Athlete,California,United States,27,9,Eliminated Week 5,10,9,0.0,0.0,0.0,,3,0.0,0.0,True,False
Chuck Liddell,Anna Trebunskaya,Athlete,California,United States,39,9,Eliminated Week 4,11,9,0.0,0.0,0.0,,3,0.0,0.0,True,False
Debi Mazar,Maksim Chmerkoskiy,Actor/Actress,New York,United States,45,9,Eliminated Week 3,12,9,0.0,0.0,0.0,,3,0.0,0.0,True,False
Tom DeLay,Cheryl Burke,Politician,Texas,United States,62,9,Withdrew,13,9,0.0,0.0,0.0,,3,0.0,0.0,True,False
Kathy Ireland,Tony Dovolani,Model,California,United States,46,9,Eliminated Week 2,14,9,0.0,0.0,0.0,,3,0.0,0.0,True,False
Macy Gray,Jonathan Roberts,Singer/Rapper,Ohio,United States,42,9,Eliminated Week 1,15,9,0.0,0.0,0.0,,3,0.0,0.0,True,False
Ashley Hamiliton,Edyta Sliwinska,Actor/Actress,California,United States,34,9,Eliminated Week 1,16,9,0.0,0.0,0.0,,3,0.0,0.0,True,False
Donny Osmond,Kym Johnson,Singer/Rapper,Utah,United States,51,9,1st Place,1,10,9.6666,9.6666,9.6666,,3,28.9998,9.6666,True,True
Mya,Dmitry Chaplin,Singer/Rapper,Washington D.C.,United States,29,9,2nd Place,2,10,9.4444,9.4444,9.4444,,3,28.333199999999998,9.4444,True,True
Kelly Osbourne,Louis van Amstel,TV Personality,,England,24,9,3rd Place,3,10,8.5,8.5,8.2222,,3,25.2222,8.4074,True,True
Joanna Krupa,Derek Hough,Model,,Poland,30,9,Eliminated Week 9,4,10,0.0,0.0,0.0,,3,0.0,0.0,True,False
Aaron Carter,Karina Smirnoff,Singer/Rapper,Florida,United States,21,9,Eliminated Week 8,5,10,0.0,0.0,0.0,,3,0.0,0.0,True,False
Mark Dacascos,Lacey Schwimmer,Actor/Actress,Hawaii,United States,45,9,Eliminated Week 7,6,10,0.0,0.0,0.0,,3,0.0,0.0,True,False
Michael Irvin,Anna Demidova,Athlete,Florida,United States,43,9,Eliminated Week 7,7,10,0.0,0.0,0.0,,3,0.0,0.0,True,False
Louie Vito,Chelsie Hightower,Athlete,Ohio,United States,21,9,Eliminated Week 6,8,10,0.0,0.0,0.0,,3,0.0,0.0,True,False
Melissa Joan Hart,Mark Ballas,Actor/Actress,New York,United States,33,9,Eliminated Week 6,9,10,0.0,0.0,0.0,,3,0.0,0.0,True,False
Natalie Coughlin,Alec Mazo,Athlete,California,United States,27,9,Eliminated Week 5,10,10,0.0,0.0,0.0,,3,0.0,0.0,True,False
Chuck Liddell,Anna Trebunskaya,Athlete,California,United States,39,9,Eliminated Week 4,11,10,0.0,0.0,0.0,,3,0.0,0.0,True,False
Debi Mazar,Maksim Chmerkoskiy,Actor/Actress,New York,United States,45,9,Eliminated Week 3,12,10,0.0,0.0,0.0,,3,0.0,0.0,True,False
Tom DeLay,Cheryl Burke,Politician,Texas,United States,62,9,Withdrew,13,10,0.0,0.0,0.0,,3,0.0,0.0,True,False
Kathy Ireland,Tony Dovolani,Model,California,United States,46,9,Eliminated Week 2,14,10,0.0,0.0,0.0,,3,0.0,0.0,True,False
Macy Gray,Jonathan Roberts,Singer/Rapper,Ohio,United States,42,9,Eliminated Week 1,15,10,0.0,0.0,0.0,,3,0.0,0.0,True,False
Ashley Hamiliton,Edyta Sliwinska,Actor/Actress,California,United States,34,9,Eliminated Week 1,16,10,0.0,0.0,0.0,,3,0.0,0.0,True,False
Donny Osmond,Kym Johnson,Singer/Rapper,Utah,United States,51,9,1st Place,1,11,,,,,0,,,False,False
Mya,Dmitry Chaplin,Singer/Rapper,Washington D.C.,United States,29,9,2nd Place,2,11,,,,,0,,,False,False
Kelly Osbourne,Louis van Amstel,TV Personality,,England,24,9,3rd Place,3,11,,,,,0,,,False,False
Joanna Krupa,Derek Hough,Model,,Poland,30,9,Eliminated Week 9,4,11,,,,,0,,,False,False
Aaron Carter,Karina Smirnoff,Singer/Rapper,Florida,United States,21,9,Eliminated Week 8,5,11,,,,,0,,,False,False
Mark Dacascos,Lacey Schwimmer,Actor/Actress,Hawaii,United States,45,9,Eliminated Week 7,6,11,,,,,0,,,False,False
Michael Irvin,Anna Demidova,Athlete,Florida,United States,43,9,Eliminated Week 7,7,11,,,,,0,,,False,False
Louie Vito,Chelsie Hightower,Athlete,Ohio,United States,21,9,Eliminated Week 6,8,11,,,,,0,,,False,False
Melissa Joan Hart,Mark Ballas,Actor/Actress,New York,United States,33,9,Eliminated Week 6,9,11,,,,,0,,,False,False
Natalie Coughlin,Alec Mazo,Athlete,California,United States,27,9,Eliminated Week 5,10,11,,,,,0,,,False,False
Chuck Liddell,Anna Trebunskaya,Athlete,California,United States,39,9,Eliminated Week 4,11,11,,,,,0,,,False,False
Debi Mazar,Maksim Chmerkoskiy,Actor/Actress,New York,United States,45,9,Eliminated Week 3,12,11,,,,,0,,,False,False
Tom DeLay,Cheryl Burke,Politician,Texas,United States,62,9,Withdrew,13,11,,,,,0,,,False,False
Kathy Ireland,Tony Dovolani,Model,California,United States,46,9,Eliminated Week 2,14,11,,,,,0,,,False,False
Macy Gray,Jonathan Roberts,Singer/Rapper,Ohio,United States,42,9,Eliminated Week 1,15,11,,,,,0,,,False,False
Ashley Hamiliton,Edyta Sliwinska,Actor/Actress,California,United States,34,9,Eliminated Week 1,16,11,,,,,0,,,False,False
Nicole Scherzinger,Derek Hough,Singer/Rapper,Hawaii,United States,31,10,1st Place,1,1,9.0,7.0,9.0,,3,25.0,8.333333333333334,True,True
Evan Lysacek,Anna Trebunskaya,Athlete,Illinois,United States,24,10,2nd Place,2,1,8.0,7.0,8.0,,3,23.0,7.666666666666667,True,True
Erin Andrews,Maksim Chmerkoskiy,Sports Broadcaster,Maine,United States,32,10,3rd Place,3,1,7.0,7.0,7.0,,3,21.0,7.0,True,True
Chad Ochocinco,Cheryl Burke,Athlete,Florida,United States,32,10,Eliminated Week 9,4,1,6.0,6.0,6.0,,3,18.0,6.0,True,True
Niecy Nash,Louis van Amstel,Actor/Actress,California,United States,40,10,Eliminated Week 8,5,1,7.0,5.0,6.0,,3,18.0,6.0,True,True
Pamela Anderson,Damian Whitewood,Model,,Canada,42,10,Eliminated Week 7,6,1,7.0,6.0,8.0,,3,21.0,7.0,True,True
Jake Pavelka,Chelsie Hightower,TV Personality,Texas,United States,32,10,Eliminated Week 6,7,1,7.0,6.0,7.0,,3,20.0,6.666666666666667,True,True
Kate Gosselin,Tony Dovolani,TV Personality,Pennsylvania,United States,35,10,Eliminated Week 5,8,1,6.0,5.0,5.0,,3,16.0,5.333333333333333,True,True
Aiden Turner,Edyta Sliwinska,Actor/Actress,,England,32,10,Eliminated Week 4,9,1,5.0,5.0,5.0,,3,15.0,5.0,True,True
Buzz Aldrin,Ashly DelGrosso,Astronaut,New Jersey,United States,80,10,Eliminated Week 3,10,1,5.0,4.0,5.0,,3,14.0,4.666666666666667,True,True
Shannen Doherty,Mark Ballas,Actor/Actress,Tennessee,United States,38,10,Eliminated Week 2,11,1,6.0,6.0,6.0,,3,18.0,6.0,True,True
Nicole Scherzinger,Derek Hough,Singer/Rapper,Hawaii,United States,31,10,1st Place,1,2,10.0,8.0,10.0,,3,28.0,9.333333333333334,True,True
Evan Lysacek,Anna Trebunskaya,Athlete,Illinois,United States,24,10,2nd Place,2,2,8.0,8.0,8.0,,3,24.0,8.0,True,True
Erin Andrews,Maksim Chmerkoskiy,Sports Broadcaster,Maine,United States,32,10,3rd Place,3,2,8.0,7.0,8.0,,3,23.0,7.666666666666667,True,True
Chad Ochocinco,Cheryl Burke,Athlete,Florida,United States,32,10,Eliminated Week 9,4,2,6.0,5.0,5.0,,3,16.0,5.333333333333333,True,True
Niecy Nash,Louis van Amstel,Actor/Actress,California,United States,40,10,Eliminated Week 8,5,2,7.0,7.0,7.0,,3,21.0,7.0,True,True
Pamela Anderson,Damian Whitewood,Model,,Canada,42,10,Eliminated Week 7,6,2,7.0,7.0,8.0,,3,22.0,7.333333333333333,True,True
Jake Pavelka,Chelsie Hightower,TV Personality,Texas,United States,32,10,Eliminated Week 6,7,2,6.0,7.0,7.0,,3,20.0,6.666666666666667,True,True
Kate Gosselin,Tony Dovolani,TV Personality,Pennsylvania,United States,35,10,Eliminated Week 5,8,2,5.0,5.0,5.0,,3,15.0,5.0,True,True
Aiden Turner,Edyta Sliwinska,Actor/Actress,,England,32,10,Eliminated Week 4,9,2,7.0,6.0,6.0,,3,19.0,6.333333333333333,True,True
Buzz Aldrin,Ashly DelGrosso,Astronaut,New Jersey,United States,80,10,Eliminated Week 3,10,2,4.0,4.0,4.0,,3,12.0,4.0,True,True
Shannen Doherty,Mark Ballas,Actor/Actress,Tennessee,United States,38,10,Eliminated Week 2,11,2,7.0,6.0,7.0,,3,20.0,6.666666666666667,True,True
Nicole Scherzinger,Derek Hough,Singer/Rapper,Hawaii,United States,31,10,1st Place,1,3,8.0,6.0,9.0,,3,23.0,7.666666666666667,True,True
Evan Lysacek,Anna Trebunskaya,Athlete,Illinois,United States,24,10,2nd Place,2,3,9.0,8.0,9.0,,3,26.0,8.666666666666666,True,True
Erin Andrews,Maksim Chmerkoskiy,Sports Broadcaster,Maine,United States,32,10,3rd Place,3,3,8.0,7.0,8.0,,3,23.0,7.666666666666667,True,True
Chad Ochocinco,Cheryl Burke,Athlete,Florida,United States,32,10,Eliminated Week 9,4,3,7.0,6.0,7.0,,3,20.0,6.666666666666667,True,True
Niecy Nash,Louis van Amstel,Actor/Actress,California,United States,40,10,Eliminated Week 8,5,3,7.0,7.0,7.0,,3,21.0,7.0,True,True
Pamela Anderson,Damian Whitewood,Model,,Canada,42,10,Eliminated Week 7,6,3,7.0,7.0,7.0,,3,21.0,7.0,True,True
Jake Pavelka,Chelsie Hightower,TV Personality,Texas,United States,32,10,Eliminated Week 6,7,3,7.0,7.0,7.0,,3,21.0,7.0,True,True
Kate Gosselin,Tony Dovolani,TV Personality,Pennsylvania,United States,35,10,Eliminated Week 5,8,3,5.0,5.0,5.0,,3,15.0,5.0,True,True
Aiden Turner,Edyta Sliwinska,Actor/Actress,,England,32,10,Eliminated Week 4,9,3,7.0,6.0,7.0,,3,20.0,6.666666666666667,True,True
Buzz Aldrin,Ashly DelGrosso,Astronaut,New Jersey,United States,80,10,Eliminated Week 3,10,3,5.0,4.0,4.0,,3,13.0,4.333333333333333,True,True
Shannen Doherty,Mark Ballas,Actor/Actress,Tennessee,United States,38,10,Eliminated Week 2,11,3,0.0,0.0,0.0,,3,0.0,0.0,True,False
Nicole Scherzinger,Derek Hough,Singer/Rapper,Hawaii,United States,31,10,1st Place,1,4,8.5,8.0,8.5,,3,25.0,8.333333333333334,True,True
Evan Lysacek,Anna Trebunskaya,Athlete,Illinois,United States,24,10,2nd Place,2,4,9.0,8.0,9.0,,3,26.0,8.666666666666666,True,True
Erin Andrews,Maksim Chmerkoskiy,Sports Broadcaster,Maine,United States,32,10,3rd Place,3,4,6.5,6.5,6.5,,3,19.5,6.5,True,True
Chad Ochocinco,Cheryl Burke,Athlete,Florida,United States,32,10,Eliminated Week 9,4,4,7.5,6.5,8.0,,3,22.0,7.333333333333333,True,True
Niecy Nash,Louis van Amstel,Actor/Actress,California,United States,40,10,Eliminated Week 8,5,4,6.0,6.0,6.0,,3,18.0,6.0,True,True
Pamela Anderson,Damian Whitewood,Model,,Canada,42,10,Eliminated Week 7,6,4,7.5,7.5,8.5,,3,23.5,7.833333333333333,True,True
Jake Pavelka,Chelsie Hightower,TV Personality,Texas,United States,32,10,Eliminated Week 6,7,4,6.5,6.5,6.0,,3,19.0,6.333333333333333,True,True
Kate Gosselin,Tony Dovolani,TV Personality,Pennsylvania,United States,35,10,Eliminated Week 5,8,4,5.0,5.5,5.5,,3,16.0,5.333333333333333,True,True
Aiden Turner,Edyta Sliwinska,Actor/Actress,,England,32,10,Eliminated Week 4,9,4,5.5,5.5,5.5,,3,16.5,5.5,True,True
Buzz Aldrin,Ashly DelGrosso,Astronaut,New Jersey,United States,80,10,Eliminated Week 3,10,4,0.0,0.0,0.0,,3,0.0,0.0,True,False
Shannen Doherty,Mark Ballas,Actor/Actress,Tennessee,United States,38,10,Eliminated Week 2,11,4,0.0,0.0,0.0,,3,0.0,0.0,True,False
Nicole Scherzinger,Derek Hough,Singer/Rapper,Hawaii,United States,31,10,1st Place,1,5,10.0,9.0,10.0,,3,29.0,9.666666666666666,True,True
Evan Lysacek,Anna Trebunskaya,Athlete,Illinois,United States,24,10,2nd Place,2,5,9.0,9.0,9.0,,3,27.0,9.0,True,True
Erin Andrews,Maksim Chmerkoskiy,Sports Broadcaster,Maine,United States,32,10,3rd Place,3,5,7.0,7.0,8.0,,3,22.0,7.333333333333333,True,True
Chad Ochocinco,Cheryl Burke,Athlete,Florida,United States,32,10,Eliminated Week 9,4,5,6.0,6.0,6.0,,3,18.0,6.0,True,True
Niecy Nash,Louis van Amstel,Actor/Actress,California,United States,40,10,Eliminated Week 8,5,5,6.0,6.0,6.0,,3,18.0,6.0,True,True
Pamela Anderson,Damian Whitewood,Model,,Canada,42,10,Eliminated Week 7,6,5,7.0,6.0,8.0,,3,21.0,7.0,True,True
Jake Pavelka,Chelsie Hightower,TV Personality,Texas,United States,32,10,Eliminated Week 6,7,5,8.0,7.0,8.0,,3,23.0,7.666666666666667,True,True
Kate Gosselin,Tony Dovolani,TV Personality,Pennsylvania,United States,35,10,Eliminated Week 5,8,5,5.0,5.0,5.0,,3,15.0,5.0,True,True
Aiden Turner,Edyta Sliwinska,Actor/Actress,,England,32,10,Eliminated Week 4,9,5,0.0,0.0,0.0,,3,0.0,0.0,True,False
Buzz Aldrin,Ashly DelGrosso,Astronaut,New Jersey,United States,80,10,Eliminated Week 3,10,5,0.0,0.0,0.0,,3,0.0,0.0,True,False
Shannen Doherty,Mark Ballas,Actor/Actress,Tennessee,United States,38,10,Eliminated Week 2,11,5,0.0,0.0,0.0,,3,0.0,0.0,True,False
Nicole Scherzinger,Derek Hough,Singer/Rapper,Hawaii,United States,31,10,1st Place,1,6,12.3333,10.3333,13.3333,,3,35.9999,11.999966666666666,True,True
Evan Lysacek,Anna Trebunskaya,Athlete,Illinois,United States,24,10,2nd Place,2,6,9.0,9.0,9.0,,3,27.0,9.0,True,True
Erin Andrews,Maksim Chmerkoskiy,Sports Broadcaster,Maine,United States,32,10,3rd Place,3,6,12.0,10.0,12.0,,3,34.0,11.333333333333334,True,True
Chad Ochocinco,Cheryl Burke,Athlete,Florida,United States,32,10,Eliminated Week 9,4,6,10.3333,10.3333,10.3333,,3,30.999899999999997,10.3333,True,True
Niecy Nash,Louis van Amstel,Actor/Actress,California,United States,40,10,Eliminated Week 8,5,6,8.6666,8.6666,8.6666,,3,25.9998,8.6666,True,True
Pamela Anderson,Damian Whitewood,Model,,Canada,42,10,Eliminated Week 7,6,6,9.6666,9.6666,10.6666,,3,29.9998,9.999933333333333,True,True
Jake Pavelka,Chelsie Hightower,TV Personality,Texas,United States,32,10,Eliminated Week 6,7,6,8.3333,8.3333,8.3333,,3,24.999899999999997,8.3333,True,True
Kate Gosselin,Tony Dovolani,TV Personality,Pennsylvania,United States,35,10,Eliminated Week 5,8,6,0.0,0.0,0.0,,3,0.0,0.0,True,False
Aiden Turner,Edyta Sliwinska,Actor/Actress,,England,32,10,Eliminated Week 4,9,6,0.0,0.0,0.0,,3,0.0,0.0,True,False
Buzz Aldrin,Ashly DelGrosso,Astronaut,New Jersey,United States,80,10,Eliminated Week 3,10,6,0.0,0.0,0.0,,3,0.0,0.0,True,False
Shannen Doherty,Mark Ballas,Actor/Actress,Tennessee,United States,38,10,Eliminated Week 2,11,6,0.0,0.0,0.0,,3,0.0,0.0,True,False
Nicole Scherzinger,Derek Hough,Singer/Rapper,Hawaii,United States,31,10,1st Place,1,7,9.0,9.0,9.0,,3,27.0,9.0,True,True
Evan Lysacek,Anna Trebunskaya,Athlete,Illinois,United States,24,10,2nd Place,2,7,9.0,9.0,9.0,,3,27.0,9.0,True,True
Erin Andrews,Maksim Chmerkoskiy,Sports Broadcaster,Maine,United States,32,10,3rd Place,3,7,8.5,8.5,8.5,,3,25.5,8.5,True,True
Chad Ochocinco,Cheryl Burke,Athlete,Florida,United States,32,10,Eliminated Week 9,4,7,8.5,9.0,8.5,,3,26.0,8.666666666666666,True,True
Niecy Nash,Louis van Amstel,Actor/Actress,California,United States,40,10,Eliminated Week 8,5,7,8.5,8.0,8.0,,3,24.5,8.166666666666666,True,True
Pamela Anderson,Damian Whitewood,Model,,Canada,42,10,Eliminated Week 7,6,7,8.5,8.5,8.5,,3,25.5,8.5,True,True
Jake Pavelka,Chelsie Hightower,TV Personality,Texas,United States,32,10,Eliminated Week 6,7,7,0.0,0.0,0.0,,3,0.0,0.0,True,False
Kate Gosselin,Tony Dovolani,TV Personality,Pennsylvania,United States,35,10,Eliminated Week 5,8,7,0.0,0.0,0.0,,3,0.0,0.0,True,False
Aiden Turner,Edyta Sliwinska,Actor/Actress,,England,32,10,Eliminated Week 4,9,7,0.0,0.0,0.0,,3,0.0,0.0,True,False
Buzz Aldrin,Ashly DelGrosso,Astronaut,New Jersey,United States,80,10,Eliminated Week 3,10,7,0.0,0.0,0.0,,3,0.0,0.0,True,False
Shannen Doherty,Mark Ballas,Actor/Actress,Tennessee,United States,38,10,Eliminated Week 2,11,7,0.0,0.0,0.0,,3,0.0,0.0,True,False
Nicole Scherzinger,Derek Hough,Singer/Rapper,Hawaii,United States,31,10,1st Place,1,8,10.0,9.5,10.0,,3,29.5,9.833333333333334,True,True
Evan Lysacek,Anna Trebunskaya,Athlete,Illinois,United States,24,10,2nd Place,2,8,9.0,8.5,9.0,,3,26.5,8.833333333333334,True,True
Erin Andrews,Maksim Chmerkoskiy,Sports Broadcaster,Maine,United States,32,10,3rd Place,3,8,8.5,9.0,9.0,,3,26.5,8.833333333333334,True,True
Chad Ochocinco,Cheryl Burke,Athlete,Florida,United States,32,10,Eliminated Week 9,4,8,7.5,7.5,7.5,,3,22.5,7.5,True,True
Niecy Nash,Louis van Amstel,Actor/Actress,California,United States,40,10,Eliminated Week 8,5,8,7.0,7.0,7.5,,3,21.5,7.166666666666667,True,True
Pamela Anderson,Damian Whitewood,Model,,Canada,42,10,Eliminated Week 7,6,8,0.0,0.0,0.0,,3,0.0,0.0,True,False
Jake Pavelka,Chelsie Hightower,TV Personality,Texas,United States,32,10,Eliminated Week 6,7,8,0.0,0.0,0.0,,3,0.0,0.0,True,False
Kate Gosselin,Tony Dovolani,TV Personality,Pennsylvania,United States,35,10,Eliminated Week 5,8,8,0.0,0.0,0.0,,3,0.0,0.0,True,False
Aiden Turner,Edyta Sliwinska,Actor/Actress,,England,32,10,Eliminated Week 4,9,8,0.0,0.0,0.0,,3,0.0,0.0,True,False
Buzz Aldrin,Ashly DelGrosso,Astronaut,New Jersey,United States,80,10,Eliminated Week 3,10,8,0.0,0.0,0.0,,3,0.0,0.0,True,False
Shannen Doherty,Mark Ballas,Actor/Actress,Tennessee,United States,38,10,Eliminated Week 2,11,8,0.0,0.0,0.0,,3,0.0,0.0,True,False
Nicole Scherzinger,Derek Hough,Singer/Rapper,Hawaii,United States,31,10,1st Place,1,9,10.0,9.5,10.0,,3,29.5,9.833333333333334,True,True
Evan Lysacek,Anna Trebunskaya,Athlete,Illinois,United States,24,10,2nd Place,2,9,10.0,9.5,10.0,,3,29.5,9.833333333333334,True,True
Erin Andrews,Maksim Chmerkoskiy,Sports Broadcaster,Maine,United States,32,10,3rd Place,3,9,9.5,9.0,9.5,,3,28.0,9.333333333333334,True,True
Chad Ochocinco,Cheryl Burke,Athlete,Florida,United States,32,10,Eliminated Week 9,4,9,8.5,8.5,9.0,,3,26.0,8.666666666666666,True,True
Niecy Nash,Louis van Amstel,Actor/Actress,California,United States,40,10,Eliminated Week 8,5,9,0.0,0.0,0.0,,3,0.0,0.0,True,False
Pamela Anderson,Damian Whitewood,Model,,Canada,42,10,Eliminated Week 7,6,9,0.0,0.0,0.0,,3,0.0,0.0,True,False
Jake Pavelka,Chelsie Hightower,TV Personality,Texas,United States,32,10,Eliminated Week 6,7,9,0.0,0.0,0.0,,3,0.0,0.0,True,False
Kate Gosselin,Tony Dovolani,TV Personality,Pennsylvania,United States,35,10,Eliminated Week 5,8,9,0.0,0.0,0.0,,3,0.0,0.0,True,False
Aiden Turner,Edyta Sliwinska,Actor/Actress,,England,32,10,Eliminated Week 4,9,9,0.0,0.0,0.0,,3,0.0,0.0,True,False
Buzz Aldrin,Ashly DelGrosso,Astronaut,New Jersey,United States,80,10,Eliminated Week 3,10,9,0.0,0.0,0.0,,3,0.0,0.0,True,False
Shannen Doherty,Mark Ballas,Actor/Actress,Tennessee,United States,38,10,Eliminated Week 2,11,9,0.0,0.0,0.0,,3,0.0,0.0,True,False
Nicole Scherzinger,Derek Hough,Singer/Rapper,Hawaii,United States,31,10,1st Place,1,10,9.5,9.5,9.7777,,3,28.7777,9.592566666666666,True,True
Evan Lysacek,Anna Trebunskaya,Athlete,Illinois,United States,24,10,2nd Place,2,10,9.3333,8.7777,8.7777,,3,26.888699999999996,8.9629,True,True
Erin Andrews,Maksim Chmerkoskiy,Sports Broadcaster,Maine,United States,32,10,3rd Place,3,10,9.2222,8.8888,8.8888,,3,26.9998,8.999933333333333,True,True
Chad Ochocinco,Cheryl Burke,Athlete,Florida,United States,32,10,Eliminated Week 9,4,10,0.0,0.0,0.0,,3,0.0,0.0,True,False
Niecy Nash,Louis van Amstel,Actor/Actress,California,United States,40,10,Eliminated Week 8,5,10,0.0,0.0,0.0,,3,0.0,0.0,True,False
Pamela Anderson,Damian Whitewood,Model,,Canada,42,10,Eliminated Week 7,6,10,0.0,0.0,0.0,,3,0.0,0.0,True,False
Jake Pavelka,Chelsie Hightower,TV Personality,Texas,United States,32,10,Eliminated Week 6,7,10,0.0,0.0,0.0,,3,0.0,0.0,True,False
Kate Gosselin,Tony Dovolani,TV Personality,Pennsylvania,United States,35,10,Eliminated Week 5,8,10,0.0,0.0,0.0,,3,0.0,0.0,True,False
Aiden Turner,Edyta Sliwinska,Actor/Actress,,England,32,10,Eliminated Week 4,9,10,0.0,0.0,0.0,,3,0.0,0.0,True,False
Buzz Aldrin,Ashly DelGrosso,Astronaut,New Jersey,United States,80,10,Eliminated Week 3,10,10,0.0,0.0,0.0,,3,0.0,0.0,True,False
Shannen Doherty,Mark Ballas,Actor/Actress,Tennessee,United States,38,10,Eliminated Week 2,11,10,0.0,0.0,0.0,,3,0.0,0.0,True,False
Nicole Scherzinger,Derek Hough,Singer/Rapper,Hawaii,United States,31,10,1st Place,1,11,,,,,0,,,False,False
Evan Lysacek,Anna Trebunskaya,Athlete,Illinois,United States,24,10,2nd Place,2,11,,,,,0,,,False,False
Erin Andrews,Maksim Chmerkoskiy,Sports Broadcaster,Maine,United States,32,10,3rd Place,3,11,,,,,0,,,False,False
Chad Ochocinco,Cheryl Burke,Athlete,Florida,United States,32,10,Eliminated Week 9,4,11,,,,,0,,,False,False
Niecy Nash,Louis van Amstel,Actor/Actress,California,United States,40,10,Eliminated Week 8,5,11,,,,,0,,,False,False
Pamela Anderson,Damian Whitewood,Model,,Canada,42,10,Eliminated Week 7,6,11,,,,,0,,,False,False
Jake Pavelka,Chelsie Hightower,TV Personality,Texas,United States,32,10,Eliminated Week 6,7,11,,,,,0,,,False,False
Kate Gosselin,Tony Dovolani,TV Personality,Pennsylvania,United States,35,10,Eliminated Week 5,8,11,,,,,0,,,False,False
Aiden Turner,Edyta Sliwinska,Actor/Actress,,England,32,10,Eliminated Week 4,9,11,,,,,0,,,False,False
Buzz Aldrin,Ashly DelGrosso,Astronaut,New Jersey,United States,80,10,Eliminated Week 3,10,11,,,,,0,,,False,False
Shannen Doherty,Mark Ballas,Actor/Actress,Tennessee,United States,38,10,Eliminated Week 2,11,11,,,,,0,,,False,False
Jennifer Grey,Derek Hough,Actor/Actress,New York,United States,50,11,1st Place,1,1,8.0,8.0,8.0,,3,24.0,8.0,True,True
Kyle Massey,Lacey Schwimmer,Actor/Actress,Georgia,United States,19,11,2nd Place,2,1,8.0,7.0,8.0,,3,23.0,7.666666666666667,True,True
Bristol Palin,Mark Ballas,TV Personality,Alaska,United States,19,11,3rd Place,3,1,6.0,6.0,6.0,,3,18.0,6.0,True,True
Brandy,Maksim Chmerkoskiy,Singer/Rapper,Mississippi,United States,31,11,Eliminated Week 9,4,1,7.0,8.0,8.0,,3,23.0,7.666666666666667,True,True
Kurt Warner,Anna Trebunskaya,Athlete,Iowa,United States,39,11,Eliminated Week 8,5,1,7.0,5.0,7.0,,3,19.0,6.333333333333333,True,True
Rick Fox,Cheryl Burke,Athlete,,Canada,41,11,Eliminated Week 7,6,1,8.0,7.0,7.0,,3,22.0,7.333333333333333,True,True
Audrina Patridge,Tony Dovolani,TV Personality,California,United States,25,11,Eliminated Week 6,7,1,6.0,7.0,6.0,,3,19.0,6.333333333333333,True,True
Florence Henderson,Corky Ballas,Actor/Actress,Indiana,United States,76,11,Eliminated Week 5,8,1,6.0,6.0,6.0,,3,18.0,6.0,True,True
The Situation,Karina Smirnoff,TV Personality,New York,United States,28,11,Eliminated Week 4,9,1,5.0,5.0,5.0,,3,15.0,5.0,True,True
Margaret Cho,Louis van Amstel,Comedian,California,United States,41,11,Eliminated Week 3,10,1,5.0,5.0,5.0,,3,15.0,5.0,True,True
Michael Bolton,Chelsie Hightower,Singer/Rapper,Connecticut,United States,57,11,Eliminated Week 2,11,1,6.0,5.0,5.0,,3,16.0,5.333333333333333,True,True
David Hasselhoff,Kym Johnson,Actor/Actress,Maryland,United States,58,11,Eliminated Week 1,12,1,5.0,5.0,5.0,,3,15.0,5.0,True,True
Jennifer Grey,Derek Hough,Actor/Actress,New York,United States,50,11,1st Place,1,2,8.0,8.0,8.0,,3,24.0,8.0,True,True
Kyle Massey,Lacey Schwimmer,Actor/Actress,Georgia,United States,19,11,2nd Place,2,2,8.0,7.0,7.0,,3,22.0,7.333333333333333,True,True
Bristol Palin,Mark Ballas,TV Personality,Alaska,United States,19,11,3rd Place,3,2,7.0,8.0,7.0,,3,22.0,7.333333333333333,True,True
Brandy,Maksim Chmerkoskiy,Singer/Rapper,Mississippi,United States,31,11,Eliminated Week 9,4,2,7.0,7.0,7.0,,3,21.0,7.0,True,True
Kurt Warner,Anna Trebunskaya,Athlete,Iowa,United States,39,11,Eliminated Week 8,5,2,7.0,7.0,7.0,,3,21.0,7.0,True,True
Rick Fox,Cheryl Burke,Athlete,,Canada,41,11,Eliminated Week 7,6,2,7.0,7.0,7.0,,3,21.0,7.0,True,True
Audrina Patridge,Tony Dovolani,TV Personality,California,United States,25,11,Eliminated Week 6,7,2,8.0,8.0,7.0,,3,23.0,7.666666666666667,True,True
Florence Henderson,Corky Ballas,Actor/Actress,Indiana,United States,76,11,Eliminated Week 5,8,2,7.0,6.0,6.0,,3,19.0,6.333333333333333,True,True
The Situation,Karina Smirnoff,TV Personality,New York,United States,28,11,Eliminated Week 4,9,2,6.0,6.0,6.0,,3,18.0,6.0,True,True
Margaret Cho,Louis van Amstel,Comedian,California,United States,41,11,Eliminated Week 3,10,2,6.0,6.0,6.0,,3,18.0,6.0,True,True
Michael Bolton,Chelsie Hightower,Singer/Rapper,Connecticut,United States,57,11,Eliminated Week 2,11,2,4.0,5.0,3.0,,3,12.0,4.0,True,True
David Hasselhoff,Kym Johnson,Actor/Actress,Maryland,United States,58,11,Eliminated Week 1,12,2,0.0,0.0,0.0,,3,0.0,0.0,True,False
Jennifer Grey,Derek Hough,Actor/Actress,New York,United States,50,11,1st Place,1,3,8.0,8.0,8.0,,3,24.0,8.0,True,True
Kyle Massey,Lacey Schwimmer,Actor/Actress,Georgia,United States,19,11,2nd Place,2,3,8.0,7.0,8.0,,3,23.0,7.666666666666667,True,True
Bristol Palin,Mark Ballas,TV Personality,Alaska,United States,19,11,3rd Place,3,3,6.0,6.0,7.0,,3,19.0,6.333333333333333,True,True
Brandy,Maksim Chmerkoskiy,Singer/Rapper,Mississippi,United States,31,11,Eliminated Week 9,4,3,8.0,8.0,8.0,,3,24.0,8.0,True,True
Kurt Warner,Anna Trebunskaya,Athlete,Iowa,United States,39,11,Eliminated Week 8,5,3,8.0,8.0,7.0,,3,23.0,7.666666666666667,True,True
Rick Fox,Cheryl Burke,Athlete,,Canada,41,11,Eliminated Week 7,6,3,8.0,8.0,8.0,,3,24.0,8.0,True,True
Audrina Patridge,Tony Dovolani,TV Personality,California,United States,25,11,Eliminated Week 6,7,3,8.0,9.0,9.0,,3,26.0,8.666666666666666,True,True
Florence Henderson,Corky Ballas,Actor/Actress,Indiana,United States,76,11,Eliminated Week 5,8,3,7.0,6.0,7.0,,3,20.0,6.666666666666667,True,True
The Situation,Karina Smirnoff,TV Personality,New York,United States,28,11,Eliminated Week 4,9,3,7.0,6.0,7.0,,3,20.0,6.666666666666667,True,True
Margaret Cho,Louis van Amstel,Comedian,California,United States,41,11,Eliminated Week 3,10,3,6.0,6.0,6.0,,3,18.0,6.0,True,True
Michael Bolton,Chelsie Hightower,Singer/Rapper,Connecticut,United States,57,11,Eliminated Week 2,11,3,0.0,0.0,0.0,,3,0.0,0.0,True,False
David Hasselhoff,Kym Johnson,Actor/Actress,Maryland,United States,58,11,Eliminated Week 1,12,3,0.0,0.0,0.0,,3,0.0,0.0,True,False
Jennifer Grey,Derek Hough,Actor/Actress,New York,United States,50,11,1st Place,1,4,9.5,9.0,9.5,,3,28.0,9.333333333333334,True,True
Kyle Massey,Lacey Schwimmer,Actor/Actress,Georgia,United States,19,11,2nd Place,2,4,7.0,6.5,6.5,,3,20.0,6.666666666666667,True,True
Bristol Palin,Mark Ballas,TV Personality,Alaska,United States,19,11,3rd Place,3,4,5.0,5.5,5.5,,3,16.0,5.333333333333333,True,True
Brandy,Maksim Chmerkoskiy,Singer/Rapper,Mississippi,United States,31,11,Eliminated Week 9,4,4,8.0,8.0,8.0,,3,24.0,8.0,True,True
Kurt Warner,Anna Trebunskaya,Athlete,Iowa,United States,39,11,Eliminated Week 8,5,4,6.0,5.5,5.5,,3,17.0,5.666666666666667,True,True
Rick Fox,Cheryl Burke,Athlete,,Canada,41,11,Eliminated Week 7,6,4,6.0,7.0,6.5,,3,19.5,6.5,True,True
Audrina Patridge,Tony Dovolani,TV Personality,California,United States,25,11,Eliminated Week 6,7,4,8.0,7.5,7.5,,3,23.0,7.666666666666667,True,True
Florence Henderson,Corky Ballas,Actor/Actress,Indiana,United States,76,11,Eliminated Week 5,8,4,6.0,6.0,5.5,,3,17.5,5.833333333333333,True,True
The Situation,Karina Smirnoff,TV Personality,New York,United States,28,11,Eliminated Week 4,9,4,5.0,4.5,4.5,,3,14.0,4.666666666666667,True,True
Margaret Cho,Louis van Amstel,Comedian,California,United States,41,11,Eliminated Week 3,10,4,0.0,0.0,0.0,,3,0.0,0.0,True,False
Michael Bolton,Chelsie Hightower,Singer/Rapper,Connecticut,United States,57,11,Eliminated Week 2,11,4,0.0,0.0,0.0,,3,0.0,0.0,True,False
David Hasselhoff,Kym Johnson,Actor/Actress,Maryland,United States,58,11,Eliminated Week 1,12,4,0.0,0.0,0.0,,3,0.0,0.0,True,False
Jennifer Grey,Derek Hough,Actor/Actress,New York,United States,50,11,1st Place,1,5,8.0,8.0,9.0,,3,25.0,8.333333333333334,True,True
Kyle Massey,Lacey Schwimmer,Actor/Actress,Georgia,United States,19,11,2nd Place,2,5,8.0,5.0,7.0,,3,20.0,6.666666666666667,True,True
Bristol Palin,Mark Ballas,TV Personality,Alaska,United States,19,11,3rd Place,3,5,6.0,6.0,6.0,,3,18.0,6.0,True,True
Brandy,Maksim Chmerkoskiy,Singer/Rapper,Mississippi,United States,31,11,Eliminated Week 9,4,5,9.0,9.0,9.0,,3,27.0,9.0,True,True
Kurt Warner,Anna Trebunskaya,Athlete,Iowa,United States,39,11,Eliminated Week 8,5,5,8.0,8.0,8.0,,3,24.0,8.0,True,True
Rick Fox,Cheryl Burke,Athlete,,Canada,41,11,Eliminated Week 7,6,5,8.0,8.0,8.0,,3,24.0,8.0,True,True
Audrina Patridge,Tony Dovolani,TV Personality,California,United States,25,11,Eliminated Week 6,7,5,7.0,8.0,8.0,,3,23.0,7.666666666666667,True,True
Florence Henderson,Corky Ballas,Actor/Actress,Indiana,United States,76,11,Eliminated Week 5,8,5,7.0,7.0,7.0,,3,21.0,7.0,True,True
The Situation,Karina Smirnoff,TV Personality,New York,United States,28,11,Eliminated Week 4,9,5,0.0,0.0,0.0,,3,0.0,0.0,True,False
Margaret Cho,Louis van Amstel,Comedian,California,United States,41,11,Eliminated Week 3,10,5,0.0,0.0,0.0,,3,0.0,0.0,True,False
Michael Bolton,Chelsie Hightower,Singer/Rapper,Connecticut,United States,57,11,Eliminated Week 2,11,5,0.0,0.0,0.0,,3,0.0,0.0,True,False
David Hasselhoff,Kym Johnson,Actor/Actress,Maryland,United States,58,11,Eliminated Week 1,12,5,0.0,0.0,0.0,,3,0.0,0.0,True,False
Jennifer Grey,Derek Hough,Actor/Actress,New York,United States,50,11,1st Place,1,6,9.0,10.0,10.0,,3,29.0,9.666666666666666,True,True
Kyle Massey,Lacey Schwimmer,Actor/Actress,Georgia,United States,19,11,2nd Place,2,6,10.3333,9.3333,10.3333,,3,29.999899999999997,9.999966666666666,True,True
Bristol Palin,Mark Ballas,TV Personality,Alaska,United States,19,11,3rd Place,3,6,9.6666,8.6666,9.6666,,3,27.9998,9.333266666666667,True,True
Brandy,Maksim Chmerkoskiy,Singer/Rapper,Mississippi,United States,31,11,Eliminated Week 9,4,6,11.3333,12.3333,12.3333,,3,35.9999,11.999966666666666,True,True
Kurt Warner,Anna Trebunskaya,Athlete,Iowa,United States,39,11,Eliminated Week 8,5,6,7.3333,7.3333,7.3333,,3,21.9999,7.3333,True,True
Rick Fox,Cheryl Burke,Athlete,,Canada,41,11,Eliminated Week 7,6,6,10.0,10.0,10.0,,3,30.0,10.0,True,True
Audrina Patridge,Tony Dovolani,TV Personality,California,United States,25,11,Eliminated Week 6,7,6,10.6666,10.6666,10.6666,,3,31.9998,10.6666,True,True
Florence Henderson,Corky Ballas,Actor/Actress,Indiana,United States,76,11,Eliminated Week 5,8,6,0.0,0.0,0.0,,3,0.0,0.0,True,False
The Situation,Karina Smirnoff,TV Personality,New York,United States,28,11,Eliminated Week 4,9,6,0.0,0.0,0.0,,3,0.0,0.0,True,False
Margaret Cho,Louis van Amstel,Comedian,California,United States,41,11,Eliminated Week 3,10,6,0.0,0.0,0.0,,3,0.0,0.0,True,False
Michael Bolton,Chelsie Hightower,Singer/Rapper,Connecticut,United States,57,11,Eliminated Week 2,11,6,0.0,0.0,0.0,,3,0.0,0.0,True,False
David Hasselhoff,Kym Johnson,Actor/Actress,Maryland,United States,58,11,Eliminated Week 1,12,6,0.0,0.0,0.0,,3,0.0,0.0,True,False
Jennifer Grey,Derek Hough,Actor/Actress,New York,United States,50,11,1st Place,1,7,9.5,9.0,9.0,9.0,4,36.5,9.125,True,True
Kyle Massey,Lacey Schwimmer,Actor/Actress,Georgia,United States,19,11,2nd Place,2,7,9.0,8.5,8.0,8.0,4,33.5,8.375,True,True
Bristol Palin,Mark Ballas,TV Personality,Alaska,United States,19,11,3rd Place,3,7,8.5,8.0,8.0,8.0,4,32.5,8.125,True,True
Brandy,Maksim Chmerkoskiy,Singer/Rapper,Mississippi,United States,31,11,Eliminated Week 9,4,7,9.0,9.0,9.5,9.0,4,36.5,9.125,True,True
Kurt Warner,Anna Trebunskaya,Athlete,Iowa,United States,39,11,Eliminated Week 8,5,7,9.5,8.5,8.5,8.5,4,35.0,8.75,True,True
Rick Fox,Cheryl Burke,Athlete,,Canada,41,11,Eliminated Week 7,6,7,9.0,8.5,8.5,8.5,4,34.5,8.625,True,True
Audrina Patridge,Tony Dovolani,TV Personality,California,United States,25,11,Eliminated Week 6,7,7,0.0,0.0,0.0,0.0,4,0.0,0.0,True,False
Florence Henderson,Corky Ballas,Actor/Actress,Indiana,United States,76,11,Eliminated Week 5,8,7,0.0,0.0,0.0,0.0,4,0.0,0.0,True,False
The Situation,Karina Smirnoff,TV Personality,New York,United States,28,11,Eliminated Week 4,9,7,0.0,0.0,0.0,0.0,4,0.0,0.0,True,False
Margaret Cho,Louis van Amstel,Comedian,California,United States,41,11,Eliminated Week 3,10,7,0.0,0.0,0.0,0.0,4,0.0,0.0,True,False
Michael Bolton,Chelsie Hightower,Singer/Rapper,Connecticut,United States,57,11,Eliminated Week 2,11,7,0.0,0.0,0.0,0.0,4,0.0,0.0,True,False
David Hasselhoff,Kym Johnson,Actor/Actress,Maryland,United States,58,11,Eliminated Week 1,12,7,0.0,0.0,0.0,0.0,4,0.0,0.0,True,False
Jennifer Grey,Derek Hough,Actor/Actress,New York,United States,50,11,1st Place,1,8,9.5,9.5,9.5,,3,28.5,9.5,True,True
Kyle Massey,Lacey Schwimmer,Actor/Actress,Georgia,United States,19,11,2nd Place,2,8,9.5,9.0,9.5,,3,28.0,9.333333333333334,True,True
Bristol Palin,Mark Ballas,TV Personality,Alaska,United States,19,11,3rd Place,3,8,7.5,8.0,8.0,,3,23.5,7.833333333333333,True,True
Brandy,Maksim Chmerkoskiy,Singer/Rapper,Mississippi,United States,31,11,Eliminated Week 9,4,8,9.0,9.5,10.0,,3,28.5,9.5,True,True
Kurt Warner,Anna Trebunskaya,Athlete,Iowa,United States,39,11,Eliminated Week 8,5,8,8.0,8.0,8.0,,3,24.0,8.0,True,True
Rick Fox,Cheryl Burke,Athlete,,Canada,41,11,Eliminated Week 7,6,8,0.0,0.0,0.0,,3,0.0,0.0,True,False
Audrina Patridge,Tony Dovolani,TV Personality,California,United States,25,11,Eliminated Week 6,7,8,0.0,0.0,0.0,,3,0.0,0.0,True,False
Florence Henderson,Corky Ballas,Actor/Actress,Indiana,United States,76,11,Eliminated Week 5,8,8,0.0,0.0,0.0,,3,0.0,0.0,True,False
The Situation,Karina Smirnoff,TV Personality,New York,United States,28,11,Eliminated Week 4,9,8,0.0,0.0,0.0,,3,0.0,0.0,True,False
Margaret Cho,Louis van Amstel,Comedian,California,United States,41,11,Eliminated Week 3,10,8,0.0,0.0,0.0,,3,0.0,0.0,True,False
Michael Bolton,Chelsie Hightower,Singer/Rapper,Connecticut,United States,57,11,Eliminated Week 2,11,8,0.0,0.0,0.0,,3,0.0,0.0,True,False
David Hasselhoff,Kym Johnson,Actor/Actress,Maryland,United States,58,11,Eliminated Week 1,12,8,0.0,0.0,0.0,,3,0.0,0.0,True,False
Jennifer Grey,Derek Hough,Actor/Actress,New York,United States,50,11,1st Place,1,9,10.0,10.0,10.0,,3,30.0,10.0,True,True
Kyle Massey,Lacey Schwimmer,Actor/Actress,Georgia,United States,19,11,2nd Place,2,9,10.0,9.0,10.0,,3,29.0,9.666666666666666,True,True
Bristol Palin,Mark Ballas,TV Personality,Alaska,United States,19,11,3rd Place,3,9,8.5,9.0,9.0,,3,26.5,8.833333333333334,True,True
Brandy,Maksim Chmerkoskiy,Singer/Rapper,Mississippi,United States,31,11,Eliminated Week 9,4,9,9.5,9.5,9.5,,3,28.5,9.5,True,True
Kurt Warner,Anna Trebunskaya,Athlete,Iowa,United States,39,11,Eliminated Week 8,5,9,0.0,0.0,0.0,,3,0.0,0.0,True,False
Rick Fox,Cheryl Burke,Athlete,,Canada,41,11,Eliminated Week 7,6,9,0.0,0.0,0.0,,3,0.0,0.0,True,False
Audrina Patridge,Tony Dovolani,TV Personality,California,United States,25,11,Eliminated Week 6,7,9,0.0,0.0,0.0,,3,0.0,0.0,True,False
Florence Henderson,Corky Ballas,Actor/Actress,Indiana,United States,76,11,Eliminated Week 5,8,9,0.0,0.0,0.0,,3,0.0,0.0,True,False
The Situation,Karina Smirnoff,TV Personality,New York,United States,28,11,Eliminated Week 4,9,9,0.0,0.0,0.0,,3,0.0,0.0,True,False
Margaret Cho,Louis van Amstel,Comedian,California,United States,41,11,Eliminated Week 3,10,9,0.0,0.0,0.0,,3,0.0,0.0,True,False
Michael Bolton,Chelsie Hightower,Singer/Rapper,Connecticut,United States,57,11,Eliminated Week 2,11,9,0.0,0.0,0.0,,3,0.0,0.0,True,False
David Hasselhoff,Kym Johnson,Actor/Actress,Maryland,United States,58,11,Eliminated Week 1,12,9,0.0,0.0,0.0,,3,0.0,0.0,True,False
Jennifer Grey,Derek Hough,Actor/Actress,New York,United States,50,11,1st Place,1,10,10.0,10.0,10.0,,3,30.0,10.0,True,True
Kyle Massey,Lacey Schwimmer,Actor/Actress,Georgia,United States,19,11,2nd Place,2,10,9.3333,8.6666,9.3333,,3,27.333199999999998,9.111066666666666,True,True
Bristol Palin,Mark Ballas,TV Personality,Alaska,United States,19,11,3rd Place,3,10,8.3333,9.0,8.3333,,3,25.666600000000003,8.555533333333335,True,True
Brandy,Maksim Chmerkoskiy,Singer/Rapper,Mississippi,United States,31,11,Eliminated Week 9,4,10,0.0,0.0,0.0,,3,0.0,0.0,True,False
Kurt Warner,Anna Trebunskaya,Athlete,Iowa,United States,39,11,Eliminated Week 8,5,10,0.0,0.0,0.0,,3,0.0,0.0,True,False
Rick Fox,Cheryl Burke,Athlete,,Canada,41,11,Eliminated Week 7,6,10,0.0,0.0,0.0,,3,0.0,0.0,True,False
Audrina Patridge,Tony Dovolani,TV Personality,California,United States,25,11,Eliminated Week 6,7,10,0.0,0.0,0.0,,3,0.0,0.0,True,False
Florence Henderson,Corky Ballas,Actor/Actress,Indiana,United States,76,11,Eliminated Week 5,8,10,0.0,0.0,0.0,,3,0.0,0.0,True,False
The Situation,Karina Smirnoff,TV Personality,New York,United States,28,11,Eliminated Week 4,9,10,0.0,0.0,0.0,,3,0.0,0.0,True,False
Margaret Cho,Louis van Amstel,Comedian,California,United States,41,11,Eliminated Week 3,10,10,0.0,0.0,0.0,,3,0.0,0.0,True,False
Michael Bolton,Chelsie Hightower,Singer/Rapper,Connecticut,United States,57,11,Eliminated Week 2,11,10,0.0,0.0,0.0,,3,0.0,0.0,True,False
David Hasselhoff,Kym Johnson,Actor/Actress,Maryland,United States,58,11,Eliminated Week 1,12,10,0.0,0.0,0.0,,3,0.0,0.0,True,False
Jennifer Grey,Derek Hough,Actor/Actress,New York,United States,50,11,1st Place,1,11,,,,,0,,,False,False
Kyle Massey,Lacey Schwimmer,Actor/Actress,Georgia,United States,19,11,2nd Place,2,11,,,,,0,,,False,False
Bristol Palin,Mark Ballas,TV Personality,Alaska,United States,19,11,3rd Place,3,11,,,,,0,,,False,False
Brandy,Maksim Chmerkoskiy,Singer/Rapper,Mississippi,United States,31,11,Eliminated Week 9,4,11,,,,,0,,,False,False
Kurt Warner,Anna Trebunskaya,Athlete,Iowa,United States,39,11,Eliminated Week 8,5,11,,,,,0,,,False,False
Rick Fox,Cheryl Burke,Athlete,,Canada,41,11,Eliminated Week 7,6,11,,,,,0,,,False,False
Audrina Patridge,Tony Dovolani,TV Personality,California,United States,25,11,Eliminated Week 6,7,11,,,,,0,,,False,False
Florence Henderson,Corky Ballas,Actor/Actress,Indiana,United States,76,11,Eliminated Week 5,8,11,,,,,0,,,False,False
The Situation,Karina Smirnoff,TV Personality,New York,United States,28,11,Eliminated Week 4,9,11,,,,,0,,,False,False
Margaret Cho,Louis van Amstel,Comedian,California,United States,41,11,Eliminated Week 3,10,11,,,,,0,,,False,False
Michael Bolton,Chelsie Hightower,Singer/Rapper,Connecticut,United States,57,11,Eliminated Week 2,11,11,,,,,0,,,False,False
David Hasselhoff,Kym Johnson,Actor/Actress,Maryland,United States,58,11,Eliminated Week 1,12,11,,,,,0,,,False,False
Hines Ward,Kym Johnson,Athlete,,South Korea,35,12,1st Place,1,1,7.0,7.0,7.0,,3,21.0,7.0,True,True
Kirstie Alley,Maksim Chmerkoskiy,Actor/Actress,Kansas,United States,60,12,2nd Place,2,1,8.0,7.0,8.0,,3,23.0,7.666666666666667,True,True
Chelsea Kane,Mark Ballas,Actor/Actress,Arizona,United States,22,12,3rd Place,3,1,7.0,7.0,7.0,,3,21.0,7.0,True,True
Ralph Macchio,Karina Smirnoff,Actor/Actress,New York,United States,49,12,Eliminated Week 9,4,1,8.0,8.0,8.0,,3,24.0,8.0,True,True
Romeo,Chelsie Hightower,Singer/Rapper,Louisiana,United States,21,12,Eliminated Week 8,5,1,7.0,6.0,6.0,,3,19.0,6.333333333333333,True,True
Kendra Wilkinson,Louis van Amstel,TV Personality,California,United States,25,12,Eliminated Week 7,6,1,6.0,6.0,6.0,,3,18.0,6.0,True,True
Chris Jericho,Cheryl Burke,Athlete,New York,United States,40,12,Eliminated Week 6,7,1,7.0,6.0,6.0,,3,19.0,6.333333333333333,True,True
Petra Nemcova,Dmitry Chaplin,Model,,Czechoslovakia,31,12,Eliminated Week 5,8,1,6.0,6.0,6.0,,3,18.0,6.0,True,True
Sugar Ray Leonard,Anna Trebunskaya,Athlete,North Carolina,United States,54,12,Eliminated Week 4,9,1,6.0,5.0,6.0,,3,17.0,5.666666666666667,True,True
Wendy Williams,Tony Dovolani,TV Personality,New Jersey,United States,46,12,Eliminated Week 3,10,1,5.0,4.0,5.0,,3,14.0,4.666666666666667,True,True
Mike Catherwood,Lacey Schwimmer,Radio Personality,California,United States,32,12,Eliminated Week 2,11,1,5.0,4.0,4.0,,3,13.0,4.333333333333333,True,True
Hines Ward,Kym Johnson,Athlete,,South Korea,35,12,1st Place,1,2,8.0,7.0,8.0,,3,23.0,7.666666666666667,True,True
Kirstie Alley,Maksim Chmerkoskiy,Actor/Actress,Kansas,United States,60,12,2nd Place,2,2,7.0,6.0,7.0,,3,20.0,6.666666666666667,True,True
Chelsea Kane,Mark Ballas,Actor/Actress,Arizona,United States,22,12,3rd Place,3,2,6.0,5.0,7.0,,3,18.0,6.0,True,True
Ralph Macchio,Karina Smirnoff,Actor/Actress,New York,United States,49,12,Eliminated Week 9,4,2,7.0,7.0,7.0,,3,21.0,7.0,True,True
Romeo,Chelsie Hightower,Singer/Rapper,Louisiana,United States,21,12,Eliminated Week 8,5,2,7.0,8.0,8.0,,3,23.0,7.666666666666667,True,True
Kendra Wilkinson,Louis van Amstel,TV Personality,California,United States,25,12,Eliminated Week 7,6,2,7.0,6.0,6.0,,3,19.0,6.333333333333333,True,True
Chris Jericho,Cheryl Burke,Athlete,New York,United States,40,12,Eliminated Week 6,7,2,8.0,7.0,8.0,,3,23.0,7.666666666666667,True,True
Petra Nemcova,Dmitry Chaplin,Model,,Czechoslovakia,31,12,Eliminated Week 5,8,2,6.0,6.0,6.0,,3,18.0,6.0,True,True
Sugar Ray Leonard,Anna Trebunskaya,Athlete,North Carolina,United States,54,12,Eliminated Week 4,9,2,6.0,5.0,6.0,,3,17.0,5.666666666666667,True,True
Wendy Williams,Tony Dovolani,TV Personality,New Jersey,United States,46,12,Eliminated Week 3,10,2,6.0,5.0,6.0,,3,17.0,5.666666666666667,True,True
Mike Catherwood,Lacey Schwimmer,Radio Personality,California,United States,32,12,Eliminated Week 2,11,2,6.0,5.0,6.0,,3,17.0,5.666666666666667,True,True
Hines Ward,Kym Johnson,Athlete,,South Korea,35,12,1st Place,1,3,9.0,8.0,8.0,,3,25.0,8.333333333333334,True,True
Kirstie Alley,Maksim Chmerkoskiy,Actor/Actress,Kansas,United States,60,12,2nd Place,2,3,7.0,7.0,7.0,,3,21.0,7.0,True,True
Chelsea Kane,Mark Ballas,Actor/Actress,Arizona,United States,22,12,3rd Place,3,3,7.0,8.0,8.0,,3,23.0,7.666666666666667,True,True
Ralph Macchio,Karina Smirnoff,Actor/Actress,New York,United States,49,12,Eliminated Week 9,4,3,7.0,7.0,7.0,,3,21.0,7.0,True,True
Romeo,Chelsie Hightower,Singer/Rapper,Louisiana,United States,21,12,Eliminated Week 8,5,3,7.0,6.0,7.0,,3,20.0,6.666666666666667,True,True
Kendra Wilkinson,Louis van Amstel,TV Personality,California,United States,25,12,Eliminated Week 7,6,3,8.0,7.0,8.0,,3,23.0,7.666666666666667,True,True
Chris Jericho,Cheryl Burke,Athlete,New York,United States,40,12,Eliminated Week 6,7,3,7.0,7.0,7.0,,3,21.0,7.0,True,True
Petra Nemcova,Dmitry Chaplin,Model,,Czechoslovakia,31,12,Eliminated Week 5,8,3,8.0,9.0,8.0,,3,25.0,8.333333333333334,True,True
Sugar Ray Leonard,Anna Trebunskaya,Athlete,North Carolina,United States,54,12,Eliminated Week 4,9,3,7.0,6.0,7.0,,3,20.0,6.666666666666667,True,True
Wendy Williams,Tony Dovolani,TV Personality,New Jersey,United States,46,12,Eliminated Week 3,10,3,5.0,5.0,5.0,,3,15.0,5.0,True,True
Mike Catherwood,Lacey Schwimmer,Radio Personality,California,United States,32,12,Eliminated Week 2,11,3,0.0,0.0,0.0,,3,0.0,0.0,True,False
Hines Ward,Kym Johnson,Athlete,,South Korea,35,12,1st Place,1,4,9.0,8.0,8.0,,3,25.0,8.333333333333334,True,True
Kirstie Alley,Maksim Chmerkoskiy,Actor/Actress,Kansas,United States,60,12,2nd Place,2,4,7.0,7.0,8.0,,3,22.0,7.333333333333333,True,True
Chelsea Kane,Mark Ballas,Actor/Actress,Arizona,United States,22,12,3rd Place,3,4,9.0,8.0,9.0,,3,26.0,8.666666666666666,True,True
Ralph Macchio,Karina Smirnoff,Actor/Actress,New York,United States,49,12,Eliminated Week 9,4,4,8.0,8.0,9.0,,3,25.0,8.333333333333334,True,True
Romeo,Chelsie Hightower,Singer/Rapper,Louisiana,United States,21,12,Eliminated Week 8,5,4,7.0,8.0,8.0,,3,23.0,7.666666666666667,True,True
Kendra Wilkinson,Louis van Amstel,TV Personality,California,United States,25,12,Eliminated Week 7,6,4,6.0,6.0,6.0,,3,18.0,6.0,True,True
Chris Jericho,Cheryl Burke,Athlete,New York,United States,40,12,Eliminated Week 6,7,4,8.0,7.0,8.0,,3,23.0,7.666666666666667,True,True
Petra Nemcova,Dmitry Chaplin,Model,,Czechoslovakia,31,12,Eliminated Week 5,8,4,8.0,7.0,8.0,,3,23.0,7.666666666666667,True,True
Sugar Ray Leonard,Anna Trebunskaya,Athlete,North Carolina,United States,54,12,Eliminated Week 4,9,4,7.0,7.0,7.0,,3,21.0,7.0,True,True
Wendy Williams,Tony Dovolani,TV Personality,New Jersey,United States,46,12,Eliminated Week 3,10,4,0.0,0.0,0.0,,3,0.0,0.0,True,False
Mike Catherwood,Lacey Schwimmer,Radio Personality,California,United States,32,12,Eliminated Week 2,11,4,0.0,0.0,0.0,,3,0.0,0.0,True,False
Hines Ward,Kym Johnson,Athlete,,South Korea,35,12,1st Place,1,5,9.0,9.0,9.0,,3,27.0,9.0,True,True
Kirstie Alley,Maksim Chmerkoskiy,Actor/Actress,Kansas,United States,60,12,2nd Place,2,5,8.0,7.0,8.0,,3,23.0,7.666666666666667,True,True
Chelsea Kane,Mark Ballas,Actor/Actress,Arizona,United States,22,12,3rd Place,3,5,9.0,8.0,9.0,,3,26.0,8.666666666666666,True,True
Ralph Macchio,Karina Smirnoff,Actor/Actress,New York,United States,49,12,Eliminated Week 9,4,5,8.0,7.0,7.0,,3,22.0,7.333333333333333,True,True
Romeo,Chelsie Hightower,Singer/Rapper,Louisiana,United States,21,12,Eliminated Week 8,5,5,9.0,8.0,9.0,,3,26.0,8.666666666666666,True,True
Kendra Wilkinson,Louis van Amstel,TV Personality,California,United States,25,12,Eliminated Week 7,6,5,8.0,7.0,7.0,,3,22.0,7.333333333333333,True,True
Chris Jericho,Cheryl Burke,Athlete,New York,United States,40,12,Eliminated Week 6,7,5,9.0,8.0,9.0,,3,26.0,8.666666666666666,True,True
Petra Nemcova,Dmitry Chaplin,Model,,Czechoslovakia,31,12,Eliminated Week 5,8,5,7.0,7.0,8.0,,3,22.0,7.333333333333333,True,True
Sugar Ray Leonard,Anna Trebunskaya,Athlete,North Carolina,United States,54,12,Eliminated Week 4,9,5,0.0,0.0,0.0,,3,0.0,0.0,True,False
Wendy Williams,Tony Dovolani,TV Personality,New Jersey,United States,46,12,Eliminated Week 3,10,5,0.0,0.0,0.0,,3,0.0,0.0,True,False
Mike Catherwood,Lacey Schwimmer,Radio Personality,California,United States,32,12,Eliminated Week 2,11,5,0.0,0.0,0.0,,3,0.0,0.0,True,False
Hines Ward,Kym Johnson,Athlete,,South Korea,35,12,1st Place,1,6,9.0,9.0,9.0,,3,27.0,9.0,True,True
Kirstie Alley,Maksim Chmerkoskiy,Actor/Actress,Kansas,United States,60,12,2nd Place,2,6,8.0,9.0,9.0,,3,26.0,8.666666666666666,True,True
Chelsea Kane,Mark Ballas,Actor/Actress,Arizona,United States,22,12,3rd Place,3,6,10.0,9.0,9.0,,3,28.0,9.333333333333334,True,True
Ralph Macchio,Karina Smirnoff,Actor/Actress,New York,United States,49,12,Eliminated Week 9,4,6,8.0,8.0,8.0,,3,24.0,8.0,True,True
Romeo,Chelsie Hightower,Singer/Rapper,Louisiana,United States,21,12,Eliminated Week 8,5,6,10.0,9.0,9.0,,3,28.0,9.333333333333334,True,True
Kendra Wilkinson,Louis van Amstel,TV Personality,California,United States,25,12,Eliminated Week 7,6,6,8.0,8.0,9.0,,3,25.0,8.333333333333334,True,True
Chris Jericho,Cheryl Burke,Athlete,New York,United States,40,12,Eliminated Week 6,7,6,7.0,8.0,7.0,,3,22.0,7.333333333333333,True,True
Petra Nemcova,Dmitry Chaplin,Model,,Czechoslovakia,31,12,Eliminated Week 5,8,6,0.0,0.0,0.0,,3,0.0,0.0,True,False
Sugar Ray Leonard,Anna Trebunskaya,Athlete,North Carolina,United States,54,12,Eliminated Week 4,9,6,0.0,0.0,0.0,,3,0.0,0.0,True,False
Wendy Williams,Tony Dovolani,TV Personality,New Jersey,United States,46,12,Eliminated Week 3,10,6,0.0,0.0,0.0,,3,0.0,0.0,True,False
Mike Catherwood,Lacey Schwimmer,Radio Personality,California,United States,32,12,Eliminated Week 2,11,6,0.0,0.0,0.0,,3,0.0,0.0,True,False
Hines Ward,Kym Johnson,Athlete,,South Korea,35,12,1st Place,1,7,8.0,8.0,8.0,9.0,4,33.0,8.25,True,True
Kirstie Alley,Maksim Chmerkoskiy,Actor/Actress,Kansas,United States,60,12,2nd Place,2,7,8.0,7.0,7.0,8.0,4,30.0,7.5,True,True
Chelsea Kane,Mark Ballas,Actor/Actress,Arizona,United States,22,12,3rd Place,3,7,8.0,8.5,7.5,8.0,4,32.0,8.0,True,True
Ralph Macchio,Karina Smirnoff,Actor/Actress,New York,United States,49,12,Eliminated Week 9,4,7,9.0,8.5,7.5,8.0,4,33.0,8.25,True,True
Romeo,Chelsie Hightower,Singer/Rapper,Louisiana,United States,21,12,Eliminated Week 8,5,7,7.5,8.0,7.0,7.5,4,30.0,7.5,True,True
Kendra Wilkinson,Louis van Amstel,TV Personality,California,United States,25,12,Eliminated Week 7,6,7,7.5,7.5,7.5,8.0,4,30.5,7.625,True,True
Chris Jericho,Cheryl Burke,Athlete,New York,United States,40,12,Eliminated Week 6,7,7,0.0,0.0,0.0,0.0,4,0.0,0.0,True,False
Petra Nemcova,Dmitry Chaplin,Model,,Czechoslovakia,31,12,Eliminated Week 5,8,7,0.0,0.0,0.0,0.0,4,0.0,0.0,True,False
Sugar Ray Leonard,Anna Trebunskaya,Athlete,North Carolina,United States,54,12,Eliminated Week 4,9,7,0.0,0.0,0.0,0.0,4,0.0,0.0,True,False
Wendy Williams,Tony Dovolani,TV Personality,New Jersey,United States,46,12,Eliminated Week 3,10,7,0.0,0.0,0.0,0.0,4,0.0,0.0,True,False
Mike Catherwood,Lacey Schwimmer,Radio Personality,California,United States,32,12,Eliminated Week 2,11,7,0.0,0.0,0.0,0.0,4,0.0,0.0,True,False
Hines Ward,Kym Johnson,Athlete,,South Korea,35,12,1st Place,1,8,9.0,9.0,9.0,,3,27.0,9.0,True,True
Kirstie Alley,Maksim Chmerkoskiy,Actor/Actress,Kansas,United States,60,12,2nd Place,2,8,8.5,9.0,9.0,,3,26.5,8.833333333333334,True,True
Chelsea Kane,Mark Ballas,Actor/Actress,Arizona,United States,22,12,3rd Place,3,8,9.0,9.0,9.5,,3,27.5,9.166666666666666,True,True
Ralph Macchio,Karina Smirnoff,Actor/Actress,New York,United States,49,12,Eliminated Week 9,4,8,7.5,7.5,8.0,,3,23.0,7.666666666666667,True,True
Romeo,Chelsie Hightower,Singer/Rapper,Louisiana,United States,21,12,Eliminated Week 8,5,8,8.5,9.0,8.5,,3,26.0,8.666666666666666,True,True
Kendra Wilkinson,Louis van Amstel,TV Personality,California,United States,25,12,Eliminated Week 7,6,8,0.0,0.0,0.0,,3,0.0,0.0,True,False
Chris Jericho,Cheryl Burke,Athlete,New York,United States,40,12,Eliminated Week 6,7,8,0.0,0.0,0.0,,3,0.0,0.0,True,False
Petra Nemcova,Dmitry Chaplin,Model,,Czechoslovakia,31,12,Eliminated Week 5,8,8,0.0,0.0,0.0,,3,0.0,0.0,True,False
Sugar Ray Leonard,Anna Trebunskaya,Athlete,North Carolina,United States,54,12,Eliminated Week 4,9,8,0.0,0.0,0.0,,3,0.0,0.0,True,False
Wendy Williams,Tony Dovolani,TV Personality,New Jersey,United States,46,12,Eliminated Week 3,10,8,0.0,0.0,0.0,,3,0.0,0.0,True,False
Mike Catherwood,Lacey Schwimmer,Radio Personality,California,United States,32,12,Eliminated Week 2,11,8,0.0,0.0,0.0,,3,0.0,0.0,True,False
Hines Ward,Kym Johnson,Athlete,,South Korea,35,12,1st Place,1,9,10.0,10.0,10.0,,3,30.0,10.0,True,True
Kirstie Alley,Maksim Chmerkoskiy,Actor/Actress,Kansas,United States,60,12,2nd Place,2,9,9.0,9.0,9.0,,3,27.0,9.0,True,True
Chelsea Kane,Mark Ballas,Actor/Actress,Arizona,United States,22,12,3rd Place,3,9,12.0,12.0,12.5,,3,36.5,12.166666666666666,True,True
Ralph Macchio,Karina Smirnoff,Actor/Actress,New York,United States,49,12,Eliminated Week 9,4,9,8.0,8.0,8.0,,3,24.0,8.0,True,True
Romeo,Chelsie Hightower,Singer/Rapper,Louisiana,United States,21,12,Eliminated Week 8,5,9,0.0,0.0,0.0,,3,0.0,0.0,True,False
Kendra Wilkinson,Louis van Amstel,TV Personality,California,United States,25,12,Eliminated Week 7,6,9,0.0,0.0,0.0,,3,0.0,0.0,True,False
Chris Jericho,Cheryl Burke,Athlete,New York,United States,40,12,Eliminated Week 6,7,9,0.0,0.0,0.0,,3,0.0,0.0,True,False
Petra Nemcova,Dmitry Chaplin,Model,,Czechoslovakia,31,12,Eliminated Week 5,8,9,0.0,0.0,0.0,,3,0.0,0.0,True,False
Sugar Ray Leonard,Anna Trebunskaya,Athlete,North Carolina,United States,54,12,Eliminated Week 4,9,9,0.0,0.0,0.0,,3,0.0,0.0,True,False
Wendy Williams,Tony Dovolani,TV Personality,New Jersey,United States,46,12,Eliminated Week 3,10,9,0.0,0.0,0.0,,3,0.0,0.0,True,False
Mike Catherwood,Lacey Schwimmer,Radio Personality,California,United States,32,12,Eliminated Week 2,11,9,0.0,0.0,0.0,,3,0.0,0.0,True,False
Hines Ward,Kym Johnson,Athlete,,South Korea,35,12,1st Place,1,10,10.0,9.6666,10.0,,3,29.666600000000003,9.888866666666667,True,True
Kirstie Alley,Maksim Chmerkoskiy,Actor/Actress,Kansas,United States,60,12,2nd Place,2,10,9.3333,9.3333,9.3333,,3,27.999899999999997,9.3333,True,True
Chelsea Kane,Mark Ballas,Actor/Actress,Arizona,United States,22,12,3rd Place,3,10,10.0,9.6666,10.0,,3,29.666600000000003,9.888866666666667,True,True
Ralph Macchio,Karina Smirnoff,Actor/Actress,New York,United States,49,12,Eliminated Week 9,4,10,0.0,0.0,0.0,,3,0.0,0.0,True,False
Romeo,Chelsie Hightower,Singer/Rapper,Louisiana,United States,21,12,Eliminated Week 8,5,10,0.0,0.0,0.0,,3,0.0,0.0,True,False
Kendra Wilkinson,Louis van Amstel,TV Personality,California,United States,25,12,Eliminated Week 7,6,10,0.0,0.0,0.0,,3,0.0,0.0,True,False
Chris Jericho,Cheryl Burke,Athlete,New York,United States,40,12,Eliminated Week 6,7,10,0.0,0.0,0.0,,3,0.0,0.0,True,False
Petra Nemcova,Dmitry Chaplin,Model,,Czechoslovakia,31,12,Eliminated Week 5,8,10,0.0,0.0,0.0,,3,0.0,0.0,True,False
Sugar Ray Leonard,Anna Trebunskaya,Athlete,North Carolina,United States,54,12,Eliminated Week 4,9,10,0.0,0.0,0.0,,3,0.0,0.0,True,False
Wendy Williams,Tony Dovolani,TV Personality,New Jersey,United States,46,12,Eliminated Week 3,10,10,0.0,0.0,0.0,,3,0.0,0.0,True,False
Mike Catherwood,Lacey Schwimmer,Radio Personality,California,United States,32,12,Eliminated Week 2,11,10,0.0,0.0,0.0,,3,0.0,0.0,True,False
Hines Ward,Kym Johnson,Athlete,,South Korea,35,12,1st Place,1,11,,,,,0,,,False,False
Kirstie Alley,Maksim Chmerkoskiy,Actor/Actress,Kansas,United States,60,12,2nd Place,2,11,,,,,0,,,False,False
Chelsea Kane,Mark Ballas,Actor/Actress,Arizona,United States,22,12,3rd Place,3,11,,,,,0,,,False,False
Ralph Macchio,Karina Smirnoff,Actor/Actress,New York,United States,49,12,Eliminated Week 9,4,11,,,,,0,,,False,False
Romeo,Chelsie Hightower,Singer/Rapper,Louisiana,United States,21,12,Eliminated Week 8,5,11,,,,,0,,,False,False
Kendra Wilkinson,Louis van Amstel,TV Personality,California,United States,25,12,Eliminated Week 7,6,11,,,,,0,,,False,False
Chris Jericho,Cheryl Burke,Athlete,New York,United States,40,12,Eliminated Week 6,7,11,,,,,0,,,False,False
Petra Nemcova,Dmitry Chaplin,Model,,Czechoslovakia,31,12,Eliminated Week 5,8,11,,,,,0,,,False,False
Sugar Ray Leonard,Anna Trebunskaya,Athlete,North Carolina,United States,54,12,Eliminated Week 4,9,11,,,,,0,,,False,False
Wendy Williams,Tony Dovolani,TV Personality,New Jersey,United States,46,12,Eliminated Week 3,10,11,,,,,0,,,False,False
Mike Catherwood,Lacey Schwimmer,Radio Personality,California,United States,32,12,Eliminated Week 2,11,11,,,,,0,,,False,False
J.R. Martinez,Karina Smirnoff,Actor/Actress,Louisiana,United States,28,13,1st Place,1,1,8.0,7.0,7.0,,3,22.0,7.333333333333333,True,True
Rob Kardashian,Cheryl Burke,TV Personality,California,United States,24,13,2nd Place,2,1,6.0,5.0,5.0,,3,16.0,5.333333333333333,True,True
Ricki Lake,Derek Hough,Actor/Actress,New York,United States,42,13,3rd Place,3,1,7.0,6.0,7.0,,3,20.0,6.666666666666667,True,True
Hope Solo,Maksim Chmerkoskiy,Athlete,Washington,United States,30,13,Eliminated Week 9,4,1,7.0,7.0,7.0,,3,21.0,7.0,True,True
Nancy Grace,Tristan MacManus,TV Personality,Georgia,United States,51,13,Eliminated Week 8,5,1,5.0,5.0,6.0,,3,16.0,5.333333333333333,True,True
David Arquette,Kym Johnson,Actor/Actress,Virginia,United States,40,13,Eliminated Week 7,6,1,6.0,6.0,6.0,,3,18.0,6.0,True,True
Chaz Bono,Lacey Schwimmer,TV Personality,California,United States,42,13,Eliminated Week 6,7,1,6.0,5.0,6.0,,3,17.0,5.666666666666667,True,True
Carson Kressley,Anna Trebunskaya,TV Personality,Pennsylvania,United States,41,13,Eliminated Week 5,8,1,6.0,5.0,6.0,,3,17.0,5.666666666666667,True,True
Chynna Phillips,Tony Dovolani,Singer/Rapper,California,United States,43,13,Eliminated Week 4,9,1,8.0,7.0,7.0,,3,22.0,7.333333333333333,True,True
Kristin Cavallari,Mark Ballas,TV Personality,Colorado,United States,24,13,Eliminated Week 3,10,1,7.0,6.0,6.0,,3,19.0,6.333333333333333,True,True
Elisabetta Canalis,Valentin Chmerkovskiy,Actor/Actress,,Italy,33,13,Eliminated Week 2,11,1,5.0,5.0,5.0,,3,15.0,5.0,True,True
Metta World Peace (Ron),Peta Murgatroyd,Athlete,New York,United States,31,13,Eliminated Week 1,12,1,5.0,4.0,5.0,,3,14.0,4.666666666666667,True,True
J.R. Martinez,Karina Smirnoff,Actor/Actress,Louisiana,United States,28,13,1st Place,1,2,7.0,7.0,8.0,,3,22.0,7.333333333333333,True,True
Rob Kardashian,Cheryl Burke,TV Personality,California,United States,24,13,2nd Place,2,2,7.0,7.0,7.0,,3,21.0,7.0,True,True
Ricki Lake,Derek Hough,Actor/Actress,New York,United States,42,13,3rd Place,3,2,8.0,7.0,8.0,,3,23.0,7.666666666666667,True,True
Hope Solo,Maksim Chmerkoskiy,Athlete,Washington,United States,30,13,Eliminated Week 9,4,2,6.0,7.0,6.0,,3,19.0,6.333333333333333,True,True
Nancy Grace,Tristan MacManus,TV Personality,Georgia,United States,51,13,Eliminated Week 8,5,2,6.0,8.0,7.0,,3,21.0,7.0,True,True
David Arquette,Kym Johnson,Actor/Actress,Virginia,United States,40,13,Eliminated Week 7,6,2,6.0,6.0,6.0,,3,18.0,6.0,True,True
Chaz Bono,Lacey Schwimmer,TV Personality,California,United States,42,13,Eliminated Week 6,7,2,6.0,5.0,6.0,,3,17.0,5.666666666666667,True,True
Carson Kressley,Anna Trebunskaya,TV Personality,Pennsylvania,United States,41,13,Eliminated Week 5,8,2,6.0,6.0,6.0,,3,18.0,6.0,True,True
Chynna Phillips,Tony Dovolani,Singer/Rapper,California,United States,43,13,Eliminated Week 4,9,2,7.0,7.0,7.0,,3,21.0,7.0,True,True
Kristin Cavallari,Mark Ballas,TV Personality,Colorado,United States,24,13,Eliminated Week 3,10,2,8.0,7.0,7.0,,3,22.0,7.333333333333333,True,True
Elisabetta Canalis,Valentin Chmerkovskiy,Actor/Actress,,Italy,33,13,Eliminated Week 2,11,2,7.0,7.0,7.0,,3,21.0,7.0,True,True
Metta World Peace (Ron),Peta Murgatroyd,Athlete,New York,United States,31,13,Eliminated Week 1,12,2,0.0,0.0,0.0,,3,0.0,0.0,True,False
J.R. Martinez,Karina Smirnoff,Actor/Actress,Louisiana,United States,28,13,1st Place,1,3,9.0,8.0,9.0,,3,26.0,8.666666666666666,True,True
Rob Kardashian,Cheryl Burke,TV Personality,California,United States,24,13,2nd Place,2,3,8.0,8.0,8.0,,3,24.0,8.0,True,True
Ricki Lake,Derek Hough,Actor/Actress,New York,United States,42,13,3rd Place,3,3,9.0,9.0,9.0,,3,27.0,9.0,True,True
Hope Solo,Maksim Chmerkoskiy,Athlete,Washington,United States,30,13,Eliminated Week 9,4,3,8.0,8.0,8.0,,3,24.0,8.0,True,True
Nancy Grace,Tristan MacManus,TV Personality,Georgia,United States,51,13,Eliminated Week 8,5,3,7.0,7.0,7.0,,3,21.0,7.0,True,True
David Arquette,Kym Johnson,Actor/Actress,Virginia,United States,40,13,Eliminated Week 7,6,3,8.0,8.0,8.0,,3,24.0,8.0,True,True
Chaz Bono,Lacey Schwimmer,TV Personality,California,United States,42,13,Eliminated Week 6,7,3,6.0,6.0,6.0,,3,18.0,6.0,True,True
Carson Kressley,Anna Trebunskaya,TV Personality,Pennsylvania,United States,41,13,Eliminated Week 5,8,3,8.0,7.0,8.0,,3,23.0,7.666666666666667,True,True
Chynna Phillips,Tony Dovolani,Singer/Rapper,California,United States,43,13,Eliminated Week 4,9,3,8.0,9.0,9.0,,3,26.0,8.666666666666666,True,True
Kristin Cavallari,Mark Ballas,TV Personality,Colorado,United States,24,13,Eliminated Week 3,10,3,8.0,8.0,8.0,,3,24.0,8.0,True,True
Elisabetta Canalis,Valentin Chmerkovskiy,Actor/Actress,,Italy,33,13,Eliminated Week 2,11,3,0.0,0.0,0.0,,3,0.0,0.0,True,False
Metta World Peace (Ron),Peta Murgatroyd,Athlete,New York,United States,31,13,Eliminated Week 1,12,3,0.0,0.0,0.0,,3,0.0,0.0,True,False
J.R. Martinez,Karina Smirnoff,Actor/Actress,Louisiana,United States,28,13,1st Place,1,4,8.0,9.0,9.0,,3,26.0,8.666666666666666,True,True
Rob Kardashian,Cheryl Burke,TV Personality,California,United States,24,13,2nd Place,2,4,8.0,8.0,8.0,,3,24.0,8.0,True,True
Ricki Lake,Derek Hough,Actor/Actress,New York,United States,42,13,3rd Place,3,4,10.0,9.0,10.0,,3,29.0,9.666666666666666,True,True
Hope Solo,Maksim Chmerkoskiy,Athlete,Washington,United States,30,13,Eliminated Week 9,4,4,8.0,8.0,8.0,,3,24.0,8.0,True,True
Nancy Grace,Tristan MacManus,TV Personality,Georgia,United States,51,13,Eliminated Week 8,5,4,7.0,7.0,7.0,,3,21.0,7.0,True,True
David Arquette,Kym Johnson,Actor/Actress,Virginia,United States,40,13,Eliminated Week 7,6,4,8.0,7.0,8.0,,3,23.0,7.666666666666667,True,True
Chaz Bono,Lacey Schwimmer,TV Personality,California,United States,42,13,Eliminated Week 6,7,4,7.0,7.0,7.0,,3,21.0,7.0,True,True
Carson Kressley,Anna Trebunskaya,TV Personality,Pennsylvania,United States,41,13,Eliminated Week 5,8,4,7.0,6.0,7.0,,3,20.0,6.666666666666667,True,True
Chynna Phillips,Tony Dovolani,Singer/Rapper,California,United States,43,13,Eliminated Week 4,9,4,7.0,7.0,7.0,,3,21.0,7.0,True,True
Kristin Cavallari,Mark Ballas,TV Personality,Colorado,United States,24,13,Eliminated Week 3,10,4,0.0,0.0,0.0,,3,0.0,0.0,True,False
Elisabetta Canalis,Valentin Chmerkovskiy,Actor/Actress,,Italy,33,13,Eliminated Week 2,11,4,0.0,0.0,0.0,,3,0.0,0.0,True,False
Metta World Peace (Ron),Peta Murgatroyd,Athlete,New York,United States,31,13,Eliminated Week 1,12,4,0.0,0.0,0.0,,3,0.0,0.0,True,False
J.R. Martinez,Karina Smirnoff,Actor/Actress,Louisiana,United States,28,13,1st Place,1,5,9.0,9.0,10.0,,3,28.0,9.333333333333334,True,True
Rob Kardashian,Cheryl Burke,TV Personality,California,United States,24,13,2nd Place,2,5,9.0,8.0,8.0,,3,25.0,8.333333333333334,True,True
Ricki Lake,Derek Hough,Actor/Actress,New York,United States,42,13,3rd Place,3,5,8.0,8.0,8.0,,3,24.0,8.0,True,True
Hope Solo,Maksim Chmerkoskiy,Athlete,Washington,United States,30,13,Eliminated Week 9,4,5,8.0,8.0,8.0,,3,24.0,8.0,True,True
Nancy Grace,Tristan MacManus,TV Personality,Georgia,United States,51,13,Eliminated Week 8,5,5,7.0,7.0,8.0,,3,22.0,7.333333333333333,True,True
David Arquette,Kym Johnson,Actor/Actress,Virginia,United States,40,13,Eliminated Week 7,6,5,8.0,9.0,8.0,,3,25.0,8.333333333333334,True,True
Chaz Bono,Lacey Schwimmer,TV Personality,California,United States,42,13,Eliminated Week 6,7,5,7.0,7.0,7.0,,3,21.0,7.0,True,True
Carson Kressley,Anna Trebunskaya,TV Personality,Pennsylvania,United States,41,13,Eliminated Week 5,8,5,6.0,6.0,7.0,,3,19.0,6.333333333333333,True,True
Chynna Phillips,Tony Dovolani,Singer/Rapper,California,United States,43,13,Eliminated Week 4,9,5,0.0,0.0,0.0,,3,0.0,0.0,True,False
Kristin Cavallari,Mark Ballas,TV Personality,Colorado,United States,24,13,Eliminated Week 3,10,5,0.0,0.0,0.0,,3,0.0,0.0,True,False
Elisabetta Canalis,Valentin Chmerkovskiy,Actor/Actress,,Italy,33,13,Eliminated Week 2,11,5,0.0,0.0,0.0,,3,0.0,0.0,True,False
Metta World Peace (Ron),Peta Murgatroyd,Athlete,New York,United States,31,13,Eliminated Week 1,12,5,0.0,0.0,0.0,,3,0.0,0.0,True,False
J.R. Martinez,Karina Smirnoff,Actor/Actress,Louisiana,United States,28,13,1st Place,1,6,10.0,9.0,10.0,,3,29.0,9.666666666666666,True,True
Rob Kardashian,Cheryl Burke,TV Personality,California,United States,24,13,2nd Place,2,6,8.0,7.0,7.0,,3,22.0,7.333333333333333,True,True
Ricki Lake,Derek Hough,Actor/Actress,New York,United States,42,13,3rd Place,3,6,10.0,9.0,10.0,,3,29.0,9.666666666666666,True,True
Hope Solo,Maksim Chmerkoskiy,Athlete,Washington,United States,30,13,Eliminated Week 9,4,6,7.0,6.0,7.0,,3,20.0,6.666666666666667,True,True
Nancy Grace,Tristan MacManus,TV Personality,Georgia,United States,51,13,Eliminated Week 8,5,6,9.0,7.0,8.0,,3,24.0,8.0,True,True
David Arquette,Kym Johnson,Actor/Actress,Virginia,United States,40,13,Eliminated Week 7,6,6,8.0,7.0,8.0,,3,23.0,7.666666666666667,True,True
Chaz Bono,Lacey Schwimmer,TV Personality,California,United States,42,13,Eliminated Week 6,7,6,7.0,6.0,6.0,,3,19.0,6.333333333333333,True,True
Carson Kressley,Anna Trebunskaya,TV Personality,Pennsylvania,United States,41,13,Eliminated Week 5,8,6,0.0,0.0,0.0,,3,0.0,0.0,True,False
Chynna Phillips,Tony Dovolani,Singer/Rapper,California,United States,43,13,Eliminated Week 4,9,6,0.0,0.0,0.0,,3,0.0,0.0,True,False
Kristin Cavallari,Mark Ballas,TV Personality,Colorado,United States,24,13,Eliminated Week 3,10,6,0.0,0.0,0.0,,3,0.0,0.0,True,False
Elisabetta Canalis,Valentin Chmerkovskiy,Actor/Actress,,Italy,33,13,Eliminated Week 2,11,6,0.0,0.0,0.0,,3,0.0,0.0,True,False
Metta World Peace (Ron),Peta Murgatroyd,Athlete,New York,United States,31,13,Eliminated Week 1,12,6,0.0,0.0,0.0,,3,0.0,0.0,True,False
J.R. Martinez,Karina Smirnoff,Actor/Actress,Louisiana,United States,28,13,1st Place,1,7,8.5,7.5,8.0,,3,24.0,8.0,True,True
Rob Kardashian,Cheryl Burke,TV Personality,California,United States,24,13,2nd Place,2,7,9.0,8.0,8.5,,3,25.5,8.5,True,True
Ricki Lake,Derek Hough,Actor/Actress,New York,United States,42,13,3rd Place,3,7,9.0,8.5,9.0,,3,26.5,8.833333333333334,True,True
Hope Solo,Maksim Chmerkoskiy,Athlete,Washington,United States,30,13,Eliminated Week 9,4,7,8.5,8.0,8.5,,3,25.0,8.333333333333334,True,True
Nancy Grace,Tristan MacManus,TV Personality,Georgia,United States,51,13,Eliminated Week 8,5,7,7.5,7.0,7.5,,3,22.0,7.333333333333333,True,True
David Arquette,Kym Johnson,Actor/Actress,Virginia,United States,40,13,Eliminated Week 7,6,7,8.0,7.5,8.0,,3,23.5,7.833333333333333,True,True
Chaz Bono,Lacey Schwimmer,TV Personality,California,United States,42,13,Eliminated Week 6,7,7,0.0,0.0,0.0,,3,0.0,0.0,True,False
Carson Kressley,Anna Trebunskaya,TV Personality,Pennsylvania,United States,41,13,Eliminated Week 5,8,7,0.0,0.0,0.0,,3,0.0,0.0,True,False
Chynna Phillips,Tony Dovolani,Singer/Rapper,California,United States,43,13,Eliminated Week 4,9,7,0.0,0.0,0.0,,3,0.0,0.0,True,False
Kristin Cavallari,Mark Ballas,TV Personality,Colorado,United States,24,13,Eliminated Week 3,10,7,0.0,0.0,0.0,,3,0.0,0.0,True,False
Elisabetta Canalis,Valentin Chmerkovskiy,Actor/Actress,,Italy,33,13,Eliminated Week 2,11,7,0.0,0.0,0.0,,3,0.0,0.0,True,False
Metta World Peace (Ron),Peta Murgatroyd,Athlete,New York,United States,31,13,Eliminated Week 1,12,7,0.0,0.0,0.0,,3,0.0,0.0,True,False
J.R. Martinez,Karina Smirnoff,Actor/Actress,Louisiana,United States,28,13,1st Place,1,8,10.0,10.0,10.0,,3,30.0,10.0,True,True
Rob Kardashian,Cheryl Burke,TV Personality,California,United States,24,13,2nd Place,2,8,8.5,8.5,8.5,,3,25.5,8.5,True,True
Ricki Lake,Derek Hough,Actor/Actress,New York,United States,42,13,3rd Place,3,8,8.5,8.5,9.0,,3,26.0,8.666666666666666,True,True
Hope Solo,Maksim Chmerkoskiy,Athlete,Washington,United States,30,13,Eliminated Week 9,4,8,8.5,9.0,8.5,,3,26.0,8.666666666666666,True,True
Nancy Grace,Tristan MacManus,TV Personality,Georgia,United States,51,13,Eliminated Week 8,5,8,7.5,7.0,7.5,,3,22.0,7.333333333333333,True,True
David Arquette,Kym Johnson,Actor/Actress,Virginia,United States,40,13,Eliminated Week 7,6,8,0.0,0.0,0.0,,3,0.0,0.0,True,False
Chaz Bono,Lacey Schwimmer,TV Personality,California,United States,42,13,Eliminated Week 6,7,8,0.0,0.0,0.0,,3,0.0,0.0,True,False
Carson Kressley,Anna Trebunskaya,TV Personality,Pennsylvania,United States,41,13,Eliminated Week 5,8,8,0.0,0.0,0.0,,3,0.0,0.0,True,False
Chynna Phillips,Tony Dovolani,Singer/Rapper,California,United States,43,13,Eliminated Week 4,9,8,0.0,0.0,0.0,,3,0.0,0.0,True,False
Kristin Cavallari,Mark Ballas,TV Personality,Colorado,United States,24,13,Eliminated Week 3,10,8,0.0,0.0,0.0,,3,0.0,0.0,True,False
Elisabetta Canalis,Valentin Chmerkovskiy,Actor/Actress,,Italy,33,13,Eliminated Week 2,11,8,0.0,0.0,0.0,,3,0.0,0.0,True,False
Metta World Peace (Ron),Peta Murgatroyd,Athlete,New York,United States,31,13,Eliminated Week 1,12,8,0.0,0.0,0.0,,3,0.0,0.0,True,False
J.R. Martinez,Karina Smirnoff,Actor/Actress,Louisiana,United States,28,13,1st Place,1,9,9.5,9.0,9.5,,3,28.0,9.333333333333334,True,True
Rob Kardashian,Cheryl Burke,TV Personality,California,United States,24,13,2nd Place,2,9,11.1666,10.6666,10.6666,,3,32.4998,10.833266666666667,True,True
Ricki Lake,Derek Hough,Actor/Actress,New York,United States,42,13,3rd Place,3,9,10.8333,11.3333,11.3333,,3,33.4999,11.166633333333332,True,True
Hope Solo,Maksim Chmerkoskiy,Athlete,Washington,United States,30,13,Eliminated Week 9,4,9,8.1666,8.1666,8.1666,,3,24.4998,8.1666,True,True
Nancy Grace,Tristan MacManus,TV Personality,Georgia,United States,51,13,Eliminated Week 8,5,9,0.0,0.0,0.0,,3,0.0,0.0,True,False
David Arquette,Kym Johnson,Actor/Actress,Virginia,United States,40,13,Eliminated Week 7,6,9,0.0,0.0,0.0,,3,0.0,0.0,True,False
Chaz Bono,Lacey Schwimmer,TV Personality,California,United States,42,13,Eliminated Week 6,7,9,0.0,0.0,0.0,,3,0.0,0.0,True,False
Carson Kressley,Anna Trebunskaya,TV Personality,Pennsylvania,United States,41,13,Eliminated Week 5,8,9,0.0,0.0,0.0,,3,0.0,0.0,True,False
Chynna Phillips,Tony Dovolani,Singer/Rapper,California,United States,43,13,Eliminated Week 4,9,9,0.0,0.0,0.0,,3,0.0,0.0,True,False
Kristin Cavallari,Mark Ballas,TV Personality,Colorado,United States,24,13,Eliminated Week 3,10,9,0.0,0.0,0.0,,3,0.0,0.0,True,False
Elisabetta Canalis,Valentin Chmerkovskiy,Actor/Actress,,Italy,33,13,Eliminated Week 2,11,9,0.0,0.0,0.0,,3,0.0,0.0,True,False
Metta World Peace (Ron),Peta Murgatroyd,Athlete,New York,United States,31,13,Eliminated Week 1,12,9,0.0,0.0,0.0,,3,0.0,0.0,True,False
J.R. Martinez,Karina Smirnoff,Actor/Actress,Louisiana,United States,28,13,1st Place,1,10,9.3333,9.1666,9.6666,,3,28.1665,9.388833333333332,True,True
Rob Kardashian,Cheryl Burke,TV Personality,California,United States,24,13,2nd Place,2,10,9.4444,9.4444,9.4444,,3,28.333199999999998,9.4444,True,True
Ricki Lake,Derek Hough,Actor/Actress,New York,United States,42,13,3rd Place,3,10,9.3333,9.3333,9.3333,,3,27.999899999999997,9.3333,True,True
Hope Solo,Maksim Chmerkoskiy,Athlete,Washington,United States,30,13,Eliminated Week 9,4,10,0.0,0.0,0.0,,3,0.0,0.0,True,False
Nancy Grace,Tristan MacManus,TV Personality,Georgia,United States,51,13,Eliminated Week 8,5,10,0.0,0.0,0.0,,3,0.0,0.0,True,False
David Arquette,Kym Johnson,Actor/Actress,Virginia,United States,40,13,Eliminated Week 7,6,10,0.0,0.0,0.0,,3,0.0,0.0,True,False
Chaz Bono,Lacey Schwimmer,TV Personality,California,United States,42,13,Eliminated Week 6,7,10,0.0,0.0,0.0,,3,0.0,0.0,True,False
Carson Kressley,Anna Trebunskaya,TV Personality,Pennsylvania,United States,41,13,Eliminated Week 5,8,10,0.0,0.0,0.0,,3,0.0,0.0,True,False
Chynna Phillips,Tony Dovolani,Singer/Rapper,California,United States,43,13,Eliminated Week 4,9,10,0.0,0.0,0.0,,3,0.0,0.0,True,False
Kristin Cavallari,Mark Ballas,TV Personality,Colorado,United States,24,13,Eliminated Week 3,10,10,0.0,0.0,0.0,,3,0.0,0.0,True,False
Elisabetta Canalis,Valentin Chmerkovskiy,Actor/Actress,,Italy,33,13,Eliminated Week 2,11,10,0.0,0.0,0.0,,3,0.0,0.0,True,False
Metta World Peace (Ron),Peta Murgatroyd,Athlete,New York,United States,31,13,Eliminated Week 1,12,10,0.0,0.0,0.0,,3,0.0,0.0,True,False
J.R. Martinez,Karina Smirnoff,Actor/Actress,Louisiana,United States,28,13,1st Place,1,11,,,,,0,,,False,False
Rob Kardashian,Cheryl Burke,TV Personality,California,United States,24,13,2nd Place,2,11,,,,,0,,,False,False
Ricki Lake,Derek Hough,Actor/Actress,New York,United States,42,13,3rd Place,3,11,,,,,0,,,False,False
Hope Solo,Maksim Chmerkoskiy,Athlete,Washington,United States,30,13,Eliminated Week 9,4,11,,,,,0,,,False,False
Nancy Grace,Tristan MacManus,TV Personality,Georgia,United States,51,13,Eliminated Week 8,5,11,,,,,0,,,False,False
David Arquette,Kym Johnson,Actor/Actress,Virginia,United States,40,13,Eliminated Week 7,6,11,,,,,0,,,False,False
Chaz Bono,Lacey Schwimmer,TV Personality,California,United States,42,13,Eliminated Week 6,7,11,,,,,0,,,False,False
Carson Kressley,Anna Trebunskaya,TV Personality,Pennsylvania,United States,41,13,Eliminated Week 5,8,11,,,,,0,,,False,False
Chynna Phillips,Tony Dovolani,Singer/Rapper,California,United States,43,13,Eliminated Week 4,9,11,,,,,0,,,False,False
Kristin Cavallari,Mark Ballas,TV Personality,Colorado,United States,24,13,Eliminated Week 3,10,11,,,,,0,,,False,False
Elisabetta Canalis,Valentin Chmerkovskiy,Actor/Actress,,Italy,33,13,Eliminated Week 2,11,11,,,,,0,,,False,False
Metta World Peace (Ron),Peta Murgatroyd,Athlete,New York,United States,31,13,Eliminated Week 1,12,11,,,,,0,,,False,False
Donald Driver,Peta Murgatroyd,Athlete,Texas,United States,37,14,1st Place,1,1,7.0,7.0,7.0,,3,21.0,7.0,True,True
Katherine Jenkins,Mark Ballas,Singer/Rapper,,Wales,31,14,2nd Place,2,1,9.0,8.0,9.0,,3,26.0,8.666666666666666,True,True
William Levy,Cheryl Burke,Actor/Actress,,Cuba,31,14,3rd Place,3,1,8.0,8.0,8.0,,3,24.0,8.0,True,True
Maria Menounos,Derek Hough,TV Personality,Massachusetts,United States,33,14,Eliminated Week 9,4,1,7.0,7.0,7.0,,3,21.0,7.0,True,True
Melissa Gilbert,Maksim Chmerkoskiy,Actor/Actress,California,United States,47,14,Eliminated Week 8,5,1,7.0,6.0,7.0,,3,20.0,6.666666666666667,True,True
Roshon Fegan,Chelsie Hightower,Actor/Actress,California,United States,20,14,Eliminated Week 8,6,1,8.0,7.0,8.0,,3,23.0,7.666666666666667,True,True
Jaleel White,Kym Johnson,Actor/Actress,California,United States,35,14,Eliminated Week 7,7,1,9.0,8.0,9.0,,3,26.0,8.666666666666666,True,True
Gladys Knight,Tristan MacManus,Singer/Rapper,Georgia,United States,67,14,Eliminated Week 6,8,1,8.0,7.0,8.0,,3,23.0,7.666666666666667,True,True
Gavin DeGraw,Karina Smirnoff,Singer/Rapper,New York,United States,35,14,Eliminated Week 5,9,1,7.0,6.0,7.0,,3,20.0,6.666666666666667,True,True
Sherri Sheperd,Valentin Chmerkovskiy,Actor/Actress,Illinois,United States,44,14,Eliminated Week 4,10,1,8.0,7.0,8.0,,3,23.0,7.666666666666667,True,True
Jack Wagner,Anna Trebunskaya,Actor/Actress,Missouri,United States,52,14,Eliminated Week 3,11,1,8.0,7.0,8.0,,3,23.0,7.666666666666667,True,True
Martina Navratilova,Tony Dovolani,Athlete,,Czechoslovakia,55,14,Eliminated Week 2,12,1,7.0,6.0,7.0,,3,20.0,6.666666666666667,True,True
Donald Driver,Peta Murgatroyd,Athlete,Texas,United States,37,14,1st Place,1,2,8.0,8.0,8.0,,3,24.0,8.0,True,True
Katherine Jenkins,Mark Ballas,Singer/Rapper,,Wales,31,14,2nd Place,2,2,9.0,8.0,9.0,,3,26.0,8.666666666666666,True,True
William Levy,Cheryl Burke,Actor/Actress,,Cuba,31,14,3rd Place,3,2,9.0,7.0,9.0,,3,25.0,8.333333333333334,True,True
Maria Menounos,Derek Hough,TV Personality,Massachusetts,United States,33,14,Eliminated Week 9,4,2,8.0,8.0,9.0,,3,25.0,8.333333333333334,True,True
Melissa Gilbert,Maksim Chmerkoskiy,Actor/Actress,California,United States,47,14,Eliminated Week 8,5,2,7.0,6.0,7.0,,3,20.0,6.666666666666667,True,True
Roshon Fegan,Chelsie Hightower,Actor/Actress,California,United States,20,14,Eliminated Week 8,6,2,9.0,8.0,9.0,,3,26.0,8.666666666666666,True,True
Jaleel White,Kym Johnson,Actor/Actress,California,United States,35,14,Eliminated Week 7,7,2,7.0,7.0,8.0,,3,22.0,7.333333333333333,True,True
Gladys Knight,Tristan MacManus,Singer/Rapper,Georgia,United States,67,14,Eliminated Week 6,8,2,7.0,5.0,7.0,,3,19.0,6.333333333333333,True,True
Gavin DeGraw,Karina Smirnoff,Singer/Rapper,New York,United States,35,14,Eliminated Week 5,9,2,7.0,7.0,7.0,,3,21.0,7.0,True,True
Sherri Sheperd,Valentin Chmerkovskiy,Actor/Actress,Illinois,United States,44,14,Eliminated Week 4,10,2,8.0,7.0,8.0,,3,23.0,7.666666666666667,True,True
Jack Wagner,Anna Trebunskaya,Actor/Actress,Missouri,United States,52,14,Eliminated Week 3,11,2,7.0,7.0,7.0,,3,21.0,7.0,True,True
Martina Navratilova,Tony Dovolani,Athlete,,Czechoslovakia,55,14,Eliminated Week 2,12,2,6.0,5.0,6.0,,3,17.0,5.666666666666667,True,True
Donald Driver,Peta Murgatroyd,Athlete,Texas,United States,37,14,1st Place,1,3,9.0,8.0,9.0,,3,26.0,8.666666666666666,True,True
Katherine Jenkins,Mark Ballas,Singer/Rapper,,Wales,31,14,2nd Place,2,3,10.0,9.0,10.0,,3,29.0,9.666666666666666,True,True
William Levy,Cheryl Burke,Actor/Actress,,Cuba,31,14,3rd Place,3,3,9.0,9.0,10.0,,3,28.0,9.333333333333334,True,True
Maria Menounos,Derek Hough,TV Personality,Massachusetts,United States,33,14,Eliminated Week 9,4,3,9.0,9.0,9.0,,3,27.0,9.0,True,True
Melissa Gilbert,Maksim Chmerkoskiy,Actor/Actress,California,United States,47,14,Eliminated Week 8,5,3,8.0,8.0,8.0,,3,24.0,8.0,True,True
Roshon Fegan,Chelsie Hightower,Actor/Actress,California,United States,20,14,Eliminated Week 8,6,3,8.0,8.0,9.0,,3,25.0,8.333333333333334,True,True
Jaleel White,Kym Johnson,Actor/Actress,California,United States,35,14,Eliminated Week 7,7,3,9.0,8.0,8.0,,3,25.0,8.333333333333334,True,True
Gladys Knight,Tristan MacManus,Singer/Rapper,Georgia,United States,67,14,Eliminated Week 6,8,3,8.0,8.0,8.0,,3,24.0,8.0,True,True
Gavin DeGraw,Karina Smirnoff,Singer/Rapper,New York,United States,35,14,Eliminated Week 5,9,3,8.0,8.0,8.0,,3,24.0,8.0,True,True
Sherri Sheperd,Valentin Chmerkovskiy,Actor/Actress,Illinois,United States,44,14,Eliminated Week 4,10,3,8.0,8.0,8.0,,3,24.0,8.0,True,True
Jack Wagner,Anna Trebunskaya,Actor/Actress,Missouri,United States,52,14,Eliminated Week 3,11,3,8.0,8.0,8.0,,3,24.0,8.0,True,True
Martina Navratilova,Tony Dovolani,Athlete,,Czechoslovakia,55,14,Eliminated Week 2,12,3,0.0,0.0,0.0,,3,0.0,0.0,True,False
Donald Driver,Peta Murgatroyd,Athlete,Texas,United States,37,14,1st Place,1,4,9.0,9.0,9.0,,3,27.0,9.0,True,True
Katherine Jenkins,Mark Ballas,Singer/Rapper,,Wales,31,14,2nd Place,2,4,8.0,8.0,8.0,,3,24.0,8.0,True,True
William Levy,Cheryl Burke,Actor/Actress,,Cuba,31,14,3rd Place,3,4,7.0,7.0,8.0,,3,22.0,7.333333333333333,True,True
Maria Menounos,Derek Hough,TV Personality,Massachusetts,United States,33,14,Eliminated Week 9,4,4,9.0,8.0,9.0,,3,26.0,8.666666666666666,True,True
Melissa Gilbert,Maksim Chmerkoskiy,Actor/Actress,California,United States,47,14,Eliminated Week 8,5,4,7.0,8.0,7.0,,3,22.0,7.333333333333333,True,True
Roshon Fegan,Chelsie Hightower,Actor/Actress,California,United States,20,14,Eliminated Week 8,6,4,9.0,8.0,9.0,,3,26.0,8.666666666666666,True,True
Jaleel White,Kym Johnson,Actor/Actress,California,United States,35,14,Eliminated Week 7,7,4,8.0,7.0,7.0,,3,22.0,7.333333333333333,True,True
Gladys Knight,Tristan MacManus,Singer/Rapper,Georgia,United States,67,14,Eliminated Week 6,8,4,7.0,6.0,7.0,,3,20.0,6.666666666666667,True,True
Gavin DeGraw,Karina Smirnoff,Singer/Rapper,New York,United States,35,14,Eliminated Week 5,9,4,8.0,8.0,7.0,,3,23.0,7.666666666666667,True,True
Sherri Sheperd,Valentin Chmerkovskiy,Actor/Actress,Illinois,United States,44,14,Eliminated Week 4,10,4,7.0,7.0,7.0,,3,21.0,7.0,True,True
Jack Wagner,Anna Trebunskaya,Actor/Actress,Missouri,United States,52,14,Eliminated Week 3,11,4,0.0,0.0,0.0,,3,0.0,0.0,True,False
Martina Navratilova,Tony Dovolani,Athlete,,Czechoslovakia,55,14,Eliminated Week 2,12,4,0.0,0.0,0.0,,3,0.0,0.0,True,False
Donald Driver,Peta Murgatroyd,Athlete,Texas,United States,37,14,1st Place,1,5,10.0,8.0,9.0,,3,27.0,9.0,True,True
Katherine Jenkins,Mark Ballas,Singer/Rapper,,Wales,31,14,2nd Place,2,5,10.0,9.0,10.0,,3,29.0,9.666666666666666,True,True
William Levy,Cheryl Burke,Actor/Actress,,Cuba,31,14,3rd Place,3,5,10.0,9.0,10.0,,3,29.0,9.666666666666666,True,True
Maria Menounos,Derek Hough,TV Personality,Massachusetts,United States,33,14,Eliminated Week 9,4,5,9.0,9.0,9.0,,3,27.0,9.0,True,True
Melissa Gilbert,Maksim Chmerkoskiy,Actor/Actress,California,United States,47,14,Eliminated Week 8,5,5,7.0,7.0,7.0,,3,21.0,7.0,True,True
Roshon Fegan,Chelsie Hightower,Actor/Actress,California,United States,20,14,Eliminated Week 8,6,5,9.0,8.0,9.0,,3,26.0,8.666666666666666,True,True
Jaleel White,Kym Johnson,Actor/Actress,California,United States,35,14,Eliminated Week 7,7,5,8.0,8.0,8.0,,3,24.0,8.0,True,True
Gladys Knight,Tristan MacManus,Singer/Rapper,Georgia,United States,67,14,Eliminated Week 6,8,5,7.0,7.0,8.0,,3,22.0,7.333333333333333,True,True
Gavin DeGraw,Karina Smirnoff,Singer/Rapper,New York,United States,35,14,Eliminated Week 5,9,5,6.0,6.0,7.0,,3,19.0,6.333333333333333,True,True
Sherri Sheperd,Valentin Chmerkovskiy,Actor/Actress,Illinois,United States,44,14,Eliminated Week 4,10,5,0.0,0.0,0.0,,3,0.0,0.0,True,False
Jack Wagner,Anna Trebunskaya,Actor/Actress,Missouri,United States,52,14,Eliminated Week 3,11,5,0.0,0.0,0.0,,3,0.0,0.0,True,False
Martina Navratilova,Tony Dovolani,Athlete,,Czechoslovakia,55,14,Eliminated Week 2,12,5,0.0,0.0,0.0,,3,0.0,0.0,True,False
Donald Driver,Peta Murgatroyd,Athlete,Texas,United States,37,14,1st Place,1,6,11.3333,11.3333,11.3333,,3,33.9999,11.3333,True,True
Katherine Jenkins,Mark Ballas,Singer/Rapper,,Wales,31,14,2nd Place,2,6,13.3333,12.3333,13.3333,,3,38.9999,12.999966666666666,True,True
William Levy,Cheryl Burke,Actor/Actress,,Cuba,31,14,3rd Place,3,6,12.0,11.0,13.0,,3,36.0,12.0,True,True
Maria Menounos,Derek Hough,TV Personality,Massachusetts,United States,33,14,Eliminated Week 9,4,6,9.3333,10.3333,10.3333,,3,29.999899999999997,9.999966666666666,True,True
Melissa Gilbert,Maksim Chmerkoskiy,Actor/Actress,California,United States,47,14,Eliminated Week 8,5,6,10.0,10.0,10.0,,3,30.0,10.0,True,True
Roshon Fegan,Chelsie Hightower,Actor/Actress,California,United States,20,14,Eliminated Week 8,6,6,8.6666,9.6666,9.6666,,3,27.9998,9.333266666666667,True,True
Jaleel White,Kym Johnson,Actor/Actress,California,United States,35,14,Eliminated Week 7,7,6,12.6666,11.6666,12.6666,,3,36.9998,12.333266666666667,True,True
Gladys Knight,Tristan MacManus,Singer/Rapper,Georgia,United States,67,14,Eliminated Week 6,8,6,8.0,8.0,8.0,,3,24.0,8.0,True,True
Gavin DeGraw,Karina Smirnoff,Singer/Rapper,New York,United States,35,14,Eliminated Week 5,9,6,0.0,0.0,0.0,,3,0.0,0.0,True,False
Sherri Sheperd,Valentin Chmerkovskiy,Actor/Actress,Illinois,United States,44,14,Eliminated Week 4,10,6,0.0,0.0,0.0,,3,0.0,0.0,True,False
Jack Wagner,Anna Trebunskaya,Actor/Actress,Missouri,United States,52,14,Eliminated Week 3,11,6,0.0,0.0,0.0,,3,0.0,0.0,True,False
Martina Navratilova,Tony Dovolani,Athlete,,Czechoslovakia,55,14,Eliminated Week 2,12,6,0.0,0.0,0.0,,3,0.0,0.0,True,False
Donald Driver,Peta Murgatroyd,Athlete,Texas,United States,37,14,1st Place,1,7,9.0,8.5,9.0,,3,26.5,8.833333333333334,True,True
Katherine Jenkins,Mark Ballas,Singer/Rapper,,Wales,31,14,2nd Place,2,7,9.5,8.5,9.0,,3,27.0,9.0,True,True
William Levy,Cheryl Burke,Actor/Actress,,Cuba,31,14,3rd Place,3,7,9.0,8.5,9.0,,3,26.5,8.833333333333334,True,True
Maria Menounos,Derek Hough,TV Personality,Massachusetts,United States,33,14,Eliminated Week 9,4,7,10.0,9.0,9.5,,3,28.5,9.5,True,True
Melissa Gilbert,Maksim Chmerkoskiy,Actor/Actress,California,United States,47,14,Eliminated Week 8,5,7,8.0,7.5,8.0,,3,23.5,7.833333333333333,True,True
Roshon Fegan,Chelsie Hightower,Actor/Actress,California,United States,20,14,Eliminated Week 8,6,7,9.5,8.0,8.5,,3,26.0,8.666666666666666,True,True
Jaleel White,Kym Johnson,Actor/Actress,California,United States,35,14,Eliminated Week 7,7,7,9.0,8.0,8.5,,3,25.5,8.5,True,True
Gladys Knight,Tristan MacManus,Singer/Rapper,Georgia,United States,67,14,Eliminated Week 6,8,7,0.0,0.0,0.0,,3,0.0,0.0,True,False
Gavin DeGraw,Karina Smirnoff,Singer/Rapper,New York,United States,35,14,Eliminated Week 5,9,7,0.0,0.0,0.0,,3,0.0,0.0,True,False
Sherri Sheperd,Valentin Chmerkovskiy,Actor/Actress,Illinois,United States,44,14,Eliminated Week 4,10,7,0.0,0.0,0.0,,3,0.0,0.0,True,False
Jack Wagner,Anna Trebunskaya,Actor/Actress,Missouri,United States,52,14,Eliminated Week 3,11,7,0.0,0.0,0.0,,3,0.0,0.0,True,False
Martina Navratilova,Tony Dovolani,Athlete,,Czechoslovakia,55,14,Eliminated Week 2,12,7,0.0,0.0,0.0,,3,0.0,0.0,True,False
Donald Driver,Peta Murgatroyd,Athlete,Texas,United States,37,14,1st Place,1,8,9.5,9.0,9.0,,3,27.5,9.166666666666666,True,True
Katherine Jenkins,Mark Ballas,Singer/Rapper,,Wales,31,14,2nd Place,2,8,9.0,9.0,9.5,,3,27.5,9.166666666666666,True,True
William Levy,Cheryl Burke,Actor/Actress,,Cuba,31,14,3rd Place,3,8,9.5,9.5,9.5,,3,28.5,9.5,True,True
Maria Menounos,Derek Hough,TV Personality,Massachusetts,United States,33,14,Eliminated Week 9,4,8,9.5,7.5,9.5,,3,26.5,8.833333333333334,True,True
Melissa Gilbert,Maksim Chmerkoskiy,Actor/Actress,California,United States,47,14,Eliminated Week 8,5,8,8.5,8.5,8.5,,3,25.5,8.5,True,True
Roshon Fegan,Chelsie Hightower,Actor/Actress,California,United States,20,14,Eliminated Week 8,6,8,9.5,9.0,9.5,,3,28.0,9.333333333333334,True,True
Jaleel White,Kym Johnson,Actor/Actress,California,United States,35,14,Eliminated Week 7,7,8,0.0,0.0,0.0,,3,0.0,0.0,True,False
Gladys Knight,Tristan MacManus,Singer/Rapper,Georgia,United States,67,14,Eliminated Week 6,8,8,0.0,0.0,0.0,,3,0.0,0.0,True,False
Gavin DeGraw,Karina Smirnoff,Singer/Rapper,New York,United States,35,14,Eliminated Week 5,9,8,0.0,0.0,0.0,,3,0.0,0.0,True,False
Sherri Sheperd,Valentin Chmerkovskiy,Actor/Actress,Illinois,United States,44,14,Eliminated Week 4,10,8,0.0,0.0,0.0,,3,0.0,0.0,True,False
Jack Wagner,Anna Trebunskaya,Actor/Actress,Missouri,United States,52,14,Eliminated Week 3,11,8,0.0,0.0,0.0,,3,0.0,0.0,True,False
Martina Navratilova,Tony Dovolani,Athlete,,Czechoslovakia,55,14,Eliminated Week 2,12,8,0.0,0.0,0.0,,3,0.0,0.0,True,False
Donald Driver,Peta Murgatroyd,Athlete,Texas,United States,37,14,1st Place,1,9,9.5,9.0,10.0,,3,28.5,9.5,True,True
Katherine Jenkins,Mark Ballas,Singer/Rapper,,Wales,31,14,2nd Place,2,9,9.5,9.0,9.5,,3,28.0,9.333333333333334,True,True
William Levy,Cheryl Burke,Actor/Actress,,Cuba,31,14,3rd Place,3,9,9.5,9.5,10.0,,3,29.0,9.666666666666666,True,True
Maria Menounos,Derek Hough,TV Personality,Massachusetts,United States,33,14,Eliminated Week 9,4,9,10.0,9.5,10.0,,3,29.5,9.833333333333334,True,True
Melissa Gilbert,Maksim Chmerkoskiy,Actor/Actress,California,United States,47,14,Eliminated Week 8,5,9,0.0,0.0,0.0,,3,0.0,0.0,True,False
Roshon Fegan,Chelsie Hightower,Actor/Actress,California,United States,20,14,Eliminated Week 8,6,9,0.0,0.0,0.0,,3,0.0,0.0,True,False
Jaleel White,Kym Johnson,Actor/Actress,California,United States,35,14,Eliminated Week 7,7,9,0.0,0.0,0.0,,3,0.0,0.0,True,False
Gladys Knight,Tristan MacManus,Singer/Rapper,Georgia,United States,67,14,Eliminated Week 6,8,9,0.0,0.0,0.0,,3,0.0,0.0,True,False
Gavin DeGraw,Karina Smirnoff,Singer/Rapper,New York,United States,35,14,Eliminated Week 5,9,9,0.0,0.0,0.0,,3,0.0,0.0,True,False
Sherri Sheperd,Valentin Chmerkovskiy,Actor/Actress,Illinois,United States,44,14,Eliminated Week 4,10,9,0.0,0.0,0.0,,3,0.0,0.0,True,False
Jack Wagner,Anna Trebunskaya,Actor/Actress,Missouri,United States,52,14,Eliminated Week 3,11,9,0.0,0.0,0.0,,3,0.0,0.0,True,False
Martina Navratilova,Tony Dovolani,Athlete,,Czechoslovakia,55,14,Eliminated Week 2,12,9,0.0,0.0,0.0,,3,0.0,0.0,True,False
Donald Driver,Peta Murgatroyd,Athlete,Texas,United States,37,14,1st Place,1,10,10.0,9.6666,10.0,,3,29.666600000000003,9.888866666666667,True,True
Katherine Jenkins,Mark Ballas,Singer/Rapper,,Wales,31,14,2nd Place,2,10,10.0,10.0,10.0,,3,30.0,10.0,True,True
William Levy,Cheryl Burke,Actor/Actress,,Cuba,31,14,3rd Place,3,10,10.0,9.6666,10.0,,3,29.666600000000003,9.888866666666667,True,True
Maria Menounos,Derek Hough,TV Personality,Massachusetts,United States,33,14,Eliminated Week 9,4,10,0.0,0.0,0.0,,3,0.0,0.0,True,False
Melissa Gilbert,Maksim Chmerkoskiy,Actor/Actress,California,United States,47,14,Eliminated Week 8,5,10,0.0,0.0,0.0,,3,0.0,0.0,True,False
Roshon Fegan,Chelsie Hightower,Actor/Actress,California,United States,20,14,Eliminated Week 8,6,10,0.0,0.0,0.0,,3,0.0,0.0,True,False
Jaleel White,Kym Johnson,Actor/Actress,California,United States,35,14,Eliminated Week 7,7,10,0.0,0.0,0.0,,3,0.0,0.0,True,False
Gladys Knight,Tristan MacManus,Singer/Rapper,Georgia,United States,67,14,Eliminated Week 6,8,10,0.0,0.0,0.0,,3,0.0,0.0,True,False
Gavin DeGraw,Karina Smirnoff,Singer/Rapper,New York,United States,35,14,Eliminated Week 5,9,10,0.0,0.0,0.0,,3,0.0,0.0,True,False
Sherri Sheperd,Valentin Chmerkovskiy,Actor/Actress,Illinois,United States,44,14,Eliminated Week 4,10,10,0.0,0.0,0.0,,3,0.0,0.0,True,False
Jack Wagner,Anna Trebunskaya,Actor/Actress,Missouri,United States,52,14,Eliminated Week 3,11,10,0.0,0.0,0.0,,3,0.0,0.0,True,False
Martina Navratilova,Tony Dovolani,Athlete,,Czechoslovakia,55,14,Eliminated Week 2,12,10,0.0,0.0,0.0,,3,0.0,0.0,True,False
Donald Driver,Peta Murgatroyd,Athlete,Texas,United States,37,14,1st Place,1,11,,,,,0,,,False,False
Katherine Jenkins,Mark Ballas,Singer/Rapper,,Wales,31,14,2nd Place,2,11,,,,,0,,,False,False
William Levy,Cheryl Burke,Actor/Actress,,Cuba,31,14,3rd Place,3,11,,,,,0,,,False,False
Maria Menounos,Derek Hough,TV Personality,Massachusetts,United States,33,14,Eliminated Week 9,4,11,,,,,0,,,False,False
Melissa Gilbert,Maksim Chmerkoskiy,Actor/Actress,California,United States,47,14,Eliminated Week 8,5,11,,,,,0,,,False,False
Roshon Fegan,Chelsie Hightower,Actor/Actress,California,United States,20,14,Eliminated Week 8,6,11,,,,,0,,,False,False
Jaleel White,Kym Johnson,Actor/Actress,California,United States,35,14,Eliminated Week 7,7,11,,,,,0,,,False,False
Gladys Knight,Tristan MacManus,Singer/Rapper,Georgia,United States,67,14,Eliminated Week 6,8,11,,,,,0,,,False,False
Gavin DeGraw,Karina Smirnoff,Singer/Rapper,New York,United States,35,14,Eliminated Week 5,9,11,,,,,0,,,False,False
Sherri Sheperd,Valentin Chmerkovskiy,Actor/Actress,Illinois,United States,44,14,Eliminated Week 4,10,11,,,,,0,,,False,False
Jack Wagner,Anna Trebunskaya,Actor/Actress,Missouri,United States,52,14,Eliminated Week 3,11,11,,,,,0,,,False,False
Martina Navratilova,Tony Dovolani,Athlete,,Czechoslovakia,55,14,Eliminated Week 2,12,11,,,,,0,,,False,False
Melissa Rycroft,Tony Dovolani,TV Personality,Texas,United States,29,15,1st Place,1,1,7.0,7.0,7.0,,3,21.0,7.0,True,True
Shawn Johnson,Derek Hough,Athlete,Iowa,United States,20,15,2nd Place,2,1,8.0,6.5,7.5,,3,22.0,7.333333333333333,True,True
Kelly Monaco,Valentin Chmerkovskiy,Actor/Actress,Pennsylvania,United States,36,15,3rd Place,3,1,7.0,7.0,7.5,,3,21.5,7.166666666666667,True,True
Emmitt Smith,Cheryl Burke,Athlete,Florida,United States,43,15,Eliminated Week 9,4,1,8.0,8.5,8.0,,3,24.5,8.166666666666666,True,True
Apolo Anton Ohno,Karina Smirnoff,Athlete,Washington,United States,30,15,Eliminated Week 9,5,1,7.5,7.0,7.5,,3,22.0,7.333333333333333,True,True
Gilles Marini,Peta Murgatroyd,Actor/Actress,,France,36,15,Eliminated Week 8,6,1,8.0,8.0,8.0,,3,24.0,8.0,True,True
Kirstie Alley,Maksim Chmerkoskiy,Actor/Actress,Kansas,United States,61,15,Eliminated Week 8,7,1,6.5,6.0,6.5,,3,19.0,6.333333333333333,True,True
Sabrina Bryan,Louis van Amstel,Actor/Actress,California,United States,28,15,Eliminated Week 6,8,1,7.5,7.5,7.5,,3,22.5,7.5,True,True
Bristol Palin,Mark Ballas,TV Personality,Alaska,United States,21,15,Eliminated Week 4,9,1,6.5,6.5,6.5,,3,19.5,6.5,True,True
Helio Castroneves,Chelsie Hightower,Racing Driver,,Brazil,37,15,Eliminated Week 3,10,1,7.0,7.5,7.0,,3,21.5,7.166666666666667,True,True
Drew Lachey,Anna Trebunskaya,Singer/Rapper,Ohio,United States,36,15,Eliminated Week 3,11,1,7.0,7.0,7.5,,3,21.5,7.166666666666667,True,True
Joey Fatone,Kym Johnson,Singer/Rapper,New York,United States,35,15,Eliminated Week 2,12,1,6.5,7.0,7.0,,3,20.5,6.833333333333333,True,True
Pamela Anderson,Tristan MacManus,Model,,Canada,45,15,Eliminated Week 1,13,1,5.5,5.5,6.0,,3,17.0,5.666666666666667,True,True
Melissa Rycroft,Tony Dovolani,TV Personality,Texas,United States,29,15,1st Place,1,2,8.0,8.0,7.5,,3,23.5,7.833333333333333,True,True
Shawn Johnson,Derek Hough,Athlete,Iowa,United States,20,15,2nd Place,2,2,8.5,8.0,8.5,,3,25.0,8.333333333333334,True,True
Kelly Monaco,Valentin Chmerkovskiy,Actor/Actress,Pennsylvania,United States,36,15,3rd Place,3,2,7.5,7.0,7.5,,3,22.0,7.333333333333333,True,True
Emmitt Smith,Cheryl Burke,Athlete,Florida,United States,43,15,Eliminated Week 9,4,2,7.5,7.5,7.5,,3,22.5,7.5,True,True
Apolo Anton Ohno,Karina Smirnoff,Athlete,Washington,United States,30,15,Eliminated Week 9,5,2,8.5,8.0,8.0,,3,24.5,8.166666666666666,True,True
Gilles Marini,Peta Murgatroyd,Actor/Actress,,France,36,15,Eliminated Week 8,6,2,8.5,8.5,8.5,,3,25.5,8.5,True,True
Kirstie Alley,Maksim Chmerkoskiy,Actor/Actress,Kansas,United States,61,15,Eliminated Week 8,7,2,7.0,7.0,7.0,,3,21.0,7.0,True,True
Sabrina Bryan,Louis van Amstel,Actor/Actress,California,United States,28,15,Eliminated Week 6,8,2,9.0,8.5,8.5,,3,26.0,8.666666666666666,True,True
Bristol Palin,Mark Ballas,TV Personality,Alaska,United States,21,15,Eliminated Week 4,9,2,6.0,6.0,6.0,,3,18.0,6.0,True,True
Helio Castroneves,Chelsie Hightower,Racing Driver,,Brazil,37,15,Eliminated Week 3,10,2,8.0,7.5,7.5,,3,23.0,7.666666666666667,True,True
Drew Lachey,Anna Trebunskaya,Singer/Rapper,Ohio,United States,36,15,Eliminated Week 3,11,2,7.5,7.5,7.5,,3,22.5,7.5,True,True
Joey Fatone,Kym Johnson,Singer/Rapper,New York,United States,35,15,Eliminated Week 2,12,2,7.5,7.5,7.5,,3,22.5,7.5,True,True
Pamela Anderson,Tristan MacManus,Model,,Canada,45,15,Eliminated Week 1,13,2,0.0,0.0,0.0,,3,0.0,0.0,True,False
Melissa Rycroft,Tony Dovolani,TV Personality,Texas,United States,29,15,1st Place,1,3,9.0,9.0,9.0,,3,27.0,9.0,True,True
Shawn Johnson,Derek Hough,Athlete,Iowa,United States,20,15,2nd Place,2,3,9.0,8.0,9.5,,3,26.5,8.833333333333334,True,True
Kelly Monaco,Valentin Chmerkovskiy,Actor/Actress,Pennsylvania,United States,36,15,3rd Place,3,3,9.0,9.0,9.0,,3,27.0,9.0,True,True
Emmitt Smith,Cheryl Burke,Athlete,Florida,United States,43,15,Eliminated Week 9,4,3,8.5,8.0,8.5,,3,25.0,8.333333333333334,True,True
Apolo Anton Ohno,Karina Smirnoff,Athlete,Washington,United States,30,15,Eliminated Week 9,5,3,9.0,8.0,8.5,,3,25.5,8.5,True,True
Gilles Marini,Peta Murgatroyd,Actor/Actress,,France,36,15,Eliminated Week 8,6,3,8.5,8.5,8.5,,3,25.5,8.5,True,True
Kirstie Alley,Maksim Chmerkoskiy,Actor/Actress,Kansas,United States,61,15,Eliminated Week 8,7,3,8.0,8.0,8.0,,3,24.0,8.0,True,True
Sabrina Bryan,Louis van Amstel,Actor/Actress,California,United States,28,15,Eliminated Week 6,8,3,8.5,8.5,8.5,,3,25.5,8.5,True,True
Bristol Palin,Mark Ballas,TV Personality,Alaska,United States,21,15,Eliminated Week 4,9,3,7.5,7.5,7.5,,3,22.5,7.5,True,True
Helio Castroneves,Chelsie Hightower,Racing Driver,,Brazil,37,15,Eliminated Week 3,10,3,8.5,8.5,8.5,,3,25.5,8.5,True,True
Drew Lachey,Anna Trebunskaya,Singer/Rapper,Ohio,United States,36,15,Eliminated Week 3,11,3,8.0,8.0,8.0,,3,24.0,8.0,True,True
Joey Fatone,Kym Johnson,Singer/Rapper,New York,United States,35,15,Eliminated Week 2,12,3,0.0,0.0,0.0,,3,0.0,0.0,True,False
Pamela Anderson,Tristan MacManus,Model,,Canada,45,15,Eliminated Week 1,13,3,0.0,0.0,0.0,,3,0.0,0.0,True,False
Melissa Rycroft,Tony Dovolani,TV Personality,Texas,United States,29,15,1st Place,1,4,9.0,9.0,9.5,9.5,4,37.0,9.25,True,True
Shawn Johnson,Derek Hough,Athlete,Iowa,United States,20,15,2nd Place,2,4,10.0,9.5,10.0,10.0,4,39.5,9.875,True,True
Kelly Monaco,Valentin Chmerkovskiy,Actor/Actress,Pennsylvania,United States,36,15,3rd Place,3,4,9.0,9.5,9.5,9.5,4,37.5,9.375,True,True
Emmitt Smith,Cheryl Burke,Athlete,Florida,United States,43,15,Eliminated Week 9,4,4,9.0,9.0,9.0,9.0,4,36.0,9.0,True,True
Apolo Anton Ohno,Karina Smirnoff,Athlete,Washington,United States,30,15,Eliminated Week 9,5,4,8.5,9.0,8.5,8.5,4,34.5,8.625,True,True
Gilles Marini,Peta Murgatroyd,Actor/Actress,,France,36,15,Eliminated Week 8,6,4,10.0,9.5,10.0,10.0,4,39.5,9.875,True,True
Kirstie Alley,Maksim Chmerkoskiy,Actor/Actress,Kansas,United States,61,15,Eliminated Week 8,7,4,7.5,7.5,7.5,7.5,4,30.0,7.5,True,True
Sabrina Bryan,Louis van Amstel,Actor/Actress,California,United States,28,15,Eliminated Week 6,8,4,9.0,9.0,8.5,9.0,4,35.5,8.875,True,True
Bristol Palin,Mark Ballas,TV Personality,Alaska,United States,21,15,Eliminated Week 4,9,4,8.0,8.0,8.0,8.0,4,32.0,8.0,True,True
Helio Castroneves,Chelsie Hightower,Racing Driver,,Brazil,37,15,Eliminated Week 3,10,4,0.0,0.0,0.0,0.0,4,0.0,0.0,True,False
Drew Lachey,Anna Trebunskaya,Singer/Rapper,Ohio,United States,36,15,Eliminated Week 3,11,4,0.0,0.0,0.0,0.0,4,0.0,0.0,True,False
Joey Fatone,Kym Johnson,Singer/Rapper,New York,United States,35,15,Eliminated Week 2,12,4,0.0,0.0,0.0,0.0,4,0.0,0.0,True,False
Pamela Anderson,Tristan MacManus,Model,,Canada,45,15,Eliminated Week 1,13,4,0.0,0.0,0.0,0.0,4,0.0,0.0,True,False
Melissa Rycroft,Tony Dovolani,TV Personality,Texas,United States,29,15,1st Place,1,5,9.25,9.5,9.5,,3,28.25,9.416666666666666,True,True
Shawn Johnson,Derek Hough,Athlete,Iowa,United States,20,15,2nd Place,2,5,9.25,9.0,10.0,,3,28.25,9.416666666666666,True,True
Kelly Monaco,Valentin Chmerkovskiy,Actor/Actress,Pennsylvania,United States,36,15,3rd Place,3,5,8.5,8.5,8.75,,3,25.75,8.583333333333334,True,True
Emmitt Smith,Cheryl Burke,Athlete,Florida,United States,43,15,Eliminated Week 9,4,5,9.25,9.25,9.5,,3,28.0,9.333333333333334,True,True
Apolo Anton Ohno,Karina Smirnoff,Athlete,Washington,United States,30,15,Eliminated Week 9,5,5,9.0,9.75,9.5,,3,28.25,9.416666666666666,True,True
Gilles Marini,Peta Murgatroyd,Actor/Actress,,France,36,15,Eliminated Week 8,6,5,9.5,9.25,9.5,,3,28.25,9.416666666666666,True,True
Kirstie Alley,Maksim Chmerkoskiy,Actor/Actress,Kansas,United States,61,15,Eliminated Week 8,7,5,8.75,8.75,8.75,,3,26.25,8.75,True,True
Sabrina Bryan,Louis van Amstel,Actor/Actress,California,United States,28,15,Eliminated Week 6,8,5,9.75,9.75,9.75,,3,29.25,9.75,True,True
Bristol Palin,Mark Ballas,TV Personality,Alaska,United States,21,15,Eliminated Week 4,9,5,0.0,0.0,0.0,,3,0.0,0.0,True,False
Helio Castroneves,Chelsie Hightower,Racing Driver,,Brazil,37,15,Eliminated Week 3,10,5,0.0,0.0,0.0,,3,0.0,0.0,True,False
Drew Lachey,Anna Trebunskaya,Singer/Rapper,Ohio,United States,36,15,Eliminated Week 3,11,5,0.0,0.0,0.0,,3,0.0,0.0,True,False
Joey Fatone,Kym Johnson,Singer/Rapper,New York,United States,35,15,Eliminated Week 2,12,5,0.0,0.0,0.0,,3,0.0,0.0,True,False
Pamela Anderson,Tristan MacManus,Model,,Canada,45,15,Eliminated Week 1,13,5,0.0,0.0,0.0,,3,0.0,0.0,True,False
Melissa Rycroft,Tony Dovolani,TV Personality,Texas,United States,29,15,1st Place,1,6,9.5,10.0,10.0,,3,29.5,9.833333333333334,True,True
Shawn Johnson,Derek Hough,Athlete,Iowa,United States,20,15,2nd Place,2,6,9.5,8.5,10.0,,3,28.0,9.333333333333334,True,True
Kelly Monaco,Valentin Chmerkovskiy,Actor/Actress,Pennsylvania,United States,36,15,3rd Place,3,6,9.0,9.0,9.0,,3,27.0,9.0,True,True
Emmitt Smith,Cheryl Burke,Athlete,Florida,United States,43,15,Eliminated Week 9,4,6,8.5,8.5,9.5,,3,26.5,8.833333333333334,True,True
Apolo Anton Ohno,Karina Smirnoff,Athlete,Washington,United States,30,15,Eliminated Week 9,5,6,10.0,10.0,10.0,,3,30.0,10.0,True,True
Gilles Marini,Peta Murgatroyd,Actor/Actress,,France,36,15,Eliminated Week 8,6,6,9.0,9.0,9.5,,3,27.5,9.166666666666666,True,True
Kirstie Alley,Maksim Chmerkoskiy,Actor/Actress,Kansas,United States,61,15,Eliminated Week 8,7,6,9.5,8.5,9.5,,3,27.5,9.166666666666666,True,True
Sabrina Bryan,Louis van Amstel,Actor/Actress,California,United States,28,15,Eliminated Week 6,8,6,10.0,10.0,10.0,,3,30.0,10.0,True,True
Bristol Palin,Mark Ballas,TV Personality,Alaska,United States,21,15,Eliminated Week 4,9,6,0.0,0.0,0.0,,3,0.0,0.0,True,False
Helio Castroneves,Chelsie Hightower,Racing Driver,,Brazil,37,15,Eliminated Week 3,10,6,0.0,0.0,0.0,,3,0.0,0.0,True,False
Drew Lachey,Anna Trebunskaya,Singer/Rapper,Ohio,United States,36,15,Eliminated Week 3,11,6,0.0,0.0,0.0,,3,0.0,0.0,True,False
Joey Fatone,Kym Johnson,Singer/Rapper,New York,United States,35,15,Eliminated Week 2,12,6,0.0,0.0,0.0,,3,0.0,0.0,True,False
Pamela Anderson,Tristan MacManus,Model,,Canada,45,15,Eliminated Week 1,13,6,0.0,0.0,0.0,,3,0.0,0.0,True,False
Melissa Rycroft,Tony Dovolani,TV Personality,Texas,United States,29,15,1st Place,1,7,13.3333,12.8333,12.8333,,3,38.9999,12.999966666666666,True,True
Shawn Johnson,Derek Hough,Athlete,Iowa,United States,20,15,2nd Place,2,7,12.6666,12.6666,12.6666,,3,37.9998,12.6666,True,True
Kelly Monaco,Valentin Chmerkovskiy,Actor/Actress,Pennsylvania,United States,36,15,3rd Place,3,7,12.0,12.0,12.0,,3,36.0,12.0,True,True
Emmitt Smith,Cheryl Burke,Athlete,Florida,United States,43,15,Eliminated Week 9,4,7,10.8333,11.8333,11.8333,,3,34.4999,11.499966666666666,True,True
Apolo Anton Ohno,Karina Smirnoff,Athlete,Washington,United States,30,15,Eliminated Week 9,5,7,11.0,11.0,11.0,,3,33.0,11.0,True,True
Gilles Marini,Peta Murgatroyd,Actor/Actress,,France,36,15,Eliminated Week 8,6,7,11.1666,11.1666,11.1666,,3,33.4998,11.1666,True,True
Kirstie Alley,Maksim Chmerkoskiy,Actor/Actress,Kansas,United States,61,15,Eliminated Week 8,7,7,9.3333,9.3333,9.3333,,3,27.999899999999997,9.3333,True,True
Sabrina Bryan,Louis van Amstel,Actor/Actress,California,United States,28,15,Eliminated Week 6,8,7,0.0,0.0,0.0,,3,0.0,0.0,True,False
Bristol Palin,Mark Ballas,TV Personality,Alaska,United States,21,15,Eliminated Week 4,9,7,0.0,0.0,0.0,,3,0.0,0.0,True,False
Helio Castroneves,Chelsie Hightower,Racing Driver,,Brazil,37,15,Eliminated Week 3,10,7,0.0,0.0,0.0,,3,0.0,0.0,True,False
Drew Lachey,Anna Trebunskaya,Singer/Rapper,Ohio,United States,36,15,Eliminated Week 3,11,7,0.0,0.0,0.0,,3,0.0,0.0,True,False
Joey Fatone,Kym Johnson,Singer/Rapper,New York,United States,35,15,Eliminated Week 2,12,7,0.0,0.0,0.0,,3,0.0,0.0,True,False
Pamela Anderson,Tristan MacManus,Model,,Canada,45,15,Eliminated Week 1,13,7,0.0,0.0,0.0,,3,0.0,0.0,True,False
Melissa Rycroft,Tony Dovolani,TV Personality,Texas,United States,29,15,1st Place,1,8,10.0,10.0,10.0,,3,30.0,10.0,True,True
Shawn Johnson,Derek Hough,Athlete,Iowa,United States,20,15,2nd Place,2,8,10.0,8.3333,9.5,,3,27.8333,9.277766666666666,True,True
Kelly Monaco,Valentin Chmerkovskiy,Actor/Actress,Pennsylvania,United States,36,15,3rd Place,3,8,9.5,9.3333,9.5,,3,28.3333,9.444433333333334,True,True
Emmitt Smith,Cheryl Burke,Athlete,Florida,United States,43,15,Eliminated Week 9,4,8,9.5,9.7777,9.7777,,3,29.0554,9.685133333333333,True,True
Apolo Anton Ohno,Karina Smirnoff,Athlete,Washington,United States,30,15,Eliminated Week 9,5,8,9.7777,9.5,10.0,,3,29.2777,9.759233333333333,True,True
Gilles Marini,Peta Murgatroyd,Actor/Actress,,France,36,15,Eliminated Week 8,6,8,9.5,10.0,9.7777,,3,29.2777,9.759233333333333,True,True
Kirstie Alley,Maksim Chmerkoskiy,Actor/Actress,Kansas,United States,61,15,Eliminated Week 8,7,8,8.5,8.5,8.5,,3,25.5,8.5,True,True
Sabrina Bryan,Louis van Amstel,Actor/Actress,California,United States,28,15,Eliminated Week 6,8,8,0.0,0.0,0.0,,3,0.0,0.0,True,False
Bristol Palin,Mark Ballas,TV Personality,Alaska,United States,21,15,Eliminated Week 4,9,8,0.0,0.0,0.0,,3,0.0,0.0,True,False
Helio Castroneves,Chelsie Hightower,Racing Driver,,Brazil,37,15,Eliminated Week 3,10,8,0.0,0.0,0.0,,3,0.0,0.0,True,False
Drew Lachey,Anna Trebunskaya,Singer/Rapper,Ohio,United States,36,15,Eliminated Week 3,11,8,0.0,0.0,0.0,,3,0.0,0.0,True,False
Joey Fatone,Kym Johnson,Singer/Rapper,New York,United States,35,15,Eliminated Week 2,12,8,0.0,0.0,0.0,,3,0.0,0.0,True,False
Pamela Anderson,Tristan MacManus,Model,,Canada,45,15,Eliminated Week 1,13,8,0.0,0.0,0.0,,3,0.0,0.0,True,False
Melissa Rycroft,Tony Dovolani,TV Personality,Texas,United States,29,15,1st Place,1,9,9.5,9.7777,9.5,,3,28.7777,9.592566666666666,True,True
Shawn Johnson,Derek Hough,Athlete,Iowa,United States,20,15,2nd Place,2,9,9.5,10.0,10.0,,3,29.5,9.833333333333334,True,True
Kelly Monaco,Valentin Chmerkovskiy,Actor/Actress,Pennsylvania,United States,36,15,3rd Place,3,9,8.7777,9.3333,9.0,,3,27.110999999999997,9.036999999999999,True,True
Emmitt Smith,Cheryl Burke,Athlete,Florida,United States,43,15,Eliminated Week 9,4,9,9.0,9.0,9.0,,3,27.0,9.0,True,True
Apolo Anton Ohno,Karina Smirnoff,Athlete,Washington,United States,30,15,Eliminated Week 9,5,9,9.3333,9.5,9.7777,,3,28.611,9.537,True,True
Gilles Marini,Peta Murgatroyd,Actor/Actress,,France,36,15,Eliminated Week 8,6,9,0.0,0.0,0.0,,3,0.0,0.0,True,False
Kirstie Alley,Maksim Chmerkoskiy,Actor/Actress,Kansas,United States,61,15,Eliminated Week 8,7,9,0.0,0.0,0.0,,3,0.0,0.0,True,False
Sabrina Bryan,Louis van Amstel,Actor/Actress,California,United States,28,15,Eliminated Week 6,8,9,0.0,0.0,0.0,,3,0.0,0.0,True,False
Bristol Palin,Mark Ballas,TV Personality,Alaska,United States,21,15,Eliminated Week 4,9,9,0.0,0.0,0.0,,3,0.0,0.0,True,False
Helio Castroneves,Chelsie Hightower,Racing Driver,,Brazil,37,15,Eliminated Week 3,10,9,0.0,0.0,0.0,,3,0.0,0.0,True,False
Drew Lachey,Anna Trebunskaya,Singer/Rapper,Ohio,United States,36,15,Eliminated Week 3,11,9,0.0,0.0,0.0,,3,0.0,0.0,True,False
Joey Fatone,Kym Johnson,Singer/Rapper,New York,United States,35,15,Eliminated Week 2,12,9,0.0,0.0,0.0,,3,0.0,0.0,True,False
Pamela Anderson,Tristan MacManus,Model,,Canada,45,15,Eliminated Week 1,13,9,0.0,0.0,0.0,,3,0.0,0.0,True,False
Melissa Rycroft,Tony Dovolani,TV Personality,Texas,United States,29,15,1st Place,1,10,9.7777,9.7777,9.7777,,3,29.333099999999998,9.7777,True,True
Shawn Johnson,Derek Hough,Athlete,Iowa,United States,20,15,2nd Place,2,10,9.6666,9.5,9.7777,,3,28.944300000000002,9.648100000000001,True,True
Kelly Monaco,Valentin Chmerkovskiy,Actor/Actress,Pennsylvania,United States,36,15,3rd Place,3,10,9.6666,9.6666,9.7777,,3,29.1109,9.703633333333334,True,True
Emmitt Smith,Cheryl Burke,Athlete,Florida,United States,43,15,Eliminated Week 9,4,10,0.0,0.0,0.0,,3,0.0,0.0,True,False
Apolo Anton Ohno,Karina Smirnoff,Athlete,Washington,United States,30,15,Eliminated Week 9,5,10,0.0,0.0,0.0,,3,0.0,0.0,True,False
Gilles Marini,Peta Murgatroyd,Actor/Actress,,France,36,15,Eliminated Week 8,6,10,0.0,0.0,0.0,,3,0.0,0.0,True,False
Kirstie Alley,Maksim Chmerkoskiy,Actor/Actress,Kansas,United States,61,15,Eliminated Week 8,7,10,0.0,0.0,0.0,,3,0.0,0.0,True,False
Sabrina Bryan,Louis van Amstel,Actor/Actress,California,United States,28,15,Eliminated Week 6,8,10,0.0,0.0,0.0,,3,0.0,0.0,True,False
Bristol Palin,Mark Ballas,TV Personality,Alaska,United States,21,15,Eliminated Week 4,9,10,0.0,0.0,0.0,,3,0.0,0.0,True,False
Helio Castroneves,Chelsie Hightower,Racing Driver,,Brazil,37,15,Eliminated Week 3,10,10,0.0,0.0,0.0,,3,0.0,0.0,True,False
Drew Lachey,Anna Trebunskaya,Singer/Rapper,Ohio,United States,36,15,Eliminated Week 3,11,10,0.0,0.0,0.0,,3,0.0,0.0,True,False
Joey Fatone,Kym Johnson,Singer/Rapper,New York,United States,35,15,Eliminated Week 2,12,10,0.0,0.0,0.0,,3,0.0,0.0,True,False
Pamela Anderson,Tristan MacManus,Model,,Canada,45,15,Eliminated Week 1,13,10,0.0,0.0,0.0,,3,0.0,0.0,True,False
Melissa Rycroft,Tony Dovolani,TV Personality,Texas,United States,29,15,1st Place,1,11,,,,,0,,,False,False
Shawn Johnson,Derek Hough,Athlete,Iowa,United States,20,15,2nd Place,2,11,,,,,0,,,False,False
Kelly Monaco,Valentin Chmerkovskiy,Actor/Actress,Pennsylvania,United States,36,15,3rd Place,3,11,,,,,0,,,False,False
Emmitt Smith,Cheryl Burke,Athlete,Florida,United States,43,15,Eliminated Week 9,4,11,,,,,0,,,False,False
Apolo Anton Ohno,Karina Smirnoff,Athlete,Washington,United States,30,15,Eliminated Week 9,5,11,,,,,0,,,False,False
Gilles Marini,Peta Murgatroyd,Actor/Actress,,France,36,15,Eliminated Week 8,6,11,,,,,0,,,False,False
Kirstie Alley,Maksim Chmerkoskiy,Actor/Actress,Kansas,United States,61,15,Eliminated Week 8,7,11,,,,,0,,,False,False
Sabrina Bryan,Louis van Amstel,Actor/Actress,California,United States,28,15,Eliminated Week 6,8,11,,,,,0,,,False,False
Bristol Palin,Mark Ballas,TV Personality,Alaska,United States,21,15,Eliminated Week 4,9,11,,,,,0,,,False,False
Helio Castroneves,Chelsie Hightower,Racing Driver,,Brazil,37,15,Eliminated Week 3,10,11,,,,,0,,,False,False
Drew Lachey,Anna Trebunskaya,Singer/Rapper,Ohio,United States,36,15,Eliminated Week 3,11,11,,,,,0,,,False,False
Joey Fatone,Kym Johnson,Singer/Rapper,New York,United States,35,15,Eliminated Week 2,12,11,,,,,0,,,False,False
Pamela Anderson,Tristan MacManus,Model,,Canada,45,15,Eliminated Week 1,13,11,,,,,0,,,False,False
Kellie Pickler,Derek Hough,Singer/Rapper,North Carolina,United States,26,16,1st Place,1,1,7.0,7.0,7.0,,3,21.0,7.0,True,True
Zendaya,Valentin Chmerkovskiy,Actor/Actress,California,United States,16,16,2nd Place,2,1,8.0,8.0,8.0,,3,24.0,8.0,True,True
Jacoby Jones,Karina Smirnoff,Athlete,Louisiana,United States,28,16,3rd Place,3,1,7.0,6.0,7.0,,3,20.0,6.666666666666667,True,True
Alexandra Raisman,Mark Ballas,Athlete,Massachusetts,United States,18,16,Eliminated Week 10,4,1,7.0,7.0,7.0,,3,21.0,7.0,True,True
Ingo Rademacher,Kym Johnson,Actor/Actress,,Germany,41,16,Eliminated Week 9,5,1,7.0,6.0,7.0,,3,20.0,6.666666666666667,True,True
Sean Lowe,Peta Murgatroyd,TV Personality,Texas,United States,29,16,Eliminated Week 8,6,1,7.0,6.0,6.0,,3,19.0,6.333333333333333,True,True
Andy Dick,Sharna Burgess,Comedian,South Carolina,United States,47,16,Eliminated Week 7,7,1,6.0,5.0,6.0,,3,17.0,5.666666666666667,True,True
Victor Ortiz,Lindsay Arnold,Athlete,Kansas,United States,26,16,Eliminated Week 6,8,1,6.0,6.0,6.0,,3,18.0,6.0,True,True
D. L. Hughley,Cheryl Burke,Comedian,Virginia,United States,50,16,Eliminated Week 5,9,1,4.0,4.0,4.0,,3,12.0,4.0,True,True
Lisa Vanderpump,Gleb Savchenko,TV Personality,,England,52,16,Eliminated Week 4,10,1,6.0,6.0,6.0,,3,18.0,6.0,True,True
Wynonna Judd,Tony Dovolani,Singer/Rapper,Kentucky,United States,48,16,Eliminated Week 3,11,1,6.0,6.0,6.0,,3,18.0,6.0,True,True
Dorothy Hamill,Tristan MacManus,Athlete,Illinois,United States,56,16,Withdrew,12,1,7.0,7.0,7.0,,3,21.0,7.0,True,True
Kellie Pickler,Derek Hough,Singer/Rapper,North Carolina,United States,26,16,1st Place,1,2,9.0,8.0,9.0,,3,26.0,8.666666666666666,True,True
Zendaya,Valentin Chmerkovskiy,Actor/Actress,California,United States,16,16,2nd Place,2,2,9.0,8.0,9.0,,3,26.0,8.666666666666666,True,True
Jacoby Jones,Karina Smirnoff,Athlete,Louisiana,United States,28,16,3rd Place,3,2,8.0,7.0,8.0,,3,23.0,7.666666666666667,True,True
Alexandra Raisman,Mark Ballas,Athlete,Massachusetts,United States,18,16,Eliminated Week 10,4,2,8.0,8.0,8.0,,3,24.0,8.0,True,True
Ingo Rademacher,Kym Johnson,Actor/Actress,,Germany,41,16,Eliminated Week 9,5,2,6.0,7.0,7.0,,3,20.0,6.666666666666667,True,True
Sean Lowe,Peta Murgatroyd,TV Personality,Texas,United States,29,16,Eliminated Week 8,6,2,7.0,6.0,7.0,,3,20.0,6.666666666666667,True,True
Andy Dick,Sharna Burgess,Comedian,South Carolina,United States,47,16,Eliminated Week 7,7,2,7.0,6.0,7.0,,3,20.0,6.666666666666667,True,True
Victor Ortiz,Lindsay Arnold,Athlete,Kansas,United States,26,16,Eliminated Week 6,8,2,6.0,6.0,6.0,,3,18.0,6.0,True,True
D. L. Hughley,Cheryl Burke,Comedian,Virginia,United States,50,16,Eliminated Week 5,9,2,5.0,5.0,6.0,,3,16.0,5.333333333333333,True,True
Lisa Vanderpump,Gleb Savchenko,TV Personality,,England,52,16,Eliminated Week 4,10,2,6.0,6.0,6.0,,3,18.0,6.0,True,True
Wynonna Judd,Tony Dovolani,Singer/Rapper,Kentucky,United States,48,16,Eliminated Week 3,11,2,6.0,6.0,6.0,,3,18.0,6.0,True,True
Dorothy Hamill,Tristan MacManus,Athlete,Illinois,United States,56,16,Withdrew,12,2,5.0,5.0,5.0,,3,15.0,5.0,True,True
Kellie Pickler,Derek Hough,Singer/Rapper,North Carolina,United States,26,16,1st Place,1,3,8.0,9.0,8.0,,3,25.0,8.333333333333334,True,True
Zendaya,Valentin Chmerkovskiy,Actor/Actress,California,United States,16,16,2nd Place,2,3,8.6666,8.6666,8.6666,,3,25.9998,8.6666,True,True
Jacoby Jones,Karina Smirnoff,Athlete,Louisiana,United States,28,16,3rd Place,3,3,8.6666,8.6666,8.6666,,3,25.9998,8.6666,True,True
Alexandra Raisman,Mark Ballas,Athlete,Massachusetts,United States,18,16,Eliminated Week 10,4,3,7.0,8.0,8.0,,3,23.0,7.666666666666667,True,True
Ingo Rademacher,Kym Johnson,Actor/Actress,,Germany,41,16,Eliminated Week 9,5,3,7.0,7.0,7.0,,3,21.0,7.0,True,True
Sean Lowe,Peta Murgatroyd,TV Personality,Texas,United States,29,16,Eliminated Week 8,6,3,7.0,7.0,7.0,,3,21.0,7.0,True,True
Andy Dick,Sharna Burgess,Comedian,South Carolina,United States,47,16,Eliminated Week 7,7,3,6.0,6.0,6.0,,3,18.0,6.0,True,True
Victor Ortiz,Lindsay Arnold,Athlete,Kansas,United States,26,16,Eliminated Week 6,8,3,8.0,7.0,8.0,,3,23.0,7.666666666666667,True,True
D. L. Hughley,Cheryl Burke,Comedian,Virginia,United States,50,16,Eliminated Week 5,9,3,6.0,5.0,5.0,,3,16.0,5.333333333333333,True,True
Lisa Vanderpump,Gleb Savchenko,TV Personality,,England,52,16,Eliminated Week 4,10,3,7.0,7.0,7.0,,3,21.0,7.0,True,True
Wynonna Judd,Tony Dovolani,Singer/Rapper,Kentucky,United States,48,16,Eliminated Week 3,11,3,5.0,5.0,5.0,,3,15.0,5.0,True,True
Dorothy Hamill,Tristan MacManus,Athlete,Illinois,United States,56,16,Withdrew,12,3,0.0,0.0,0.0,,3,0.0,0.0,True,False
Kellie Pickler,Derek Hough,Singer/Rapper,North Carolina,United States,26,16,1st Place,1,4,9.0,8.0,9.0,,3,26.0,8.666666666666666,True,True
Zendaya,Valentin Chmerkovskiy,Actor/Actress,California,United States,16,16,2nd Place,2,4,9.0,8.0,9.0,,3,26.0,8.666666666666666,True,True
Jacoby Jones,Karina Smirnoff,Athlete,Louisiana,United States,28,16,3rd Place,3,4,8.0,8.0,8.0,,3,24.0,8.0,True,True
Alexandra Raisman,Mark Ballas,Athlete,Massachusetts,United States,18,16,Eliminated Week 10,4,4,9.0,9.0,9.0,,3,27.0,9.0,True,True
Ingo Rademacher,Kym Johnson,Actor/Actress,,Germany,41,16,Eliminated Week 9,5,4,8.0,7.0,8.0,,3,23.0,7.666666666666667,True,True
Sean Lowe,Peta Murgatroyd,TV Personality,Texas,United States,29,16,Eliminated Week 8,6,4,6.0,7.0,7.0,,3,20.0,6.666666666666667,True,True
Andy Dick,Sharna Burgess,Comedian,South Carolina,United States,47,16,Eliminated Week 7,7,4,7.0,7.0,7.0,,3,21.0,7.0,True,True
Victor Ortiz,Lindsay Arnold,Athlete,Kansas,United States,26,16,Eliminated Week 6,8,4,6.0,6.0,6.0,,3,18.0,6.0,True,True
D. L. Hughley,Cheryl Burke,Comedian,Virginia,United States,50,16,Eliminated Week 5,9,4,7.0,7.0,7.0,,3,21.0,7.0,True,True
Lisa Vanderpump,Gleb Savchenko,TV Personality,,England,52,16,Eliminated Week 4,10,4,6.0,6.0,6.0,,3,18.0,6.0,True,True
Wynonna Judd,Tony Dovolani,Singer/Rapper,Kentucky,United States,48,16,Eliminated Week 3,11,4,0.0,0.0,0.0,,3,0.0,0.0,True,False
Dorothy Hamill,Tristan MacManus,Athlete,Illinois,United States,56,16,Withdrew,12,4,0.0,0.0,0.0,,3,0.0,0.0,True,False
Kellie Pickler,Derek Hough,Singer/Rapper,North Carolina,United States,26,16,1st Place,1,5,9.0,9.0,9.0,,3,27.0,9.0,True,True
Zendaya,Valentin Chmerkovskiy,Actor/Actress,California,United States,16,16,2nd Place,2,5,10.0,9.0,10.0,,3,29.0,9.666666666666666,True,True
Jacoby Jones,Karina Smirnoff,Athlete,Louisiana,United States,28,16,3rd Place,3,5,9.0,8.0,9.0,,3,26.0,8.666666666666666,True,True
Alexandra Raisman,Mark Ballas,Athlete,Massachusetts,United States,18,16,Eliminated Week 10,4,5,8.0,8.0,9.0,,3,25.0,8.333333333333334,True,True
Ingo Rademacher,Kym Johnson,Actor/Actress,,Germany,41,16,Eliminated Week 9,5,5,7.0,7.0,7.0,,3,21.0,7.0,True,True
Sean Lowe,Peta Murgatroyd,TV Personality,Texas,United States,29,16,Eliminated Week 8,6,5,8.0,8.0,8.0,,3,24.0,8.0,True,True
Andy Dick,Sharna Burgess,Comedian,South Carolina,United States,47,16,Eliminated Week 7,7,5,6.0,6.0,6.0,,3,18.0,6.0,True,True
Victor Ortiz,Lindsay Arnold,Athlete,Kansas,United States,26,16,Eliminated Week 6,8,5,7.0,7.0,7.0,,3,21.0,7.0,True,True
D. L. Hughley,Cheryl Burke,Comedian,Virginia,United States,50,16,Eliminated Week 5,9,5,6.0,6.0,6.0,,3,18.0,6.0,True,True
Lisa Vanderpump,Gleb Savchenko,TV Personality,,England,52,16,Eliminated Week 4,10,5,0.0,0.0,0.0,,3,0.0,0.0,True,False
Wynonna Judd,Tony Dovolani,Singer/Rapper,Kentucky,United States,48,16,Eliminated Week 3,11,5,0.0,0.0,0.0,,3,0.0,0.0,True,False
Dorothy Hamill,Tristan MacManus,Athlete,Illinois,United States,56,16,Withdrew,12,5,0.0,0.0,0.0,,3,0.0,0.0,True,False
Kellie Pickler,Derek Hough,Singer/Rapper,North Carolina,United States,26,16,1st Place,1,6,8.5,9.5,9.0,,3,27.0,9.0,True,True
Zendaya,Valentin Chmerkovskiy,Actor/Actress,California,United States,16,16,2nd Place,2,6,8.5,8.5,8.5,,3,25.5,8.5,True,True
Jacoby Jones,Karina Smirnoff,Athlete,Louisiana,United States,28,16,3rd Place,3,6,7.5,7.5,7.5,,3,22.5,7.5,True,True
Alexandra Raisman,Mark Ballas,Athlete,Massachusetts,United States,18,16,Eliminated Week 10,4,6,8.5,9.0,8.5,,3,26.0,8.666666666666666,True,True
Ingo Rademacher,Kym Johnson,Actor/Actress,,Germany,41,16,Eliminated Week 9,5,6,7.5,8.0,7.5,,3,23.0,7.666666666666667,True,True
Sean Lowe,Peta Murgatroyd,TV Personality,Texas,United States,29,16,Eliminated Week 8,6,6,7.5,8.0,7.5,,3,23.0,7.666666666666667,True,True
Andy Dick,Sharna Burgess,Comedian,South Carolina,United States,47,16,Eliminated Week 7,7,6,7.0,7.5,7.0,,3,21.5,7.166666666666667,True,True
Victor Ortiz,Lindsay Arnold,Athlete,Kansas,United States,26,16,Eliminated Week 6,8,6,6.5,7.0,6.5,,3,20.0,6.666666666666667,True,True
D. L. Hughley,Cheryl Burke,Comedian,Virginia,United States,50,16,Eliminated Week 5,9,6,0.0,0.0,0.0,,3,0.0,0.0,True,False
Lisa Vanderpump,Gleb Savchenko,TV Personality,,England,52,16,Eliminated Week 4,10,6,0.0,0.0,0.0,,3,0.0,0.0,True,False
Wynonna Judd,Tony Dovolani,Singer/Rapper,Kentucky,United States,48,16,Eliminated Week 3,11,6,0.0,0.0,0.0,,3,0.0,0.0,True,False
Dorothy Hamill,Tristan MacManus,Athlete,Illinois,United States,56,16,Withdrew,12,6,0.0,0.0,0.0,,3,0.0,0.0,True,False
Kellie Pickler,Derek Hough,Singer/Rapper,North Carolina,United States,26,16,1st Place,1,7,9.0,10.0,10.0,,3,29.0,9.666666666666666,True,True
Zendaya,Valentin Chmerkovskiy,Actor/Actress,California,United States,16,16,2nd Place,2,7,10.0,10.0,10.0,,3,30.0,10.0,True,True
Jacoby Jones,Karina Smirnoff,Athlete,Louisiana,United States,28,16,3rd Place,3,7,9.0,9.0,9.0,,3,27.0,9.0,True,True
Alexandra Raisman,Mark Ballas,Athlete,Massachusetts,United States,18,16,Eliminated Week 10,4,7,11.0,10.0,11.0,,3,32.0,10.666666666666666,True,True
Ingo Rademacher,Kym Johnson,Actor/Actress,,Germany,41,16,Eliminated Week 9,5,7,8.0,9.0,8.0,,3,25.0,8.333333333333334,True,True
Sean Lowe,Peta Murgatroyd,TV Personality,Texas,United States,29,16,Eliminated Week 8,6,7,8.0,8.0,8.0,,3,24.0,8.0,True,True
Andy Dick,Sharna Burgess,Comedian,South Carolina,United States,47,16,Eliminated Week 7,7,7,5.0,6.0,6.0,,3,17.0,5.666666666666667,True,True
Victor Ortiz,Lindsay Arnold,Athlete,Kansas,United States,26,16,Eliminated Week 6,8,7,0.0,0.0,0.0,,3,0.0,0.0,True,False
D. L. Hughley,Cheryl Burke,Comedian,Virginia,United States,50,16,Eliminated Week 5,9,7,0.0,0.0,0.0,,3,0.0,0.0,True,False
Lisa Vanderpump,Gleb Savchenko,TV Personality,,England,52,16,Eliminated Week 4,10,7,0.0,0.0,0.0,,3,0.0,0.0,True,False
Wynonna Judd,Tony Dovolani,Singer/Rapper,Kentucky,United States,48,16,Eliminated Week 3,11,7,0.0,0.0,0.0,,3,0.0,0.0,True,False
Dorothy Hamill,Tristan MacManus,Athlete,Illinois,United States,56,16,Withdrew,12,7,0.0,0.0,0.0,,3,0.0,0.0,True,False
Kellie Pickler,Derek Hough,Singer/Rapper,North Carolina,United States,26,16,1st Place,1,8,9.5,8.0,10.0,,3,27.5,9.166666666666666,True,True
Zendaya,Valentin Chmerkovskiy,Actor/Actress,California,United States,16,16,2nd Place,2,8,9.5,10.0,9.5,,3,29.0,9.666666666666666,True,True
Jacoby Jones,Karina Smirnoff,Athlete,Louisiana,United States,28,16,3rd Place,3,8,8.5,9.0,8.5,,3,26.0,8.666666666666666,True,True
Alexandra Raisman,Mark Ballas,Athlete,Massachusetts,United States,18,16,Eliminated Week 10,4,8,9.0,9.5,9.5,,3,28.0,9.333333333333334,True,True
Ingo Rademacher,Kym Johnson,Actor/Actress,,Germany,41,16,Eliminated Week 9,5,8,8.0,8.0,8.0,,3,24.0,8.0,True,True
Sean Lowe,Peta Murgatroyd,TV Personality,Texas,United States,29,16,Eliminated Week 8,6,8,7.0,7.0,7.0,,3,21.0,7.0,True,True
Andy Dick,Sharna Burgess,Comedian,South Carolina,United States,47,16,Eliminated Week 7,7,8,0.0,0.0,0.0,,3,0.0,0.0,True,False
Victor Ortiz,Lindsay Arnold,Athlete,Kansas,United States,26,16,Eliminated Week 6,8,8,0.0,0.0,0.0,,3,0.0,0.0,True,False
D. L. Hughley,Cheryl Burke,Comedian,Virginia,United States,50,16,Eliminated Week 5,9,8,0.0,0.0,0.0,,3,0.0,0.0,True,False
Lisa Vanderpump,Gleb Savchenko,TV Personality,,England,52,16,Eliminated Week 4,10,8,0.0,0.0,0.0,,3,0.0,0.0,True,False
Wynonna Judd,Tony Dovolani,Singer/Rapper,Kentucky,United States,48,16,Eliminated Week 3,11,8,0.0,0.0,0.0,,3,0.0,0.0,True,False
Dorothy Hamill,Tristan MacManus,Athlete,Illinois,United States,56,16,Withdrew,12,8,0.0,0.0,0.0,,3,0.0,0.0,True,False
Kellie Pickler,Derek Hough,Singer/Rapper,North Carolina,United States,26,16,1st Place,1,9,9.5,10.0,9.5,,3,29.0,9.666666666666666,True,True
Zendaya,Valentin Chmerkovskiy,Actor/Actress,California,United States,16,16,2nd Place,2,9,9.0,9.0,9.5,,3,27.5,9.166666666666666,True,True
Jacoby Jones,Karina Smirnoff,Athlete,Louisiana,United States,28,16,3rd Place,3,9,10.0,9.5,10.0,,3,29.5,9.833333333333334,True,True
Alexandra Raisman,Mark Ballas,Athlete,Massachusetts,United States,18,16,Eliminated Week 10,4,9,10.0,9.5,10.0,,3,29.5,9.833333333333334,True,True
Ingo Rademacher,Kym Johnson,Actor/Actress,,Germany,41,16,Eliminated Week 9,5,9,8.5,8.5,8.5,,3,25.5,8.5,True,True
Sean Lowe,Peta Murgatroyd,TV Personality,Texas,United States,29,16,Eliminated Week 8,6,9,0.0,0.0,0.0,,3,0.0,0.0,True,False
Andy Dick,Sharna Burgess,Comedian,South Carolina,United States,47,16,Eliminated Week 7,7,9,0.0,0.0,0.0,,3,0.0,0.0,True,False
Victor Ortiz,Lindsay Arnold,Athlete,Kansas,United States,26,16,Eliminated Week 6,8,9,0.0,0.0,0.0,,3,0.0,0.0,True,False
D. L. Hughley,Cheryl Burke,Comedian,Virginia,United States,50,16,Eliminated Week 5,9,9,0.0,0.0,0.0,,3,0.0,0.0,True,False
Lisa Vanderpump,Gleb Savchenko,TV Personality,,England,52,16,Eliminated Week 4,10,9,0.0,0.0,0.0,,3,0.0,0.0,True,False
Wynonna Judd,Tony Dovolani,Singer/Rapper,Kentucky,United States,48,16,Eliminated Week 3,11,9,0.0,0.0,0.0,,3,0.0,0.0,True,False
Dorothy Hamill,Tristan MacManus,Athlete,Illinois,United States,56,16,Withdrew,12,9,0.0,0.0,0.0,,3,0.0,0.0,True,False
Kellie Pickler,Derek Hough,Singer/Rapper,North Carolina,United States,26,16,1st Place,1,10,10.0,10.0,10.0,,3,30.0,10.0,True,True
Zendaya,Valentin Chmerkovskiy,Actor/Actress,California,United States,16,16,2nd Place,2,10,10.0,10.0,10.0,,3,30.0,10.0,True,True
Jacoby Jones,Karina Smirnoff,Athlete,Louisiana,United States,28,16,3rd Place,3,10,9.3333,9.3333,9.3333,,3,27.999899999999997,9.3333,True,True
Alexandra Raisman,Mark Ballas,Athlete,Massachusetts,United States,18,16,Eliminated Week 10,4,10,9.5,9.5,10.0,,3,29.0,9.666666666666666,True,True
Ingo Rademacher,Kym Johnson,Actor/Actress,,Germany,41,16,Eliminated Week 9,5,10,0.0,0.0,0.0,,3,0.0,0.0,True,False
Sean Lowe,Peta Murgatroyd,TV Personality,Texas,United States,29,16,Eliminated Week 8,6,10,0.0,0.0,0.0,,3,0.0,0.0,True,False
Andy Dick,Sharna Burgess,Comedian,South Carolina,United States,47,16,Eliminated Week 7,7,10,0.0,0.0,0.0,,3,0.0,0.0,True,False
Victor Ortiz,Lindsay Arnold,Athlete,Kansas,United States,26,16,Eliminated Week 6,8,10,0.0,0.0,0.0,,3,0.0,0.0,True,False
D. L. Hughley,Cheryl Burke,Comedian,Virginia,United States,50,16,Eliminated Week 5,9,10,0.0,0.0,0.0,,3,0.0,0.0,True,False
Lisa Vanderpump,Gleb Savchenko,TV Personality,,England,52,16,Eliminated Week 4,10,10,0.0,0.0,0.0,,3,0.0,0.0,True,False
Wynonna Judd,Tony Dovolani,Singer/Rapper,Kentucky,United States,48,16,Eliminated Week 3,11,10,0.0,0.0,0.0,,3,0.0,0.0,True,False
Dorothy Hamill,Tristan MacManus,Athlete,Illinois,United States,56,16,Withdrew,12,10,0.0,0.0,0.0,,3,0.0,0.0,True,False
Kellie Pickler,Derek Hough,Singer/Rapper,North Carolina,United States,26,16,1st Place,1,11,,,,,0,,,False,False
Zendaya,Valentin Chmerkovskiy,Actor/Actress,California,United States,16,16,2nd Place,2,11,,,,,0,,,False,False
Jacoby Jones,Karina Smirnoff,Athlete,Louisiana,United States,28,16,3rd Place,3,11,,,,,0,,,False,False
Alexandra Raisman,Mark Ballas,Athlete,Massachusetts,United States,18,16,Eliminated Week 10,4,11,,,,,0,,,False,False
Ingo Rademacher,Kym Johnson,Actor/Actress,,Germany,41,16,Eliminated Week 9,5,11,,,,,0,,,False,False
Sean Lowe,Peta Murgatroyd,TV Personality,Texas,United States,29,16,Eliminated Week 8,6,11,,,,,0,,,False,False
Andy Dick,Sharna Burgess,Comedian,South Carolina,United States,47,16,Eliminated Week 7,7,11,,,,,0,,,False,False
Victor Ortiz,Lindsay Arnold,Athlete,Kansas,United States,26,16,Eliminated Week 6,8,11,,,,,0,,,False,False
D. L. Hughley,Cheryl Burke,Comedian,Virginia,United States,50,16,Eliminated Week 5,9,11,,,,,0,,,False,False
Lisa Vanderpump,Gleb Savchenko,TV Personality,,England,52,16,Eliminated Week 4,10,11,,,,,0,,,False,False
Wynonna Judd,Tony Dovolani,Singer/Rapper,Kentucky,United States,48,16,Eliminated Week 3,11,11,,,,,0,,,False,False
Dorothy Hamill,Tristan MacManus,Athlete,Illinois,United States,56,16,Withdrew,12,11,,,,,0,,,False,False
Amber Riley,Derek Hough,Actor/Actress,California,United States,27,17,1st Place,1,1,9.0,9.0,9.0,,3,27.0,9.0,True,True
Corbin Bleu,Karina Smirnoff,Actor/Actress,New York,United States,24,17,2nd Place,2,1,8.0,8.0,8.0,,3,24.0,8.0,True,True
Jack Osbourne,Cheryl Burke,TV Personality,,England,27,17,3rd Place,3,1,8.0,8.0,7.0,,3,23.0,7.666666666666667,True,True
Bill Engvall,Emma Slater,Comedian,Texas,United States,56,17,Eliminated Week 11,4,1,6.0,6.0,6.0,,3,18.0,6.0,True,True
Leah Remini,Tony Dovolani,Actor/Actress,New York,United States,43,17,Eliminated Week 10,5,1,7.0,7.0,7.0,,3,21.0,7.0,True,True
Elizabeth Berkley Lauren,Valentin Chmerkovskiy,Actor/Actress,Michigan,United States,39,17,Eliminated Week 9,6,1,8.0,8.0,8.0,,3,24.0,8.0,True,True
Brant Daugherty,Peta Murgatroyd,Actor/Actress,Ohio,United States,28,17,Eliminated Week 8,7,1,7.0,8.0,7.0,,3,22.0,7.333333333333333,True,True
"Nicole ""Snooki"" Polizzi",Sasha Farber,TV Personality,,Chile,25,17,Eliminated Week 7,8,1,8.0,8.0,7.0,,3,23.0,7.666666666666667,True,True
Christina Milian,Mark Ballas,Singer/Rapper,New Jersey,United States,31,17,Eliminated Week 5,9,1,7.0,7.0,8.0,,3,22.0,7.333333333333333,True,True
Valerie Harper,Tristan MacManus,Actor/Actress,New York,United States,74,17,Eliminated Week 4,10,1,7.0,7.0,7.0,,3,21.0,7.0,True,True
Bill Nye,Tyne Stecklein,TV Personality,Washington D.C.,United States,57,17,Eliminated Week 3,11,1,5.0,4.0,5.0,,3,14.0,4.666666666666667,True,True
Keyshawn Johnson,Sharna Burgess,Athlete,California,United States,41,17,Eliminated Week 2,12,1,6.0,5.0,6.0,,3,17.0,5.666666666666667,True,True
Amber Riley,Derek Hough,Actor/Actress,California,United States,27,17,1st Place,1,2,8.0,8.0,8.0,,3,24.0,8.0,True,True
Corbin Bleu,Karina Smirnoff,Actor/Actress,New York,United States,24,17,2nd Place,2,2,9.0,8.0,9.0,,3,26.0,8.666666666666666,True,True
Jack Osbourne,Cheryl Burke,TV Personality,,England,27,17,3rd Place,3,2,8.0,8.0,8.0,,3,24.0,8.0,True,True
Bill Engvall,Emma Slater,Comedian,Texas,United States,56,17,Eliminated Week 11,4,2,7.0,7.0,7.0,,3,21.0,7.0,True,True
Leah Remini,Tony Dovolani,Actor/Actress,New York,United States,43,17,Eliminated Week 10,5,2,8.0,8.0,8.0,,3,24.0,8.0,True,True
Elizabeth Berkley Lauren,Valentin Chmerkovskiy,Actor/Actress,Michigan,United States,39,17,Eliminated Week 9,6,2,8.0,9.0,8.0,,3,25.0,8.333333333333334,True,True
Brant Daugherty,Peta Murgatroyd,Actor/Actress,Ohio,United States,28,17,Eliminated Week 8,7,2,8.0,7.0,8.0,,3,23.0,7.666666666666667,True,True
"Nicole ""Snooki"" Polizzi",Sasha Farber,TV Personality,,Chile,25,17,Eliminated Week 7,8,2,6.0,7.0,7.0,,3,20.0,6.666666666666667,True,True
Christina Milian,Mark Ballas,Singer/Rapper,New Jersey,United States,31,17,Eliminated Week 5,9,2,9.0,8.0,8.0,,3,25.0,8.333333333333334,True,True
Valerie Harper,Tristan MacManus,Actor/Actress,New York,United States,74,17,Eliminated Week 4,10,2,6.0,6.0,7.0,,3,19.0,6.333333333333333,True,True
Bill Nye,Tyne Stecklein,TV Personality,Washington D.C.,United States,57,17,Eliminated Week 3,11,2,6.0,5.0,6.0,,3,17.0,5.666666666666667,True,True
Keyshawn Johnson,Sharna Burgess,Athlete,California,United States,41,17,Eliminated Week 2,12,2,6.0,6.0,6.0,,3,18.0,6.0,True,True
Amber Riley,Derek Hough,Actor/Actress,California,United States,27,17,1st Place,1,3,8.0,8.0,8.0,,3,24.0,8.0,True,True
Corbin Bleu,Karina Smirnoff,Actor/Actress,New York,United States,24,17,2nd Place,2,3,9.0,8.0,9.0,,3,26.0,8.666666666666666,True,True
Jack Osbourne,Cheryl Burke,TV Personality,,England,27,17,3rd Place,3,3,7.0,7.0,8.0,,3,22.0,7.333333333333333,True,True
Bill Engvall,Emma Slater,Comedian,Texas,United States,56,17,Eliminated Week 11,4,3,8.0,8.0,8.0,,3,24.0,8.0,True,True
Leah Remini,Tony Dovolani,Actor/Actress,New York,United States,43,17,Eliminated Week 10,5,3,8.0,8.0,8.0,,3,24.0,8.0,True,True
Elizabeth Berkley Lauren,Valentin Chmerkovskiy,Actor/Actress,Michigan,United States,39,17,Eliminated Week 9,6,3,8.0,9.0,8.0,,3,25.0,8.333333333333334,True,True
Brant Daugherty,Peta Murgatroyd,Actor/Actress,Ohio,United States,28,17,Eliminated Week 8,7,3,9.0,9.0,9.0,,3,27.0,9.0,True,True
"Nicole ""Snooki"" Polizzi",Sasha Farber,TV Personality,,Chile,25,17,Eliminated Week 7,8,3,9.0,8.0,8.0,,3,25.0,8.333333333333334,True,True
Christina Milian,Mark Ballas,Singer/Rapper,New Jersey,United States,31,17,Eliminated Week 5,9,3,9.0,8.0,9.0,,3,26.0,8.666666666666666,True,True
Valerie Harper,Tristan MacManus,Actor/Actress,New York,United States,74,17,Eliminated Week 4,10,3,6.0,5.0,5.0,,3,16.0,5.333333333333333,True,True
Bill Nye,Tyne Stecklein,TV Personality,Washington D.C.,United States,57,17,Eliminated Week 3,11,3,6.0,5.0,5.0,,3,16.0,5.333333333333333,True,True
Keyshawn Johnson,Sharna Burgess,Athlete,California,United States,41,17,Eliminated Week 2,12,3,0.0,0.0,0.0,,3,0.0,0.0,True,False
Amber Riley,Derek Hough,Actor/Actress,California,United States,27,17,1st Place,1,4,9.0,9.0,9.0,,3,27.0,9.0,True,True
Corbin Bleu,Karina Smirnoff,Actor/Actress,New York,United States,24,17,2nd Place,2,4,9.0,9.0,9.0,,3,27.0,9.0,True,True
Jack Osbourne,Cheryl Burke,TV Personality,,England,27,17,3rd Place,3,4,8.0,8.0,8.0,,3,24.0,8.0,True,True
Bill Engvall,Emma Slater,Comedian,Texas,United States,56,17,Eliminated Week 11,4,4,7.0,7.0,7.0,,3,21.0,7.0,True,True
Leah Remini,Tony Dovolani,Actor/Actress,New York,United States,43,17,Eliminated Week 10,5,4,8.0,8.0,8.0,,3,24.0,8.0,True,True
Elizabeth Berkley Lauren,Valentin Chmerkovskiy,Actor/Actress,Michigan,United States,39,17,Eliminated Week 9,6,4,9.0,9.0,9.0,,3,27.0,9.0,True,True
Brant Daugherty,Peta Murgatroyd,Actor/Actress,Ohio,United States,28,17,Eliminated Week 8,7,4,7.0,7.0,7.0,,3,21.0,7.0,True,True
"Nicole ""Snooki"" Polizzi",Sasha Farber,TV Personality,,Chile,25,17,Eliminated Week 7,8,4,8.0,8.0,8.0,,3,24.0,8.0,True,True
Christina Milian,Mark Ballas,Singer/Rapper,New Jersey,United States,31,17,Eliminated Week 5,9,4,8.0,8.0,8.0,,3,24.0,8.0,True,True
Valerie Harper,Tristan MacManus,Actor/Actress,New York,United States,74,17,Eliminated Week 4,10,4,6.0,6.0,6.0,,3,18.0,6.0,True,True
Bill Nye,Tyne Stecklein,TV Personality,Washington D.C.,United States,57,17,Eliminated Week 3,11,4,0.0,0.0,0.0,,3,0.0,0.0,True,False
Keyshawn Johnson,Sharna Burgess,Athlete,California,United States,41,17,Eliminated Week 2,12,4,0.0,0.0,0.0,,3,0.0,0.0,True,False
Amber Riley,Derek Hough,Actor/Actress,California,United States,27,17,1st Place,1,5,9.0,7.0,10.0,,3,26.0,8.666666666666666,True,True
Corbin Bleu,Karina Smirnoff,Actor/Actress,New York,United States,24,17,2nd Place,2,5,9.0,9.0,10.0,,3,28.0,9.333333333333334,True,True
Jack Osbourne,Cheryl Burke,TV Personality,,England,27,17,3rd Place,3,5,9.0,9.0,9.0,,3,27.0,9.0,True,True
Bill Engvall,Emma Slater,Comedian,Texas,United States,56,17,Eliminated Week 11,4,5,8.0,8.0,8.0,,3,24.0,8.0,True,True
Leah Remini,Tony Dovolani,Actor/Actress,New York,United States,43,17,Eliminated Week 10,5,5,7.0,7.0,8.0,,3,22.0,7.333333333333333,True,True
Elizabeth Berkley Lauren,Valentin Chmerkovskiy,Actor/Actress,Michigan,United States,39,17,Eliminated Week 9,6,5,8.0,9.0,9.0,,3,26.0,8.666666666666666,True,True
Brant Daugherty,Peta Murgatroyd,Actor/Actress,Ohio,United States,28,17,Eliminated Week 8,7,5,9.0,9.0,9.0,,3,27.0,9.0,True,True
"Nicole ""Snooki"" Polizzi",Sasha Farber,TV Personality,,Chile,25,17,Eliminated Week 7,8,5,9.0,9.0,9.0,,3,27.0,9.0,True,True
Christina Milian,Mark Ballas,Singer/Rapper,New Jersey,United States,31,17,Eliminated Week 5,9,5,9.0,10.0,9.0,,3,28.0,9.333333333333334,True,True
Valerie Harper,Tristan MacManus,Actor/Actress,New York,United States,74,17,Eliminated Week 4,10,5,0.0,0.0,0.0,,3,0.0,0.0,True,False
Bill Nye,Tyne Stecklein,TV Personality,Washington D.C.,United States,57,17,Eliminated Week 3,11,5,0.0,0.0,0.0,,3,0.0,0.0,True,False
Keyshawn Johnson,Sharna Burgess,Athlete,California,United States,41,17,Eliminated Week 2,12,5,0.0,0.0,0.0,,3,0.0,0.0,True,False
Amber Riley,Derek Hough,Actor/Actress,California,United States,27,17,1st Place,1,6,11.3333,9.3333,11.3333,,3,31.999899999999997,10.666633333333332,True,True
Corbin Bleu,Karina Smirnoff,Actor/Actress,New York,United States,24,17,2nd Place,2,6,9.3333,8.3333,9.3333,,3,26.999899999999997,8.999966666666666,True,True
Jack Osbourne,Cheryl Burke,TV Personality,,England,27,17,3rd Place,3,6,8.6666,9.6666,8.6666,,3,26.9998,8.999933333333333,True,True
Bill Engvall,Emma Slater,Comedian,Texas,United States,56,17,Eliminated Week 11,4,6,8.3333,8.3333,7.3333,,3,23.9999,7.9999666666666664,True,True
Leah Remini,Tony Dovolani,Actor/Actress,New York,United States,43,17,Eliminated Week 10,5,6,9.3333,9.3333,9.3333,,3,27.999899999999997,9.3333,True,True
Elizabeth Berkley Lauren,Valentin Chmerkovskiy,Actor/Actress,Michigan,United States,39,17,Eliminated Week 9,6,6,10.6666,10.6666,10.6666,,3,31.9998,10.6666,True,True
Brant Daugherty,Peta Murgatroyd,Actor/Actress,Ohio,United States,28,17,Eliminated Week 8,7,6,10.0,11.0,10.0,,3,31.0,10.333333333333334,True,True
"Nicole ""Snooki"" Polizzi",Sasha Farber,TV Personality,,Chile,25,17,Eliminated Week 7,8,6,10.0,10.0,10.0,,3,30.0,10.0,True,True
Christina Milian,Mark Ballas,Singer/Rapper,New Jersey,United States,31,17,Eliminated Week 5,9,6,0.0,0.0,0.0,,3,0.0,0.0,True,False
Valerie Harper,Tristan MacManus,Actor/Actress,New York,United States,74,17,Eliminated Week 4,10,6,0.0,0.0,0.0,,3,0.0,0.0,True,False
Bill Nye,Tyne Stecklein,TV Personality,Washington D.C.,United States,57,17,Eliminated Week 3,11,6,0.0,0.0,0.0,,3,0.0,0.0,True,False
Keyshawn Johnson,Sharna Burgess,Athlete,California,United States,41,17,Eliminated Week 2,12,6,0.0,0.0,0.0,,3,0.0,0.0,True,False
Amber Riley,Derek Hough,Actor/Actress,California,United States,27,17,1st Place,1,7,10.0,10.0,9.5,,3,29.5,9.833333333333334,True,True
Corbin Bleu,Karina Smirnoff,Actor/Actress,New York,United States,24,17,2nd Place,2,7,10.0,9.5,10.0,,3,29.5,9.833333333333334,True,True
Jack Osbourne,Cheryl Burke,TV Personality,,England,27,17,3rd Place,3,7,10.0,9.0,9.5,,3,28.5,9.5,True,True
Bill Engvall,Emma Slater,Comedian,Texas,United States,56,17,Eliminated Week 11,4,7,8.5,8.0,8.5,,3,25.0,8.333333333333334,True,True
Leah Remini,Tony Dovolani,Actor/Actress,New York,United States,43,17,Eliminated Week 10,5,7,9.0,8.5,9.0,,3,26.5,8.833333333333334,True,True
Elizabeth Berkley Lauren,Valentin Chmerkovskiy,Actor/Actress,Michigan,United States,39,17,Eliminated Week 9,6,7,9.0,9.0,9.0,,3,27.0,9.0,True,True
Brant Daugherty,Peta Murgatroyd,Actor/Actress,Ohio,United States,28,17,Eliminated Week 8,7,7,9.5,9.5,9.5,,3,28.5,9.5,True,True
"Nicole ""Snooki"" Polizzi",Sasha Farber,TV Personality,,Chile,25,17,Eliminated Week 7,8,7,9.0,9.0,9.0,,3,27.0,9.0,True,True
Christina Milian,Mark Ballas,Singer/Rapper,New Jersey,United States,31,17,Eliminated Week 5,9,7,0.0,0.0,0.0,,3,0.0,0.0,True,False
Valerie Harper,Tristan MacManus,Actor/Actress,New York,United States,74,17,Eliminated Week 4,10,7,0.0,0.0,0.0,,3,0.0,0.0,True,False
Bill Nye,Tyne Stecklein,TV Personality,Washington D.C.,United States,57,17,Eliminated Week 3,11,7,0.0,0.0,0.0,,3,0.0,0.0,True,False
Keyshawn Johnson,Sharna Burgess,Athlete,California,United States,41,17,Eliminated Week 2,12,7,0.0,0.0,0.0,,3,0.0,0.0,True,False
Amber Riley,Derek Hough,Actor/Actress,California,United States,27,17,1st Place,1,8,9.0,9.0,10.0,,3,28.0,9.333333333333334,True,True
Corbin Bleu,Karina Smirnoff,Actor/Actress,New York,United States,24,17,2nd Place,2,8,10.0,10.0,10.0,,3,30.0,10.0,True,True
Jack Osbourne,Cheryl Burke,TV Personality,,England,27,17,3rd Place,3,8,10.0,10.0,10.0,,3,30.0,10.0,True,True
Bill Engvall,Emma Slater,Comedian,Texas,United States,56,17,Eliminated Week 11,4,8,8.0,8.0,8.0,,3,24.0,8.0,True,True
Leah Remini,Tony Dovolani,Actor/Actress,New York,United States,43,17,Eliminated Week 10,5,8,9.0,10.0,9.0,,3,28.0,9.333333333333334,True,True
Elizabeth Berkley Lauren,Valentin Chmerkovskiy,Actor/Actress,Michigan,United States,39,17,Eliminated Week 9,6,8,8.0,9.0,8.0,,3,25.0,8.333333333333334,True,True
Brant Daugherty,Peta Murgatroyd,Actor/Actress,Ohio,United States,28,17,Eliminated Week 8,7,8,9.0,9.0,9.0,,3,27.0,9.0,True,True
"Nicole ""Snooki"" Polizzi",Sasha Farber,TV Personality,,Chile,25,17,Eliminated Week 7,8,8,0.0,0.0,0.0,,3,0.0,0.0,True,False
Christina Milian,Mark Ballas,Singer/Rapper,New Jersey,United States,31,17,Eliminated Week 5,9,8,0.0,0.0,0.0,,3,0.0,0.0,True,False
Valerie Harper,Tristan MacManus,Actor/Actress,New York,United States,74,17,Eliminated Week 4,10,8,0.0,0.0,0.0,,3,0.0,0.0,True,False
Bill Nye,Tyne Stecklein,TV Personality,Washington D.C.,United States,57,17,Eliminated Week 3,11,8,0.0,0.0,0.0,,3,0.0,0.0,True,False
Keyshawn Johnson,Sharna Burgess,Athlete,California,United States,41,17,Eliminated Week 2,12,8,0.0,0.0,0.0,,3,0.0,0.0,True,False
Amber Riley,Derek Hough,Actor/Actress,California,United States,27,17,1st Place,1,9,8.5,8.5,8.5,,3,25.5,8.5,True,True
Corbin Bleu,Karina Smirnoff,Actor/Actress,New York,United States,24,17,2nd Place,2,9,9.5,9.5,10.0,,3,29.0,9.666666666666666,True,True
Jack Osbourne,Cheryl Burke,TV Personality,,England,27,17,3rd Place,3,9,9.0,9.0,9.0,,3,27.0,9.0,True,True
Bill Engvall,Emma Slater,Comedian,Texas,United States,56,17,Eliminated Week 11,4,9,7.0,7.0,7.0,,3,21.0,7.0,True,True
Leah Remini,Tony Dovolani,Actor/Actress,New York,United States,43,17,Eliminated Week 10,5,9,9.0,9.0,9.0,,3,27.0,9.0,True,True
Elizabeth Berkley Lauren,Valentin Chmerkovskiy,Actor/Actress,Michigan,United States,39,17,Eliminated Week 9,6,9,9.5,9.0,9.5,,3,28.0,9.333333333333334,True,True
Brant Daugherty,Peta Murgatroyd,Actor/Actress,Ohio,United States,28,17,Eliminated Week 8,7,9,0.0,0.0,0.0,,3,0.0,0.0,True,False
"Nicole ""Snooki"" Polizzi",Sasha Farber,TV Personality,,Chile,25,17,Eliminated Week 7,8,9,0.0,0.0,0.0,,3,0.0,0.0,True,False
Christina Milian,Mark Ballas,Singer/Rapper,New Jersey,United States,31,17,Eliminated Week 5,9,9,0.0,0.0,0.0,,3,0.0,0.0,True,False
Valerie Harper,Tristan MacManus,Actor/Actress,New York,United States,74,17,Eliminated Week 4,10,9,0.0,0.0,0.0,,3,0.0,0.0,True,False
Bill Nye,Tyne Stecklein,TV Personality,Washington D.C.,United States,57,17,Eliminated Week 3,11,9,0.0,0.0,0.0,,3,0.0,0.0,True,False
Keyshawn Johnson,Sharna Burgess,Athlete,California,United States,41,17,Eliminated Week 2,12,9,0.0,0.0,0.0,,3,0.0,0.0,True,False
Amber Riley,Derek Hough,Actor/Actress,California,United States,27,17,1st Place,1,10,10.0,10.0,9.5,10.0,4,39.5,9.875,True,True
Corbin Bleu,Karina Smirnoff,Actor/Actress,New York,United States,24,17,2nd Place,2,10,9.5,9.0,9.5,9.5,4,37.5,9.375,True,True
Jack Osbourne,Cheryl Burke,TV Personality,,England,27,17,3rd Place,3,10,9.0,8.5,9.0,9.0,4,35.5,8.875,True,True
Bill Engvall,Emma Slater,Comedian,Texas,United States,56,17,Eliminated Week 11,4,10,7.5,7.5,7.5,7.5,4,30.0,7.5,True,True
Leah Remini,Tony Dovolani,Actor/Actress,New York,United States,43,17,Eliminated Week 10,5,10,8.0,8.0,8.0,8.5,4,32.5,8.125,True,True
Elizabeth Berkley Lauren,Valentin Chmerkovskiy,Actor/Actress,Michigan,United States,39,17,Eliminated Week 9,6,10,0.0,0.0,0.0,0.0,4,0.0,0.0,True,False
Brant Daugherty,Peta Murgatroyd,Actor/Actress,Ohio,United States,28,17,Eliminated Week 8,7,10,0.0,0.0,0.0,0.0,4,0.0,0.0,True,False
"Nicole ""Snooki"" Polizzi",Sasha Farber,TV Personality,,Chile,25,17,Eliminated Week 7,8,10,0.0,0.0,0.0,0.0,4,0.0,0.0,True,False
Christina Milian,Mark Ballas,Singer/Rapper,New Jersey,United States,31,17,Eliminated Week 5,9,10,0.0,0.0,0.0,0.0,4,0.0,0.0,True,False
Valerie Harper,Tristan MacManus,Actor/Actress,New York,United States,74,17,Eliminated Week 4,10,10,0.0,0.0,0.0,0.0,4,0.0,0.0,True,False
Bill Nye,Tyne Stecklein,TV Personality,Washington D.C.,United States,57,17,Eliminated Week 3,11,10,0.0,0.0,0.0,0.0,4,0.0,0.0,True,False
Keyshawn Johnson,Sharna Burgess,Athlete,California,United States,41,17,Eliminated Week 2,12,10,0.0,0.0,0.0,0.0,4,0.0,0.0,True,False
Amber Riley,Derek Hough,Actor/Actress,California,United States,27,17,1st Place,1,11,10.4444,10.4444,10.4444,,3,31.333199999999998,10.4444,True,True
Corbin Bleu,Karina Smirnoff,Actor/Actress,New York,United States,24,17,2nd Place,2,11,9.8888,9.8888,9.8888,,3,29.6664,9.8888,True,True
Jack Osbourne,Cheryl Burke,TV Personality,,England,27,17,3rd Place,3,11,9.3333,9.3333,9.3333,,3,27.999899999999997,9.3333,True,True
Bill Engvall,Emma Slater,Comedian,Texas,United States,56,17,Eliminated Week 11,4,11,8.3333,8.8333,8.3333,,3,25.499899999999997,8.499966666666666,True,True
Leah Remini,Tony Dovolani,Actor/Actress,New York,United States,43,17,Eliminated Week 10,5,11,0.0,0.0,0.0,,3,0.0,0.0,True,False
Elizabeth Berkley Lauren,Valentin Chmerkovskiy,Actor/Actress,Michigan,United States,39,17,Eliminated Week 9,6,11,0.0,0.0,0.0,,3,0.0,0.0,True,False
Brant Daugherty,Peta Murgatroyd,Actor/Actress,Ohio,United States,28,17,Eliminated Week 8,7,11,0.0,0.0,0.0,,3,0.0,0.0,True,False
"Nicole ""Snooki"" Polizzi",Sasha Farber,TV Personality,,Chile,25,17,Eliminated Week 7,8,11,0.0,0.0,0.0,,3,0.0,0.0,True,False
Christina Milian,Mark Ballas,Singer/Rapper,New Jersey,United States,31,17,Eliminated Week 5,9,11,0.0,0.0,0.0,,3,0.0,0.0,True,False
Valerie Harper,Tristan MacManus,Actor/Actress,New York,United States,74,17,Eliminated Week 4,10,11,0.0,0.0,0.0,,3,0.0,0.0,True,False
Bill Nye,Tyne Stecklein,TV Personality,Washington D.C.,United States,57,17,Eliminated Week 3,11,11,0.0,0.0,0.0,,3,0.0,0.0,True,False
Keyshawn Johnson,Sharna Burgess,Athlete,California,United States,41,17,Eliminated Week 2,12,11,0.0,0.0,0.0,,3,0.0,0.0,True,False
Meryl Davis,Maksim Chmerkoskiy,Athlete,Michigan,United States,27,18,1st Place,1,1,8.0,8.0,8.0,,3,24.0,8.0,True,True
Amy Purdy,Derek Hough,Athlete,Nevada,United States,34,18,2nd Place,2,1,8.0,8.0,8.0,,3,24.0,8.0,True,True
Candace Cameron Bure,Mark Ballas,Actor/Actress,California,United States,37,18,3rd Place,3,1,9.0,8.0,8.0,,3,25.0,8.333333333333334,True,True
James Maslow,Peta Murgatroyd,Actor/Actress,New York,United States,23,18,Eliminated Week 10,4,1,7.0,7.0,7.0,,3,21.0,7.0,True,True
Charlie White,Sharna Burgess,Athlete,Michigan,United States,26,18,Eliminated Week 9,5,1,9.0,9.0,9.0,,3,27.0,9.0,True,True
Danica McKellar,Valentin Chmerkovskiy,Actor/Actress,California,United States,39,18,Eliminated Week 8,6,1,8.0,8.0,8.0,,3,24.0,8.0,True,True
NeNe Leakes,Tony Dovolani,TV Personality,New York,United States,46,18,Eliminated Week 7,7,1,7.0,7.0,7.0,,3,21.0,7.0,True,True
Drew Carey,Cheryl Burke,Comedian,Ohio,United States,55,18,Eliminated Week 6,8,1,7.0,7.0,7.0,,3,21.0,7.0,True,True
Cody Simpson,Witney Carson,Singer/Rapper,,Australia,17,18,Eliminated Week 5,9,1,7.0,7.0,8.0,,3,22.0,7.333333333333333,True,True
Billy Dee Williams,Emma Slater,Actor/Actress,New York,United States,76,18,Withdrew,10,1,5.0,5.0,5.0,,3,15.0,5.0,True,True
Sean Avery,Karina Smirnoff,Athlete,,Canada,33,18,Eliminated Week 2,11,1,7.0,6.0,7.0,,3,20.0,6.666666666666667,True,True
Diana Nyad,Henry Byalikov,Athlete,New York,United States,64,18,Eliminated Week 2,12,1,6.0,6.0,6.0,,3,18.0,6.0,True,True
Meryl Davis,Maksim Chmerkoskiy,Athlete,Michigan,United States,27,18,1st Place,1,2,8.0,9.0,8.0,,3,25.0,8.333333333333334,True,True
Amy Purdy,Derek Hough,Athlete,Nevada,United States,34,18,2nd Place,2,2,8.0,8.0,8.0,,3,24.0,8.0,True,True
Candace Cameron Bure,Mark Ballas,Actor/Actress,California,United States,37,18,3rd Place,3,2,7.0,7.0,7.0,,3,21.0,7.0,True,True
James Maslow,Peta Murgatroyd,Actor/Actress,New York,United States,23,18,Eliminated Week 10,4,2,9.0,8.0,8.0,,3,25.0,8.333333333333334,True,True
Charlie White,Sharna Burgess,Athlete,Michigan,United States,26,18,Eliminated Week 9,5,2,9.0,7.0,9.0,,3,25.0,8.333333333333334,True,True
Danica McKellar,Valentin Chmerkovskiy,Actor/Actress,California,United States,39,18,Eliminated Week 8,6,2,8.0,8.0,8.0,,3,24.0,8.0,True,True
NeNe Leakes,Tony Dovolani,TV Personality,New York,United States,46,18,Eliminated Week 7,7,2,7.0,7.0,7.0,,3,21.0,7.0,True,True
Drew Carey,Cheryl Burke,Comedian,Ohio,United States,55,18,Eliminated Week 6,8,2,7.0,7.0,7.0,,3,21.0,7.0,True,True
Cody Simpson,Witney Carson,Singer/Rapper,,Australia,17,18,Eliminated Week 5,9,2,7.0,7.0,8.0,,3,22.0,7.333333333333333,True,True
Billy Dee Williams,Emma Slater,Actor/Actress,New York,United States,76,18,Withdrew,10,2,5.0,5.0,5.0,,3,15.0,5.0,True,True
Sean Avery,Karina Smirnoff,Athlete,,Canada,33,18,Eliminated Week 2,11,2,7.0,7.0,7.0,,3,21.0,7.0,True,True
Diana Nyad,Henry Byalikov,Athlete,New York,United States,64,18,Eliminated Week 2,12,2,0.0,0.0,0.0,,3,0.0,0.0,True,False
Meryl Davis,Maksim Chmerkoskiy,Athlete,Michigan,United States,27,18,1st Place,1,3,10.0,9.0,10.0,10.0,4,39.0,9.75,True,True
Amy Purdy,Derek Hough,Athlete,Nevada,United States,34,18,2nd Place,2,3,9.0,9.0,9.0,9.0,4,36.0,9.0,True,True
Candace Cameron Bure,Mark Ballas,Actor/Actress,California,United States,37,18,3rd Place,3,3,8.0,8.0,8.0,8.0,4,32.0,8.0,True,True
James Maslow,Peta Murgatroyd,Actor/Actress,New York,United States,23,18,Eliminated Week 10,4,3,9.0,9.0,9.0,9.0,4,36.0,9.0,True,True
Charlie White,Sharna Burgess,Athlete,Michigan,United States,26,18,Eliminated Week 9,5,3,9.0,9.0,9.0,9.0,4,36.0,9.0,True,True
Danica McKellar,Valentin Chmerkovskiy,Actor/Actress,California,United States,39,18,Eliminated Week 8,6,3,9.0,9.0,9.0,9.0,4,36.0,9.0,True,True
NeNe Leakes,Tony Dovolani,TV Personality,New York,United States,46,18,Eliminated Week 7,7,3,8.0,7.0,8.0,8.0,4,31.0,7.75,True,True
Drew Carey,Cheryl Burke,Comedian,Ohio,United States,55,18,Eliminated Week 6,8,3,7.0,7.0,8.0,8.0,4,30.0,7.5,True,True
Cody Simpson,Witney Carson,Singer/Rapper,,Australia,17,18,Eliminated Week 5,9,3,9.0,8.0,9.0,9.0,4,35.0,8.75,True,True
Billy Dee Williams,Emma Slater,Actor/Actress,New York,United States,76,18,Withdrew,10,3,0.0,0.0,0.0,0.0,4,0.0,0.0,True,False
Sean Avery,Karina Smirnoff,Athlete,,Canada,33,18,Eliminated Week 2,11,3,0.0,0.0,0.0,0.0,4,0.0,0.0,True,False
Diana Nyad,Henry Byalikov,Athlete,New York,United States,64,18,Eliminated Week 2,12,3,0.0,0.0,0.0,0.0,4,0.0,0.0,True,False
Meryl Davis,Maksim Chmerkoskiy,Athlete,Michigan,United States,27,18,1st Place,1,4,10.0,9.0,10.0,10.0,4,39.0,9.75,True,True
Amy Purdy,Derek Hough,Athlete,Nevada,United States,34,18,2nd Place,2,4,9.0,8.0,8.0,9.0,4,34.0,8.5,True,True
Candace Cameron Bure,Mark Ballas,Actor/Actress,California,United States,37,18,3rd Place,3,4,7.0,7.0,7.0,7.0,4,28.0,7.0,True,True
James Maslow,Peta Murgatroyd,Actor/Actress,New York,United States,23,18,Eliminated Week 10,4,4,9.0,8.0,9.0,9.0,4,35.0,8.75,True,True
Charlie White,Sharna Burgess,Athlete,Michigan,United States,26,18,Eliminated Week 9,5,4,7.0,8.0,9.0,9.0,4,33.0,8.25,True,True
Danica McKellar,Valentin Chmerkovskiy,Actor/Actress,California,United States,39,18,Eliminated Week 8,6,4,8.0,8.0,8.0,8.0,4,32.0,8.0,True,True
NeNe Leakes,Tony Dovolani,TV Personality,New York,United States,46,18,Eliminated Week 7,7,4,8.0,8.0,8.0,8.0,4,32.0,8.0,True,True
Drew Carey,Cheryl Burke,Comedian,Ohio,United States,55,18,Eliminated Week 6,8,4,8.0,8.0,9.0,8.0,4,33.0,8.25,True,True
Cody Simpson,Witney Carson,Singer/Rapper,,Australia,17,18,Eliminated Week 5,9,4,8.0,7.0,8.0,8.0,4,31.0,7.75,True,True
Billy Dee Williams,Emma Slater,Actor/Actress,New York,United States,76,18,Withdrew,10,4,0.0,0.0,0.0,0.0,4,0.0,0.0,True,False
Sean Avery,Karina Smirnoff,Athlete,,Canada,33,18,Eliminated Week 2,11,4,0.0,0.0,0.0,0.0,4,0.0,0.0,True,False
Diana Nyad,Henry Byalikov,Athlete,New York,United States,64,18,Eliminated Week 2,12,4,0.0,0.0,0.0,0.0,4,0.0,0.0,True,False
Meryl Davis,Maksim Chmerkoskiy,Athlete,Michigan,United States,27,18,1st Place,1,5,9.0,9.0,9.0,9.0,4,36.0,9.0,True,True
Amy Purdy,Derek Hough,Athlete,Nevada,United States,34,18,2nd Place,2,5,9.0,9.0,10.0,9.0,4,37.0,9.25,True,True
Candace Cameron Bure,Mark Ballas,Actor/Actress,California,United States,37,18,3rd Place,3,5,8.0,9.0,9.0,9.0,4,35.0,8.75,True,True
James Maslow,Peta Murgatroyd,Actor/Actress,New York,United States,23,18,Eliminated Week 10,4,5,10.0,10.0,10.0,10.0,4,40.0,10.0,True,True
Charlie White,Sharna Burgess,Athlete,Michigan,United States,26,18,Eliminated Week 9,5,5,9.0,10.0,9.0,9.0,4,37.0,9.25,True,True
Danica McKellar,Valentin Chmerkovskiy,Actor/Actress,California,United States,39,18,Eliminated Week 8,6,5,10.0,9.0,10.0,10.0,4,39.0,9.75,True,True
NeNe Leakes,Tony Dovolani,TV Personality,New York,United States,46,18,Eliminated Week 7,7,5,9.0,9.0,9.0,9.0,4,36.0,9.0,True,True
Drew Carey,Cheryl Burke,Comedian,Ohio,United States,55,18,Eliminated Week 6,8,5,7.0,7.0,7.0,7.0,4,28.0,7.0,True,True
Cody Simpson,Witney Carson,Singer/Rapper,,Australia,17,18,Eliminated Week 5,9,5,9.0,8.0,8.0,9.0,4,34.0,8.5,True,True
Billy Dee Williams,Emma Slater,Actor/Actress,New York,United States,76,18,Withdrew,10,5,0.0,0.0,0.0,0.0,4,0.0,0.0,True,False
Sean Avery,Karina Smirnoff,Athlete,,Canada,33,18,Eliminated Week 2,11,5,0.0,0.0,0.0,0.0,4,0.0,0.0,True,False
Diana Nyad,Henry Byalikov,Athlete,New York,United States,64,18,Eliminated Week 2,12,5,0.0,0.0,0.0,0.0,4,0.0,0.0,True,False
Meryl Davis,Maksim Chmerkoskiy,Athlete,Michigan,United States,27,18,1st Place,1,6,10.0,10.0,10.0,10.0,4,40.0,10.0,True,True
Amy Purdy,Derek Hough,Athlete,Nevada,United States,34,18,2nd Place,2,6,9.0,10.0,9.0,10.0,4,38.0,9.5,True,True
Candace Cameron Bure,Mark Ballas,Actor/Actress,California,United States,37,18,3rd Place,3,6,8.0,8.0,8.0,8.0,4,32.0,8.0,True,True
James Maslow,Peta Murgatroyd,Actor/Actress,New York,United States,23,18,Eliminated Week 10,4,6,9.0,9.0,8.0,9.0,4,35.0,8.75,True,True
Charlie White,Sharna Burgess,Athlete,Michigan,United States,26,18,Eliminated Week 9,5,6,9.0,9.0,9.0,9.0,4,36.0,9.0,True,True
Danica McKellar,Valentin Chmerkovskiy,Actor/Actress,California,United States,39,18,Eliminated Week 8,6,6,9.0,9.0,9.0,9.0,4,36.0,9.0,True,True
NeNe Leakes,Tony Dovolani,TV Personality,New York,United States,46,18,Eliminated Week 7,7,6,8.0,9.0,8.0,8.0,4,33.0,8.25,True,True
Drew Carey,Cheryl Burke,Comedian,Ohio,United States,55,18,Eliminated Week 6,8,6,8.0,9.0,7.0,8.0,4,32.0,8.0,True,True
Cody Simpson,Witney Carson,Singer/Rapper,,Australia,17,18,Eliminated Week 5,9,6,0.0,0.0,0.0,0.0,4,0.0,0.0,True,False
Billy Dee Williams,Emma Slater,Actor/Actress,New York,United States,76,18,Withdrew,10,6,0.0,0.0,0.0,0.0,4,0.0,0.0,True,False
Sean Avery,Karina Smirnoff,Athlete,,Canada,33,18,Eliminated Week 2,11,6,0.0,0.0,0.0,0.0,4,0.0,0.0,True,False
Diana Nyad,Henry Byalikov,Athlete,New York,United States,64,18,Eliminated Week 2,12,6,0.0,0.0,0.0,0.0,4,0.0,0.0,True,False
Meryl Davis,Maksim Chmerkoskiy,Athlete,Michigan,United States,27,18,1st Place,1,7,10.0,10.0,9.0,10.0,4,39.0,9.75,True,True
Amy Purdy,Derek Hough,Athlete,Nevada,United States,34,18,2nd Place,2,7,9.5,9.5,9.0,9.5,4,37.5,9.375,True,True
Candace Cameron Bure,Mark Ballas,Actor/Actress,California,United States,37,18,3rd Place,3,7,9.0,9.5,9.0,9.5,4,37.0,9.25,True,True
James Maslow,Peta Murgatroyd,Actor/Actress,New York,United States,23,18,Eliminated Week 10,4,7,8.5,9.5,8.0,9.0,4,35.0,8.75,True,True
Charlie White,Sharna Burgess,Athlete,Michigan,United States,26,18,Eliminated Week 9,5,7,8.5,10.0,8.0,9.0,4,35.5,8.875,True,True
Danica McKellar,Valentin Chmerkovskiy,Actor/Actress,California,United States,39,18,Eliminated Week 8,6,7,9.0,9.5,8.5,9.0,4,36.0,9.0,True,True
NeNe Leakes,Tony Dovolani,TV Personality,New York,United States,46,18,Eliminated Week 7,7,7,8.0,9.0,7.5,8.5,4,33.0,8.25,True,True
Drew Carey,Cheryl Burke,Comedian,Ohio,United States,55,18,Eliminated Week 6,8,7,0.0,0.0,0.0,0.0,4,0.0,0.0,True,False
Cody Simpson,Witney Carson,Singer/Rapper,,Australia,17,18,Eliminated Week 5,9,7,0.0,0.0,0.0,0.0,4,0.0,0.0,True,False
Billy Dee Williams,Emma Slater,Actor/Actress,New York,United States,76,18,Withdrew,10,7,0.0,0.0,0.0,0.0,4,0.0,0.0,True,False
Sean Avery,Karina Smirnoff,Athlete,,Canada,33,18,Eliminated Week 2,11,7,0.0,0.0,0.0,0.0,4,0.0,0.0,True,False
Diana Nyad,Henry Byalikov,Athlete,New York,United States,64,18,Eliminated Week 2,12,7,0.0,0.0,0.0,0.0,4,0.0,0.0,True,False
Meryl Davis,Maksim Chmerkoskiy,Athlete,Michigan,United States,27,18,1st Place,1,8,9.0,9.0,8.0,10.0,4,36.0,9.0,True,True
Amy Purdy,Derek Hough,Athlete,Nevada,United States,34,18,2nd Place,2,8,10.0,10.0,10.0,10.0,4,40.0,10.0,True,True
Candace Cameron Bure,Mark Ballas,Actor/Actress,California,United States,37,18,3rd Place,3,8,9.0,9.0,9.0,9.0,4,36.0,9.0,True,True
James Maslow,Peta Murgatroyd,Actor/Actress,New York,United States,23,18,Eliminated Week 10,4,8,8.0,9.0,10.0,9.0,4,36.0,9.0,True,True
Charlie White,Sharna Burgess,Athlete,Michigan,United States,26,18,Eliminated Week 9,5,8,10.0,10.0,10.0,10.0,4,40.0,10.0,True,True
Danica McKellar,Valentin Chmerkovskiy,Actor/Actress,California,United States,39,18,Eliminated Week 8,6,8,10.0,9.0,9.0,10.0,4,38.0,9.5,True,True
NeNe Leakes,Tony Dovolani,TV Personality,New York,United States,46,18,Eliminated Week 7,7,8,0.0,0.0,0.0,0.0,4,0.0,0.0,True,False
Drew Carey,Cheryl Burke,Comedian,Ohio,United States,55,18,Eliminated Week 6,8,8,0.0,0.0,0.0,0.0,4,0.0,0.0,True,False
Cody Simpson,Witney Carson,Singer/Rapper,,Australia,17,18,Eliminated Week 5,9,8,0.0,0.0,0.0,0.0,4,0.0,0.0,True,False
Billy Dee Williams,Emma Slater,Actor/Actress,New York,United States,76,18,Withdrew,10,8,0.0,0.0,0.0,0.0,4,0.0,0.0,True,False
Sean Avery,Karina Smirnoff,Athlete,,Canada,33,18,Eliminated Week 2,11,8,0.0,0.0,0.0,0.0,4,0.0,0.0,True,False
Diana Nyad,Henry Byalikov,Athlete,New York,United States,64,18,Eliminated Week 2,12,8,0.0,0.0,0.0,0.0,4,0.0,0.0,True,False
Meryl Davis,Maksim Chmerkoskiy,Athlete,Michigan,United States,27,18,1st Place,1,9,10.0,10.0,10.0,10.0,4,40.0,10.0,True,True
Amy Purdy,Derek Hough,Athlete,Nevada,United States,34,18,2nd Place,2,9,9.5,9.5,10.0,10.0,4,39.0,9.75,True,True
Candace Cameron Bure,Mark Ballas,Actor/Actress,California,United States,37,18,3rd Place,3,9,8.5,9.5,9.5,8.5,4,36.0,9.0,True,True
James Maslow,Peta Murgatroyd,Actor/Actress,New York,United States,23,18,Eliminated Week 10,4,9,9.5,9.5,9.5,9.5,4,38.0,9.5,True,True
Charlie White,Sharna Burgess,Athlete,Michigan,United States,26,18,Eliminated Week 9,5,9,9.5,9.5,9.5,9.5,4,38.0,9.5,True,True
Danica McKellar,Valentin Chmerkovskiy,Actor/Actress,California,United States,39,18,Eliminated Week 8,6,9,0.0,0.0,0.0,0.0,4,0.0,0.0,True,False
NeNe Leakes,Tony Dovolani,TV Personality,New York,United States,46,18,Eliminated Week 7,7,9,0.0,0.0,0.0,0.0,4,0.0,0.0,True,False
Drew Carey,Cheryl Burke,Comedian,Ohio,United States,55,18,Eliminated Week 6,8,9,0.0,0.0,0.0,0.0,4,0.0,0.0,True,False
Cody Simpson,Witney Carson,Singer/Rapper,,Australia,17,18,Eliminated Week 5,9,9,0.0,0.0,0.0,0.0,4,0.0,0.0,True,False
Billy Dee Williams,Emma Slater,Actor/Actress,New York,United States,76,18,Withdrew,10,9,0.0,0.0,0.0,0.0,4,0.0,0.0,True,False
Sean Avery,Karina Smirnoff,Athlete,,Canada,33,18,Eliminated Week 2,11,9,0.0,0.0,0.0,0.0,4,0.0,0.0,True,False
Diana Nyad,Henry Byalikov,Athlete,New York,United States,64,18,Eliminated Week 2,12,9,0.0,0.0,0.0,0.0,4,0.0,0.0,True,False
Meryl Davis,Maksim Chmerkoskiy,Athlete,Michigan,United States,27,18,1st Place,1,10,10.0,10.0,10.0,,3,30.0,10.0,True,True
Amy Purdy,Derek Hough,Athlete,Nevada,United States,34,18,2nd Place,2,10,10.0,9.6666,10.0,,3,29.666600000000003,9.888866666666667,True,True
Candace Cameron Bure,Mark Ballas,Actor/Actress,California,United States,37,18,3rd Place,3,10,8.6666,8.6666,8.6666,,3,25.9998,8.6666,True,True
James Maslow,Peta Murgatroyd,Actor/Actress,New York,United States,23,18,Eliminated Week 10,4,10,9.5,9.5,10.0,,3,29.0,9.666666666666666,True,True
Charlie White,Sharna Burgess,Athlete,Michigan,United States,26,18,Eliminated Week 9,5,10,0.0,0.0,0.0,,3,0.0,0.0,True,False
Danica McKellar,Valentin Chmerkovskiy,Actor/Actress,California,United States,39,18,Eliminated Week 8,6,10,0.0,0.0,0.0,,3,0.0,0.0,True,False
NeNe Leakes,Tony Dovolani,TV Personality,New York,United States,46,18,Eliminated Week 7,7,10,0.0,0.0,0.0,,3,0.0,0.0,True,False
Drew Carey,Cheryl Burke,Comedian,Ohio,United States,55,18,Eliminated Week 6,8,10,0.0,0.0,0.0,,3,0.0,0.0,True,False
Cody Simpson,Witney Carson,Singer/Rapper,,Australia,17,18,Eliminated Week 5,9,10,0.0,0.0,0.0,,3,0.0,0.0,True,False
Billy Dee Williams,Emma Slater,Actor/Actress,New York,United States,76,18,Withdrew,10,10,0.0,0.0,0.0,,3,0.0,0.0,True,False
Sean Avery,Karina Smirnoff,Athlete,,Canada,33,18,Eliminated Week 2,11,10,0.0,0.0,0.0,,3,0.0,0.0,True,False
Diana Nyad,Henry Byalikov,Athlete,New York,United States,64,18,Eliminated Week 2,12,10,0.0,0.0,0.0,,3,0.0,0.0,True,False
Meryl Davis,Maksim Chmerkoskiy,Athlete,Michigan,United States,27,18,1st Place,1,11,,,,,0,,,False,False
Amy Purdy,Derek Hough,Athlete,Nevada,United States,34,18,2nd Place,2,11,,,,,0,,,False,False
Candace Cameron Bure,Mark Ballas,Actor/Actress,California,United States,37,18,3rd Place,3,11,,,,,0,,,False,False
James Maslow,Peta Murgatroyd,Actor/Actress,New York,United States,23,18,Eliminated Week 10,4,11,,,,,0,,,False,False
Charlie White,Sharna Burgess,Athlete,Michigan,United States,26,18,Eliminated Week 9,5,11,,,,,0,,,False,False
Danica McKellar,Valentin Chmerkovskiy,Actor/Actress,California,United States,39,18,Eliminated Week 8,6,11,,,,,0,,,False,False
NeNe Leakes,Tony Dovolani,TV Personality,New York,United States,46,18,Eliminated Week 7,7,11,,,,,0,,,False,False
Drew Carey,Cheryl Burke,Comedian,Ohio,United States,55,18,Eliminated Week 6,8,11,,,,,0,,,False,False
Cody Simpson,Witney Carson,Singer/Rapper,,Australia,17,18,Eliminated Week 5,9,11,,,,,0,,,False,False
Billy Dee Williams,Emma Slater,Actor/Actress,New York,United States,76,18,Withdrew,10,11,,,,,0,,,False,False
Sean Avery,Karina Smirnoff,Athlete,,Canada,33,18,Eliminated Week 2,11,11,,,,,0,,,False,False
Diana Nyad,Henry Byalikov,Athlete,New York,United States,64,18,Eliminated Week 2,12,11,,,,,0,,,False,False
Alfonso Ribeiro,Witney Carson,Actor/Actress,New York,United States,42,19,1st Place,1,1,9.0,9.0,9.0,9.0,4,36.0,9.0,True,True
Sadie Robertson,Mark Ballas,TV Personality,Louisiana,United States,17,19,2nd Place,2,1,8.0,8.0,9.0,9.0,4,34.0,8.5,True,True
Janel Parrish,Valentin Chmerkovskiy,Actor/Actress,Hawaii,United States,25,19,3rd Place,3,1,7.0,7.0,7.0,8.0,4,29.0,7.25,True,True
Bethany Mota,Derek Hough,Social Media Personality,California,United States,18,19,Eliminated Week 11,4,1,8.0,8.0,8.0,8.0,4,32.0,8.0,True,True
Tommy Chong,Peta Murgatroyd,Comedian,,Canada,76,19,Eliminated Week 10,5,1,7.0,6.0,7.0,7.0,4,27.0,6.75,True,True
Lea Thompson,Artem Chigvintsev,Actor/Actress,Minnesota,United States,53,19,Eliminated Week 9,6,1,8.0,8.0,8.0,8.0,4,32.0,8.0,True,True
Michael Waltrip,Emma Slater,Racing Driver,Kentucky,United States,51,19,Eliminated Week 8,7,1,7.0,6.0,6.0,6.0,4,25.0,6.25,True,True
Antonio Sabato Jr.,Cheryl Burke,Actor/Actress,,Italy,42,19,Eliminated Week 7,8,1,6.0,6.0,6.0,7.0,4,25.0,6.25,True,True
Jonathan Bennett,Allison Holker,Actor/Actress,Ohio,United States,33,19,Eliminated Week 6,9,1,8.0,7.0,7.0,8.0,4,30.0,7.5,True,True
Betsey Johnson,Tony Dovolani,Fashion Designer,Connecticut,United States,72,19,Eliminated Week 4,10,1,5.0,5.0,5.0,5.0,4,20.0,5.0,True,True
Randy Couture,Karina Smirnoff,Athlete,Washington,United States,51,19,Eliminated Week 3,11,1,8.0,7.0,8.0,8.0,4,31.0,7.75,True,True
Tavis Smiley,Sharna Burgess,Radio Personality,Mississippi,United States,50,19,Eliminated Week 2,12,1,7.0,7.0,8.0,7.0,4,29.0,7.25,True,True
Lolo Jones,Keo Motsepe,Athlete,Iowa,United States,32,19,Eliminated Week 1,13,1,6.0,6.0,5.0,5.0,4,22.0,5.5,True,True
Alfonso Ribeiro,Witney Carson,Actor/Actress,New York,United States,42,19,1st Place,1,2,8.0,8.0,8.0,8.0,4,32.0,8.0,True,True
Sadie Robertson,Mark Ballas,TV Personality,Louisiana,United States,17,19,2nd Place,2,2,8.0,7.0,8.0,8.0,4,31.0,7.75,True,True
Janel Parrish,Valentin Chmerkovskiy,Actor/Actress,Hawaii,United States,25,19,3rd Place,3,2,9.0,8.0,8.0,9.0,4,34.0,8.5,True,True
Bethany Mota,Derek Hough,Social Media Personality,California,United States,18,19,Eliminated Week 11,4,2,8.0,9.0,8.0,8.0,4,33.0,8.25,True,True
Tommy Chong,Peta Murgatroyd,Comedian,,Canada,76,19,Eliminated Week 10,5,2,7.0,7.0,7.0,7.0,4,28.0,7.0,True,True
Lea Thompson,Artem Chigvintsev,Actor/Actress,Minnesota,United States,53,19,Eliminated Week 9,6,2,9.0,8.0,9.0,9.0,4,35.0,8.75,True,True
Michael Waltrip,Emma Slater,Racing Driver,Kentucky,United States,51,19,Eliminated Week 8,7,2,6.0,6.0,6.0,6.0,4,24.0,6.0,True,True
Antonio Sabato Jr.,Cheryl Burke,Actor/Actress,,Italy,42,19,Eliminated Week 7,8,2,8.0,7.0,8.0,8.0,4,31.0,7.75,True,True
Jonathan Bennett,Allison Holker,Actor/Actress,Ohio,United States,33,19,Eliminated Week 6,9,2,7.0,7.0,8.0,8.0,4,30.0,7.5,True,True
Betsey Johnson,Tony Dovolani,Fashion Designer,Connecticut,United States,72,19,Eliminated Week 4,10,2,7.0,7.0,7.0,7.0,4,28.0,7.0,True,True
Randy Couture,Karina Smirnoff,Athlete,Washington,United States,51,19,Eliminated Week 3,11,2,7.0,7.0,7.0,7.0,4,28.0,7.0,True,True
Tavis Smiley,Sharna Burgess,Radio Personality,Mississippi,United States,50,19,Eliminated Week 2,12,2,7.0,7.0,7.0,7.0,4,28.0,7.0,True,True
Lolo Jones,Keo Motsepe,Athlete,Iowa,United States,32,19,Eliminated Week 1,13,2,0.0,0.0,0.0,0.0,4,0.0,0.0,True,False
Alfonso Ribeiro,Witney Carson,Actor/Actress,New York,United States,42,19,1st Place,1,3,8.0,8.0,8.0,8.0,4,32.0,8.0,True,True
Sadie Robertson,Mark Ballas,TV Personality,Louisiana,United States,17,19,2nd Place,2,3,8.0,8.0,8.0,8.0,4,32.0,8.0,True,True
Janel Parrish,Valentin Chmerkovskiy,Actor/Actress,Hawaii,United States,25,19,3rd Place,3,3,10.0,10.0,10.0,10.0,4,40.0,10.0,True,True
Bethany Mota,Derek Hough,Social Media Personality,California,United States,18,19,Eliminated Week 11,4,3,10.0,10.0,10.0,10.0,4,40.0,10.0,True,True
Tommy Chong,Peta Murgatroyd,Comedian,,Canada,76,19,Eliminated Week 10,5,3,8.0,10.0,8.0,8.0,4,34.0,8.5,True,True
Lea Thompson,Artem Chigvintsev,Actor/Actress,Minnesota,United States,53,19,Eliminated Week 9,6,3,7.0,8.0,8.0,8.0,4,31.0,7.75,True,True
Michael Waltrip,Emma Slater,Racing Driver,Kentucky,United States,51,19,Eliminated Week 8,7,3,7.0,7.0,7.0,7.0,4,28.0,7.0,True,True
Antonio Sabato Jr.,Cheryl Burke,Actor/Actress,,Italy,42,19,Eliminated Week 7,8,3,7.0,7.0,7.0,8.0,4,29.0,7.25,True,True
Jonathan Bennett,Allison Holker,Actor/Actress,Ohio,United States,33,19,Eliminated Week 6,9,3,8.0,8.0,8.0,8.0,4,32.0,8.0,True,True
Betsey Johnson,Tony Dovolani,Fashion Designer,Connecticut,United States,72,19,Eliminated Week 4,10,3,7.0,9.0,6.0,7.0,4,29.0,7.25,True,True
Randy Couture,Karina Smirnoff,Athlete,Washington,United States,51,19,Eliminated Week 3,11,3,7.0,7.0,6.0,6.0,4,26.0,6.5,True,True
Tavis Smiley,Sharna Burgess,Radio Personality,Mississippi,United States,50,19,Eliminated Week 2,12,3,0.0,0.0,0.0,0.0,4,0.0,0.0,True,False
Lolo Jones,Keo Motsepe,Athlete,Iowa,United States,32,19,Eliminated Week 1,13,3,0.0,0.0,0.0,0.0,4,0.0,0.0,True,False
Alfonso Ribeiro,Witney Carson,Actor/Actress,New York,United States,42,19,1st Place,1,4,10.0,10.0,10.0,10.0,4,40.0,10.0,True,True
Sadie Robertson,Mark Ballas,TV Personality,Louisiana,United States,17,19,2nd Place,2,4,9.0,10.0,9.0,9.0,4,37.0,9.25,True,True
Janel Parrish,Valentin Chmerkovskiy,Actor/Actress,Hawaii,United States,25,19,3rd Place,3,4,9.0,9.0,9.0,9.0,4,36.0,9.0,True,True
Bethany Mota,Derek Hough,Social Media Personality,California,United States,18,19,Eliminated Week 11,4,4,8.0,8.0,8.0,9.0,4,33.0,8.25,True,True
Tommy Chong,Peta Murgatroyd,Comedian,,Canada,76,19,Eliminated Week 10,5,4,7.0,7.0,7.0,7.0,4,28.0,7.0,True,True
Lea Thompson,Artem Chigvintsev,Actor/Actress,Minnesota,United States,53,19,Eliminated Week 9,6,4,10.0,10.0,10.0,9.0,4,39.0,9.75,True,True
Michael Waltrip,Emma Slater,Racing Driver,Kentucky,United States,51,19,Eliminated Week 8,7,4,6.0,6.0,6.0,7.0,4,25.0,6.25,True,True
Antonio Sabato Jr.,Cheryl Burke,Actor/Actress,,Italy,42,19,Eliminated Week 7,8,4,7.0,7.0,7.0,8.0,4,29.0,7.25,True,True
Jonathan Bennett,Allison Holker,Actor/Actress,Ohio,United States,33,19,Eliminated Week 6,9,4,6.0,6.0,6.0,6.0,4,24.0,6.0,True,True
Betsey Johnson,Tony Dovolani,Fashion Designer,Connecticut,United States,72,19,Eliminated Week 4,10,4,8.0,7.0,7.0,7.0,4,29.0,7.25,True,True
Randy Couture,Karina Smirnoff,Athlete,Washington,United States,51,19,Eliminated Week 3,11,4,0.0,0.0,0.0,0.0,4,0.0,0.0,True,False
Tavis Smiley,Sharna Burgess,Radio Personality,Mississippi,United States,50,19,Eliminated Week 2,12,4,0.0,0.0,0.0,0.0,4,0.0,0.0,True,False
Lolo Jones,Keo Motsepe,Athlete,Iowa,United States,32,19,Eliminated Week 1,13,4,0.0,0.0,0.0,0.0,4,0.0,0.0,True,False
Alfonso Ribeiro,Witney Carson,Actor/Actress,New York,United States,42,19,1st Place,1,5,8.0,9.0,9.0,8.0,4,34.0,8.5,True,True
Sadie Robertson,Mark Ballas,TV Personality,Louisiana,United States,17,19,2nd Place,2,5,9.0,9.0,9.0,9.0,4,36.0,9.0,True,True
Janel Parrish,Valentin Chmerkovskiy,Actor/Actress,Hawaii,United States,25,19,3rd Place,3,5,8.0,8.0,8.0,9.0,4,33.0,8.25,True,True
Bethany Mota,Derek Hough,Social Media Personality,California,United States,18,19,Eliminated Week 11,4,5,8.0,8.0,8.0,8.0,4,32.0,8.0,True,True
Tommy Chong,Peta Murgatroyd,Comedian,,Canada,76,19,Eliminated Week 10,5,5,6.0,6.0,5.0,6.0,4,23.0,5.75,True,True
Lea Thompson,Artem Chigvintsev,Actor/Actress,Minnesota,United States,53,19,Eliminated Week 9,6,5,9.0,8.0,8.0,9.0,4,34.0,8.5,True,True
Michael Waltrip,Emma Slater,Racing Driver,Kentucky,United States,51,19,Eliminated Week 8,7,5,5.0,5.0,5.0,5.0,4,20.0,5.0,True,True
Antonio Sabato Jr.,Cheryl Burke,Actor/Actress,,Italy,42,19,Eliminated Week 7,8,5,8.0,6.0,7.0,7.0,4,28.0,7.0,True,True
Jonathan Bennett,Allison Holker,Actor/Actress,Ohio,United States,33,19,Eliminated Week 6,9,5,6.0,6.0,6.0,6.0,4,24.0,6.0,True,True
Betsey Johnson,Tony Dovolani,Fashion Designer,Connecticut,United States,72,19,Eliminated Week 4,10,5,0.0,0.0,0.0,0.0,4,0.0,0.0,True,False
Randy Couture,Karina Smirnoff,Athlete,Washington,United States,51,19,Eliminated Week 3,11,5,0.0,0.0,0.0,0.0,4,0.0,0.0,True,False
Tavis Smiley,Sharna Burgess,Radio Personality,Mississippi,United States,50,19,Eliminated Week 2,12,5,0.0,0.0,0.0,0.0,4,0.0,0.0,True,False
Lolo Jones,Keo Motsepe,Athlete,Iowa,United States,32,19,Eliminated Week 1,13,5,0.0,0.0,0.0,0.0,4,0.0,0.0,True,False
Alfonso Ribeiro,Witney Carson,Actor/Actress,New York,United States,42,19,1st Place,1,6,10.0,10.0,9.0,10.0,4,39.0,9.75,True,True
Sadie Robertson,Mark Ballas,TV Personality,Louisiana,United States,17,19,2nd Place,2,6,9.0,10.0,8.0,8.0,4,35.0,8.75,True,True
Janel Parrish,Valentin Chmerkovskiy,Actor/Actress,Hawaii,United States,25,19,3rd Place,3,6,8.0,7.0,9.0,9.0,4,33.0,8.25,True,True
Bethany Mota,Derek Hough,Social Media Personality,California,United States,18,19,Eliminated Week 11,4,6,9.0,9.0,9.0,9.0,4,36.0,9.0,True,True
Tommy Chong,Peta Murgatroyd,Comedian,,Canada,76,19,Eliminated Week 10,5,6,7.0,7.0,7.0,7.0,4,28.0,7.0,True,True
Lea Thompson,Artem Chigvintsev,Actor/Actress,Minnesota,United States,53,19,Eliminated Week 9,6,6,8.0,8.0,8.0,8.0,4,32.0,8.0,True,True
Michael Waltrip,Emma Slater,Racing Driver,Kentucky,United States,51,19,Eliminated Week 8,7,6,8.0,7.0,8.0,7.0,4,30.0,7.5,True,True
Antonio Sabato Jr.,Cheryl Burke,Actor/Actress,,Italy,42,19,Eliminated Week 7,8,6,7.0,7.0,7.0,7.0,4,28.0,7.0,True,True
Jonathan Bennett,Allison Holker,Actor/Actress,Ohio,United States,33,19,Eliminated Week 6,9,6,8.0,8.0,8.0,8.0,4,32.0,8.0,True,True
Betsey Johnson,Tony Dovolani,Fashion Designer,Connecticut,United States,72,19,Eliminated Week 4,10,6,0.0,0.0,0.0,0.0,4,0.0,0.0,True,False
Randy Couture,Karina Smirnoff,Athlete,Washington,United States,51,19,Eliminated Week 3,11,6,0.0,0.0,0.0,0.0,4,0.0,0.0,True,False
Tavis Smiley,Sharna Burgess,Radio Personality,Mississippi,United States,50,19,Eliminated Week 2,12,6,0.0,0.0,0.0,0.0,4,0.0,0.0,True,False
Lolo Jones,Keo Motsepe,Athlete,Iowa,United States,32,19,Eliminated Week 1,13,6,0.0,0.0,0.0,0.0,4,0.0,0.0,True,False
Alfonso Ribeiro,Witney Carson,Actor/Actress,New York,United States,42,19,1st Place,1,7,8.5,8.5,8.5,8.5,4,34.0,8.5,True,True
Sadie Robertson,Mark Ballas,TV Personality,Louisiana,United States,17,19,2nd Place,2,7,7.5,7.5,8.0,8.0,4,31.0,7.75,True,True
Janel Parrish,Valentin Chmerkovskiy,Actor/Actress,Hawaii,United States,25,19,3rd Place,3,7,8.5,8.0,8.5,8.5,4,33.5,8.375,True,True
Bethany Mota,Derek Hough,Social Media Personality,California,United States,18,19,Eliminated Week 11,4,7,9.5,9.0,9.5,9.5,4,37.5,9.375,True,True
Tommy Chong,Peta Murgatroyd,Comedian,,Canada,76,19,Eliminated Week 10,5,7,7.5,7.5,7.5,7.5,4,30.0,7.5,True,True
Lea Thompson,Artem Chigvintsev,Actor/Actress,Minnesota,United States,53,19,Eliminated Week 9,6,7,8.5,8.5,9.0,9.0,4,35.0,8.75,True,True
Michael Waltrip,Emma Slater,Racing Driver,Kentucky,United States,51,19,Eliminated Week 8,7,7,7.0,7.0,7.0,7.0,4,28.0,7.0,True,True
Antonio Sabato Jr.,Cheryl Burke,Actor/Actress,,Italy,42,19,Eliminated Week 7,8,7,7.0,7.5,7.5,7.5,4,29.5,7.375,True,True
Jonathan Bennett,Allison Holker,Actor/Actress,Ohio,United States,33,19,Eliminated Week 6,9,7,0.0,0.0,0.0,0.0,4,0.0,0.0,True,False
Betsey Johnson,Tony Dovolani,Fashion Designer,Connecticut,United States,72,19,Eliminated Week 4,10,7,0.0,0.0,0.0,0.0,4,0.0,0.0,True,False
Randy Couture,Karina Smirnoff,Athlete,Washington,United States,51,19,Eliminated Week 3,11,7,0.0,0.0,0.0,0.0,4,0.0,0.0,True,False
Tavis Smiley,Sharna Burgess,Radio Personality,Mississippi,United States,50,19,Eliminated Week 2,12,7,0.0,0.0,0.0,0.0,4,0.0,0.0,True,False
Lolo Jones,Keo Motsepe,Athlete,Iowa,United States,32,19,Eliminated Week 1,13,7,0.0,0.0,0.0,0.0,4,0.0,0.0,True,False
Alfonso Ribeiro,Witney Carson,Actor/Actress,New York,United States,42,19,1st Place,1,8,10.75,9.75,9.75,10.75,4,41.0,10.25,True,True
Sadie Robertson,Mark Ballas,TV Personality,Louisiana,United States,17,19,2nd Place,2,8,9.0,9.0,10.0,10.0,4,38.0,9.5,True,True
Janel Parrish,Valentin Chmerkovskiy,Actor/Actress,Hawaii,United States,25,19,3rd Place,3,8,10.75,10.75,10.75,10.75,4,43.0,10.75,True,True
Bethany Mota,Derek Hough,Social Media Personality,California,United States,18,19,Eliminated Week 11,4,8,9.75,9.75,9.75,10.75,4,40.0,10.0,True,True
Tommy Chong,Peta Murgatroyd,Comedian,,Canada,76,19,Eliminated Week 10,5,8,6.75,7.75,7.75,6.75,4,29.0,7.25,True,True
Lea Thompson,Artem Chigvintsev,Actor/Actress,Minnesota,United States,53,19,Eliminated Week 9,6,8,8.0,8.0,8.0,8.0,4,32.0,8.0,True,True
Michael Waltrip,Emma Slater,Racing Driver,Kentucky,United States,51,19,Eliminated Week 8,7,8,6.0,7.0,6.0,6.0,4,25.0,6.25,True,True
Antonio Sabato Jr.,Cheryl Burke,Actor/Actress,,Italy,42,19,Eliminated Week 7,8,8,0.0,0.0,0.0,0.0,4,0.0,0.0,True,False
Jonathan Bennett,Allison Holker,Actor/Actress,Ohio,United States,33,19,Eliminated Week 6,9,8,0.0,0.0,0.0,0.0,4,0.0,0.0,True,False
Betsey Johnson,Tony Dovolani,Fashion Designer,Connecticut,United States,72,19,Eliminated Week 4,10,8,0.0,0.0,0.0,0.0,4,0.0,0.0,True,False
Randy Couture,Karina Smirnoff,Athlete,Washington,United States,51,19,Eliminated Week 3,11,8,0.0,0.0,0.0,0.0,4,0.0,0.0,True,False
Tavis Smiley,Sharna Burgess,Radio Personality,Mississippi,United States,50,19,Eliminated Week 2,12,8,0.0,0.0,0.0,0.0,4,0.0,0.0,True,False
Lolo Jones,Keo Motsepe,Athlete,Iowa,United States,32,19,Eliminated Week 1,13,8,0.0,0.0,0.0,0.0,4,0.0,0.0,True,False
Alfonso Ribeiro,Witney Carson,Actor/Actress,New York,United States,42,19,1st Place,1,9,9.5,9.5,9.5,10.0,4,38.5,9.625,True,True
Sadie Robertson,Mark Ballas,TV Personality,Louisiana,United States,17,19,2nd Place,2,9,9.0,9.5,9.0,9.0,4,36.5,9.125,True,True
Janel Parrish,Valentin Chmerkovskiy,Actor/Actress,Hawaii,United States,25,19,3rd Place,3,9,9.5,9.5,10.0,9.5,4,38.5,9.625,True,True
Bethany Mota,Derek Hough,Social Media Personality,California,United States,18,19,Eliminated Week 11,4,9,9.0,9.5,9.5,9.0,4,37.0,9.25,True,True
Tommy Chong,Peta Murgatroyd,Comedian,,Canada,76,19,Eliminated Week 10,5,9,7.0,7.5,7.0,7.0,4,28.5,7.125,True,True
Lea Thompson,Artem Chigvintsev,Actor/Actress,Minnesota,United States,53,19,Eliminated Week 9,6,9,8.5,9.0,8.5,9.0,4,35.0,8.75,True,True
Michael Waltrip,Emma Slater,Racing Driver,Kentucky,United States,51,19,Eliminated Week 8,7,9,0.0,0.0,0.0,0.0,4,0.0,0.0,True,False
Antonio Sabato Jr.,Cheryl Burke,Actor/Actress,,Italy,42,19,Eliminated Week 7,8,9,0.0,0.0,0.0,0.0,4,0.0,0.0,True,False
Jonathan Bennett,Allison Holker,Actor/Actress,Ohio,United States,33,19,Eliminated Week 6,9,9,0.0,0.0,0.0,0.0,4,0.0,0.0,True,False
Betsey Johnson,Tony Dovolani,Fashion Designer,Connecticut,United States,72,19,Eliminated Week 4,10,9,0.0,0.0,0.0,0.0,4,0.0,0.0,True,False
Randy Couture,Karina Smirnoff,Athlete,Washington,United States,51,19,Eliminated Week 3,11,9,0.0,0.0,0.0,0.0,4,0.0,0.0,True,False
Tavis Smiley,Sharna Burgess,Radio Personality,Mississippi,United States,50,19,Eliminated Week 2,12,9,0.0,0.0,0.0,0.0,4,0.0,0.0,True,False
Lolo Jones,Keo Motsepe,Athlete,Iowa,United States,32,19,Eliminated Week 1,13,9,0.0,0.0,0.0,0.0,4,0.0,0.0,True,False
Alfonso Ribeiro,Witney Carson,Actor/Actress,New York,United States,42,19,1st Place,1,10,9.5,9.0,9.5,9.5,4,37.5,9.375,True,True
Sadie Robertson,Mark Ballas,TV Personality,Louisiana,United States,17,19,2nd Place,2,10,9.0,9.5,9.5,9.0,4,37.0,9.25,True,True
Janel Parrish,Valentin Chmerkovskiy,Actor/Actress,Hawaii,United States,25,19,3rd Place,3,10,9.5,9.5,10.0,10.0,4,39.0,9.75,True,True
Bethany Mota,Derek Hough,Social Media Personality,California,United States,18,19,Eliminated Week 11,4,10,9.5,9.5,9.5,9.5,4,38.0,9.5,True,True
Tommy Chong,Peta Murgatroyd,Comedian,,Canada,76,19,Eliminated Week 10,5,10,8.0,7.5,8.0,7.5,4,31.0,7.75,True,True
Lea Thompson,Artem Chigvintsev,Actor/Actress,Minnesota,United States,53,19,Eliminated Week 9,6,10,0.0,0.0,0.0,0.0,4,0.0,0.0,True,False
Michael Waltrip,Emma Slater,Racing Driver,Kentucky,United States,51,19,Eliminated Week 8,7,10,0.0,0.0,0.0,0.0,4,0.0,0.0,True,False
Antonio Sabato Jr.,Cheryl Burke,Actor/Actress,,Italy,42,19,Eliminated Week 7,8,10,0.0,0.0,0.0,0.0,4,0.0,0.0,True,False
Jonathan Bennett,Allison Holker,Actor/Actress,Ohio,United States,33,19,Eliminated Week 6,9,10,0.0,0.0,0.0,0.0,4,0.0,0.0,True,False
Betsey Johnson,Tony Dovolani,Fashion Designer,Connecticut,United States,72,19,Eliminated Week 4,10,10,0.0,0.0,0.0,0.0,4,0.0,0.0,True,False
Randy Couture,Karina Smirnoff,Athlete,Washington,United States,51,19,Eliminated Week 3,11,10,0.0,0.0,0.0,0.0,4,0.0,0.0,True,False
Tavis Smiley,Sharna Burgess,Radio Personality,Mississippi,United States,50,19,Eliminated Week 2,12,10,0.0,0.0,0.0,0.0,4,0.0,0.0,True,False
Lolo Jones,Keo Motsepe,Athlete,Iowa,United States,32,19,Eliminated Week 1,13,10,0.0,0.0,0.0,0.0,4,0.0,0.0,True,False
Alfonso Ribeiro,Witney Carson,Actor/Actress,New York,United States,42,19,1st Place,1,11,10.0,10.0,10.0,10.0,4,40.0,10.0,True,True
Sadie Robertson,Mark Ballas,TV Personality,Louisiana,United States,17,19,2nd Place,2,11,10.0,9.6666,10.0,9.6666,4,39.333200000000005,9.833300000000001,True,True
Janel Parrish,Valentin Chmerkovskiy,Actor/Actress,Hawaii,United States,25,19,3rd Place,3,11,9.6666,10.0,9.6666,9.6666,4,38.99980000000001,9.749950000000002,True,True
Bethany Mota,Derek Hough,Social Media Personality,California,United States,18,19,Eliminated Week 11,4,11,9.5,9.5,9.5,9.5,4,38.0,9.5,True,True
Tommy Chong,Peta Murgatroyd,Comedian,,Canada,76,19,Eliminated Week 10,5,11,0.0,0.0,0.0,0.0,4,0.0,0.0,True,False
Lea Thompson,Artem Chigvintsev,Actor/Actress,Minnesota,United States,53,19,Eliminated Week 9,6,11,0.0,0.0,0.0,0.0,4,0.0,0.0,True,False
Michael Waltrip,Emma Slater,Racing Driver,Kentucky,United States,51,19,Eliminated Week 8,7,11,0.0,0.0,0.0,0.0,4,0.0,0.0,True,False
Antonio Sabato Jr.,Cheryl Burke,Actor/Actress,,Italy,42,19,Eliminated Week 7,8,11,0.0,0.0,0.0,0.0,4,0.0,0.0,True,False
Jonathan Bennett,Allison Holker,Actor/Actress,Ohio,United States,33,19,Eliminated Week 6,9,11,0.0,0.0,0.0,0.0,4,0.0,0.0,True,False
Betsey Johnson,Tony Dovolani,Fashion Designer,Connecticut,United States,72,19,Eliminated Week 4,10,11,0.0,0.0,0.0,0.0,4,0.0,0.0,True,False
Randy Couture,Karina Smirnoff,Athlete,Washington,United States,51,19,Eliminated Week 3,11,11,0.0,0.0,0.0,0.0,4,0.0,0.0,True,False
Tavis Smiley,Sharna Burgess,Radio Personality,Mississippi,United States,50,19,Eliminated Week 2,12,11,0.0,0.0,0.0,0.0,4,0.0,0.0,True,False
Lolo Jones,Keo Motsepe,Athlete,Iowa,United States,32,19,Eliminated Week 1,13,11,0.0,0.0,0.0,0.0,4,0.0,0.0,True,False
Rumer Willis,Valentin Chmerkovskiy,Actor/Actress,Kentucky,United States,26,20,1st Place,1,1,8.0,8.0,8.0,8.0,4,32.0,8.0,True,True
Riker Lynch,Allison Holker,Actor/Actress,Colorado,United States,23,20,2nd Place,2,1,8.0,7.0,8.0,8.0,4,31.0,7.75,True,True
Noah Galloway,Sharna Burgess,Motivational Speaker,Alabama,United States,33,20,3rd Place,3,1,7.0,6.0,6.0,7.0,4,26.0,6.5,True,True
Nastia Liukin,Derek Hough,Athlete,,Russia,25,20,Eliminated Week 9,4,1,7.0,7.0,8.0,8.0,4,30.0,7.5,True,True
Chris Soules,Witney Carson,TV Personality,Iowa,United States,33,20,Eliminated Week 8,5,1,7.0,6.0,6.0,7.0,4,26.0,6.5,True,True
Robert Herjavec,Kym Johnson,Entrepreneur,,Croatia,52,20,Eliminated Week 8,6,1,7.0,7.0,7.0,7.0,4,28.0,7.0,True,True
Willow Shields,Mark Ballas,Actor/Actress,New Mexico,United States,14,20,Eliminated Week 7,7,1,6.0,6.0,6.0,7.0,4,25.0,6.25,True,True
Patti LaBelle,Artem Chigvintsev,Singer/Rapper,Pennsylvania,United States,70,20,Eliminated Week 6,8,1,7.0,6.0,6.0,6.0,4,25.0,6.25,True,True
Suzanne Somers,Tony Dovolani,Actor/Actress,California,United States,68,20,Eliminated Week 5,9,1,6.0,6.0,6.0,7.0,4,25.0,6.25,True,True
Michael Sam,Peta Murgatroyd,Athlete,Texas,United States,25,20,Eliminated Week 4,10,1,6.0,6.0,7.0,7.0,4,26.0,6.5,True,True
Charlotte McKinney,Keo Motsepe,Model,Florida,United States,21,20,Eliminated Week 3,11,1,6.0,5.0,5.0,6.0,4,22.0,5.5,True,True
Redfoo,Emma Slater,Singer/Rapper,California,United States,39,20,Eliminated Week 2,12,1,6.0,5.0,5.0,6.0,4,22.0,5.5,True,True
Rumer Willis,Valentin Chmerkovskiy,Actor/Actress,Kentucky,United States,26,20,1st Place,1,2,8.0,8.0,8.0,8.0,4,32.0,8.0,True,True
Riker Lynch,Allison Holker,Actor/Actress,Colorado,United States,23,20,2nd Place,2,2,8.0,8.0,8.0,8.0,4,32.0,8.0,True,True
Noah Galloway,Sharna Burgess,Motivational Speaker,Alabama,United States,33,20,3rd Place,3,2,7.0,6.0,7.0,7.0,4,27.0,6.75,True,True
Nastia Liukin,Derek Hough,Athlete,,Russia,25,20,Eliminated Week 9,4,2,9.0,8.0,8.0,9.0,4,34.0,8.5,True,True
Chris Soules,Witney Carson,TV Personality,Iowa,United States,33,20,Eliminated Week 8,5,2,5.0,6.0,5.0,5.0,4,21.0,5.25,True,True
Robert Herjavec,Kym Johnson,Entrepreneur,,Croatia,52,20,Eliminated Week 8,6,2,7.0,7.0,7.0,7.0,4,28.0,7.0,True,True
Willow Shields,Mark Ballas,Actor/Actress,New Mexico,United States,14,20,Eliminated Week 7,7,2,8.0,8.0,8.0,8.0,4,32.0,8.0,True,True
Patti LaBelle,Artem Chigvintsev,Singer/Rapper,Pennsylvania,United States,70,20,Eliminated Week 6,8,2,7.0,7.0,7.0,7.0,4,28.0,7.0,True,True
Suzanne Somers,Tony Dovolani,Actor/Actress,California,United States,68,20,Eliminated Week 5,9,2,7.0,7.0,7.0,7.0,4,28.0,7.0,True,True
Michael Sam,Peta Murgatroyd,Athlete,Texas,United States,25,20,Eliminated Week 4,10,2,7.0,7.0,7.0,7.0,4,28.0,7.0,True,True
Charlotte McKinney,Keo Motsepe,Model,Florida,United States,21,20,Eliminated Week 3,11,2,7.0,6.0,7.0,6.0,4,26.0,6.5,True,True
Redfoo,Emma Slater,Singer/Rapper,California,United States,39,20,Eliminated Week 2,12,2,8.0,7.0,8.0,8.0,4,31.0,7.75,True,True
Rumer Willis,Valentin Chmerkovskiy,Actor/Actress,Kentucky,United States,26,20,1st Place,1,3,8.0,9.0,8.0,8.0,4,33.0,8.25,True,True
Riker Lynch,Allison Holker,Actor/Actress,Colorado,United States,23,20,2nd Place,2,3,9.0,7.0,9.0,9.0,4,34.0,8.5,True,True
Noah Galloway,Sharna Burgess,Motivational Speaker,Alabama,United States,33,20,3rd Place,3,3,7.0,7.0,8.0,8.0,4,30.0,7.5,True,True
Nastia Liukin,Derek Hough,Athlete,,Russia,25,20,Eliminated Week 9,4,3,9.0,8.0,9.0,8.0,4,34.0,8.5,True,True
Chris Soules,Witney Carson,TV Personality,Iowa,United States,33,20,Eliminated Week 8,5,3,7.0,7.0,7.0,7.0,4,28.0,7.0,True,True
Robert Herjavec,Kym Johnson,Entrepreneur,,Croatia,52,20,Eliminated Week 8,6,3,7.0,7.0,8.0,7.0,4,29.0,7.25,True,True
Willow Shields,Mark Ballas,Actor/Actress,New Mexico,United States,14,20,Eliminated Week 7,7,3,8.0,8.0,8.0,8.0,4,32.0,8.0,True,True
Patti LaBelle,Artem Chigvintsev,Singer/Rapper,Pennsylvania,United States,70,20,Eliminated Week 6,8,3,6.0,5.0,5.0,6.0,4,22.0,5.5,True,True
Suzanne Somers,Tony Dovolani,Actor/Actress,California,United States,68,20,Eliminated Week 5,9,3,6.0,6.0,6.0,7.0,4,25.0,6.25,True,True
Michael Sam,Peta Murgatroyd,Athlete,Texas,United States,25,20,Eliminated Week 4,10,3,6.0,6.0,6.0,6.0,4,24.0,6.0,True,True
Charlotte McKinney,Keo Motsepe,Model,Florida,United States,21,20,Eliminated Week 3,11,3,6.0,5.0,5.0,6.0,4,22.0,5.5,True,True
Redfoo,Emma Slater,Singer/Rapper,California,United States,39,20,Eliminated Week 2,12,3,0.0,0.0,0.0,0.0,4,0.0,0.0,True,False
Rumer Willis,Valentin Chmerkovskiy,Actor/Actress,Kentucky,United States,26,20,1st Place,1,4,9.0,8.0,9.0,9.0,4,35.0,8.75,True,True
Riker Lynch,Allison Holker,Actor/Actress,Colorado,United States,23,20,2nd Place,2,4,8.0,8.0,9.0,9.0,4,34.0,8.5,True,True
Noah Galloway,Sharna Burgess,Motivational Speaker,Alabama,United States,33,20,3rd Place,3,4,8.0,8.0,8.0,8.0,4,32.0,8.0,True,True
Nastia Liukin,Derek Hough,Athlete,,Russia,25,20,Eliminated Week 9,4,4,9.0,8.0,9.0,10.0,4,36.0,9.0,True,True
Chris Soules,Witney Carson,TV Personality,Iowa,United States,33,20,Eliminated Week 8,5,4,7.0,6.0,7.0,7.0,4,27.0,6.75,True,True
Robert Herjavec,Kym Johnson,Entrepreneur,,Croatia,52,20,Eliminated Week 8,6,4,8.0,9.0,8.0,9.0,4,34.0,8.5,True,True
Willow Shields,Mark Ballas,Actor/Actress,New Mexico,United States,14,20,Eliminated Week 7,7,4,10.0,9.0,10.0,10.0,4,39.0,9.75,True,True
Patti LaBelle,Artem Chigvintsev,Singer/Rapper,Pennsylvania,United States,70,20,Eliminated Week 6,8,4,8.0,7.0,7.0,8.0,4,30.0,7.5,True,True
Suzanne Somers,Tony Dovolani,Actor/Actress,California,United States,68,20,Eliminated Week 5,9,4,7.0,7.0,7.0,7.0,4,28.0,7.0,True,True
Michael Sam,Peta Murgatroyd,Athlete,Texas,United States,25,20,Eliminated Week 4,10,4,7.0,7.0,8.0,8.0,4,30.0,7.5,True,True
Charlotte McKinney,Keo Motsepe,Model,Florida,United States,21,20,Eliminated Week 3,11,4,0.0,0.0,0.0,0.0,4,0.0,0.0,True,False
Redfoo,Emma Slater,Singer/Rapper,California,United States,39,20,Eliminated Week 2,12,4,0.0,0.0,0.0,0.0,4,0.0,0.0,True,False
Rumer Willis,Valentin Chmerkovskiy,Actor/Actress,Kentucky,United States,26,20,1st Place,1,5,10.0,9.0,10.0,10.0,4,39.0,9.75,True,True
Riker Lynch,Allison Holker,Actor/Actress,Colorado,United States,23,20,2nd Place,2,5,10.0,9.0,9.0,10.0,4,38.0,9.5,True,True
Noah Galloway,Sharna Burgess,Motivational Speaker,Alabama,United States,33,20,3rd Place,3,5,7.0,7.0,7.0,7.0,4,28.0,7.0,True,True
Nastia Liukin,Derek Hough,Athlete,,Russia,25,20,Eliminated Week 9,4,5,9.0,9.0,10.0,10.0,4,38.0,9.5,True,True
Chris Soules,Witney Carson,TV Personality,Iowa,United States,33,20,Eliminated Week 8,5,5,7.0,6.0,7.0,7.0,4,27.0,6.75,True,True
Robert Herjavec,Kym Johnson,Entrepreneur,,Croatia,52,20,Eliminated Week 8,6,5,6.0,6.0,6.0,6.0,4,24.0,6.0,True,True
Willow Shields,Mark Ballas,Actor/Actress,New Mexico,United States,14,20,Eliminated Week 7,7,5,8.0,8.0,9.0,9.0,4,34.0,8.5,True,True
Patti LaBelle,Artem Chigvintsev,Singer/Rapper,Pennsylvania,United States,70,20,Eliminated Week 6,8,5,7.0,6.0,7.0,7.0,4,27.0,6.75,True,True
Suzanne Somers,Tony Dovolani,Actor/Actress,California,United States,68,20,Eliminated Week 5,9,5,7.0,7.0,7.0,7.0,4,28.0,7.0,True,True
Michael Sam,Peta Murgatroyd,Athlete,Texas,United States,25,20,Eliminated Week 4,10,5,0.0,0.0,0.0,0.0,4,0.0,0.0,True,False
Charlotte McKinney,Keo Motsepe,Model,Florida,United States,21,20,Eliminated Week 3,11,5,0.0,0.0,0.0,0.0,4,0.0,0.0,True,False
Redfoo,Emma Slater,Singer/Rapper,California,United States,39,20,Eliminated Week 2,12,5,0.0,0.0,0.0,0.0,4,0.0,0.0,True,False
Rumer Willis,Valentin Chmerkovskiy,Actor/Actress,Kentucky,United States,26,20,1st Place,1,6,9.0,8.5,8.5,9.5,4,35.5,8.875,True,True
Riker Lynch,Allison Holker,Actor/Actress,Colorado,United States,23,20,2nd Place,2,6,10.0,8.5,9.5,10.0,4,38.0,9.5,True,True
Noah Galloway,Sharna Burgess,Motivational Speaker,Alabama,United States,33,20,3rd Place,3,6,8.5,8.0,8.5,9.0,4,34.0,8.5,True,True
Nastia Liukin,Derek Hough,Athlete,,Russia,25,20,Eliminated Week 9,4,6,9.5,8.5,9.0,9.5,4,36.5,9.125,True,True
Chris Soules,Witney Carson,TV Personality,Iowa,United States,33,20,Eliminated Week 8,5,6,9.0,8.0,9.0,9.0,4,35.0,8.75,True,True
Robert Herjavec,Kym Johnson,Entrepreneur,,Croatia,52,20,Eliminated Week 8,6,6,8.5,8.0,8.5,8.5,4,33.5,8.375,True,True
Willow Shields,Mark Ballas,Actor/Actress,New Mexico,United States,14,20,Eliminated Week 7,7,6,9.5,8.5,9.0,9.5,4,36.5,9.125,True,True
Patti LaBelle,Artem Chigvintsev,Singer/Rapper,Pennsylvania,United States,70,20,Eliminated Week 6,8,6,9.0,8.0,8.5,8.5,4,34.0,8.5,True,True
Suzanne Somers,Tony Dovolani,Actor/Actress,California,United States,68,20,Eliminated Week 5,9,6,0.0,0.0,0.0,0.0,4,0.0,0.0,True,False
Michael Sam,Peta Murgatroyd,Athlete,Texas,United States,25,20,Eliminated Week 4,10,6,0.0,0.0,0.0,0.0,4,0.0,0.0,True,False
Charlotte McKinney,Keo Motsepe,Model,Florida,United States,21,20,Eliminated Week 3,11,6,0.0,0.0,0.0,0.0,4,0.0,0.0,True,False
Redfoo,Emma Slater,Singer/Rapper,California,United States,39,20,Eliminated Week 2,12,6,0.0,0.0,0.0,0.0,4,0.0,0.0,True,False
Rumer Willis,Valentin Chmerkovskiy,Actor/Actress,Kentucky,United States,26,20,1st Place,1,7,8.5,9.5,9.5,9.5,4,37.0,9.25,True,True
Riker Lynch,Allison Holker,Actor/Actress,Colorado,United States,23,20,2nd Place,2,7,9.0,10.0,9.0,9.0,4,37.0,9.25,True,True
Noah Galloway,Sharna Burgess,Motivational Speaker,Alabama,United States,33,20,3rd Place,3,7,10.5,8.5,9.5,9.5,4,38.0,9.5,True,True
Nastia Liukin,Derek Hough,Athlete,,Russia,25,20,Eliminated Week 9,4,7,10.75,9.75,9.75,10.75,4,41.0,10.25,True,True
Chris Soules,Witney Carson,TV Personality,Iowa,United States,33,20,Eliminated Week 8,5,7,8.0,7.0,8.0,8.0,4,31.0,7.75,True,True
Robert Herjavec,Kym Johnson,Entrepreneur,,Croatia,52,20,Eliminated Week 8,6,7,7.0,8.0,8.0,8.0,4,31.0,7.75,True,True
Willow Shields,Mark Ballas,Actor/Actress,New Mexico,United States,14,20,Eliminated Week 7,7,7,9.5,9.5,9.5,10.5,4,39.0,9.75,True,True
Patti LaBelle,Artem Chigvintsev,Singer/Rapper,Pennsylvania,United States,70,20,Eliminated Week 6,8,7,0.0,0.0,0.0,0.0,4,0.0,0.0,True,False
Suzanne Somers,Tony Dovolani,Actor/Actress,California,United States,68,20,Eliminated Week 5,9,7,0.0,0.0,0.0,0.0,4,0.0,0.0,True,False
Michael Sam,Peta Murgatroyd,Athlete,Texas,United States,25,20,Eliminated Week 4,10,7,0.0,0.0,0.0,0.0,4,0.0,0.0,True,False
Charlotte McKinney,Keo Motsepe,Model,Florida,United States,21,20,Eliminated Week 3,11,7,0.0,0.0,0.0,0.0,4,0.0,0.0,True,False
Redfoo,Emma Slater,Singer/Rapper,California,United States,39,20,Eliminated Week 2,12,7,0.0,0.0,0.0,0.0,4,0.0,0.0,True,False
Rumer Willis,Valentin Chmerkovskiy,Actor/Actress,Kentucky,United States,26,20,1st Place,1,8,10.0,10.0,10.0,10.0,4,40.0,10.0,True,True
Riker Lynch,Allison Holker,Actor/Actress,Colorado,United States,23,20,2nd Place,2,8,10.0,9.0,10.0,10.0,4,39.0,9.75,True,True
Noah Galloway,Sharna Burgess,Motivational Speaker,Alabama,United States,33,20,3rd Place,3,8,8.0,7.5,8.0,8.0,4,31.5,7.875,True,True
Nastia Liukin,Derek Hough,Athlete,,Russia,25,20,Eliminated Week 9,4,8,9.5,9.5,9.5,9.5,4,38.0,9.5,True,True
Chris Soules,Witney Carson,TV Personality,Iowa,United States,33,20,Eliminated Week 8,5,8,8.0,7.5,8.5,8.0,4,32.0,8.0,True,True
Robert Herjavec,Kym Johnson,Entrepreneur,,Croatia,52,20,Eliminated Week 8,6,8,7.5,7.5,8.5,7.5,4,31.0,7.75,True,True
Willow Shields,Mark Ballas,Actor/Actress,New Mexico,United States,14,20,Eliminated Week 7,7,8,0.0,0.0,0.0,0.0,4,0.0,0.0,True,False
Patti LaBelle,Artem Chigvintsev,Singer/Rapper,Pennsylvania,United States,70,20,Eliminated Week 6,8,8,0.0,0.0,0.0,0.0,4,0.0,0.0,True,False
Suzanne Somers,Tony Dovolani,Actor/Actress,California,United States,68,20,Eliminated Week 5,9,8,0.0,0.0,0.0,0.0,4,0.0,0.0,True,False
Michael Sam,Peta Murgatroyd,Athlete,Texas,United States,25,20,Eliminated Week 4,10,8,0.0,0.0,0.0,0.0,4,0.0,0.0,True,False
Charlotte McKinney,Keo Motsepe,Model,Florida,United States,21,20,Eliminated Week 3,11,8,0.0,0.0,0.0,0.0,4,0.0,0.0,True,False
Redfoo,Emma Slater,Singer/Rapper,California,United States,39,20,Eliminated Week 2,12,8,0.0,0.0,0.0,0.0,4,0.0,0.0,True,False
Rumer Willis,Valentin Chmerkovskiy,Actor/Actress,Kentucky,United States,26,20,1st Place,1,9,10.0,9.5,9.5,10.0,4,39.0,9.75,True,True
Riker Lynch,Allison Holker,Actor/Actress,Colorado,United States,23,20,2nd Place,2,9,10.0,10.0,10.0,10.0,4,40.0,10.0,True,True
Noah Galloway,Sharna Burgess,Motivational Speaker,Alabama,United States,33,20,3rd Place,3,9,9.5,9.5,9.5,9.5,4,38.0,9.5,True,True
Nastia Liukin,Derek Hough,Athlete,,Russia,25,20,Eliminated Week 9,4,9,10.0,10.0,10.0,10.0,4,40.0,10.0,True,True
Chris Soules,Witney Carson,TV Personality,Iowa,United States,33,20,Eliminated Week 8,5,9,0.0,0.0,0.0,0.0,4,0.0,0.0,True,False
Robert Herjavec,Kym Johnson,Entrepreneur,,Croatia,52,20,Eliminated Week 8,6,9,0.0,0.0,0.0,0.0,4,0.0,0.0,True,False
Willow Shields,Mark Ballas,Actor/Actress,New Mexico,United States,14,20,Eliminated Week 7,7,9,0.0,0.0,0.0,0.0,4,0.0,0.0,True,False
Patti LaBelle,Artem Chigvintsev,Singer/Rapper,Pennsylvania,United States,70,20,Eliminated Week 6,8,9,0.0,0.0,0.0,0.0,4,0.0,0.0,True,False
Suzanne Somers,Tony Dovolani,Actor/Actress,California,United States,68,20,Eliminated Week 5,9,9,0.0,0.0,0.0,0.0,4,0.0,0.0,True,False
Michael Sam,Peta Murgatroyd,Athlete,Texas,United States,25,20,Eliminated Week 4,10,9,0.0,0.0,0.0,0.0,4,0.0,0.0,True,False
Charlotte McKinney,Keo Motsepe,Model,Florida,United States,21,20,Eliminated Week 3,11,9,0.0,0.0,0.0,0.0,4,0.0,0.0,True,False
Redfoo,Emma Slater,Singer/Rapper,California,United States,39,20,Eliminated Week 2,12,9,0.0,0.0,0.0,0.0,4,0.0,0.0,True,False
Rumer Willis,Valentin Chmerkovskiy,Actor/Actress,Kentucky,United States,26,20,1st Place,1,10,10.0,10.0,10.0,10.0,4,40.0,10.0,True,True
Riker Lynch,Allison Holker,Actor/Actress,Colorado,United States,23,20,2nd Place,2,10,10.0,10.0,10.0,10.0,4,40.0,10.0,True,True
Noah Galloway,Sharna Burgess,Motivational Speaker,Alabama,United States,33,20,3rd Place,3,10,9.0,9.0,9.0,9.0,4,36.0,9.0,True,True
Nastia Liukin,Derek Hough,Athlete,,Russia,25,20,Eliminated Week 9,4,10,0.0,0.0,0.0,0.0,4,0.0,0.0,True,False
Chris Soules,Witney Carson,TV Personality,Iowa,United States,33,20,Eliminated Week 8,5,10,0.0,0.0,0.0,0.0,4,0.0,0.0,True,False
Robert Herjavec,Kym Johnson,Entrepreneur,,Croatia,52,20,Eliminated Week 8,6,10,0.0,0.0,0.0,0.0,4,0.0,0.0,True,False
Willow Shields,Mark Ballas,Actor/Actress,New Mexico,United States,14,20,Eliminated Week 7,7,10,0.0,0.0,0.0,0.0,4,0.0,0.0,True,False
Patti LaBelle,Artem Chigvintsev,Singer/Rapper,Pennsylvania,United States,70,20,Eliminated Week 6,8,10,0.0,0.0,0.0,0.0,4,0.0,0.0,True,False
Suzanne Somers,Tony Dovolani,Actor/Actress,California,United States,68,20,Eliminated Week 5,9,10,0.0,0.0,0.0,0.0,4,0.0,0.0,True,False
Michael Sam,Peta Murgatroyd,Athlete,Texas,United States,25,20,Eliminated Week 4,10,10,0.0,0.0,0.0,0.0,4,0.0,0.0,True,False
Charlotte McKinney,Keo Motsepe,Model,Florida,United States,21,20,Eliminated Week 3,11,10,0.0,0.0,0.0,0.0,4,0.0,0.0,True,False
Redfoo,Emma Slater,Singer/Rapper,California,United States,39,20,Eliminated Week 2,12,10,0.0,0.0,0.0,0.0,4,0.0,0.0,True,False
Rumer Willis,Valentin Chmerkovskiy,Actor/Actress,Kentucky,United States,26,20,1st Place,1,11,,,,,0,,,False,False
Riker Lynch,Allison Holker,Actor/Actress,Colorado,United States,23,20,2nd Place,2,11,,,,,0,,,False,False
Noah Galloway,Sharna Burgess,Motivational Speaker,Alabama,United States,33,20,3rd Place,3,11,,,,,0,,,False,False
Nastia Liukin,Derek Hough,Athlete,,Russia,25,20,Eliminated Week 9,4,11,,,,,0,,,False,False
Chris Soules,Witney Carson,TV Personality,Iowa,United States,33,20,Eliminated Week 8,5,11,,,,,0,,,False,False
Robert Herjavec,Kym Johnson,Entrepreneur,,Croatia,52,20,Eliminated Week 8,6,11,,,,,0,,,False,False
Willow Shields,Mark Ballas,Actor/Actress,New Mexico,United States,14,20,Eliminated Week 7,7,11,,,,,0,,,False,False
Patti LaBelle,Artem Chigvintsev,Singer/Rapper,Pennsylvania,United States,70,20,Eliminated Week 6,8,11,,,,,0,,,False,False
Suzanne Somers,Tony Dovolani,Actor/Actress,California,United States,68,20,Eliminated Week 5,9,11,,,,,0,,,False,False
Michael Sam,Peta Murgatroyd,Athlete,Texas,United States,25,20,Eliminated Week 4,10,11,,,,,0,,,False,False
Charlotte McKinney,Keo Motsepe,Model,Florida,United States,21,20,Eliminated Week 3,11,11,,,,,0,,,False,False
Redfoo,Emma Slater,Singer/Rapper,California,United States,39,20,Eliminated Week 2,12,11,,,,,0,,,False,False
Bindi Irwin,Derek Hough,TV Personality,,Australia,17,21,1st Place,1,1,8.0,8.0,8.0,,3,24.0,8.0,True,True
Nick Carter,Sharna Burgess,Singer/Rapper,New York,United States,35,21,2nd Place,2,1,8.0,8.0,8.0,,3,24.0,8.0,True,True
Alek Skarlatos,Lindsay Arnold,Military,California,United States,22,21,3rd Place,3,1,8.0,7.0,7.0,,3,22.0,7.333333333333333,True,True
Carlos PenaVega,Witney Carson,Actor/Actress,Missouri,United States,26,21,Eliminated Week 11,4,1,8.0,8.0,7.0,,3,23.0,7.666666666666667,True,True
Tamar Braxton,Valentin Chmerkovskiy,Singer/Rapper,Maryland,United States,38,21,Withdrew,5,1,8.0,7.0,8.0,,3,23.0,7.666666666666667,True,True
Alexa PenaVega,Mark Ballas,Actor/Actress,Florida,United States,27,21,Eliminated Week 9,6,1,7.0,7.0,8.0,,3,22.0,7.333333333333333,True,True
Andy Grammer,Allison Holker,Singer/Rapper,California,United States,31,21,Eliminated Week 8,7,1,7.0,7.0,7.0,,3,21.0,7.0,True,True
Hayes Grier,Emma Slater,Social Media Personality,North Carolina,United States,15,21,Eliminated Week 7,8,1,7.0,7.0,7.0,,3,21.0,7.0,True,True
Paula Deen,Louis van Amstel,TV Personality,Georgia,United States,68,21,Eliminated Week 6,9,1,5.0,5.0,5.0,,3,15.0,5.0,True,True
Gary Busey,Anna Trebunskaya,Actor/Actress,Texas,United States,71,21,Eliminated Week 4,10,1,5.0,5.0,5.0,,3,15.0,5.0,True,True
Kim Zolciak-Biermann,Tony Dovolani,TV Personality,Florida,United States,37,21,Withdrew,11,1,4.0,4.0,4.0,,3,12.0,4.0,True,True
Victor Espinoza,Karina Smirnoff,Athlete,,Mexico,43,21,Eliminated Week 2,12,1,5.0,5.0,5.0,,3,15.0,5.0,True,True
Chaka Khan,Keo Motsepe,Singer/Rapper,Illinois,United States,62,21,Eliminated Week 2,13,1,5.0,4.0,4.0,,3,13.0,4.333333333333333,True,True
Bindi Irwin,Derek Hough,TV Personality,,Australia,17,21,1st Place,1,2,8.0,8.0,8.0,,3,24.0,8.0,True,True
Nick Carter,Sharna Burgess,Singer/Rapper,New York,United States,35,21,2nd Place,2,2,7.5,7.5,7.5,,3,22.5,7.5,True,True
Alek Skarlatos,Lindsay Arnold,Military,California,United States,22,21,3rd Place,3,2,7.5,7.0,8.0,,3,22.5,7.5,True,True
Carlos PenaVega,Witney Carson,Actor/Actress,Missouri,United States,26,21,Eliminated Week 11,4,2,7.5,7.5,7.5,,3,22.5,7.5,True,True
Tamar Braxton,Valentin Chmerkovskiy,Singer/Rapper,Maryland,United States,38,21,Withdrew,5,2,8.0,8.0,8.5,,3,24.5,8.166666666666666,True,True
Alexa PenaVega,Mark Ballas,Actor/Actress,Florida,United States,27,21,Eliminated Week 9,6,2,7.5,7.5,8.0,,3,23.0,7.666666666666667,True,True
Andy Grammer,Allison Holker,Singer/Rapper,California,United States,31,21,Eliminated Week 8,7,2,7.5,7.5,7.0,,3,22.0,7.333333333333333,True,True
Hayes Grier,Emma Slater,Social Media Personality,North Carolina,United States,15,21,Eliminated Week 7,8,2,8.0,7.0,7.5,,3,22.5,7.5,True,True
Paula Deen,Louis van Amstel,TV Personality,Georgia,United States,68,21,Eliminated Week 6,9,2,6.5,6.0,6.0,,3,18.5,6.166666666666667,True,True
Gary Busey,Anna Trebunskaya,Actor/Actress,Texas,United States,71,21,Eliminated Week 4,10,2,5.5,5.5,5.5,,3,16.5,5.5,True,True
Kim Zolciak-Biermann,Tony Dovolani,TV Personality,Florida,United States,37,21,Withdrew,11,2,6.5,6.0,6.0,,3,18.5,6.166666666666667,True,True
Victor Espinoza,Karina Smirnoff,Athlete,,Mexico,43,21,Eliminated Week 2,12,2,6.5,5.5,6.5,,3,18.5,6.166666666666667,True,True
Chaka Khan,Keo Motsepe,Singer/Rapper,Illinois,United States,62,21,Eliminated Week 2,13,2,5.0,5.0,5.0,,3,15.0,5.0,True,True
Bindi Irwin,Derek Hough,TV Personality,,Australia,17,21,1st Place,1,3,8.0,8.0,8.0,8.0,4,32.0,8.0,True,True
Nick Carter,Sharna Burgess,Singer/Rapper,New York,United States,35,21,2nd Place,2,3,9.0,9.0,9.0,9.0,4,36.0,9.0,True,True
Alek Skarlatos,Lindsay Arnold,Military,California,United States,22,21,3rd Place,3,3,8.0,8.0,9.0,8.0,4,33.0,8.25,True,True
Carlos PenaVega,Witney Carson,Actor/Actress,Missouri,United States,26,21,Eliminated Week 11,4,3,7.0,8.0,8.0,8.0,4,31.0,7.75,True,True
Tamar Braxton,Valentin Chmerkovskiy,Singer/Rapper,Maryland,United States,38,21,Withdrew,5,3,8.0,9.0,8.0,8.0,4,33.0,8.25,True,True
Alexa PenaVega,Mark Ballas,Actor/Actress,Florida,United States,27,21,Eliminated Week 9,6,3,9.0,9.0,9.0,9.0,4,36.0,9.0,True,True
Andy Grammer,Allison Holker,Singer/Rapper,California,United States,31,21,Eliminated Week 8,7,3,7.0,7.0,8.0,7.0,4,29.0,7.25,True,True
Hayes Grier,Emma Slater,Social Media Personality,North Carolina,United States,15,21,Eliminated Week 7,8,3,7.0,8.0,7.0,8.0,4,30.0,7.5,True,True
Paula Deen,Louis van Amstel,TV Personality,Georgia,United States,68,21,Eliminated Week 6,9,3,5.0,5.0,5.0,5.0,4,20.0,5.0,True,True
Gary Busey,Anna Trebunskaya,Actor/Actress,Texas,United States,71,21,Eliminated Week 4,10,3,6.0,7.0,6.0,6.0,4,25.0,6.25,True,True
Kim Zolciak-Biermann,Tony Dovolani,TV Personality,Florida,United States,37,21,Withdrew,11,3,0.0,0.0,0.0,0.0,4,0.0,0.0,True,False
Victor Espinoza,Karina Smirnoff,Athlete,,Mexico,43,21,Eliminated Week 2,12,3,0.0,0.0,0.0,0.0,4,0.0,0.0,True,False
Chaka Khan,Keo Motsepe,Singer/Rapper,Illinois,United States,62,21,Eliminated Week 2,13,3,0.0,0.0,0.0,0.0,4,0.0,0.0,True,False
Bindi Irwin,Derek Hough,TV Personality,,Australia,17,21,1st Place,1,4,9.0,9.0,10.0,,3,28.0,9.333333333333334,True,True
Nick Carter,Sharna Burgess,Singer/Rapper,New York,United States,35,21,2nd Place,2,4,9.0,9.0,9.0,,3,27.0,9.0,True,True
Alek Skarlatos,Lindsay Arnold,Military,California,United States,22,21,3rd Place,3,4,8.0,8.0,8.0,,3,24.0,8.0,True,True
Carlos PenaVega,Witney Carson,Actor/Actress,Missouri,United States,26,21,Eliminated Week 11,4,4,9.0,8.0,8.0,,3,25.0,8.333333333333334,True,True
Tamar Braxton,Valentin Chmerkovskiy,Singer/Rapper,Maryland,United States,38,21,Withdrew,5,4,9.0,9.0,9.0,,3,27.0,9.0,True,True
Alexa PenaVega,Mark Ballas,Actor/Actress,Florida,United States,27,21,Eliminated Week 9,6,4,7.0,7.0,7.0,,3,21.0,7.0,True,True
Andy Grammer,Allison Holker,Singer/Rapper,California,United States,31,21,Eliminated Week 8,7,4,7.0,8.0,8.0,,3,23.0,7.666666666666667,True,True
Hayes Grier,Emma Slater,Social Media Personality,North Carolina,United States,15,21,Eliminated Week 7,8,4,9.0,9.0,9.0,,3,27.0,9.0,True,True
Paula Deen,Louis van Amstel,TV Personality,Georgia,United States,68,21,Eliminated Week 6,9,4,6.0,6.0,6.0,,3,18.0,6.0,True,True
Gary Busey,Anna Trebunskaya,Actor/Actress,Texas,United States,71,21,Eliminated Week 4,10,4,5.0,6.0,5.0,,3,16.0,5.333333333333333,True,True
Kim Zolciak-Biermann,Tony Dovolani,TV Personality,Florida,United States,37,21,Withdrew,11,4,0.0,0.0,0.0,,3,0.0,0.0,True,False
Victor Espinoza,Karina Smirnoff,Athlete,,Mexico,43,21,Eliminated Week 2,12,4,0.0,0.0,0.0,,3,0.0,0.0,True,False
Chaka Khan,Keo Motsepe,Singer/Rapper,Illinois,United States,62,21,Eliminated Week 2,13,4,0.0,0.0,0.0,,3,0.0,0.0,True,False
Bindi Irwin,Derek Hough,TV Personality,,Australia,17,21,1st Place,1,5,9.0,9.0,10.0,9.0,4,37.0,9.25,True,True
Nick Carter,Sharna Burgess,Singer/Rapper,New York,United States,35,21,2nd Place,2,5,9.0,9.0,8.0,9.0,4,35.0,8.75,True,True
Alek Skarlatos,Lindsay Arnold,Military,California,United States,22,21,3rd Place,3,5,8.0,7.0,7.0,7.0,4,29.0,7.25,True,True
Carlos PenaVega,Witney Carson,Actor/Actress,Missouri,United States,26,21,Eliminated Week 11,4,5,10.0,10.0,9.0,10.0,4,39.0,9.75,True,True
Tamar Braxton,Valentin Chmerkovskiy,Singer/Rapper,Maryland,United States,38,21,Withdrew,5,5,7.0,7.0,8.0,7.0,4,29.0,7.25,True,True
Alexa PenaVega,Mark Ballas,Actor/Actress,Florida,United States,27,21,Eliminated Week 9,6,5,10.0,10.0,10.0,10.0,4,40.0,10.0,True,True
Andy Grammer,Allison Holker,Singer/Rapper,California,United States,31,21,Eliminated Week 8,7,5,9.0,9.0,9.0,9.0,4,36.0,9.0,True,True
Hayes Grier,Emma Slater,Social Media Personality,North Carolina,United States,15,21,Eliminated Week 7,8,5,8.0,8.0,7.0,7.0,4,30.0,7.5,True,True
Paula Deen,Louis van Amstel,TV Personality,Georgia,United States,68,21,Eliminated Week 6,9,5,7.0,7.0,6.0,6.0,4,26.0,6.5,True,True
Gary Busey,Anna Trebunskaya,Actor/Actress,Texas,United States,71,21,Eliminated Week 4,10,5,0.0,0.0,0.0,0.0,4,0.0,0.0,True,False
Kim Zolciak-Biermann,Tony Dovolani,TV Personality,Florida,United States,37,21,Withdrew,11,5,0.0,0.0,0.0,0.0,4,0.0,0.0,True,False
Victor Espinoza,Karina Smirnoff,Athlete,,Mexico,43,21,Eliminated Week 2,12,5,0.0,0.0,0.0,0.0,4,0.0,0.0,True,False
Chaka Khan,Keo Motsepe,Singer/Rapper,Illinois,United States,62,21,Eliminated Week 2,13,5,0.0,0.0,0.0,0.0,4,0.0,0.0,True,False
Bindi Irwin,Derek Hough,TV Personality,,Australia,17,21,1st Place,1,6,10.0,10.0,10.0,10.0,4,40.0,10.0,True,True
Nick Carter,Sharna Burgess,Singer/Rapper,New York,United States,35,21,2nd Place,2,6,9.0,10.0,10.0,10.0,4,39.0,9.75,True,True
Alek Skarlatos,Lindsay Arnold,Military,California,United States,22,21,3rd Place,3,6,8.0,8.0,7.0,7.0,4,30.0,7.5,True,True
Carlos PenaVega,Witney Carson,Actor/Actress,Missouri,United States,26,21,Eliminated Week 11,4,6,10.0,9.0,9.0,10.0,4,38.0,9.5,True,True
Tamar Braxton,Valentin Chmerkovskiy,Singer/Rapper,Maryland,United States,38,21,Withdrew,5,6,10.0,10.0,10.0,10.0,4,40.0,10.0,True,True
Alexa PenaVega,Mark Ballas,Actor/Actress,Florida,United States,27,21,Eliminated Week 9,6,6,8.0,7.0,7.0,8.0,4,30.0,7.5,True,True
Andy Grammer,Allison Holker,Singer/Rapper,California,United States,31,21,Eliminated Week 8,7,6,10.0,10.0,10.0,10.0,4,40.0,10.0,True,True
Hayes Grier,Emma Slater,Social Media Personality,North Carolina,United States,15,21,Eliminated Week 7,8,6,8.0,8.0,8.0,8.0,4,32.0,8.0,True,True
Paula Deen,Louis van Amstel,TV Personality,Georgia,United States,68,21,Eliminated Week 6,9,6,6.0,6.0,6.0,6.0,4,24.0,6.0,True,True
Gary Busey,Anna Trebunskaya,Actor/Actress,Texas,United States,71,21,Eliminated Week 4,10,6,0.0,0.0,0.0,0.0,4,0.0,0.0,True,False
Kim Zolciak-Biermann,Tony Dovolani,TV Personality,Florida,United States,37,21,Withdrew,11,6,0.0,0.0,0.0,0.0,4,0.0,0.0,True,False
Victor Espinoza,Karina Smirnoff,Athlete,,Mexico,43,21,Eliminated Week 2,12,6,0.0,0.0,0.0,0.0,4,0.0,0.0,True,False
Chaka Khan,Keo Motsepe,Singer/Rapper,Illinois,United States,62,21,Eliminated Week 2,13,6,0.0,0.0,0.0,0.0,4,0.0,0.0,True,False
Bindi Irwin,Derek Hough,TV Personality,,Australia,17,21,1st Place,1,7,9.5,10.0,9.5,,3,29.0,9.666666666666666,True,True
Nick Carter,Sharna Burgess,Singer/Rapper,New York,United States,35,21,2nd Place,2,7,9.0,9.0,9.0,,3,27.0,9.0,True,True
Alek Skarlatos,Lindsay Arnold,Military,California,United States,22,21,3rd Place,3,7,9.0,9.0,8.5,,3,26.5,8.833333333333334,True,True
Carlos PenaVega,Witney Carson,Actor/Actress,Missouri,United States,26,21,Eliminated Week 11,4,7,9.0,10.0,9.0,,3,28.0,9.333333333333334,True,True
Tamar Braxton,Valentin Chmerkovskiy,Singer/Rapper,Maryland,United States,38,21,Withdrew,5,7,9.0,9.0,9.0,,3,27.0,9.0,True,True
Alexa PenaVega,Mark Ballas,Actor/Actress,Florida,United States,27,21,Eliminated Week 9,6,7,9.0,9.5,9.0,,3,27.5,9.166666666666666,True,True
Andy Grammer,Allison Holker,Singer/Rapper,California,United States,31,21,Eliminated Week 8,7,7,9.5,9.5,9.0,,3,28.0,9.333333333333334,True,True
Hayes Grier,Emma Slater,Social Media Personality,North Carolina,United States,15,21,Eliminated Week 7,8,7,9.0,9.5,9.5,,3,28.0,9.333333333333334,True,True
Paula Deen,Louis van Amstel,TV Personality,Georgia,United States,68,21,Eliminated Week 6,9,7,0.0,0.0,0.0,,3,0.0,0.0,True,False
Gary Busey,Anna Trebunskaya,Actor/Actress,Texas,United States,71,21,Eliminated Week 4,10,7,0.0,0.0,0.0,,3,0.0,0.0,True,False
Kim Zolciak-Biermann,Tony Dovolani,TV Personality,Florida,United States,37,21,Withdrew,11,7,0.0,0.0,0.0,,3,0.0,0.0,True,False
Victor Espinoza,Karina Smirnoff,Athlete,,Mexico,43,21,Eliminated Week 2,12,7,0.0,0.0,0.0,,3,0.0,0.0,True,False
Chaka Khan,Keo Motsepe,Singer/Rapper,Illinois,United States,62,21,Eliminated Week 2,13,7,0.0,0.0,0.0,,3,0.0,0.0,True,False
Bindi Irwin,Derek Hough,TV Personality,,Australia,17,21,1st Place,1,8,10.0,9.0,9.0,,3,28.0,9.333333333333334,True,True
Nick Carter,Sharna Burgess,Singer/Rapper,New York,United States,35,21,2nd Place,2,8,11.0,11.0,11.0,,3,33.0,11.0,True,True
Alek Skarlatos,Lindsay Arnold,Military,California,United States,22,21,3rd Place,3,8,9.0,8.0,8.0,,3,25.0,8.333333333333334,True,True
Carlos PenaVega,Witney Carson,Actor/Actress,Missouri,United States,26,21,Eliminated Week 11,4,8,9.6666,9.6666,9.6666,,3,28.9998,9.6666,True,True
Tamar Braxton,Valentin Chmerkovskiy,Singer/Rapper,Maryland,United States,38,21,Withdrew,5,8,9.0,9.0,10.0,,3,28.0,9.333333333333334,True,True
Alexa PenaVega,Mark Ballas,Actor/Actress,Florida,United States,27,21,Eliminated Week 9,6,8,9.6666,8.6666,8.6666,,3,26.9998,8.999933333333333,True,True
Andy Grammer,Allison Holker,Singer/Rapper,California,United States,31,21,Eliminated Week 8,7,8,8.6666,7.6666,7.6666,,3,23.9998,7.999933333333334,True,True
Hayes Grier,Emma Slater,Social Media Personality,North Carolina,United States,15,21,Eliminated Week 7,8,8,0.0,0.0,0.0,,3,0.0,0.0,True,False
Paula Deen,Louis van Amstel,TV Personality,Georgia,United States,68,21,Eliminated Week 6,9,8,0.0,0.0,0.0,,3,0.0,0.0,True,False
Gary Busey,Anna Trebunskaya,Actor/Actress,Texas,United States,71,21,Eliminated Week 4,10,8,0.0,0.0,0.0,,3,0.0,0.0,True,False
Kim Zolciak-Biermann,Tony Dovolani,TV Personality,Florida,United States,37,21,Withdrew,11,8,0.0,0.0,0.0,,3,0.0,0.0,True,False
Victor Espinoza,Karina Smirnoff,Athlete,,Mexico,43,21,Eliminated Week 2,12,8,0.0,0.0,0.0,,3,0.0,0.0,True,False
Chaka Khan,Keo Motsepe,Singer/Rapper,Illinois,United States,62,21,Eliminated Week 2,13,8,0.0,0.0,0.0,,3,0.0,0.0,True,False
Bindi Irwin,Derek Hough,TV Personality,,Australia,17,21,1st Place,1,9,10.0,10.0,10.0,,3,30.0,10.0,True,True
Nick Carter,Sharna Burgess,Singer/Rapper,New York,United States,35,21,2nd Place,2,9,9.0,9.0,9.5,,3,27.5,9.166666666666666,True,True
Alek Skarlatos,Lindsay Arnold,Military,California,United States,22,21,3rd Place,3,9,8.5,8.5,8.5,,3,25.5,8.5,True,True
Carlos PenaVega,Witney Carson,Actor/Actress,Missouri,United States,26,21,Eliminated Week 11,4,9,9.0,9.0,9.0,,3,27.0,9.0,True,True
Tamar Braxton,Valentin Chmerkovskiy,Singer/Rapper,Maryland,United States,38,21,Withdrew,5,9,8.5,8.0,8.0,,3,24.5,8.166666666666666,True,True
Alexa PenaVega,Mark Ballas,Actor/Actress,Florida,United States,27,21,Eliminated Week 9,6,9,10.0,10.0,10.0,,3,30.0,10.0,True,True
Andy Grammer,Allison Holker,Singer/Rapper,California,United States,31,21,Eliminated Week 8,7,9,0.0,0.0,0.0,,3,0.0,0.0,True,False
Hayes Grier,Emma Slater,Social Media Personality,North Carolina,United States,15,21,Eliminated Week 7,8,9,0.0,0.0,0.0,,3,0.0,0.0,True,False
Paula Deen,Louis van Amstel,TV Personality,Georgia,United States,68,21,Eliminated Week 6,9,9,0.0,0.0,0.0,,3,0.0,0.0,True,False
Gary Busey,Anna Trebunskaya,Actor/Actress,Texas,United States,71,21,Eliminated Week 4,10,9,0.0,0.0,0.0,,3,0.0,0.0,True,False
Kim Zolciak-Biermann,Tony Dovolani,TV Personality,Florida,United States,37,21,Withdrew,11,9,0.0,0.0,0.0,,3,0.0,0.0,True,False
Victor Espinoza,Karina Smirnoff,Athlete,,Mexico,43,21,Eliminated Week 2,12,9,0.0,0.0,0.0,,3,0.0,0.0,True,False
Chaka Khan,Keo Motsepe,Singer/Rapper,Illinois,United States,62,21,Eliminated Week 2,13,9,0.0,0.0,0.0,,3,0.0,0.0,True,False
Bindi Irwin,Derek Hough,TV Personality,,Australia,17,21,1st Place,1,10,10.5,10.5,10.5,,3,31.5,10.5,True,True
Nick Carter,Sharna Burgess,Singer/Rapper,New York,United States,35,21,2nd Place,2,10,9.0,9.0,9.0,,3,27.0,9.0,True,True
Alek Skarlatos,Lindsay Arnold,Military,California,United States,22,21,3rd Place,3,10,9.5,9.5,9.5,,3,28.5,9.5,True,True
Carlos PenaVega,Witney Carson,Actor/Actress,Missouri,United States,26,21,Eliminated Week 11,4,10,10.0,10.5,11.0,,3,31.5,10.5,True,True
Tamar Braxton,Valentin Chmerkovskiy,Singer/Rapper,Maryland,United States,38,21,Withdrew,5,10,0.0,0.0,0.0,,3,0.0,0.0,True,False
Alexa PenaVega,Mark Ballas,Actor/Actress,Florida,United States,27,21,Eliminated Week 9,6,10,0.0,0.0,0.0,,3,0.0,0.0,True,False
Andy Grammer,Allison Holker,Singer/Rapper,California,United States,31,21,Eliminated Week 8,7,10,0.0,0.0,0.0,,3,0.0,0.0,True,False
Hayes Grier,Emma Slater,Social Media Personality,North Carolina,United States,15,21,Eliminated Week 7,8,10,0.0,0.0,0.0,,3,0.0,0.0,True,False
Paula Deen,Louis van Amstel,TV Personality,Georgia,United States,68,21,Eliminated Week 6,9,10,0.0,0.0,0.0,,3,0.0,0.0,True,False
Gary Busey,Anna Trebunskaya,Actor/Actress,Texas,United States,71,21,Eliminated Week 4,10,10,0.0,0.0,0.0,,3,0.0,0.0,True,False
Kim Zolciak-Biermann,Tony Dovolani,TV Personality,Florida,United States,37,21,Withdrew,11,10,0.0,0.0,0.0,,3,0.0,0.0,True,False
Victor Espinoza,Karina Smirnoff,Athlete,,Mexico,43,21,Eliminated Week 2,12,10,0.0,0.0,0.0,,3,0.0,0.0,True,False
Chaka Khan,Keo Motsepe,Singer/Rapper,Illinois,United States,62,21,Eliminated Week 2,13,10,0.0,0.0,0.0,,3,0.0,0.0,True,False
Bindi Irwin,Derek Hough,TV Personality,,Australia,17,21,1st Place,1,11,10.0,10.0,10.0,,3,30.0,10.0,True,True
Nick Carter,Sharna Burgess,Singer/Rapper,New York,United States,35,21,2nd Place,2,11,10.0,10.0,10.0,,3,30.0,10.0,True,True
Alek Skarlatos,Lindsay Arnold,Military,California,United States,22,21,3rd Place,3,11,9.3333,9.3333,9.3333,,3,27.999899999999997,9.3333,True,True
Carlos PenaVega,Witney Carson,Actor/Actress,Missouri,United States,26,21,Eliminated Week 11,4,11,10.0,10.0,10.0,,3,30.0,10.0,True,True
Tamar Braxton,Valentin Chmerkovskiy,Singer/Rapper,Maryland,United States,38,21,Withdrew,5,11,0.0,0.0,0.0,,3,0.0,0.0,True,False
Alexa PenaVega,Mark Ballas,Actor/Actress,Florida,United States,27,21,Eliminated Week 9,6,11,0.0,0.0,0.0,,3,0.0,0.0,True,False
Andy Grammer,Allison Holker,Singer/Rapper,California,United States,31,21,Eliminated Week 8,7,11,0.0,0.0,0.0,,3,0.0,0.0,True,False
Hayes Grier,Emma Slater,Social Media Personality,North Carolina,United States,15,21,Eliminated Week 7,8,11,0.0,0.0,0.0,,3,0.0,0.0,True,False
Paula Deen,Louis van Amstel,TV Personality,Georgia,United States,68,21,Eliminated Week 6,9,11,0.0,0.0,0.0,,3,0.0,0.0,True,False
Gary Busey,Anna Trebunskaya,Actor/Actress,Texas,United States,71,21,Eliminated Week 4,10,11,0.0,0.0,0.0,,3,0.0,0.0,True,False
Kim Zolciak-Biermann,Tony Dovolani,TV Personality,Florida,United States,37,21,Withdrew,11,11,0.0,0.0,0.0,,3,0.0,0.0,True,False
Victor Espinoza,Karina Smirnoff,Athlete,,Mexico,43,21,Eliminated Week 2,12,11,0.0,0.0,0.0,,3,0.0,0.0,True,False
Chaka Khan,Keo Motsepe,Singer/Rapper,Illinois,United States,62,21,Eliminated Week 2,13,11,0.0,0.0,0.0,,3,0.0,0.0,True,False
Nyle DiMarco,Peta Murgatroyd,Model,New York,United States,26,22,1st Place,1,1,8.0,7.0,8.0,,3,23.0,7.666666666666667,True,True
Paige VanZant,Mark Ballas,Athlete,Oregon,United States,22,22,2nd Place,2,1,7.0,7.0,7.0,,3,21.0,7.0,True,True
Ginger Zee,Valentin Chmerkovskiy,News Anchor,California,United States,35,22,3rd Place,3,1,8.0,7.0,8.0,,3,23.0,7.666666666666667,True,True
Wanya Morris,Lindsay Arnold,Singer/Rapper,Pennsylvania,United States,42,22,Eliminated Week 9,4,1,8.0,7.0,8.0,,3,23.0,7.666666666666667,True,True
Antonio Brown,Sharna Burgess,Athlete,Florida,United States,27,22,Eliminated Week 9,5,1,8.0,6.0,7.0,,3,21.0,7.0,True,True
Jodie Sweetin,Keo Motsepe,Actor/Actress,California,United States,34,22,Eliminated Week 8,6,1,7.0,6.0,7.0,,3,20.0,6.666666666666667,True,True
Von Miller,Witney Carson,Athlete,Texas,United States,27,22,Eliminated Week 7,7,1,8.0,6.0,7.0,,3,21.0,7.0,True,True
Kim Fields,Sasha Farber,Actor/Actress,New York,United States,46,22,Eliminated Week 7,8,1,7.0,6.0,7.0,,3,20.0,6.666666666666667,True,True
Doug Flutie,Karina Smirnoff,Athlete,Maryland,United States,53,22,Eliminated Week 6,9,1,5.0,5.0,5.0,,3,15.0,5.0,True,True
Marla Maples,Tony Dovolani,TV Personality,Georgia,United States,52,22,Eliminated Week 4,10,1,7.0,7.0,7.0,,3,21.0,7.0,True,True
Mischa Barton,Artem Chigvintsev,Actor/Actress,,England,30,22,Eliminated Week 3,11,1,5.0,5.0,6.0,,3,16.0,5.333333333333333,True,True
Geraldo Rivera,Edyta Sliwinska,Journalist,New York,United States,72,22,Eliminated Week 2,12,1,5.0,4.0,4.0,,3,13.0,4.333333333333333,True,True
Nyle DiMarco,Peta Murgatroyd,Model,New York,United States,26,22,1st Place,1,2,7.0,6.0,7.0,,3,20.0,6.666666666666667,True,True
Paige VanZant,Mark Ballas,Athlete,Oregon,United States,22,22,2nd Place,2,2,8.0,8.0,8.0,,3,24.0,8.0,True,True
Ginger Zee,Valentin Chmerkovskiy,News Anchor,California,United States,35,22,3rd Place,3,2,7.0,7.0,7.0,,3,21.0,7.0,True,True
Wanya Morris,Lindsay Arnold,Singer/Rapper,Pennsylvania,United States,42,22,Eliminated Week 9,4,2,8.0,8.0,8.0,,3,24.0,8.0,True,True
Antonio Brown,Sharna Burgess,Athlete,Florida,United States,27,22,Eliminated Week 9,5,2,6.0,6.0,7.0,,3,19.0,6.333333333333333,True,True
Jodie Sweetin,Keo Motsepe,Actor/Actress,California,United States,34,22,Eliminated Week 8,6,2,7.0,7.0,7.0,,3,21.0,7.0,True,True
Von Miller,Witney Carson,Athlete,Texas,United States,27,22,Eliminated Week 7,7,2,7.0,6.0,7.0,,3,20.0,6.666666666666667,True,True
Kim Fields,Sasha Farber,Actor/Actress,New York,United States,46,22,Eliminated Week 7,8,2,7.0,6.0,6.0,,3,19.0,6.333333333333333,True,True
Doug Flutie,Karina Smirnoff,Athlete,Maryland,United States,53,22,Eliminated Week 6,9,2,7.0,6.0,7.0,,3,20.0,6.666666666666667,True,True
Marla Maples,Tony Dovolani,TV Personality,Georgia,United States,52,22,Eliminated Week 4,10,2,7.0,6.0,7.0,,3,20.0,6.666666666666667,True,True
Mischa Barton,Artem Chigvintsev,Actor/Actress,,England,30,22,Eliminated Week 3,11,2,5.0,5.0,5.0,,3,15.0,5.0,True,True
Geraldo Rivera,Edyta Sliwinska,Journalist,New York,United States,72,22,Eliminated Week 2,12,2,5.0,4.0,4.0,,3,13.0,4.333333333333333,True,True
Nyle DiMarco,Peta Murgatroyd,Model,New York,United States,26,22,1st Place,1,3,8.0,8.0,9.0,,3,25.0,8.333333333333334,True,True
Paige VanZant,Mark Ballas,Athlete,Oregon,United States,22,22,2nd Place,2,3,8.0,7.0,8.0,,3,23.0,7.666666666666667,True,True
Ginger Zee,Valentin Chmerkovskiy,News Anchor,California,United States,35,22,3rd Place,3,3,7.0,7.0,7.0,,3,21.0,7.0,True,True
Wanya Morris,Lindsay Arnold,Singer/Rapper,Pennsylvania,United States,42,22,Eliminated Week 9,4,3,8.0,8.0,8.0,,3,24.0,8.0,True,True
Antonio Brown,Sharna Burgess,Athlete,Florida,United States,27,22,Eliminated Week 9,5,3,7.0,6.0,7.0,,3,20.0,6.666666666666667,True,True
Jodie Sweetin,Keo Motsepe,Actor/Actress,California,United States,34,22,Eliminated Week 8,6,3,8.0,7.0,8.0,,3,23.0,7.666666666666667,True,True
Von Miller,Witney Carson,Athlete,Texas,United States,27,22,Eliminated Week 7,7,3,7.0,6.0,7.0,,3,20.0,6.666666666666667,True,True
Kim Fields,Sasha Farber,Actor/Actress,New York,United States,46,22,Eliminated Week 7,8,3,8.0,7.0,7.0,,3,22.0,7.333333333333333,True,True
Doug Flutie,Karina Smirnoff,Athlete,Maryland,United States,53,22,Eliminated Week 6,9,3,7.0,6.0,7.0,,3,20.0,6.666666666666667,True,True
Marla Maples,Tony Dovolani,TV Personality,Georgia,United States,52,22,Eliminated Week 4,10,3,7.0,7.0,7.0,,3,21.0,7.0,True,True
Mischa Barton,Artem Chigvintsev,Actor/Actress,,England,30,22,Eliminated Week 3,11,3,6.0,6.0,6.0,,3,18.0,6.0,True,True
Geraldo Rivera,Edyta Sliwinska,Journalist,New York,United States,72,22,Eliminated Week 2,12,3,0.0,0.0,0.0,,3,0.0,0.0,True,False
Nyle DiMarco,Peta Murgatroyd,Model,New York,United States,26,22,1st Place,1,4,8.0,8.0,9.0,9.0,4,34.0,8.5,True,True
Paige VanZant,Mark Ballas,Athlete,Oregon,United States,22,22,2nd Place,2,4,9.0,9.0,9.0,9.0,4,36.0,9.0,True,True
Ginger Zee,Valentin Chmerkovskiy,News Anchor,California,United States,35,22,3rd Place,3,4,9.0,9.0,9.0,9.0,4,36.0,9.0,True,True
Wanya Morris,Lindsay Arnold,Singer/Rapper,Pennsylvania,United States,42,22,Eliminated Week 9,4,4,8.0,9.0,9.0,9.0,4,35.0,8.75,True,True
Antonio Brown,Sharna Burgess,Athlete,Florida,United States,27,22,Eliminated Week 9,5,4,9.0,8.0,9.0,9.0,4,35.0,8.75,True,True
Jodie Sweetin,Keo Motsepe,Actor/Actress,California,United States,34,22,Eliminated Week 8,6,4,7.0,6.0,7.0,7.0,4,27.0,6.75,True,True
Von Miller,Witney Carson,Athlete,Texas,United States,27,22,Eliminated Week 7,7,4,8.0,8.0,8.0,8.0,4,32.0,8.0,True,True
Kim Fields,Sasha Farber,Actor/Actress,New York,United States,46,22,Eliminated Week 7,8,4,8.0,8.0,8.0,8.0,4,32.0,8.0,True,True
Doug Flutie,Karina Smirnoff,Athlete,Maryland,United States,53,22,Eliminated Week 6,9,4,6.0,6.0,6.0,6.0,4,24.0,6.0,True,True
Marla Maples,Tony Dovolani,TV Personality,Georgia,United States,52,22,Eliminated Week 4,10,4,7.0,7.0,7.0,7.0,4,28.0,7.0,True,True
Mischa Barton,Artem Chigvintsev,Actor/Actress,,England,30,22,Eliminated Week 3,11,4,0.0,0.0,0.0,0.0,4,0.0,0.0,True,False
Geraldo Rivera,Edyta Sliwinska,Journalist,New York,United States,72,22,Eliminated Week 2,12,4,0.0,0.0,0.0,0.0,4,0.0,0.0,True,False
Nyle DiMarco,Peta Murgatroyd,Model,New York,United States,26,22,1st Place,1,5,9.0,10.0,9.0,9.0,4,37.0,9.25,True,True
Paige VanZant,Mark Ballas,Athlete,Oregon,United States,22,22,2nd Place,2,5,8.0,8.0,7.0,8.0,4,31.0,7.75,True,True
Ginger Zee,Valentin Chmerkovskiy,News Anchor,California,United States,35,22,3rd Place,3,5,8.0,8.0,8.0,8.0,4,32.0,8.0,True,True
Wanya Morris,Lindsay Arnold,Singer/Rapper,Pennsylvania,United States,42,22,Eliminated Week 9,4,5,8.0,7.0,7.0,8.0,4,30.0,7.5,True,True
Antonio Brown,Sharna Burgess,Athlete,Florida,United States,27,22,Eliminated Week 9,5,5,7.0,6.0,6.0,7.0,4,26.0,6.5,True,True
Jodie Sweetin,Keo Motsepe,Actor/Actress,California,United States,34,22,Eliminated Week 8,6,5,9.0,8.0,9.0,9.0,4,35.0,8.75,True,True
Von Miller,Witney Carson,Athlete,Texas,United States,27,22,Eliminated Week 7,7,5,8.0,7.0,7.0,7.0,4,29.0,7.25,True,True
Kim Fields,Sasha Farber,Actor/Actress,New York,United States,46,22,Eliminated Week 7,8,5,8.0,6.0,6.0,8.0,4,28.0,7.0,True,True
Doug Flutie,Karina Smirnoff,Athlete,Maryland,United States,53,22,Eliminated Week 6,9,5,7.0,7.0,7.0,7.0,4,28.0,7.0,True,True
Marla Maples,Tony Dovolani,TV Personality,Georgia,United States,52,22,Eliminated Week 4,10,5,0.0,0.0,0.0,0.0,4,0.0,0.0,True,False
Mischa Barton,Artem Chigvintsev,Actor/Actress,,England,30,22,Eliminated Week 3,11,5,0.0,0.0,0.0,0.0,4,0.0,0.0,True,False
Geraldo Rivera,Edyta Sliwinska,Journalist,New York,United States,72,22,Eliminated Week 2,12,5,0.0,0.0,0.0,0.0,4,0.0,0.0,True,False
Nyle DiMarco,Peta Murgatroyd,Model,New York,United States,26,22,1st Place,1,6,8.0,8.0,9.0,,3,25.0,8.333333333333334,True,True
Paige VanZant,Mark Ballas,Athlete,Oregon,United States,22,22,2nd Place,2,6,9.0,10.0,9.0,,3,28.0,9.333333333333334,True,True
Ginger Zee,Valentin Chmerkovskiy,News Anchor,California,United States,35,22,3rd Place,3,6,8.0,8.0,8.0,,3,24.0,8.0,True,True
Wanya Morris,Lindsay Arnold,Singer/Rapper,Pennsylvania,United States,42,22,Eliminated Week 9,4,6,10.0,9.0,10.0,,3,29.0,9.666666666666666,True,True
Antonio Brown,Sharna Burgess,Athlete,Florida,United States,27,22,Eliminated Week 9,5,6,9.0,9.0,9.0,,3,27.0,9.0,True,True
Jodie Sweetin,Keo Motsepe,Actor/Actress,California,United States,34,22,Eliminated Week 8,6,6,9.0,8.0,8.0,,3,25.0,8.333333333333334,True,True
Von Miller,Witney Carson,Athlete,Texas,United States,27,22,Eliminated Week 7,7,6,8.0,8.0,8.0,,3,24.0,8.0,True,True
Kim Fields,Sasha Farber,Actor/Actress,New York,United States,46,22,Eliminated Week 7,8,6,8.0,8.0,8.0,,3,24.0,8.0,True,True
Doug Flutie,Karina Smirnoff,Athlete,Maryland,United States,53,22,Eliminated Week 6,9,6,7.0,7.0,7.0,,3,21.0,7.0,True,True
Marla Maples,Tony Dovolani,TV Personality,Georgia,United States,52,22,Eliminated Week 4,10,6,0.0,0.0,0.0,,3,0.0,0.0,True,False
Mischa Barton,Artem Chigvintsev,Actor/Actress,,England,30,22,Eliminated Week 3,11,6,0.0,0.0,0.0,,3,0.0,0.0,True,False
Geraldo Rivera,Edyta Sliwinska,Journalist,New York,United States,72,22,Eliminated Week 2,12,6,0.0,0.0,0.0,,3,0.0,0.0,True,False
Nyle DiMarco,Peta Murgatroyd,Model,New York,United States,26,22,1st Place,1,7,9.5,9.0,9.5,,3,28.0,9.333333333333334,True,True
Paige VanZant,Mark Ballas,Athlete,Oregon,United States,22,22,2nd Place,2,7,9.0,9.0,9.5,,3,27.5,9.166666666666666,True,True
Ginger Zee,Valentin Chmerkovskiy,News Anchor,California,United States,35,22,3rd Place,3,7,9.0,9.0,9.5,,3,27.5,9.166666666666666,True,True
Wanya Morris,Lindsay Arnold,Singer/Rapper,Pennsylvania,United States,42,22,Eliminated Week 9,4,7,9.0,9.0,9.5,,3,27.5,9.166666666666666,True,True
Antonio Brown,Sharna Burgess,Athlete,Florida,United States,27,22,Eliminated Week 9,5,7,8.5,8.5,9.0,,3,26.0,8.666666666666666,True,True
Jodie Sweetin,Keo Motsepe,Actor/Actress,California,United States,34,22,Eliminated Week 8,6,7,8.0,8.5,9.0,,3,25.5,8.5,True,True
Von Miller,Witney Carson,Athlete,Texas,United States,27,22,Eliminated Week 7,7,7,8.5,8.5,9.0,,3,26.0,8.666666666666666,True,True
Kim Fields,Sasha Farber,Actor/Actress,New York,United States,46,22,Eliminated Week 7,8,7,8.5,8.5,9.0,,3,26.0,8.666666666666666,True,True
Doug Flutie,Karina Smirnoff,Athlete,Maryland,United States,53,22,Eliminated Week 6,9,7,0.0,0.0,0.0,,3,0.0,0.0,True,False
Marla Maples,Tony Dovolani,TV Personality,Georgia,United States,52,22,Eliminated Week 4,10,7,0.0,0.0,0.0,,3,0.0,0.0,True,False
Mischa Barton,Artem Chigvintsev,Actor/Actress,,England,30,22,Eliminated Week 3,11,7,0.0,0.0,0.0,,3,0.0,0.0,True,False
Geraldo Rivera,Edyta Sliwinska,Journalist,New York,United States,72,22,Eliminated Week 2,12,7,0.0,0.0,0.0,,3,0.0,0.0,True,False
Nyle DiMarco,Peta Murgatroyd,Model,New York,United States,26,22,1st Place,1,8,10.0,9.0,10.0,,3,29.0,9.666666666666666,True,True
Paige VanZant,Mark Ballas,Athlete,Oregon,United States,22,22,2nd Place,2,8,10.0,9.0,9.0,,3,28.0,9.333333333333334,True,True
Ginger Zee,Valentin Chmerkovskiy,News Anchor,California,United States,35,22,3rd Place,3,8,10.0,10.0,10.0,,3,30.0,10.0,True,True
Wanya Morris,Lindsay Arnold,Singer/Rapper,Pennsylvania,United States,42,22,Eliminated Week 9,4,8,8.0,8.0,9.0,,3,25.0,8.333333333333334,True,True
Antonio Brown,Sharna Burgess,Athlete,Florida,United States,27,22,Eliminated Week 9,5,8,9.0,9.0,9.0,,3,27.0,9.0,True,True
Jodie Sweetin,Keo Motsepe,Actor/Actress,California,United States,34,22,Eliminated Week 8,6,8,10.0,10.0,10.0,,3,30.0,10.0,True,True
Von Miller,Witney Carson,Athlete,Texas,United States,27,22,Eliminated Week 7,7,8,0.0,0.0,0.0,,3,0.0,0.0,True,False
Kim Fields,Sasha Farber,Actor/Actress,New York,United States,46,22,Eliminated Week 7,8,8,0.0,0.0,0.0,,3,0.0,0.0,True,False
Doug Flutie,Karina Smirnoff,Athlete,Maryland,United States,53,22,Eliminated Week 6,9,8,0.0,0.0,0.0,,3,0.0,0.0,True,False
Marla Maples,Tony Dovolani,TV Personality,Georgia,United States,52,22,Eliminated Week 4,10,8,0.0,0.0,0.0,,3,0.0,0.0,True,False
Mischa Barton,Artem Chigvintsev,Actor/Actress,,England,30,22,Eliminated Week 3,11,8,0.0,0.0,0.0,,3,0.0,0.0,True,False
Geraldo Rivera,Edyta Sliwinska,Journalist,New York,United States,72,22,Eliminated Week 2,12,8,0.0,0.0,0.0,,3,0.0,0.0,True,False
Nyle DiMarco,Peta Murgatroyd,Model,New York,United States,26,22,1st Place,1,9,9.5,9.5,9.5,,3,28.5,9.5,True,True
Paige VanZant,Mark Ballas,Athlete,Oregon,United States,22,22,2nd Place,2,9,10.0,9.5,10.0,,3,29.5,9.833333333333334,True,True
Ginger Zee,Valentin Chmerkovskiy,News Anchor,California,United States,35,22,3rd Place,3,9,9.0,9.5,9.5,,3,28.0,9.333333333333334,True,True
Wanya Morris,Lindsay Arnold,Singer/Rapper,Pennsylvania,United States,42,22,Eliminated Week 9,4,9,10.0,10.0,10.0,,3,30.0,10.0,True,True
Antonio Brown,Sharna Burgess,Athlete,Florida,United States,27,22,Eliminated Week 9,5,9,9.0,9.0,9.5,,3,27.5,9.166666666666666,True,True
Jodie Sweetin,Keo Motsepe,Actor/Actress,California,United States,34,22,Eliminated Week 8,6,9,0.0,0.0,0.0,,3,0.0,0.0,True,False
Von Miller,Witney Carson,Athlete,Texas,United States,27,22,Eliminated Week 7,7,9,0.0,0.0,0.0,,3,0.0,0.0,True,False
Kim Fields,Sasha Farber,Actor/Actress,New York,United States,46,22,Eliminated Week 7,8,9,0.0,0.0,0.0,,3,0.0,0.0,True,False
Doug Flutie,Karina Smirnoff,Athlete,Maryland,United States,53,22,Eliminated Week 6,9,9,0.0,0.0,0.0,,3,0.0,0.0,True,False
Marla Maples,Tony Dovolani,TV Personality,Georgia,United States,52,22,Eliminated Week 4,10,9,0.0,0.0,0.0,,3,0.0,0.0,True,False
Mischa Barton,Artem Chigvintsev,Actor/Actress,,England,30,22,Eliminated Week 3,11,9,0.0,0.0,0.0,,3,0.0,0.0,True,False
Geraldo Rivera,Edyta Sliwinska,Journalist,New York,United States,72,22,Eliminated Week 2,12,9,0.0,0.0,0.0,,3,0.0,0.0,True,False
Nyle DiMarco,Peta Murgatroyd,Model,New York,United States,26,22,1st Place,1,10,9.6666,9.6666,9.6666,,3,28.9998,9.6666,True,True
Paige VanZant,Mark Ballas,Athlete,Oregon,United States,22,22,2nd Place,2,10,10.0,9.6666,10.0,,3,29.666600000000003,9.888866666666667,True,True
Ginger Zee,Valentin Chmerkovskiy,News Anchor,California,United States,35,22,3rd Place,3,10,9.3333,9.6666,9.3333,,3,28.333199999999998,9.4444,True,True
Wanya Morris,Lindsay Arnold,Singer/Rapper,Pennsylvania,United States,42,22,Eliminated Week 9,4,10,0.0,0.0,0.0,,3,0.0,0.0,True,False
Antonio Brown,Sharna Burgess,Athlete,Florida,United States,27,22,Eliminated Week 9,5,10,0.0,0.0,0.0,,3,0.0,0.0,True,False
Jodie Sweetin,Keo Motsepe,Actor/Actress,California,United States,34,22,Eliminated Week 8,6,10,0.0,0.0,0.0,,3,0.0,0.0,True,False
Von Miller,Witney Carson,Athlete,Texas,United States,27,22,Eliminated Week 7,7,10,0.0,0.0,0.0,,3,0.0,0.0,True,False
Kim Fields,Sasha Farber,Actor/Actress,New York,United States,46,22,Eliminated Week 7,8,10,0.0,0.0,0.0,,3,0.0,0.0,True,False
Doug Flutie,Karina Smirnoff,Athlete,Maryland,United States,53,22,Eliminated Week 6,9,10,0.0,0.0,0.0,,3,0.0,0.0,True,False
Marla Maples,Tony Dovolani,TV Personality,Georgia,United States,52,22,Eliminated Week 4,10,10,0.0,0.0,0.0,,3,0.0,0.0,True,False
Mischa Barton,Artem Chigvintsev,Actor/Actress,,England,30,22,Eliminated Week 3,11,10,0.0,0.0,0.0,,3,0.0,0.0,True,False
Geraldo Rivera,Edyta Sliwinska,Journalist,New York,United States,72,22,Eliminated Week 2,12,10,0.0,0.0,0.0,,3,0.0,0.0,True,False
Nyle DiMarco,Peta Murgatroyd,Model,New York,United States,26,22,1st Place,1,11,,,,,0,,,False,False
Paige VanZant,Mark Ballas,Athlete,Oregon,United States,22,22,2nd Place,2,11,,,,,0,,,False,False
Ginger Zee,Valentin Chmerkovskiy,News Anchor,California,United States,35,22,3rd Place,3,11,,,,,0,,,False,False
Wanya Morris,Lindsay Arnold,Singer/Rapper,Pennsylvania,United States,42,22,Eliminated Week 9,4,11,,,,,0,,,False,False
Antonio Brown,Sharna Burgess,Athlete,Florida,United States,27,22,Eliminated Week 9,5,11,,,,,0,,,False,False
Jodie Sweetin,Keo Motsepe,Actor/Actress,California,United States,34,22,Eliminated Week 8,6,11,,,,,0,,,False,False
Von Miller,Witney Carson,Athlete,Texas,United States,27,22,Eliminated Week 7,7,11,,,,,0,,,False,False
Kim Fields,Sasha Farber,Actor/Actress,New York,United States,46,22,Eliminated Week 7,8,11,,,,,0,,,False,False
Doug Flutie,Karina Smirnoff,Athlete,Maryland,United States,53,22,Eliminated Week 6,9,11,,,,,0,,,False,False
Marla Maples,Tony Dovolani,TV Personality,Georgia,United States,52,22,Eliminated Week 4,10,11,,,,,0,,,False,False
Mischa Barton,Artem Chigvintsev,Actor/Actress,,England,30,22,Eliminated Week 3,11,11,,,,,0,,,False,False
Geraldo Rivera,Edyta Sliwinska,Journalist,New York,United States,72,22,Eliminated Week 2,12,11,,,,,0,,,False,False
Laurie Hernandez,Valentin Chmerkovskiy,Athlete,New Jersey,United States,16,23,1st Place,1,1,8.0,8.0,7.0,8.0,4,31.0,7.75,True,True
James Hinchcliffe,Sharna Burgess,Racing Driver,,Canada,29,23,2nd Place,2,1,8.0,8.0,7.0,8.0,4,31.0,7.75,True,True
Calvin Johnson Jr.,Lindsay Arnold,Athlete,Georgia,United States,30,23,3rd Place,3,1,7.0,6.0,6.0,7.0,4,26.0,6.5,True,True
Jana Kramer,Gleb Savchenko,Singer/Rapper,Michigan,United States,32,23,Eliminated Week 11,4,1,7.0,6.0,6.0,8.0,4,27.0,6.75,True,True
Terra Jole,Sasha Farber,TV Personality,Texas,United States,36,23,Eliminated Week 10,5,1,7.0,6.0,6.0,6.0,4,25.0,6.25,True,True
Marilu Henner,Derek Hough,Actor/Actress,Illinois,United States,64,23,Eliminated Week 9,6,1,7.0,7.0,6.0,7.0,4,27.0,6.75,True,True
Ryan Lochte,Cheryl Burke,Athlete,New York,United States,32,23,Eliminated Week 8,7,1,6.0,6.0,6.0,6.0,4,24.0,6.0,True,True
Maureen McCormick,Artem Chigvintsev,Actor/Actress,California,United States,60,23,Eliminated Week 7,8,1,6.0,5.0,5.0,6.0,4,22.0,5.5,True,True
Amber Rose,Maksim Chmerkoskiy,Model,Pennsylvania,United States,32,23,Eliminated Week 6,9,1,6.0,6.0,6.0,6.0,4,24.0,6.0,True,True
Vanilla Ice,Witney Carson,Singer/Rapper,Texas,United States,48,23,Eliminated Week 4,10,1,7.0,5.0,6.0,7.0,4,25.0,6.25,True,True
Babyface,Allison Holker,Singer/Rapper,Indiana,United States,57,23,Eliminated Week 4,11,1,7.0,6.0,6.0,7.0,4,26.0,6.5,True,True
Rick Perry,Emma Slater,Politician,Texas,United States,66,23,Eliminated Week 3,12,1,5.0,5.0,5.0,5.0,4,20.0,5.0,True,True
Jake T. Austin,Jenna Johnson,Actor/Actress,New York,United States,21,23,Eliminated Week 2,13,1,5.0,6.0,5.0,6.0,4,22.0,5.5,True,True
Laurie Hernandez,Valentin Chmerkovskiy,Athlete,New Jersey,United States,16,23,1st Place,1,2,8.0,8.0,8.0,8.0,4,32.0,8.0,True,True
James Hinchcliffe,Sharna Burgess,Racing Driver,,Canada,29,23,2nd Place,2,2,7.0,7.0,7.0,8.0,4,29.0,7.25,True,True
Calvin Johnson Jr.,Lindsay Arnold,Athlete,Georgia,United States,30,23,3rd Place,3,2,7.0,7.0,7.0,7.0,4,28.0,7.0,True,True
Jana Kramer,Gleb Savchenko,Singer/Rapper,Michigan,United States,32,23,Eliminated Week 11,4,2,7.0,8.0,7.0,7.0,4,29.0,7.25,True,True
Terra Jole,Sasha Farber,TV Personality,Texas,United States,36,23,Eliminated Week 10,5,2,8.0,7.0,8.0,8.0,4,31.0,7.75,True,True
Marilu Henner,Derek Hough,Actor/Actress,Illinois,United States,64,23,Eliminated Week 9,6,2,7.0,6.0,7.0,7.0,4,27.0,6.75,True,True
Ryan Lochte,Cheryl Burke,Athlete,New York,United States,32,23,Eliminated Week 8,7,2,6.0,6.0,6.0,6.0,4,24.0,6.0,True,True
Maureen McCormick,Artem Chigvintsev,Actor/Actress,California,United States,60,23,Eliminated Week 7,8,2,7.0,6.0,6.0,7.0,4,26.0,6.5,True,True
Amber Rose,Maksim Chmerkoskiy,Model,Pennsylvania,United States,32,23,Eliminated Week 6,9,2,6.0,6.0,6.0,6.0,4,24.0,6.0,True,True
Vanilla Ice,Witney Carson,Singer/Rapper,Texas,United States,48,23,Eliminated Week 4,10,2,6.0,7.0,6.0,7.0,4,26.0,6.5,True,True
Babyface,Allison Holker,Singer/Rapper,Indiana,United States,57,23,Eliminated Week 4,11,2,8.0,7.0,7.0,8.0,4,30.0,7.5,True,True
Rick Perry,Emma Slater,Politician,Texas,United States,66,23,Eliminated Week 3,12,2,6.0,5.0,6.0,5.0,4,22.0,5.5,True,True
Jake T. Austin,Jenna Johnson,Actor/Actress,New York,United States,21,23,Eliminated Week 2,13,2,6.0,6.0,6.0,6.0,4,24.0,6.0,True,True
Laurie Hernandez,Valentin Chmerkovskiy,Athlete,New Jersey,United States,16,23,1st Place,1,3,7.0,8.0,8.0,8.0,4,31.0,7.75,True,True
James Hinchcliffe,Sharna Burgess,Racing Driver,,Canada,29,23,2nd Place,2,3,7.0,7.0,8.0,7.0,4,29.0,7.25,True,True
Calvin Johnson Jr.,Lindsay Arnold,Athlete,Georgia,United States,30,23,3rd Place,3,3,8.0,8.0,8.0,8.0,4,32.0,8.0,True,True
Jana Kramer,Gleb Savchenko,Singer/Rapper,Michigan,United States,32,23,Eliminated Week 11,4,3,6.0,7.0,6.0,7.0,4,26.0,6.5,True,True
Terra Jole,Sasha Farber,TV Personality,Texas,United States,36,23,Eliminated Week 10,5,3,8.0,7.0,8.0,7.0,4,30.0,7.5,True,True
Marilu Henner,Derek Hough,Actor/Actress,Illinois,United States,64,23,Eliminated Week 9,6,3,7.0,7.0,7.0,7.0,4,28.0,7.0,True,True
Ryan Lochte,Cheryl Burke,Athlete,New York,United States,32,23,Eliminated Week 8,7,3,6.0,7.0,6.0,6.0,4,25.0,6.25,True,True
Maureen McCormick,Artem Chigvintsev,Actor/Actress,California,United States,60,23,Eliminated Week 7,8,3,7.0,7.0,7.0,7.0,4,28.0,7.0,True,True
Amber Rose,Maksim Chmerkoskiy,Model,Pennsylvania,United States,32,23,Eliminated Week 6,9,3,7.0,6.0,6.0,6.0,4,25.0,6.25,True,True
Vanilla Ice,Witney Carson,Singer/Rapper,Texas,United States,48,23,Eliminated Week 4,10,3,6.0,6.0,5.0,6.0,4,23.0,5.75,True,True
Babyface,Allison Holker,Singer/Rapper,Indiana,United States,57,23,Eliminated Week 4,11,3,7.0,6.0,6.0,6.0,4,25.0,6.25,True,True
Rick Perry,Emma Slater,Politician,Texas,United States,66,23,Eliminated Week 3,12,3,6.0,5.0,6.0,6.0,4,23.0,5.75,True,True
Jake T. Austin,Jenna Johnson,Actor/Actress,New York,United States,21,23,Eliminated Week 2,13,3,0.0,0.0,0.0,0.0,4,0.0,0.0,True,False
Laurie Hernandez,Valentin Chmerkovskiy,Athlete,New Jersey,United States,16,23,1st Place,1,4,10.0,10.0,10.0,,3,30.0,10.0,True,True
James Hinchcliffe,Sharna Burgess,Racing Driver,,Canada,29,23,2nd Place,2,4,9.0,9.0,10.0,,3,28.0,9.333333333333334,True,True
Calvin Johnson Jr.,Lindsay Arnold,Athlete,Georgia,United States,30,23,3rd Place,3,4,8.0,7.0,8.0,,3,23.0,7.666666666666667,True,True
Jana Kramer,Gleb Savchenko,Singer/Rapper,Michigan,United States,32,23,Eliminated Week 11,4,4,8.0,7.0,8.0,,3,23.0,7.666666666666667,True,True
Terra Jole,Sasha Farber,TV Personality,Texas,United States,36,23,Eliminated Week 10,5,4,9.0,8.0,8.0,,3,25.0,8.333333333333334,True,True
Marilu Henner,Derek Hough,Actor/Actress,Illinois,United States,64,23,Eliminated Week 9,6,4,7.0,7.0,7.0,,3,21.0,7.0,True,True
Ryan Lochte,Cheryl Burke,Athlete,New York,United States,32,23,Eliminated Week 8,7,4,7.0,7.0,8.0,,3,22.0,7.333333333333333,True,True
Maureen McCormick,Artem Chigvintsev,Actor/Actress,California,United States,60,23,Eliminated Week 7,8,4,8.0,8.0,8.0,,3,24.0,8.0,True,True
Amber Rose,Maksim Chmerkoskiy,Model,Pennsylvania,United States,32,23,Eliminated Week 6,9,4,8.0,8.0,8.0,,3,24.0,8.0,True,True
Vanilla Ice,Witney Carson,Singer/Rapper,Texas,United States,48,23,Eliminated Week 4,10,4,8.0,7.0,8.0,,3,23.0,7.666666666666667,True,True
Babyface,Allison Holker,Singer/Rapper,Indiana,United States,57,23,Eliminated Week 4,11,4,6.0,6.0,6.0,,3,18.0,6.0,True,True
Rick Perry,Emma Slater,Politician,Texas,United States,66,23,Eliminated Week 3,12,4,0.0,0.0,0.0,,3,0.0,0.0,True,False
Jake T. Austin,Jenna Johnson,Actor/Actress,New York,United States,21,23,Eliminated Week 2,13,4,0.0,0.0,0.0,,3,0.0,0.0,True,False
Laurie Hernandez,Valentin Chmerkovskiy,Athlete,New Jersey,United States,16,23,1st Place,1,5,8.0,9.0,8.0,,3,25.0,8.333333333333334,True,True
James Hinchcliffe,Sharna Burgess,Racing Driver,,Canada,29,23,2nd Place,2,5,10.0,9.0,10.0,,3,29.0,9.666666666666666,True,True
Calvin Johnson Jr.,Lindsay Arnold,Athlete,Georgia,United States,30,23,3rd Place,3,5,8.0,8.0,8.0,,3,24.0,8.0,True,True
Jana Kramer,Gleb Savchenko,Singer/Rapper,Michigan,United States,32,23,Eliminated Week 11,4,5,9.0,8.0,9.0,,3,26.0,8.666666666666666,True,True
Terra Jole,Sasha Farber,TV Personality,Texas,United States,36,23,Eliminated Week 10,5,5,9.0,9.0,9.0,,3,27.0,9.0,True,True
Marilu Henner,Derek Hough,Actor/Actress,Illinois,United States,64,23,Eliminated Week 9,6,5,9.0,9.0,9.0,,3,27.0,9.0,True,True
Ryan Lochte,Cheryl Burke,Athlete,New York,United States,32,23,Eliminated Week 8,7,5,8.0,8.0,8.0,,3,24.0,8.0,True,True
Maureen McCormick,Artem Chigvintsev,Actor/Actress,California,United States,60,23,Eliminated Week 7,8,5,8.0,8.0,8.0,,3,24.0,8.0,True,True
Amber Rose,Maksim Chmerkoskiy,Model,Pennsylvania,United States,32,23,Eliminated Week 6,9,5,8.0,8.0,8.0,,3,24.0,8.0,True,True
Vanilla Ice,Witney Carson,Singer/Rapper,Texas,United States,48,23,Eliminated Week 4,10,5,0.0,0.0,0.0,,3,0.0,0.0,True,False
Babyface,Allison Holker,Singer/Rapper,Indiana,United States,57,23,Eliminated Week 4,11,5,0.0,0.0,0.0,,3,0.0,0.0,True,False
Rick Perry,Emma Slater,Politician,Texas,United States,66,23,Eliminated Week 3,12,5,0.0,0.0,0.0,,3,0.0,0.0,True,False
Jake T. Austin,Jenna Johnson,Actor/Actress,New York,United States,21,23,Eliminated Week 2,13,5,0.0,0.0,0.0,,3,0.0,0.0,True,False
Laurie Hernandez,Valentin Chmerkovskiy,Athlete,New Jersey,United States,16,23,1st Place,1,6,9.0,9.0,9.0,10.0,4,37.0,9.25,True,True
James Hinchcliffe,Sharna Burgess,Racing Driver,,Canada,29,23,2nd Place,2,6,10.0,9.0,9.0,10.0,4,38.0,9.5,True,True
Calvin Johnson Jr.,Lindsay Arnold,Athlete,Georgia,United States,30,23,3rd Place,3,6,9.0,10.0,9.0,9.0,4,37.0,9.25,True,True
Jana Kramer,Gleb Savchenko,Singer/Rapper,Michigan,United States,32,23,Eliminated Week 11,4,6,10.0,10.0,10.0,10.0,4,40.0,10.0,True,True
Terra Jole,Sasha Farber,TV Personality,Texas,United States,36,23,Eliminated Week 10,5,6,7.0,8.0,8.0,7.0,4,30.0,7.5,True,True
Marilu Henner,Derek Hough,Actor/Actress,Illinois,United States,64,23,Eliminated Week 9,6,6,8.0,9.0,9.0,8.0,4,34.0,8.5,True,True
Ryan Lochte,Cheryl Burke,Athlete,New York,United States,32,23,Eliminated Week 8,7,6,7.0,8.0,8.0,7.0,4,30.0,7.5,True,True
Maureen McCormick,Artem Chigvintsev,Actor/Actress,California,United States,60,23,Eliminated Week 7,8,6,8.0,7.0,8.0,8.0,4,31.0,7.75,True,True
Amber Rose,Maksim Chmerkoskiy,Model,Pennsylvania,United States,32,23,Eliminated Week 6,9,6,7.0,7.0,7.0,7.0,4,28.0,7.0,True,True
Vanilla Ice,Witney Carson,Singer/Rapper,Texas,United States,48,23,Eliminated Week 4,10,6,0.0,0.0,0.0,0.0,4,0.0,0.0,True,False
Babyface,Allison Holker,Singer/Rapper,Indiana,United States,57,23,Eliminated Week 4,11,6,0.0,0.0,0.0,0.0,4,0.0,0.0,True,False
Rick Perry,Emma Slater,Politician,Texas,United States,66,23,Eliminated Week 3,12,6,0.0,0.0,0.0,0.0,4,0.0,0.0,True,False
Jake T. Austin,Jenna Johnson,Actor/Actress,New York,United States,21,23,Eliminated Week 2,13,6,0.0,0.0,0.0,0.0,4,0.0,0.0,True,False
Laurie Hernandez,Valentin Chmerkovskiy,Athlete,New Jersey,United States,16,23,1st Place,1,7,8.0,8.5,9.0,9.0,4,34.5,8.625,True,True
James Hinchcliffe,Sharna Burgess,Racing Driver,,Canada,29,23,2nd Place,2,7,9.5,9.0,9.0,9.5,4,37.0,9.25,True,True
Calvin Johnson Jr.,Lindsay Arnold,Athlete,Georgia,United States,30,23,3rd Place,3,7,9.5,9.0,9.0,9.5,4,37.0,9.25,True,True
Jana Kramer,Gleb Savchenko,Singer/Rapper,Michigan,United States,32,23,Eliminated Week 11,4,7,8.0,8.5,9.0,9.0,4,34.5,8.625,True,True
Terra Jole,Sasha Farber,TV Personality,Texas,United States,36,23,Eliminated Week 10,5,7,8.5,8.5,9.0,8.5,4,34.5,8.625,True,True
Marilu Henner,Derek Hough,Actor/Actress,Illinois,United States,64,23,Eliminated Week 9,6,7,7.5,8.0,8.5,8.0,4,32.0,8.0,True,True
Ryan Lochte,Cheryl Burke,Athlete,New York,United States,32,23,Eliminated Week 8,7,7,8.5,8.0,8.0,8.5,4,33.0,8.25,True,True
Maureen McCormick,Artem Chigvintsev,Actor/Actress,California,United States,60,23,Eliminated Week 7,8,7,8.5,8.0,8.0,8.5,4,33.0,8.25,True,True
Amber Rose,Maksim Chmerkoskiy,Model,Pennsylvania,United States,32,23,Eliminated Week 6,9,7,0.0,0.0,0.0,0.0,4,0.0,0.0,True,False
Vanilla Ice,Witney Carson,Singer/Rapper,Texas,United States,48,23,Eliminated Week 4,10,7,0.0,0.0,0.0,0.0,4,0.0,0.0,True,False
Babyface,Allison Holker,Singer/Rapper,Indiana,United States,57,23,Eliminated Week 4,11,7,0.0,0.0,0.0,0.0,4,0.0,0.0,True,False
Rick Perry,Emma Slater,Politician,Texas,United States,66,23,Eliminated Week 3,12,7,0.0,0.0,0.0,0.0,4,0.0,0.0,True,False
Jake T. Austin,Jenna Johnson,Actor/Actress,New York,United States,21,23,Eliminated Week 2,13,7,0.0,0.0,0.0,0.0,4,0.0,0.0,True,False
Laurie Hernandez,Valentin Chmerkovskiy,Athlete,New Jersey,United States,16,23,1st Place,1,8,11.0,11.0,11.0,,3,33.0,11.0,True,True
James Hinchcliffe,Sharna Burgess,Racing Driver,,Canada,29,23,2nd Place,2,8,11.6666,11.6666,11.6666,,3,34.9998,11.6666,True,True
Calvin Johnson Jr.,Lindsay Arnold,Athlete,Georgia,United States,30,23,3rd Place,3,8,10.0,10.0,10.0,,3,30.0,10.0,True,True
Jana Kramer,Gleb Savchenko,Singer/Rapper,Michigan,United States,32,23,Eliminated Week 11,4,8,10.0,10.0,10.0,,3,30.0,10.0,True,True
Terra Jole,Sasha Farber,TV Personality,Texas,United States,36,23,Eliminated Week 10,5,8,8.0,8.0,8.0,,3,24.0,8.0,True,True
Marilu Henner,Derek Hough,Actor/Actress,Illinois,United States,64,23,Eliminated Week 9,6,8,7.0,8.0,8.0,,3,23.0,7.666666666666667,True,True
Ryan Lochte,Cheryl Burke,Athlete,New York,United States,32,23,Eliminated Week 8,7,8,8.0,9.0,9.0,,3,26.0,8.666666666666666,True,True
Maureen McCormick,Artem Chigvintsev,Actor/Actress,California,United States,60,23,Eliminated Week 7,8,8,0.0,0.0,0.0,,3,0.0,0.0,True,False
Amber Rose,Maksim Chmerkoskiy,Model,Pennsylvania,United States,32,23,Eliminated Week 6,9,8,0.0,0.0,0.0,,3,0.0,0.0,True,False
Vanilla Ice,Witney Carson,Singer/Rapper,Texas,United States,48,23,Eliminated Week 4,10,8,0.0,0.0,0.0,,3,0.0,0.0,True,False
Babyface,Allison Holker,Singer/Rapper,Indiana,United States,57,23,Eliminated Week 4,11,8,0.0,0.0,0.0,,3,0.0,0.0,True,False
Rick Perry,Emma Slater,Politician,Texas,United States,66,23,Eliminated Week 3,12,8,0.0,0.0,0.0,,3,0.0,0.0,True,False
Jake T. Austin,Jenna Johnson,Actor/Actress,New York,United States,21,23,Eliminated Week 2,13,8,0.0,0.0,0.0,,3,0.0,0.0,True,False
Laurie Hernandez,Valentin Chmerkovskiy,Athlete,New Jersey,United States,16,23,1st Place,1,9,10.0,10.0,10.0,10.0,4,40.0,10.0,True,True
James Hinchcliffe,Sharna Burgess,Racing Driver,,Canada,29,23,2nd Place,2,9,9.0,9.0,9.0,9.0,4,36.0,9.0,True,True
Calvin Johnson Jr.,Lindsay Arnold,Athlete,Georgia,United States,30,23,3rd Place,3,9,9.0,9.0,10.0,9.0,4,37.0,9.25,True,True
Jana Kramer,Gleb Savchenko,Singer/Rapper,Michigan,United States,32,23,Eliminated Week 11,4,9,10.0,10.0,10.0,10.0,4,40.0,10.0,True,True
Terra Jole,Sasha Farber,TV Personality,Texas,United States,36,23,Eliminated Week 10,5,9,10.0,10.0,9.0,9.0,4,38.0,9.5,True,True
Marilu Henner,Derek Hough,Actor/Actress,Illinois,United States,64,23,Eliminated Week 9,6,9,9.0,9.0,9.0,9.0,4,36.0,9.0,True,True
Ryan Lochte,Cheryl Burke,Athlete,New York,United States,32,23,Eliminated Week 8,7,9,0.0,0.0,0.0,0.0,4,0.0,0.0,True,False
Maureen McCormick,Artem Chigvintsev,Actor/Actress,California,United States,60,23,Eliminated Week 7,8,9,0.0,0.0,0.0,0.0,4,0.0,0.0,True,False
Amber Rose,Maksim Chmerkoskiy,Model,Pennsylvania,United States,32,23,Eliminated Week 6,9,9,0.0,0.0,0.0,0.0,4,0.0,0.0,True,False
Vanilla Ice,Witney Carson,Singer/Rapper,Texas,United States,48,23,Eliminated Week 4,10,9,0.0,0.0,0.0,0.0,4,0.0,0.0,True,False
Babyface,Allison Holker,Singer/Rapper,Indiana,United States,57,23,Eliminated Week 4,11,9,0.0,0.0,0.0,0.0,4,0.0,0.0,True,False
Rick Perry,Emma Slater,Politician,Texas,United States,66,23,Eliminated Week 3,12,9,0.0,0.0,0.0,0.0,4,0.0,0.0,True,False
Jake T. Austin,Jenna Johnson,Actor/Actress,New York,United States,21,23,Eliminated Week 2,13,9,0.0,0.0,0.0,0.0,4,0.0,0.0,True,False
Laurie Hernandez,Valentin Chmerkovskiy,Athlete,New Jersey,United States,16,23,1st Place,1,10,10.0,10.0,10.0,,3,30.0,10.0,True,True
James Hinchcliffe,Sharna Burgess,Racing Driver,,Canada,29,23,2nd Place,2,10,9.5,10.0,10.0,,3,29.5,9.833333333333334,True,True
Calvin Johnson Jr.,Lindsay Arnold,Athlete,Georgia,United States,30,23,3rd Place,3,10,9.0,9.5,9.5,,3,28.0,9.333333333333334,True,True
Jana Kramer,Gleb Savchenko,Singer/Rapper,Michigan,United States,32,23,Eliminated Week 11,4,10,9.5,9.5,10.0,,3,29.0,9.666666666666666,True,True
Terra Jole,Sasha Farber,TV Personality,Texas,United States,36,23,Eliminated Week 10,5,10,10.0,10.0,10.0,,3,30.0,10.0,True,True
Marilu Henner,Derek Hough,Actor/Actress,Illinois,United States,64,23,Eliminated Week 9,6,10,0.0,0.0,0.0,,3,0.0,0.0,True,False
Ryan Lochte,Cheryl Burke,Athlete,New York,United States,32,23,Eliminated Week 8,7,10,0.0,0.0,0.0,,3,0.0,0.0,True,False
Maureen McCormick,Artem Chigvintsev,Actor/Actress,California,United States,60,23,Eliminated Week 7,8,10,0.0,0.0,0.0,,3,0.0,0.0,True,False
Amber Rose,Maksim Chmerkoskiy,Model,Pennsylvania,United States,32,23,Eliminated Week 6,9,10,0.0,0.0,0.0,,3,0.0,0.0,True,False
Vanilla Ice,Witney Carson,Singer/Rapper,Texas,United States,48,23,Eliminated Week 4,10,10,0.0,0.0,0.0,,3,0.0,0.0,True,False
Babyface,Allison Holker,Singer/Rapper,Indiana,United States,57,23,Eliminated Week 4,11,10,0.0,0.0,0.0,,3,0.0,0.0,True,False
Rick Perry,Emma Slater,Politician,Texas,United States,66,23,Eliminated Week 3,12,10,0.0,0.0,0.0,,3,0.0,0.0,True,False
Jake T. Austin,Jenna Johnson,Actor/Actress,New York,United States,21,23,Eliminated Week 2,13,10,0.0,0.0,0.0,,3,0.0,0.0,True,False
Laurie Hernandez,Valentin Chmerkovskiy,Athlete,New Jersey,United States,16,23,1st Place,1,11,9.6666,10.0,9.6666,10.0,4,39.333200000000005,9.833300000000001,True,True
James Hinchcliffe,Sharna Burgess,Racing Driver,,Canada,29,23,2nd Place,2,11,9.6666,9.6666,9.6666,10.0,4,38.9998,9.74995,True,True
Calvin Johnson Jr.,Lindsay Arnold,Athlete,Georgia,United States,30,23,3rd Place,3,11,9.3333,9.6666,9.6666,9.6666,4,38.3331,9.583275,True,True
Jana Kramer,Gleb Savchenko,Singer/Rapper,Michigan,United States,32,23,Eliminated Week 11,4,11,8.5,9.0,9.0,9.0,4,35.5,8.875,True,True
Terra Jole,Sasha Farber,TV Personality,Texas,United States,36,23,Eliminated Week 10,5,11,0.0,0.0,0.0,0.0,4,0.0,0.0,True,False
Marilu Henner,Derek Hough,Actor/Actress,Illinois,United States,64,23,Eliminated Week 9,6,11,0.0,0.0,0.0,0.0,4,0.0,0.0,True,False
Ryan Lochte,Cheryl Burke,Athlete,New York,United States,32,23,Eliminated Week 8,7,11,0.0,0.0,0.0,0.0,4,0.0,0.0,True,False
Maureen McCormick,Artem Chigvintsev,Actor/Actress,California,United States,60,23,Eliminated Week 7,8,11,0.0,0.0,0.0,0.0,4,0.0,0.0,True,False
Amber Rose,Maksim Chmerkoskiy,Model,Pennsylvania,United States,32,23,Eliminated Week 6,9,11,0.0,0.0,0.0,0.0,4,0.0,0.0,True,False
Vanilla Ice,Witney Carson,Singer/Rapper,Texas,United States,48,23,Eliminated Week 4,10,11,0.0,0.0,0.0,0.0,4,0.0,0.0,True,False
Babyface,Allison Holker,Singer/Rapper,Indiana,United States,57,23,Eliminated Week 4,11,11,0.0,0.0,0.0,0.0,4,0.0,0.0,True,False
Rick Perry,Emma Slater,Politician,Texas,United States,66,23,Eliminated Week 3,12,11,0.0,0.0,0.0,0.0,4,0.0,0.0,True,False
Jake T. Austin,Jenna Johnson,Actor/Actress,New York,United States,21,23,Eliminated Week 2,13,11,0.0,0.0,0.0,0.0,4,0.0,0.0,True,False
Rashad Jennings,Emma Slater,Athlete,Virginia,United States,32,24,1st Place,1,1,8.0,7.0,8.0,8.0,4,31.0,7.75,True,True
David Ross,Lindsay Arnold,Athlete,Georgia,United States,40,24,2nd Place,2,1,7.0,7.0,7.0,7.0,4,28.0,7.0,True,True
Normani,Valentin Chmerkovskiy,Singer/Rapper,Georgia,United States,20,24,3rd Place,3,1,7.0,6.0,7.0,7.0,4,27.0,6.75,True,True
Simone Biles,Sasha Farber,Athlete,Ohio,United States,20,24,Eliminated Week 9,4,1,8.0,8.0,8.0,8.0,4,32.0,8.0,True,True
Bonner Bolton,Sharna Burgess,Athlete,Texas,United States,29,24,Eliminated Week 8,5,1,6.0,5.0,5.0,6.0,4,22.0,5.5,True,True
Nick Viall,Peta Murgatroyd,TV Personality,Wisconsin,United States,36,24,Eliminated Week 7,6,1,6.0,6.0,6.0,6.0,4,24.0,6.0,True,True
Nancy Kerrigan,Artem Chigvintsev,Athlete,Massachusetts,United States,47,24,Eliminated Week 7,7,1,7.0,7.0,7.0,7.0,4,28.0,7.0,True,True
Heather Morris,Maksim Chmerkoskiy,Actor/Actress,California,United States,30,24,Eliminated Week 6,8,1,7.0,7.0,7.0,7.0,4,28.0,7.0,True,True
Erika Jayne,Gleb Savchenko,Singer/Rapper,Georgia,United States,45,24,Eliminated Week 5,9,1,6.0,6.0,6.0,6.0,4,24.0,6.0,True,True
Mr. T,Kym Herjavec,Actor/Actress,Illinois,United States,64,24,Eliminated Week 4,10,1,5.0,5.0,5.0,5.0,4,20.0,5.0,True,True
Charo,Keo Motsepe,Actor/Actress,,Spain,66,24,Eliminated Week 3,11,1,6.0,5.0,5.0,5.0,4,21.0,5.25,True,True
Chris Kattan,Witney Carson,Comedian,California,United States,46,24,Eliminated Week 2,12,1,5.0,4.0,4.0,4.0,4,17.0,4.25,True,True
Rashad Jennings,Emma Slater,Athlete,Virginia,United States,32,24,1st Place,1,2,8.0,8.0,8.0,8.0,4,32.0,8.0,True,True
David Ross,Lindsay Arnold,Athlete,Georgia,United States,40,24,2nd Place,2,2,7.0,6.0,7.0,7.0,4,27.0,6.75,True,True
Normani,Valentin Chmerkovskiy,Singer/Rapper,Georgia,United States,20,24,3rd Place,3,2,8.0,8.0,8.0,8.0,4,32.0,8.0,True,True
Simone Biles,Sasha Farber,Athlete,Ohio,United States,20,24,Eliminated Week 9,4,2,7.0,7.0,7.0,8.0,4,29.0,7.25,True,True
Bonner Bolton,Sharna Burgess,Athlete,Texas,United States,29,24,Eliminated Week 8,5,2,8.0,5.0,8.0,7.0,4,28.0,7.0,True,True
Nick Viall,Peta Murgatroyd,TV Personality,Wisconsin,United States,36,24,Eliminated Week 7,6,2,7.0,5.0,7.0,6.0,4,25.0,6.25,True,True
Nancy Kerrigan,Artem Chigvintsev,Athlete,Massachusetts,United States,47,24,Eliminated Week 7,7,2,7.0,7.0,7.0,7.0,4,28.0,7.0,True,True
Heather Morris,Maksim Chmerkoskiy,Actor/Actress,California,United States,30,24,Eliminated Week 6,8,2,8.0,6.0,8.0,8.0,4,30.0,7.5,True,True
Erika Jayne,Gleb Savchenko,Singer/Rapper,Georgia,United States,45,24,Eliminated Week 5,9,2,7.0,7.0,7.0,7.0,4,28.0,7.0,True,True
Mr. T,Kym Herjavec,Actor/Actress,Illinois,United States,64,24,Eliminated Week 4,10,2,6.0,5.0,6.0,5.0,4,22.0,5.5,True,True
Charo,Keo Motsepe,Actor/Actress,,Spain,66,24,Eliminated Week 3,11,2,6.0,6.0,7.0,6.0,4,25.0,6.25,True,True
Chris Kattan,Witney Carson,Comedian,California,United States,46,24,Eliminated Week 2,12,2,6.0,5.0,6.0,5.0,4,22.0,5.5,True,True
Rashad Jennings,Emma Slater,Athlete,Virginia,United States,32,24,1st Place,1,3,7.0,7.0,7.0,7.0,4,28.0,7.0,True,True
David Ross,Lindsay Arnold,Athlete,Georgia,United States,40,24,2nd Place,2,3,8.0,7.0,8.0,8.0,4,31.0,7.75,True,True
Normani,Valentin Chmerkovskiy,Singer/Rapper,Georgia,United States,20,24,3rd Place,3,3,8.0,8.0,9.0,9.0,4,34.0,8.5,True,True
Simone Biles,Sasha Farber,Athlete,Ohio,United States,20,24,Eliminated Week 9,4,3,7.0,8.0,9.0,8.0,4,32.0,8.0,True,True
Bonner Bolton,Sharna Burgess,Athlete,Texas,United States,29,24,Eliminated Week 8,5,3,6.0,6.0,6.0,6.0,4,24.0,6.0,True,True
Nick Viall,Peta Murgatroyd,TV Personality,Wisconsin,United States,36,24,Eliminated Week 7,6,3,7.0,6.0,7.0,6.0,4,26.0,6.5,True,True
Nancy Kerrigan,Artem Chigvintsev,Athlete,Massachusetts,United States,47,24,Eliminated Week 7,7,3,8.0,9.0,8.0,8.0,4,33.0,8.25,True,True
Heather Morris,Maksim Chmerkoskiy,Actor/Actress,California,United States,30,24,Eliminated Week 6,8,3,9.0,8.0,8.0,8.0,4,33.0,8.25,True,True
Erika Jayne,Gleb Savchenko,Singer/Rapper,Georgia,United States,45,24,Eliminated Week 5,9,3,6.0,7.0,7.0,6.0,4,26.0,6.5,True,True
Mr. T,Kym Herjavec,Actor/Actress,Illinois,United States,64,24,Eliminated Week 4,10,3,6.0,6.0,6.0,6.0,4,24.0,6.0,True,True
Charo,Keo Motsepe,Actor/Actress,,Spain,66,24,Eliminated Week 3,11,3,6.0,6.0,6.0,6.0,4,24.0,6.0,True,True
Chris Kattan,Witney Carson,Comedian,California,United States,46,24,Eliminated Week 2,12,3,0.0,0.0,0.0,0.0,4,0.0,0.0,True,False
Rashad Jennings,Emma Slater,Athlete,Virginia,United States,32,24,1st Place,1,4,10.0,9.0,10.0,10.0,4,39.0,9.75,True,True
David Ross,Lindsay Arnold,Athlete,Georgia,United States,40,24,2nd Place,2,4,7.0,8.0,8.0,8.0,4,31.0,7.75,True,True
Normani,Valentin Chmerkovskiy,Singer/Rapper,Georgia,United States,20,24,3rd Place,3,4,8.0,7.0,8.0,9.0,4,32.0,8.0,True,True
Simone Biles,Sasha Farber,Athlete,Ohio,United States,20,24,Eliminated Week 9,4,4,9.0,9.0,9.0,9.0,4,36.0,9.0,True,True
Bonner Bolton,Sharna Burgess,Athlete,Texas,United States,29,24,Eliminated Week 8,5,4,8.0,8.0,8.0,8.0,4,32.0,8.0,True,True
Nick Viall,Peta Murgatroyd,TV Personality,Wisconsin,United States,36,24,Eliminated Week 7,6,4,8.0,7.0,8.0,7.0,4,30.0,7.5,True,True
Nancy Kerrigan,Artem Chigvintsev,Athlete,Massachusetts,United States,47,24,Eliminated Week 7,7,4,8.0,9.0,8.0,8.0,4,33.0,8.25,True,True
Heather Morris,Maksim Chmerkoskiy,Actor/Actress,California,United States,30,24,Eliminated Week 6,8,4,8.0,9.0,9.0,9.0,4,35.0,8.75,True,True
Erika Jayne,Gleb Savchenko,Singer/Rapper,Georgia,United States,45,24,Eliminated Week 5,9,4,8.0,7.0,7.0,8.0,4,30.0,7.5,True,True
Mr. T,Kym Herjavec,Actor/Actress,Illinois,United States,64,24,Eliminated Week 4,10,4,7.0,7.0,7.0,7.0,4,28.0,7.0,True,True
Charo,Keo Motsepe,Actor/Actress,,Spain,66,24,Eliminated Week 3,11,4,0.0,0.0,0.0,0.0,4,0.0,0.0,True,False
Chris Kattan,Witney Carson,Comedian,California,United States,46,24,Eliminated Week 2,12,4,0.0,0.0,0.0,0.0,4,0.0,0.0,True,False
Rashad Jennings,Emma Slater,Athlete,Virginia,United States,32,24,1st Place,1,5,7.0,8.0,9.0,8.0,4,32.0,8.0,True,True
David Ross,Lindsay Arnold,Athlete,Georgia,United States,40,24,2nd Place,2,5,7.0,7.0,8.0,7.0,4,29.0,7.25,True,True
Normani,Valentin Chmerkovskiy,Singer/Rapper,Georgia,United States,20,24,3rd Place,3,5,10.0,9.0,10.0,10.0,4,39.0,9.75,True,True
Simone Biles,Sasha Farber,Athlete,Ohio,United States,20,24,Eliminated Week 9,4,5,9.0,9.0,10.0,10.0,4,38.0,9.5,True,True
Bonner Bolton,Sharna Burgess,Athlete,Texas,United States,29,24,Eliminated Week 8,5,5,7.0,8.0,8.0,7.0,4,30.0,7.5,True,True
Nick Viall,Peta Murgatroyd,TV Personality,Wisconsin,United States,36,24,Eliminated Week 7,6,5,9.0,8.0,9.0,8.0,4,34.0,8.5,True,True
Nancy Kerrigan,Artem Chigvintsev,Athlete,Massachusetts,United States,47,24,Eliminated Week 7,7,5,9.0,9.0,9.0,9.0,4,36.0,9.0,True,True
Heather Morris,Maksim Chmerkoskiy,Actor/Actress,California,United States,30,24,Eliminated Week 6,8,5,8.0,8.0,9.0,9.0,4,34.0,8.5,True,True
Erika Jayne,Gleb Savchenko,Singer/Rapper,Georgia,United States,45,24,Eliminated Week 5,9,5,8.0,8.0,8.0,8.0,4,32.0,8.0,True,True
Mr. T,Kym Herjavec,Actor/Actress,Illinois,United States,64,24,Eliminated Week 4,10,5,0.0,0.0,0.0,0.0,4,0.0,0.0,True,False
Charo,Keo Motsepe,Actor/Actress,,Spain,66,24,Eliminated Week 3,11,5,0.0,0.0,0.0,0.0,4,0.0,0.0,True,False
Chris Kattan,Witney Carson,Comedian,California,United States,46,24,Eliminated Week 2,12,5,0.0,0.0,0.0,0.0,4,0.0,0.0,True,False
Rashad Jennings,Emma Slater,Athlete,Virginia,United States,32,24,1st Place,1,6,8.5,9.5,8.5,8.5,4,35.0,8.75,True,True
David Ross,Lindsay Arnold,Athlete,Georgia,United States,40,24,2nd Place,2,6,7.5,8.5,7.5,7.5,4,31.0,7.75,True,True
Normani,Valentin Chmerkovskiy,Singer/Rapper,Georgia,United States,20,24,3rd Place,3,6,9.0,9.5,8.0,9.5,4,36.0,9.0,True,True
Simone Biles,Sasha Farber,Athlete,Ohio,United States,20,24,Eliminated Week 9,4,6,8.5,8.5,8.5,9.0,4,34.5,8.625,True,True
Bonner Bolton,Sharna Burgess,Athlete,Texas,United States,29,24,Eliminated Week 8,5,6,8.0,8.5,7.5,7.5,4,31.5,7.875,True,True
Nick Viall,Peta Murgatroyd,TV Personality,Wisconsin,United States,36,24,Eliminated Week 7,6,6,7.5,8.0,7.5,7.5,4,30.5,7.625,True,True
Nancy Kerrigan,Artem Chigvintsev,Athlete,Massachusetts,United States,47,24,Eliminated Week 7,7,6,8.5,8.5,8.0,8.5,4,33.5,8.375,True,True
Heather Morris,Maksim Chmerkoskiy,Actor/Actress,California,United States,30,24,Eliminated Week 6,8,6,9.0,9.5,9.0,9.5,4,37.0,9.25,True,True
Erika Jayne,Gleb Savchenko,Singer/Rapper,Georgia,United States,45,24,Eliminated Week 5,9,6,0.0,0.0,0.0,0.0,4,0.0,0.0,True,False
Mr. T,Kym Herjavec,Actor/Actress,Illinois,United States,64,24,Eliminated Week 4,10,6,0.0,0.0,0.0,0.0,4,0.0,0.0,True,False
Charo,Keo Motsepe,Actor/Actress,,Spain,66,24,Eliminated Week 3,11,6,0.0,0.0,0.0,0.0,4,0.0,0.0,True,False
Chris Kattan,Witney Carson,Comedian,California,United States,46,24,Eliminated Week 2,12,6,0.0,0.0,0.0,0.0,4,0.0,0.0,True,False
Rashad Jennings,Emma Slater,Athlete,Virginia,United States,32,24,1st Place,1,7,9.5,9.5,10.5,9.5,4,39.0,9.75,True,True
David Ross,Lindsay Arnold,Athlete,Georgia,United States,40,24,2nd Place,2,7,8.0,8.0,8.0,8.0,4,32.0,8.0,True,True
Normani,Valentin Chmerkovskiy,Singer/Rapper,Georgia,United States,20,24,3rd Place,3,7,10.5,10.5,10.5,10.5,4,42.0,10.5,True,True
Simone Biles,Sasha Farber,Athlete,Ohio,United States,20,24,Eliminated Week 9,4,7,10.5,9.5,9.5,9.5,4,39.0,9.75,True,True
Bonner Bolton,Sharna Burgess,Athlete,Texas,United States,29,24,Eliminated Week 8,5,7,7.5,7.5,8.5,7.5,4,31.0,7.75,True,True
Nick Viall,Peta Murgatroyd,TV Personality,Wisconsin,United States,36,24,Eliminated Week 7,6,7,8.0,8.0,9.0,9.0,4,34.0,8.5,True,True
Nancy Kerrigan,Artem Chigvintsev,Athlete,Massachusetts,United States,47,24,Eliminated Week 7,7,7,9.0,9.0,9.0,9.0,4,36.0,9.0,True,True
Heather Morris,Maksim Chmerkoskiy,Actor/Actress,California,United States,30,24,Eliminated Week 6,8,7,0.0,0.0,0.0,0.0,4,0.0,0.0,True,False
Erika Jayne,Gleb Savchenko,Singer/Rapper,Georgia,United States,45,24,Eliminated Week 5,9,7,0.0,0.0,0.0,0.0,4,0.0,0.0,True,False
Mr. T,Kym Herjavec,Actor/Actress,Illinois,United States,64,24,Eliminated Week 4,10,7,0.0,0.0,0.0,0.0,4,0.0,0.0,True,False
Charo,Keo Motsepe,Actor/Actress,,Spain,66,24,Eliminated Week 3,11,7,0.0,0.0,0.0,0.0,4,0.0,0.0,True,False
Chris Kattan,Witney Carson,Comedian,California,United States,46,24,Eliminated Week 2,12,7,0.0,0.0,0.0,0.0,4,0.0,0.0,True,False
Rashad Jennings,Emma Slater,Athlete,Virginia,United States,32,24,1st Place,1,8,9.5,9.0,9.5,9.5,4,37.5,9.375,True,True
David Ross,Lindsay Arnold,Athlete,Georgia,United States,40,24,2nd Place,2,8,8.0,8.0,8.5,8.0,4,32.5,8.125,True,True
Normani,Valentin Chmerkovskiy,Singer/Rapper,Georgia,United States,20,24,3rd Place,3,8,10.0,9.5,10.0,10.0,4,39.5,9.875,True,True
Simone Biles,Sasha Farber,Athlete,Ohio,United States,20,24,Eliminated Week 9,4,8,9.0,9.0,9.0,9.0,4,36.0,9.0,True,True
Bonner Bolton,Sharna Burgess,Athlete,Texas,United States,29,24,Eliminated Week 8,5,8,7.5,7.0,7.5,7.0,4,29.0,7.25,True,True
Nick Viall,Peta Murgatroyd,TV Personality,Wisconsin,United States,36,24,Eliminated Week 7,6,8,0.0,0.0,0.0,0.0,4,0.0,0.0,True,False
Nancy Kerrigan,Artem Chigvintsev,Athlete,Massachusetts,United States,47,24,Eliminated Week 7,7,8,0.0,0.0,0.0,0.0,4,0.0,0.0,True,False
Heather Morris,Maksim Chmerkoskiy,Actor/Actress,California,United States,30,24,Eliminated Week 6,8,8,0.0,0.0,0.0,0.0,4,0.0,0.0,True,False
Erika Jayne,Gleb Savchenko,Singer/Rapper,Georgia,United States,45,24,Eliminated Week 5,9,8,0.0,0.0,0.0,0.0,4,0.0,0.0,True,False
Mr. T,Kym Herjavec,Actor/Actress,Illinois,United States,64,24,Eliminated Week 4,10,8,0.0,0.0,0.0,0.0,4,0.0,0.0,True,False
Charo,Keo Motsepe,Actor/Actress,,Spain,66,24,Eliminated Week 3,11,8,0.0,0.0,0.0,0.0,4,0.0,0.0,True,False
Chris Kattan,Witney Carson,Comedian,California,United States,46,24,Eliminated Week 2,12,8,0.0,0.0,0.0,0.0,4,0.0,0.0,True,False
Rashad Jennings,Emma Slater,Athlete,Virginia,United States,32,24,1st Place,1,9,9.5,9.0,10.0,10.0,4,38.5,9.625,True,True
David Ross,Lindsay Arnold,Athlete,Georgia,United States,40,24,2nd Place,2,9,9.0,8.5,9.0,8.5,4,35.0,8.75,True,True
Normani,Valentin Chmerkovskiy,Singer/Rapper,Georgia,United States,20,24,3rd Place,3,9,9.5,9.5,9.5,9.5,4,38.0,9.5,True,True
Simone Biles,Sasha Farber,Athlete,Ohio,United States,20,24,Eliminated Week 9,4,9,10.0,10.0,10.0,10.0,4,40.0,10.0,True,True
Bonner Bolton,Sharna Burgess,Athlete,Texas,United States,29,24,Eliminated Week 8,5,9,0.0,0.0,0.0,0.0,4,0.0,0.0,True,False
Nick Viall,Peta Murgatroyd,TV Personality,Wisconsin,United States,36,24,Eliminated Week 7,6,9,0.0,0.0,0.0,0.0,4,0.0,0.0,True,False
Nancy Kerrigan,Artem Chigvintsev,Athlete,Massachusetts,United States,47,24,Eliminated Week 7,7,9,0.0,0.0,0.0,0.0,4,0.0,0.0,True,False
Heather Morris,Maksim Chmerkoskiy,Actor/Actress,California,United States,30,24,Eliminated Week 6,8,9,0.0,0.0,0.0,0.0,4,0.0,0.0,True,False
Erika Jayne,Gleb Savchenko,Singer/Rapper,Georgia,United States,45,24,Eliminated Week 5,9,9,0.0,0.0,0.0,0.0,4,0.0,0.0,True,False
Mr. T,Kym Herjavec,Actor/Actress,Illinois,United States,64,24,Eliminated Week 4,10,9,0.0,0.0,0.0,0.0,4,0.0,0.0,True,False
Charo,Keo Motsepe,Actor/Actress,,Spain,66,24,Eliminated Week 3,11,9,0.0,0.0,0.0,0.0,4,0.0,0.0,True,False
Chris Kattan,Witney Carson,Comedian,California,United States,46,24,Eliminated Week 2,12,9,0.0,0.0,0.0,0.0,4,0.0,0.0,True,False
Rashad Jennings,Emma Slater,Athlete,Virginia,United States,32,24,1st Place,1,10,10.0,9.6666,10.0,10.0,4,39.6666,9.91665,True,True
David Ross,Lindsay Arnold,Athlete,Georgia,United States,40,24,2nd Place,2,10,9.0,9.0,9.3333,9.0,4,36.3333,9.083325,True,True
Normani,Valentin Chmerkovskiy,Singer/Rapper,Georgia,United States,20,24,3rd Place,3,10,10.0,9.6666,9.6666,10.0,4,39.333200000000005,9.833300000000001,True,True
Simone Biles,Sasha Farber,Athlete,Ohio,United States,20,24,Eliminated Week 9,4,10,0.0,0.0,0.0,0.0,4,0.0,0.0,True,False
Bonner Bolton,Sharna Burgess,Athlete,Texas,United States,29,24,Eliminated Week 8,5,10,0.0,0.0,0.0,0.0,4,0.0,0.0,True,False
Nick Viall,Peta Murgatroyd,TV Personality,Wisconsin,United States,36,24,Eliminated Week 7,6,10,0.0,0.0,0.0,0.0,4,0.0,0.0,True,False
Nancy Kerrigan,Artem Chigvintsev,Athlete,Massachusetts,United States,47,24,Eliminated Week 7,7,10,0.0,0.0,0.0,0.0,4,0.0,0.0,True,False
Heather Morris,Maksim Chmerkoskiy,Actor/Actress,California,United States,30,24,Eliminated Week 6,8,10,0.0,0.0,0.0,0.0,4,0.0,0.0,True,False
Erika Jayne,Gleb Savchenko,Singer/Rapper,Georgia,United States,45,24,Eliminated Week 5,9,10,0.0,0.0,0.0,0.0,4,0.0,0.0,True,False
Mr. T,Kym Herjavec,Actor/Actress,Illinois,United States,64,24,Eliminated Week 4,10,10,0.0,0.0,0.0,0.0,4,0.0,0.0,True,False
Charo,Keo Motsepe,Actor/Actress,,Spain,66,24,Eliminated Week 3,11,10,0.0,0.0,0.0,0.0,4,0.0,0.0,True,False
Chris Kattan,Witney Carson,Comedian,California,United States,46,24,Eliminated Week 2,12,10,0.0,0.0,0.0,0.0,4,0.0,0.0,True,False
Rashad Jennings,Emma Slater,Athlete,Virginia,United States,32,24,1st Place,1,11,,,,,0,,,False,False
David Ross,Lindsay Arnold,Athlete,Georgia,United States,40,24,2nd Place,2,11,,,,,0,,,False,False
Normani,Valentin Chmerkovskiy,Singer/Rapper,Georgia,United States,20,24,3rd Place,3,11,,,,,0,,,False,False
Simone Biles,Sasha Farber,Athlete,Ohio,United States,20,24,Eliminated Week 9,4,11,,,,,0,,,False,False
Bonner Bolton,Sharna Burgess,Athlete,Texas,United States,29,24,Eliminated Week 8,5,11,,,,,0,,,False,False
Nick Viall,Peta Murgatroyd,TV Personality,Wisconsin,United States,36,24,Eliminated Week 7,6,11,,,,,0,,,False,False
Nancy Kerrigan,Artem Chigvintsev,Athlete,Massachusetts,United States,47,24,Eliminated Week 7,7,11,,,,,0,,,False,False
Heather Morris,Maksim Chmerkoskiy,Actor/Actress,California,United States,30,24,Eliminated Week 6,8,11,,,,,0,,,False,False
Erika Jayne,Gleb Savchenko,Singer/Rapper,Georgia,United States,45,24,Eliminated Week 5,9,11,,,,,0,,,False,False
Mr. T,Kym Herjavec,Actor/Actress,Illinois,United States,64,24,Eliminated Week 4,10,11,,,,,0,,,False,False
Charo,Keo Motsepe,Actor/Actress,,Spain,66,24,Eliminated Week 3,11,11,,,,,0,,,False,False
Chris Kattan,Witney Carson,Comedian,California,United States,46,24,Eliminated Week 2,12,11,,,,,0,,,False,False
Jordan Fisher,Lindsay Arnold,Actor/Actress,Alabama,United States,23,25,1st Place,1,1,8.0,7.0,7.0,,3,22.0,7.333333333333333,True,True
Lindsey Stirling,Mark Ballas,Musician,California,United States,31,25,2nd Place,2,1,7.0,8.0,7.0,,3,22.0,7.333333333333333,True,True
Frankie Muniz,Witney Carson,Actor/Actress,New Jersey,United States,31,25,3rd Place,3,1,7.0,6.0,6.0,,3,19.0,6.333333333333333,True,True
Drew Scott,Emma Slater,TV Personality,,Canada,39,25,Eliminated Week 10,4,1,6.0,5.0,5.0,,3,16.0,5.333333333333333,True,True
Victoria Arlen,Valentin Chmerkovskiy,Athlete,New Hamshire,United States,22,25,Eliminated Week 9,5,1,7.0,6.0,6.0,,3,19.0,6.333333333333333,True,True
Terrell Owens,Cheryl Burke,Athlete,Alabama,United States,43,25,Eliminated Week 8,6,1,5.0,5.0,5.0,,3,15.0,5.0,True,True
Vanessa Lachey,Maksim Chmerkoskiy,TV Personality,,Philippines,36,25,Eliminated Week 7,7,1,7.0,7.0,7.0,,3,21.0,7.0,True,True
Nikki Bella,Artem Chigvintsev,Athlete,California,United States,33,25,Eliminated Week 7,8,1,7.0,7.0,6.0,,3,20.0,6.666666666666667,True,True
Nick Lachey,Peta Murgatroyd,Singer/Rapper,Kentucky,United States,43,25,Eliminated Week 6,9,1,6.0,6.0,6.0,,3,18.0,6.0,True,True
Sasha Pieterse,Gleb Savchenko,Actor/Actress,,South Africa,21,25,Eliminated Week 5,10,1,6.0,6.0,6.0,,3,18.0,6.0,True,True
Derek Fisher,Sharna Burgess,Athlete,Arkansas,United States,43,25,Eliminated Week 4,11,1,6.0,6.0,6.0,,3,18.0,6.0,True,True
Debbie Gibson,Alan Bersten,Singer/Rapper,New York,United States,47,25,Eliminated Week 2,12,1,6.0,5.0,6.0,,3,17.0,5.666666666666667,True,True
Barbara Corcoran,Keo Motsepe,Entrepreneur,New Jersey,United States,68,25,Eliminated Week 2,13,1,5.0,4.0,5.0,,3,14.0,4.666666666666667,True,True
Jordan Fisher,Lindsay Arnold,Actor/Actress,Alabama,United States,23,25,1st Place,1,2,8.0,8.0,8.0,,3,24.0,8.0,True,True
Lindsey Stirling,Mark Ballas,Musician,California,United States,31,25,2nd Place,2,2,7.5,7.5,7.5,,3,22.5,7.5,True,True
Frankie Muniz,Witney Carson,Actor/Actress,New Jersey,United States,31,25,3rd Place,3,2,8.0,7.5,8.5,,3,24.0,8.0,True,True
Drew Scott,Emma Slater,TV Personality,,Canada,39,25,Eliminated Week 10,4,2,7.0,6.5,7.0,,3,20.5,6.833333333333333,True,True
Victoria Arlen,Valentin Chmerkovskiy,Athlete,New Hamshire,United States,22,25,Eliminated Week 9,5,2,7.5,7.0,7.5,,3,22.0,7.333333333333333,True,True
Terrell Owens,Cheryl Burke,Athlete,Alabama,United States,43,25,Eliminated Week 8,6,2,6.5,6.0,7.0,,3,19.5,6.5,True,True
Vanessa Lachey,Maksim Chmerkoskiy,TV Personality,,Philippines,36,25,Eliminated Week 7,7,2,8.0,8.0,7.5,,3,23.5,7.833333333333333,True,True
Nikki Bella,Artem Chigvintsev,Athlete,California,United States,33,25,Eliminated Week 7,8,2,6.5,6.5,6.5,,3,19.5,6.5,True,True
Nick Lachey,Peta Murgatroyd,Singer/Rapper,Kentucky,United States,43,25,Eliminated Week 6,9,2,7.0,6.0,6.0,,3,19.0,6.333333333333333,True,True
Sasha Pieterse,Gleb Savchenko,Actor/Actress,,South Africa,21,25,Eliminated Week 5,10,2,8.0,7.5,7.0,,3,22.5,7.5,True,True
Derek Fisher,Sharna Burgess,Athlete,Arkansas,United States,43,25,Eliminated Week 4,11,2,6.5,6.0,6.5,,3,19.0,6.333333333333333,True,True
Debbie Gibson,Alan Bersten,Singer/Rapper,New York,United States,47,25,Eliminated Week 2,12,2,7.0,6.5,7.0,,3,20.5,6.833333333333333,True,True
Barbara Corcoran,Keo Motsepe,Entrepreneur,New Jersey,United States,68,25,Eliminated Week 2,13,2,6.0,5.0,6.0,,3,17.0,5.666666666666667,True,True
Jordan Fisher,Lindsay Arnold,Actor/Actress,Alabama,United States,23,25,1st Place,1,3,9.0,7.0,9.0,,3,25.0,8.333333333333334,True,True
Lindsey Stirling,Mark Ballas,Musician,California,United States,31,25,2nd Place,2,3,9.0,9.0,9.0,,3,27.0,9.0,True,True
Frankie Muniz,Witney Carson,Actor/Actress,New Jersey,United States,31,25,3rd Place,3,3,7.0,7.0,7.0,,3,21.0,7.0,True,True
Drew Scott,Emma Slater,TV Personality,,Canada,39,25,Eliminated Week 10,4,3,8.0,7.0,8.0,,3,23.0,7.666666666666667,True,True
Victoria Arlen,Valentin Chmerkovskiy,Athlete,New Hamshire,United States,22,25,Eliminated Week 9,5,3,8.0,7.0,7.0,,3,22.0,7.333333333333333,True,True
Terrell Owens,Cheryl Burke,Athlete,Alabama,United States,43,25,Eliminated Week 8,6,3,7.0,7.0,7.0,,3,21.0,7.0,True,True
Vanessa Lachey,Maksim Chmerkoskiy,TV Personality,,Philippines,36,25,Eliminated Week 7,7,3,7.0,8.0,8.0,,3,23.0,7.666666666666667,True,True
Nikki Bella,Artem Chigvintsev,Athlete,California,United States,33,25,Eliminated Week 7,8,3,7.0,7.0,7.0,,3,21.0,7.0,True,True
Nick Lachey,Peta Murgatroyd,Singer/Rapper,Kentucky,United States,43,25,Eliminated Week 6,9,3,7.0,7.0,7.0,,3,21.0,7.0,True,True
Sasha Pieterse,Gleb Savchenko,Actor/Actress,,South Africa,21,25,Eliminated Week 5,10,3,7.0,6.0,6.0,,3,19.0,6.333333333333333,True,True
Derek Fisher,Sharna Burgess,Athlete,Arkansas,United States,43,25,Eliminated Week 4,11,3,7.0,7.0,7.0,,3,21.0,7.0,True,True
Debbie Gibson,Alan Bersten,Singer/Rapper,New York,United States,47,25,Eliminated Week 2,12,3,0.0,0.0,0.0,,3,0.0,0.0,True,False
Barbara Corcoran,Keo Motsepe,Entrepreneur,New Jersey,United States,68,25,Eliminated Week 2,13,3,0.0,0.0,0.0,,3,0.0,0.0,True,False
Jordan Fisher,Lindsay Arnold,Actor/Actress,Alabama,United States,23,25,1st Place,1,4,10.0,9.0,10.0,,3,29.0,9.666666666666666,True,True
Lindsey Stirling,Mark Ballas,Musician,California,United States,31,25,2nd Place,2,4,9.0,8.0,9.0,,3,26.0,8.666666666666666,True,True
Frankie Muniz,Witney Carson,Actor/Actress,New Jersey,United States,31,25,3rd Place,3,4,8.0,8.0,8.0,,3,24.0,8.0,True,True
Drew Scott,Emma Slater,TV Personality,,Canada,39,25,Eliminated Week 10,4,4,8.0,8.0,8.0,,3,24.0,8.0,True,True
Victoria Arlen,Valentin Chmerkovskiy,Athlete,New Hamshire,United States,22,25,Eliminated Week 9,5,4,9.0,9.0,9.0,,3,27.0,9.0,True,True
Terrell Owens,Cheryl Burke,Athlete,Alabama,United States,43,25,Eliminated Week 8,6,4,8.0,8.0,8.0,,3,24.0,8.0,True,True
Vanessa Lachey,Maksim Chmerkoskiy,TV Personality,,Philippines,36,25,Eliminated Week 7,7,4,8.0,8.0,8.0,,3,24.0,8.0,True,True
Nikki Bella,Artem Chigvintsev,Athlete,California,United States,33,25,Eliminated Week 7,8,4,8.0,8.0,8.0,,3,24.0,8.0,True,True
Nick Lachey,Peta Murgatroyd,Singer/Rapper,Kentucky,United States,43,25,Eliminated Week 6,9,4,8.0,7.0,7.0,,3,22.0,7.333333333333333,True,True
Sasha Pieterse,Gleb Savchenko,Actor/Actress,,South Africa,21,25,Eliminated Week 5,10,4,8.0,8.0,8.0,,3,24.0,8.0,True,True
Derek Fisher,Sharna Burgess,Athlete,Arkansas,United States,43,25,Eliminated Week 4,11,4,7.0,8.0,8.0,,3,23.0,7.666666666666667,True,True
Debbie Gibson,Alan Bersten,Singer/Rapper,New York,United States,47,25,Eliminated Week 2,12,4,0.0,0.0,0.0,,3,0.0,0.0,True,False
Barbara Corcoran,Keo Motsepe,Entrepreneur,New Jersey,United States,68,25,Eliminated Week 2,13,4,0.0,0.0,0.0,,3,0.0,0.0,True,False
Jordan Fisher,Lindsay Arnold,Actor/Actress,Alabama,United States,23,25,1st Place,1,5,10.0,10.0,10.0,,3,30.0,10.0,True,True
Lindsey Stirling,Mark Ballas,Musician,California,United States,31,25,2nd Place,2,5,9.0,10.0,9.0,,3,28.0,9.333333333333334,True,True
Frankie Muniz,Witney Carson,Actor/Actress,New Jersey,United States,31,25,3rd Place,3,5,10.0,9.0,10.0,,3,29.0,9.666666666666666,True,True
Drew Scott,Emma Slater,TV Personality,,Canada,39,25,Eliminated Week 10,4,5,9.0,8.0,8.0,,3,25.0,8.333333333333334,True,True
Victoria Arlen,Valentin Chmerkovskiy,Athlete,New Hamshire,United States,22,25,Eliminated Week 9,5,5,9.0,9.0,9.0,,3,27.0,9.0,True,True
Terrell Owens,Cheryl Burke,Athlete,Alabama,United States,43,25,Eliminated Week 8,6,5,9.0,8.0,8.0,,3,25.0,8.333333333333334,True,True
Vanessa Lachey,Maksim Chmerkoskiy,TV Personality,,Philippines,36,25,Eliminated Week 7,7,5,8.0,8.0,8.0,,3,24.0,8.0,True,True
Nikki Bella,Artem Chigvintsev,Athlete,California,United States,33,25,Eliminated Week 7,8,5,9.0,9.0,9.0,,3,27.0,9.0,True,True
Nick Lachey,Peta Murgatroyd,Singer/Rapper,Kentucky,United States,43,25,Eliminated Week 6,9,5,7.0,8.0,7.0,,3,22.0,7.333333333333333,True,True
Sasha Pieterse,Gleb Savchenko,Actor/Actress,,South Africa,21,25,Eliminated Week 5,10,5,8.0,8.0,8.0,,3,24.0,8.0,True,True
Derek Fisher,Sharna Burgess,Athlete,Arkansas,United States,43,25,Eliminated Week 4,11,5,0.0,0.0,0.0,,3,0.0,0.0,True,False
Debbie Gibson,Alan Bersten,Singer/Rapper,New York,United States,47,25,Eliminated Week 2,12,5,0.0,0.0,0.0,,3,0.0,0.0,True,False
Barbara Corcoran,Keo Motsepe,Entrepreneur,New Jersey,United States,68,25,Eliminated Week 2,13,5,0.0,0.0,0.0,,3,0.0,0.0,True,False
Jordan Fisher,Lindsay Arnold,Actor/Actress,Alabama,United States,23,25,1st Place,1,6,10.0,9.0,10.0,10.0,4,39.0,9.75,True,True
Lindsey Stirling,Mark Ballas,Musician,California,United States,31,25,2nd Place,2,6,10.0,10.0,10.0,10.0,4,40.0,10.0,True,True
Frankie Muniz,Witney Carson,Actor/Actress,New Jersey,United States,31,25,3rd Place,3,6,7.0,8.0,8.0,8.0,4,31.0,7.75,True,True
Drew Scott,Emma Slater,TV Personality,,Canada,39,25,Eliminated Week 10,4,6,7.0,7.0,9.0,7.0,4,30.0,7.5,True,True
Victoria Arlen,Valentin Chmerkovskiy,Athlete,New Hamshire,United States,22,25,Eliminated Week 9,5,6,8.0,8.0,7.0,8.0,4,31.0,7.75,True,True
Terrell Owens,Cheryl Burke,Athlete,Alabama,United States,43,25,Eliminated Week 8,6,6,9.0,9.0,10.0,9.0,4,37.0,9.25,True,True
Vanessa Lachey,Maksim Chmerkoskiy,TV Personality,,Philippines,36,25,Eliminated Week 7,7,6,9.0,9.0,9.0,9.0,4,36.0,9.0,True,True
Nikki Bella,Artem Chigvintsev,Athlete,California,United States,33,25,Eliminated Week 7,8,6,9.0,9.0,9.0,9.0,4,36.0,9.0,True,True
Nick Lachey,Peta Murgatroyd,Singer/Rapper,Kentucky,United States,43,25,Eliminated Week 6,9,6,7.0,6.0,7.0,6.0,4,26.0,6.5,True,True
Sasha Pieterse,Gleb Savchenko,Actor/Actress,,South Africa,21,25,Eliminated Week 5,10,6,0.0,0.0,0.0,0.0,4,0.0,0.0,True,False
Derek Fisher,Sharna Burgess,Athlete,Arkansas,United States,43,25,Eliminated Week 4,11,6,0.0,0.0,0.0,0.0,4,0.0,0.0,True,False
Debbie Gibson,Alan Bersten,Singer/Rapper,New York,United States,47,25,Eliminated Week 2,12,6,0.0,0.0,0.0,0.0,4,0.0,0.0,True,False
Barbara Corcoran,Keo Motsepe,Entrepreneur,New Jersey,United States,68,25,Eliminated Week 2,13,6,0.0,0.0,0.0,0.0,4,0.0,0.0,True,False
Jordan Fisher,Lindsay Arnold,Actor/Actress,Alabama,United States,23,25,1st Place,1,7,9.0,9.0,9.0,,3,27.0,9.0,True,True
Lindsey Stirling,Mark Ballas,Musician,California,United States,31,25,2nd Place,2,7,8.5,8.5,8.5,,3,25.5,8.5,True,True
Frankie Muniz,Witney Carson,Actor/Actress,New Jersey,United States,31,25,3rd Place,3,7,10.0,10.0,10.0,,3,30.0,10.0,True,True
Drew Scott,Emma Slater,TV Personality,,Canada,39,25,Eliminated Week 10,4,7,9.5,9.5,9.5,,3,28.5,9.5,True,True
Victoria Arlen,Valentin Chmerkovskiy,Athlete,New Hamshire,United States,22,25,Eliminated Week 9,5,7,9.5,9.5,9.5,,3,28.5,9.5,True,True
Terrell Owens,Cheryl Burke,Athlete,Alabama,United States,43,25,Eliminated Week 8,6,7,8.0,8.0,8.5,,3,24.5,8.166666666666666,True,True
Vanessa Lachey,Maksim Chmerkoskiy,TV Personality,,Philippines,36,25,Eliminated Week 7,7,7,9.0,9.0,9.0,,3,27.0,9.0,True,True
Nikki Bella,Artem Chigvintsev,Athlete,California,United States,33,25,Eliminated Week 7,8,7,8.0,8.0,8.0,,3,24.0,8.0,True,True
Nick Lachey,Peta Murgatroyd,Singer/Rapper,Kentucky,United States,43,25,Eliminated Week 6,9,7,0.0,0.0,0.0,,3,0.0,0.0,True,False
Sasha Pieterse,Gleb Savchenko,Actor/Actress,,South Africa,21,25,Eliminated Week 5,10,7,0.0,0.0,0.0,,3,0.0,0.0,True,False
Derek Fisher,Sharna Burgess,Athlete,Arkansas,United States,43,25,Eliminated Week 4,11,7,0.0,0.0,0.0,,3,0.0,0.0,True,False
Debbie Gibson,Alan Bersten,Singer/Rapper,New York,United States,47,25,Eliminated Week 2,12,7,0.0,0.0,0.0,,3,0.0,0.0,True,False
Barbara Corcoran,Keo Motsepe,Entrepreneur,New Jersey,United States,68,25,Eliminated Week 2,13,7,0.0,0.0,0.0,,3,0.0,0.0,True,False
Jordan Fisher,Lindsay Arnold,Actor/Actress,Alabama,United States,23,25,1st Place,1,8,10.0,10.0,10.0,,3,30.0,10.0,True,True
Lindsey Stirling,Mark Ballas,Musician,California,United States,31,25,2nd Place,2,8,9.5,8.5,9.0,,3,27.0,9.0,True,True
Frankie Muniz,Witney Carson,Actor/Actress,New Jersey,United States,31,25,3rd Place,3,8,9.0,8.5,9.0,,3,26.5,8.833333333333334,True,True
Drew Scott,Emma Slater,TV Personality,,Canada,39,25,Eliminated Week 10,4,8,8.0,7.5,8.0,,3,23.5,7.833333333333333,True,True
Victoria Arlen,Valentin Chmerkovskiy,Athlete,New Hamshire,United States,22,25,Eliminated Week 9,5,8,8.0,8.0,8.0,,3,24.0,8.0,True,True
Terrell Owens,Cheryl Burke,Athlete,Alabama,United States,43,25,Eliminated Week 8,6,8,8.5,8.5,8.5,,3,25.5,8.5,True,True
Vanessa Lachey,Maksim Chmerkoskiy,TV Personality,,Philippines,36,25,Eliminated Week 7,7,8,0.0,0.0,0.0,,3,0.0,0.0,True,False
Nikki Bella,Artem Chigvintsev,Athlete,California,United States,33,25,Eliminated Week 7,8,8,0.0,0.0,0.0,,3,0.0,0.0,True,False
Nick Lachey,Peta Murgatroyd,Singer/Rapper,Kentucky,United States,43,25,Eliminated Week 6,9,8,0.0,0.0,0.0,,3,0.0,0.0,True,False
Sasha Pieterse,Gleb Savchenko,Actor/Actress,,South Africa,21,25,Eliminated Week 5,10,8,0.0,0.0,0.0,,3,0.0,0.0,True,False
Derek Fisher,Sharna Burgess,Athlete,Arkansas,United States,43,25,Eliminated Week 4,11,8,0.0,0.0,0.0,,3,0.0,0.0,True,False
Debbie Gibson,Alan Bersten,Singer/Rapper,New York,United States,47,25,Eliminated Week 2,12,8,0.0,0.0,0.0,,3,0.0,0.0,True,False
Barbara Corcoran,Keo Motsepe,Entrepreneur,New Jersey,United States,68,25,Eliminated Week 2,13,8,0.0,0.0,0.0,,3,0.0,0.0,True,False
Jordan Fisher,Lindsay Arnold,Actor/Actress,Alabama,United States,23,25,1st Place,1,9,9.5,9.5,10.0,,3,29.0,9.666666666666666,True,True
Lindsey Stirling,Mark Ballas,Musician,California,United States,31,25,2nd Place,2,9,9.5,9.0,10.0,,3,28.5,9.5,True,True
Frankie Muniz,Witney Carson,Actor/Actress,New Jersey,United States,31,25,3rd Place,3,9,8.5,8.0,9.0,,3,25.5,8.5,True,True
Drew Scott,Emma Slater,TV Personality,,Canada,39,25,Eliminated Week 10,4,9,8.0,8.0,8.0,,3,24.0,8.0,True,True
Victoria Arlen,Valentin Chmerkovskiy,Athlete,New Hamshire,United States,22,25,Eliminated Week 9,5,9,9.0,9.5,9.5,,3,28.0,9.333333333333334,True,True
Terrell Owens,Cheryl Burke,Athlete,Alabama,United States,43,25,Eliminated Week 8,6,9,0.0,0.0,0.0,,3,0.0,0.0,True,False
Vanessa Lachey,Maksim Chmerkoskiy,TV Personality,,Philippines,36,25,Eliminated Week 7,7,9,0.0,0.0,0.0,,3,0.0,0.0,True,False
Nikki Bella,Artem Chigvintsev,Athlete,California,United States,33,25,Eliminated Week 7,8,9,0.0,0.0,0.0,,3,0.0,0.0,True,False
Nick Lachey,Peta Murgatroyd,Singer/Rapper,Kentucky,United States,43,25,Eliminated Week 6,9,9,0.0,0.0,0.0,,3,0.0,0.0,True,False
Sasha Pieterse,Gleb Savchenko,Actor/Actress,,South Africa,21,25,Eliminated Week 5,10,9,0.0,0.0,0.0,,3,0.0,0.0,True,False
Derek Fisher,Sharna Burgess,Athlete,Arkansas,United States,43,25,Eliminated Week 4,11,9,0.0,0.0,0.0,,3,0.0,0.0,True,False
Debbie Gibson,Alan Bersten,Singer/Rapper,New York,United States,47,25,Eliminated Week 2,12,9,0.0,0.0,0.0,,3,0.0,0.0,True,False
Barbara Corcoran,Keo Motsepe,Entrepreneur,New Jersey,United States,68,25,Eliminated Week 2,13,9,0.0,0.0,0.0,,3,0.0,0.0,True,False
Jordan Fisher,Lindsay Arnold,Actor/Actress,Alabama,United States,23,25,1st Place,1,10,10.0,10.0,10.0,10.0,4,40.0,10.0,True,True
Lindsey Stirling,Mark Ballas,Musician,California,United States,31,25,2nd Place,2,10,10.0,10.0,10.0,10.0,4,40.0,10.0,True,True
Frankie Muniz,Witney Carson,Actor/Actress,New Jersey,United States,31,25,3rd Place,3,10,9.7777,9.3333,9.7777,10.0,4,38.8887,9.722175,True,True
Drew Scott,Emma Slater,TV Personality,,Canada,39,25,Eliminated Week 10,4,10,9.0,9.5,9.5,9.5,4,37.5,9.375,True,True
Victoria Arlen,Valentin Chmerkovskiy,Athlete,New Hamshire,United States,22,25,Eliminated Week 9,5,10,0.0,0.0,0.0,0.0,4,0.0,0.0,True,False
Terrell Owens,Cheryl Burke,Athlete,Alabama,United States,43,25,Eliminated Week 8,6,10,0.0,0.0,0.0,0.0,4,0.0,0.0,True,False
Vanessa Lachey,Maksim Chmerkoskiy,TV Personality,,Philippines,36,25,Eliminated Week 7,7,10,0.0,0.0,0.0,0.0,4,0.0,0.0,True,False
Nikki Bella,Artem Chigvintsev,Athlete,California,United States,33,25,Eliminated Week 7,8,10,0.0,0.0,0.0,0.0,4,0.0,0.0,True,False
Nick Lachey,Peta Murgatroyd,Singer/Rapper,Kentucky,United States,43,25,Eliminated Week 6,9,10,0.0,0.0,0.0,0.0,4,0.0,0.0,True,False
Sasha Pieterse,Gleb Savchenko,Actor/Actress,,South Africa,21,25,Eliminated Week 5,10,10,0.0,0.0,0.0,0.0,4,0.0,0.0,True,False
Derek Fisher,Sharna Burgess,Athlete,Arkansas,United States,43,25,Eliminated Week 4,11,10,0.0,0.0,0.0,0.0,4,0.0,0.0,True,False
Debbie Gibson,Alan Bersten,Singer/Rapper,New York,United States,47,25,Eliminated Week 2,12,10,0.0,0.0,0.0,0.0,4,0.0,0.0,True,False
Barbara Corcoran,Keo Motsepe,Entrepreneur,New Jersey,United States,68,25,Eliminated Week 2,13,10,0.0,0.0,0.0,0.0,4,0.0,0.0,True,False
Jordan Fisher,Lindsay Arnold,Actor/Actress,Alabama,United States,23,25,1st Place,1,11,,,,,0,,,False,False
Lindsey Stirling,Mark Ballas,Musician,California,United States,31,25,2nd Place,2,11,,,,,0,,,False,False
Frankie Muniz,Witney Carson,Actor/Actress,New Jersey,United States,31,25,3rd Place,3,11,,,,,0,,,False,False
Drew Scott,Emma Slater,TV Personality,,Canada,39,25,Eliminated Week 10,4,11,,,,,0,,,False,False
Victoria Arlen,Valentin Chmerkovskiy,Athlete,New Hamshire,United States,22,25,Eliminated Week 9,5,11,,,,,0,,,False,False
Terrell Owens,Cheryl Burke,Athlete,Alabama,United States,43,25,Eliminated Week 8,6,11,,,,,0,,,False,False
Vanessa Lachey,Maksim Chmerkoskiy,TV Personality,,Philippines,36,25,Eliminated Week 7,7,11,,,,,0,,,False,False
Nikki Bella,Artem Chigvintsev,Athlete,California,United States,33,25,Eliminated Week 7,8,11,,,,,0,,,False,False
Nick Lachey,Peta Murgatroyd,Singer/Rapper,Kentucky,United States,43,25,Eliminated Week 6,9,11,,,,,0,,,False,False
Sasha Pieterse,Gleb Savchenko,Actor/Actress,,South Africa,21,25,Eliminated Week 5,10,11,,,,,0,,,False,False
Derek Fisher,Sharna Burgess,Athlete,Arkansas,United States,43,25,Eliminated Week 4,11,11,,,,,0,,,False,False
Debbie Gibson,Alan Bersten,Singer/Rapper,New York,United States,47,25,Eliminated Week 2,12,11,,,,,0,,,False,False
Barbara Corcoran,Keo Motsepe,Entrepreneur,New Jersey,United States,68,25,Eliminated Week 2,13,11,,,,,0,,,False,False
Adam Rippon,Jenna Johnson,Athlete,Pennsylvania,United States,28,26,1st Place,1,1,8.0,8.0,8.0,,3,24.0,8.0,True,True
Josh Norman,Sharna Burgess,Athlete,South Carolina,United States,30,26,2nd Place,2,1,8.0,8.0,8.0,,3,24.0,8.0,True,True
Tonya Harding,Sasha Farber,Athlete,Oregon,United States,47,26,3rd Place,3,1,8.0,8.0,7.0,,3,23.0,7.666666666666667,True,True
Mirai Nagasu,Alan Bersten,Athlete,California,United States,25,26,Eliminated Week 3,4,1,7.0,8.0,8.0,,3,23.0,7.666666666666667,True,True
Chris Mazdzer,Witney Carson,Athlete,Massachusetts,United States,29,26,Eliminated Week 3,5,1,7.0,7.0,7.0,,3,21.0,7.0,True,True
Jennie Finch Daigle,Keo Motsepe,Athlete,California,United States,37,26,Eliminated Week 3,6,1,7.0,7.0,7.0,,3,21.0,7.0,True,True
Arike Ogunbowale,Gleb Savchenko,Athlete,Wisconsin,United States,21,26,Eliminated Week 2,7,1,7.0,6.0,7.0,,3,20.0,6.666666666666667,True,True
Kareem Abdul-Jabbar,Lindsay Arnold,Athlete,New York,United States,71,26,Eliminated Week 2,8,1,6.0,5.0,6.0,,3,17.0,5.666666666666667,True,True
Johnny Damon,Emma Slater,Athlete,Kansas,United States,44,26,Eliminated Week 1,9,1,6.0,6.0,6.0,,3,18.0,6.0,True,True
Jamie Anderson,Artem Chigvintsev,Athlete,California,United States,27,26,Eliminated Week 1,10,1,6.0,7.0,6.0,,3,19.0,6.333333333333333,True,True
Adam Rippon,Jenna Johnson,Athlete,Pennsylvania,United States,28,26,1st Place,1,2,9.0,9.5,9.0,9.5,4,37.0,9.25,True,True
Josh Norman,Sharna Burgess,Athlete,South Carolina,United States,30,26,2nd Place,2,2,7.5,8.0,8.0,8.0,4,31.5,7.875,True,True
Tonya Harding,Sasha Farber,Athlete,Oregon,United States,47,26,3rd Place,3,2,8.0,9.0,8.0,8.0,4,33.0,8.25,True,True
Mirai Nagasu,Alan Bersten,Athlete,California,United States,25,26,Eliminated Week 3,4,2,9.0,10.0,9.0,9.0,4,37.0,9.25,True,True
Chris Mazdzer,Witney Carson,Athlete,Massachusetts,United States,29,26,Eliminated Week 3,5,2,8.5,8.5,8.0,8.0,4,33.0,8.25,True,True
Jennie Finch Daigle,Keo Motsepe,Athlete,California,United States,37,26,Eliminated Week 3,6,2,7.5,8.5,8.0,7.5,4,31.5,7.875,True,True
Arike Ogunbowale,Gleb Savchenko,Athlete,Wisconsin,United States,21,26,Eliminated Week 2,7,2,8.5,9.5,8.5,8.5,4,35.0,8.75,True,True
Kareem Abdul-Jabbar,Lindsay Arnold,Athlete,New York,United States,71,26,Eliminated Week 2,8,2,7.5,8.0,7.0,7.0,4,29.5,7.375,True,True
Johnny Damon,Emma Slater,Athlete,Kansas,United States,44,26,Eliminated Week 1,9,2,0.0,0.0,0.0,0.0,4,0.0,0.0,True,False
Jamie Anderson,Artem Chigvintsev,Athlete,California,United States,27,26,Eliminated Week 1,10,2,0.0,0.0,0.0,0.0,4,0.0,0.0,True,False
Adam Rippon,Jenna Johnson,Athlete,Pennsylvania,United States,28,26,1st Place,1,3,10.5,10.5,9.5,10.5,4,41.0,10.25,True,True
Josh Norman,Sharna Burgess,Athlete,South Carolina,United States,30,26,2nd Place,2,3,9.5,9.5,9.5,9.5,4,38.0,9.5,True,True
Tonya Harding,Sasha Farber,Athlete,Oregon,United States,47,26,3rd Place,3,3,8.5,9.5,8.5,8.5,4,35.0,8.75,True,True
Mirai Nagasu,Alan Bersten,Athlete,California,United States,25,26,Eliminated Week 3,4,3,9.0,9.0,8.0,9.0,4,35.0,8.75,True,True
Chris Mazdzer,Witney Carson,Athlete,Massachusetts,United States,29,26,Eliminated Week 3,5,3,8.0,9.0,7.0,9.0,4,33.0,8.25,True,True
Jennie Finch Daigle,Keo Motsepe,Athlete,California,United States,37,26,Eliminated Week 3,6,3,7.0,8.0,7.0,7.0,4,29.0,7.25,True,True
Arike Ogunbowale,Gleb Savchenko,Athlete,Wisconsin,United States,21,26,Eliminated Week 2,7,3,0.0,0.0,0.0,0.0,4,0.0,0.0,True,False
Kareem Abdul-Jabbar,Lindsay Arnold,Athlete,New York,United States,71,26,Eliminated Week 2,8,3,0.0,0.0,0.0,0.0,4,0.0,0.0,True,False
Johnny Damon,Emma Slater,Athlete,Kansas,United States,44,26,Eliminated Week 1,9,3,0.0,0.0,0.0,0.0,4,0.0,0.0,True,False
Jamie Anderson,Artem Chigvintsev,Athlete,California,United States,27,26,Eliminated Week 1,10,3,0.0,0.0,0.0,0.0,4,0.0,0.0,True,False
Adam Rippon,Jenna Johnson,Athlete,Pennsylvania,United States,28,26,1st Place,1,4,9.5,9.5,10.0,,3,29.0,9.666666666666666,True,True
Josh Norman,Sharna Burgess,Athlete,South Carolina,United States,30,26,2nd Place,2,4,9.5,9.5,9.5,,3,28.5,9.5,True,True
Tonya Harding,Sasha Farber,Athlete,Oregon,United States,47,26,3rd Place,3,4,9.0,9.5,9.5,,3,28.0,9.333333333333334,True,True
Mirai Nagasu,Alan Bersten,Athlete,California,United States,25,26,Eliminated Week 3,4,4,0.0,0.0,0.0,,3,0.0,0.0,True,False
Chris Mazdzer,Witney Carson,Athlete,Massachusetts,United States,29,26,Eliminated Week 3,5,4,0.0,0.0,0.0,,3,0.0,0.0,True,False
Jennie Finch Daigle,Keo Motsepe,Athlete,California,United States,37,26,Eliminated Week 3,6,4,0.0,0.0,0.0,,3,0.0,0.0,True,False
Arike Ogunbowale,Gleb Savchenko,Athlete,Wisconsin,United States,21,26,Eliminated Week 2,7,4,0.0,0.0,0.0,,3,0.0,0.0,True,False
Kareem Abdul-Jabbar,Lindsay Arnold,Athlete,New York,United States,71,26,Eliminated Week 2,8,4,0.0,0.0,0.0,,3,0.0,0.0,True,False
Johnny Damon,Emma Slater,Athlete,Kansas,United States,44,26,Eliminated Week 1,9,4,0.0,0.0,0.0,,3,0.0,0.0,True,False
Jamie Anderson,Artem Chigvintsev,Athlete,California,United States,27,26,Eliminated Week 1,10,4,0.0,0.0,0.0,,3,0.0,0.0,True,False
Adam Rippon,Jenna Johnson,Athlete,Pennsylvania,United States,28,26,1st Place,1,5,,,,,0,,,False,False
Josh Norman,Sharna Burgess,Athlete,South Carolina,United States,30,26,2nd Place,2,5,,,,,0,,,False,False
Tonya Harding,Sasha Farber,Athlete,Oregon,United States,47,26,3rd Place,3,5,,,,,0,,,False,False
Mirai Nagasu,Alan Bersten,Athlete,California,United States,25,26,Eliminated Week 3,4,5,,,,,0,,,False,False
Chris Mazdzer,Witney Carson,Athlete,Massachusetts,United States,29,26,Eliminated Week 3,5,5,,,,,0,,,False,False
Jennie Finch Daigle,Keo Motsepe,Athlete,California,United States,37,26,Eliminated Week 3,6,5,,,,,0,,,False,False
Arike Ogunbowale,Gleb Savchenko,Athlete,Wisconsin,United States,21,26,Eliminated Week 2,7,5,,,,,0,,,False,False
Kareem Abdul-Jabbar,Lindsay Arnold,Athlete,New York,United States,71,26,Eliminated Week 2,8,5,,,,,0,,,False,False
Johnny Damon,Emma Slater,Athlete,Kansas,United States,44,26,Eliminated Week 1,9,5,,,,,0,,,False,False
Jamie Anderson,Artem Chigvintsev,Athlete,California,United States,27,26,Eliminated Week 1,10,5,,,,,0,,,False,False
Adam Rippon,Jenna Johnson,Athlete,Pennsylvania,United States,28,26,1st Place,1,6,,,,,0,,,False,False
Josh Norman,Sharna Burgess,Athlete,South Carolina,United States,30,26,2nd Place,2,6,,,,,0,,,False,False
Tonya Harding,Sasha Farber,Athlete,Oregon,United States,47,26,3rd Place,3,6,,,,,0,,,False,False
Mirai Nagasu,Alan Bersten,Athlete,California,United States,25,26,Eliminated Week 3,4,6,,,,,0,,,False,False
Chris Mazdzer,Witney Carson,Athlete,Massachusetts,United States,29,26,Eliminated Week 3,5,6,,,,,0,,,False,False
Jennie Finch Daigle,Keo Motsepe,Athlete,California,United States,37,26,Eliminated Week 3,6,6,,,,,0,,,False,False
Arike Ogunbowale,Gleb Savchenko,Athlete,Wisconsin,United States,21,26,Eliminated Week 2,7,6,,,,,0,,,False,False
Kareem Abdul-Jabbar,Lindsay Arnold,Athlete,New York,United States,71,26,Eliminated Week 2,8,6,,,,,0,,,False,False
Johnny Damon,Emma Slater,Athlete,Kansas,United States,44,26,Eliminated Week 1,9,6,,,,,0,,,False,False
Jamie Anderson,Artem Chigvintsev,Athlete,California,United States,27,26,Eliminated Week 1,10,6,,,,,0,,,False,False
Adam Rippon,Jenna Johnson,Athlete,Pennsylvania,United States,28,26,1st Place,1,7,,,,,0,,,False,False
Josh Norman,Sharna Burgess,Athlete,South Carolina,United States,30,26,2nd Place,2,7,,,,,0,,,False,False
Tonya Harding,Sasha Farber,Athlete,Oregon,United States,47,26,3rd Place,3,7,,,,,0,,,False,False
Mirai Nagasu,Alan Bersten,Athlete,California,United States,25,26,Eliminated Week 3,4,7,,,,,0,,,False,False
Chris Mazdzer,Witney Carson,Athlete,Massachusetts,United States,29,26,Eliminated Week 3,5,7,,,,,0,,,False,False
Jennie Finch Daigle,Keo Motsepe,Athlete,California,United States,37,26,Eliminated Week 3,6,7,,,,,0,,,False,False
Arike Ogunbowale,Gleb Savchenko,Athlete,Wisconsin,United States,21,26,Eliminated Week 2,7,7,,,,,0,,,False,False
Kareem Abdul-Jabbar,Lindsay Arnold,Athlete,New York,United States,71,26,Eliminated Week 2,8,7,,,,,0,,,False,False
Johnny Damon,Emma Slater,Athlete,Kansas,United States,44,26,Eliminated Week 1,9,7,,,,,0,,,False,False
Jamie Anderson,Artem Chigvintsev,Athlete,California,United States,27,26,Eliminated Week 1,10,7,,,,,0,,,False,False
Adam Rippon,Jenna Johnson,Athlete,Pennsylvania,United States,28,26,1st Place,1,8,,,,,0,,,False,False
Josh Norman,Sharna Burgess,Athlete,South Carolina,United States,30,26,2nd Place,2,8,,,,,0,,,False,False
Tonya Harding,Sasha Farber,Athlete,Oregon,United States,47,26,3rd Place,3,8,,,,,0,,,False,False
Mirai Nagasu,Alan Bersten,Athlete,California,United States,25,26,Eliminated Week 3,4,8,,,,,0,,,False,False
Chris Mazdzer,Witney Carson,Athlete,Massachusetts,United States,29,26,Eliminated Week 3,5,8,,,,,0,,,False,False
Jennie Finch Daigle,Keo Motsepe,Athlete,California,United States,37,26,Eliminated Week 3,6,8,,,,,0,,,False,False
Arike Ogunbowale,Gleb Savchenko,Athlete,Wisconsin,United States,21,26,Eliminated Week 2,7,8,,,,,0,,,False,False
Kareem Abdul-Jabbar,Lindsay Arnold,Athlete,New York,United States,71,26,Eliminated Week 2,8,8,,,,,0,,,False,False
Johnny Damon,Emma Slater,Athlete,Kansas,United States,44,26,Eliminated Week 1,9,8,,,,,0,,,False,False
Jamie Anderson,Artem Chigvintsev,Athlete,California,United States,27,26,Eliminated Week 1,10,8,,,,,0,,,False,False
Adam Rippon,Jenna Johnson,Athlete,Pennsylvania,United States,28,26,1st Place,1,9,,,,,0,,,False,False
Josh Norman,Sharna Burgess,Athlete,South Carolina,United States,30,26,2nd Place,2,9,,,,,0,,,False,False
Tonya Harding,Sasha Farber,Athlete,Oregon,United States,47,26,3rd Place,3,9,,,,,0,,,False,False
Mirai Nagasu,Alan Bersten,Athlete,California,United States,25,26,Eliminated Week 3,4,9,,,,,0,,,False,False
Chris Mazdzer,Witney Carson,Athlete,Massachusetts,United States,29,26,Eliminated Week 3,5,9,,,,,0,,,False,False
Jennie Finch Daigle,Keo Motsepe,Athlete,California,United States,37,26,Eliminated Week 3,6,9,,,,,0,,,False,False
Arike Ogunbowale,Gleb Savchenko,Athlete,Wisconsin,United States,21,26,Eliminated Week 2,7,9,,,,,0,,,False,False
Kareem Abdul-Jabbar,Lindsay Arnold,Athlete,New York,United States,71,26,Eliminated Week 2,8,9,,,,,0,,,False,False
Johnny Damon,Emma Slater,Athlete,Kansas,United States,44,26,Eliminated Week 1,9,9,,,,,0,,,False,False
Jamie Anderson,Artem Chigvintsev,Athlete,California,United States,27,26,Eliminated Week 1,10,9,,,,,0,,,False,False
Adam Rippon,Jenna Johnson,Athlete,Pennsylvania,United States,28,26,1st Place,1,10,,,,,0,,,False,False
Josh Norman,Sharna Burgess,Athlete,South Carolina,United States,30,26,2nd Place,2,10,,,,,0,,,False,False
Tonya Harding,Sasha Farber,Athlete,Oregon,United States,47,26,3rd Place,3,10,,,,,0,,,False,False
Mirai Nagasu,Alan Bersten,Athlete,California,United States,25,26,Eliminated Week 3,4,10,,,,,0,,,False,False
Chris Mazdzer,Witney Carson,Athlete,Massachusetts,United States,29,26,Eliminated Week 3,5,10,,,,,0,,,False,False
Jennie Finch Daigle,Keo Motsepe,Athlete,California,United States,37,26,Eliminated Week 3,6,10,,,,,0,,,False,False
Arike Ogunbowale,Gleb Savchenko,Athlete,Wisconsin,United States,21,26,Eliminated Week 2,7,10,,,,,0,,,False,False
Kareem Abdul-Jabbar,Lindsay Arnold,Athlete,New York,United States,71,26,Eliminated Week 2,8,10,,,,,0,,,False,False
Johnny Damon,Emma Slater,Athlete,Kansas,United States,44,26,Eliminated Week 1,9,10,,,,,0,,,False,False
Jamie Anderson,Artem Chigvintsev,Athlete,California,United States,27,26,Eliminated Week 1,10,10,,,,,0,,,False,False
Adam Rippon,Jenna Johnson,Athlete,Pennsylvania,United States,28,26,1st Place,1,11,,,,,0,,,False,False
Josh Norman,Sharna Burgess,Athlete,South Carolina,United States,30,26,2nd Place,2,11,,,,,0,,,False,False
Tonya Harding,Sasha Farber,Athlete,Oregon,United States,47,26,3rd Place,3,11,,,,,0,,,False,False
Mirai Nagasu,Alan Bersten,Athlete,California,United States,25,26,Eliminated Week 3,4,11,,,,,0,,,False,False
Chris Mazdzer,Witney Carson,Athlete,Massachusetts,United States,29,26,Eliminated Week 3,5,11,,,,,0,,,False,False
Jennie Finch Daigle,Keo Motsepe,Athlete,California,United States,37,26,Eliminated Week 3,6,11,,,,,0,,,False,False
Arike Ogunbowale,Gleb Savchenko,Athlete,Wisconsin,United States,21,26,Eliminated Week 2,7,11,,,,,0,,,False,False
Kareem Abdul-Jabbar,Lindsay Arnold,Athlete,New York,United States,71,26,Eliminated Week 2,8,11,,,,,0,,,False,False
Johnny Damon,Emma Slater,Athlete,Kansas,United States,44,26,Eliminated Week 1,9,11,,,,,0,,,False,False
Jamie Anderson,Artem Chigvintsev,Athlete,California,United States,27,26,Eliminated Week 1,10,11,,,,,0,,,False,False
Bobby Bones,Sharna Burgess,Radio Personality,Arkansas,United States,38,27,1st Place,1,1,7.0,6.0,7.0,,3,20.0,6.666666666666667,True,True
Milo Manheim,Witney Carson,Actor/Actress,California,United States,17,27,2nd Place,2,1,7.0,6.0,7.0,,3,20.0,6.666666666666667,True,True
Evanna Lynch,Keo Motsepe,Actor/Actress,,Ireland,27,27,3rd Place,3,1,7.0,5.0,6.0,,3,18.0,6.0,True,True
Alexis Ren,Alan Bersten,Social Media Personality,California,United States,21,27,4th Place,4,1,7.0,7.5,7.5,,3,22.0,7.333333333333333,True,True
Juan Pablo Di Pace,Cheryl Burke,Actor/Actress,,Argentina,39,27,Eliminated Week 8,5,1,7.0,7.0,8.0,,3,22.0,7.333333333333333,True,True
Joe Amabile,Jenna Johnson,TV Personality,Illinois,United States,32,27,Eliminated Week 8,6,1,5.0,4.0,5.0,,3,14.0,4.666666666666667,True,True
DeMarcus Ware,Lindsay Arnold,Athlete,Alabama,United States,36,27,Eliminated Week 7,7,1,8.0,7.0,8.0,,3,23.0,7.666666666666667,True,True
John Schneider,Emma Slater,Actor/Actress,New York,United States,58,27,Eliminated Week 7,8,1,7.0,5.0,6.0,,3,18.0,6.0,True,True
Mary Lou Retton,Sasha Farber,Athlete,West Virginia,United States,50,27,Eliminated Week 6,9,1,6.5,7.0,6.5,,3,20.0,6.666666666666667,True,True
Tinashe,Brandon Armstrong,Singer/Rapper,Kentucky,United States,25,27,Eliminated Week 4,10,1,8.0,7.0,8.0,,3,23.0,7.666666666666667,True,True
Nancy McKeon,Valentin Chmerkovskiy,Actor/Actress,New York,United States,52,27,Eliminated Week 3,11,1,6.5,6.5,6.5,,3,19.5,6.5,True,True
Danelle Umstead,Artem Chigvintsev,Athlete,New Mexico,United States,46,27,Eliminated Week 2,12,1,6.0,6.0,6.0,,3,18.0,6.0,True,True
Nikki Glaser,Gleb Savchenko,Comedian,Ohio,United States,34,27,Eliminated Week 1,13,1,6.0,5.5,6.0,,3,17.5,5.833333333333333,True,True
Bobby Bones,Sharna Burgess,Radio Personality,Arkansas,United States,38,27,1st Place,1,2,7.0,6.0,6.5,,3,19.5,6.5,True,True
Milo Manheim,Witney Carson,Actor/Actress,California,United States,17,27,2nd Place,2,2,9.0,8.0,9.0,,3,26.0,8.666666666666666,True,True
Evanna Lynch,Keo Motsepe,Actor/Actress,,Ireland,27,27,3rd Place,3,2,8.0,8.0,8.0,,3,24.0,8.0,True,True
Alexis Ren,Alan Bersten,Social Media Personality,California,United States,21,27,4th Place,4,2,8.0,8.5,8.0,,3,24.5,8.166666666666666,True,True
Juan Pablo Di Pace,Cheryl Burke,Actor/Actress,,Argentina,39,27,Eliminated Week 8,5,2,9.0,8.0,9.0,,3,26.0,8.666666666666666,True,True
Joe Amabile,Jenna Johnson,TV Personality,Illinois,United States,32,27,Eliminated Week 8,6,2,5.5,6.0,6.0,,3,17.5,5.833333333333333,True,True
DeMarcus Ware,Lindsay Arnold,Athlete,Alabama,United States,36,27,Eliminated Week 7,7,2,8.0,7.5,8.0,,3,23.5,7.833333333333333,True,True
John Schneider,Emma Slater,Actor/Actress,New York,United States,58,27,Eliminated Week 7,8,2,7.5,6.5,7.5,,3,21.5,7.166666666666667,True,True
Mary Lou Retton,Sasha Farber,Athlete,West Virginia,United States,50,27,Eliminated Week 6,9,2,8.0,7.5,7.5,,3,23.0,7.666666666666667,True,True
Tinashe,Brandon Armstrong,Singer/Rapper,Kentucky,United States,25,27,Eliminated Week 4,10,2,9.0,8.0,9.0,,3,26.0,8.666666666666666,True,True
Nancy McKeon,Valentin Chmerkovskiy,Actor/Actress,New York,United States,52,27,Eliminated Week 3,11,2,7.0,6.5,7.0,,3,20.5,6.833333333333333,True,True
Danelle Umstead,Artem Chigvintsev,Athlete,New Mexico,United States,46,27,Eliminated Week 2,12,2,6.5,6.0,6.0,,3,18.5,6.166666666666667,True,True
Nikki Glaser,Gleb Savchenko,Comedian,Ohio,United States,34,27,Eliminated Week 1,13,2,0.0,0.0,0.0,,3,0.0,0.0,True,False
Bobby Bones,Sharna Burgess,Radio Personality,Arkansas,United States,38,27,1st Place,1,3,8.0,7.0,8.0,,3,23.0,7.666666666666667,True,True
Milo Manheim,Witney Carson,Actor/Actress,California,United States,17,27,2nd Place,2,3,9.0,9.0,9.0,,3,27.0,9.0,True,True
Evanna Lynch,Keo Motsepe,Actor/Actress,,Ireland,27,27,3rd Place,3,3,9.0,9.0,9.0,,3,27.0,9.0,True,True
Alexis Ren,Alan Bersten,Social Media Personality,California,United States,21,27,4th Place,4,3,9.0,8.0,9.0,,3,26.0,8.666666666666666,True,True
Juan Pablo Di Pace,Cheryl Burke,Actor/Actress,,Argentina,39,27,Eliminated Week 8,5,3,10.0,10.0,10.0,,3,30.0,10.0,True,True
Joe Amabile,Jenna Johnson,TV Personality,Illinois,United States,32,27,Eliminated Week 8,6,3,6.0,6.0,6.0,,3,18.0,6.0,True,True
DeMarcus Ware,Lindsay Arnold,Athlete,Alabama,United States,36,27,Eliminated Week 7,7,3,9.0,8.0,9.0,,3,26.0,8.666666666666666,True,True
John Schneider,Emma Slater,Actor/Actress,New York,United States,58,27,Eliminated Week 7,8,3,7.0,7.0,7.0,,3,21.0,7.0,True,True
Mary Lou Retton,Sasha Farber,Athlete,West Virginia,United States,50,27,Eliminated Week 6,9,3,8.0,8.0,8.0,,3,24.0,8.0,True,True
Tinashe,Brandon Armstrong,Singer/Rapper,Kentucky,United States,25,27,Eliminated Week 4,10,3,9.0,9.0,9.0,,3,27.0,9.0,True,True
Nancy McKeon,Valentin Chmerkovskiy,Actor/Actress,New York,United States,52,27,Eliminated Week 3,11,3,8.0,7.0,7.0,,3,22.0,7.333333333333333,True,True
Danelle Umstead,Artem Chigvintsev,Athlete,New Mexico,United States,46,27,Eliminated Week 2,12,3,0.0,0.0,0.0,,3,0.0,0.0,True,False
Nikki Glaser,Gleb Savchenko,Comedian,Ohio,United States,34,27,Eliminated Week 1,13,3,0.0,0.0,0.0,,3,0.0,0.0,True,False
Bobby Bones,Sharna Burgess,Radio Personality,Arkansas,United States,38,27,1st Place,1,4,7.0,6.0,7.0,,3,20.0,6.666666666666667,True,True
Milo Manheim,Witney Carson,Actor/Actress,California,United States,17,27,2nd Place,2,4,10.0,9.0,10.0,,3,29.0,9.666666666666666,True,True
Evanna Lynch,Keo Motsepe,Actor/Actress,,Ireland,27,27,3rd Place,3,4,8.0,8.0,8.0,,3,24.0,8.0,True,True
Alexis Ren,Alan Bersten,Social Media Personality,California,United States,21,27,4th Place,4,4,8.0,8.0,9.0,,3,25.0,8.333333333333334,True,True
Juan Pablo Di Pace,Cheryl Burke,Actor/Actress,,Argentina,39,27,Eliminated Week 8,5,4,8.0,8.0,8.0,,3,24.0,8.0,True,True
Joe Amabile,Jenna Johnson,TV Personality,Illinois,United States,32,27,Eliminated Week 8,6,4,5.0,5.0,5.0,,3,15.0,5.0,True,True
DeMarcus Ware,Lindsay Arnold,Athlete,Alabama,United States,36,27,Eliminated Week 7,7,4,7.0,7.0,8.0,,3,22.0,7.333333333333333,True,True
John Schneider,Emma Slater,Actor/Actress,New York,United States,58,27,Eliminated Week 7,8,4,7.0,7.0,7.0,,3,21.0,7.0,True,True
Mary Lou Retton,Sasha Farber,Athlete,West Virginia,United States,50,27,Eliminated Week 6,9,4,9.0,8.0,9.0,,3,26.0,8.666666666666666,True,True
Tinashe,Brandon Armstrong,Singer/Rapper,Kentucky,United States,25,27,Eliminated Week 4,10,4,9.0,8.0,9.0,,3,26.0,8.666666666666666,True,True
Nancy McKeon,Valentin Chmerkovskiy,Actor/Actress,New York,United States,52,27,Eliminated Week 3,11,4,0.0,0.0,0.0,,3,0.0,0.0,True,False
Danelle Umstead,Artem Chigvintsev,Athlete,New Mexico,United States,46,27,Eliminated Week 2,12,4,0.0,0.0,0.0,,3,0.0,0.0,True,False
Nikki Glaser,Gleb Savchenko,Comedian,Ohio,United States,34,27,Eliminated Week 1,13,4,0.0,0.0,0.0,,3,0.0,0.0,True,False
Bobby Bones,Sharna Burgess,Radio Personality,Arkansas,United States,38,27,1st Place,1,5,7.0,7.0,7.0,,3,21.0,7.0,True,True
Milo Manheim,Witney Carson,Actor/Actress,California,United States,17,27,2nd Place,2,5,9.0,8.0,10.0,,3,27.0,9.0,True,True
Evanna Lynch,Keo Motsepe,Actor/Actress,,Ireland,27,27,3rd Place,3,5,8.0,8.0,8.0,,3,24.0,8.0,True,True
Alexis Ren,Alan Bersten,Social Media Personality,California,United States,21,27,4th Place,4,5,10.0,9.0,10.0,,3,29.0,9.666666666666666,True,True
Juan Pablo Di Pace,Cheryl Burke,Actor/Actress,,Argentina,39,27,Eliminated Week 8,5,5,10.0,9.0,10.0,,3,29.0,9.666666666666666,True,True
Joe Amabile,Jenna Johnson,TV Personality,Illinois,United States,32,27,Eliminated Week 8,6,5,6.0,5.0,6.0,,3,17.0,5.666666666666667,True,True
DeMarcus Ware,Lindsay Arnold,Athlete,Alabama,United States,36,27,Eliminated Week 7,7,5,9.0,8.0,9.0,,3,26.0,8.666666666666666,True,True
John Schneider,Emma Slater,Actor/Actress,New York,United States,58,27,Eliminated Week 7,8,5,8.0,8.0,8.0,,3,24.0,8.0,True,True
Mary Lou Retton,Sasha Farber,Athlete,West Virginia,United States,50,27,Eliminated Week 6,9,5,9.0,8.0,8.0,,3,25.0,8.333333333333334,True,True
Tinashe,Brandon Armstrong,Singer/Rapper,Kentucky,United States,25,27,Eliminated Week 4,10,5,0.0,0.0,0.0,,3,0.0,0.0,True,False
Nancy McKeon,Valentin Chmerkovskiy,Actor/Actress,New York,United States,52,27,Eliminated Week 3,11,5,0.0,0.0,0.0,,3,0.0,0.0,True,False
Danelle Umstead,Artem Chigvintsev,Athlete,New Mexico,United States,46,27,Eliminated Week 2,12,5,0.0,0.0,0.0,,3,0.0,0.0,True,False
Nikki Glaser,Gleb Savchenko,Comedian,Ohio,United States,34,27,Eliminated Week 1,13,5,0.0,0.0,0.0,,3,0.0,0.0,True,False
Bobby Bones,Sharna Burgess,Radio Personality,Arkansas,United States,38,27,1st Place,1,6,8.0,7.0,7.0,,3,22.0,7.333333333333333,True,True
Milo Manheim,Witney Carson,Actor/Actress,California,United States,17,27,2nd Place,2,6,10.0,10.0,10.0,,3,30.0,10.0,True,True
Evanna Lynch,Keo Motsepe,Actor/Actress,,Ireland,27,27,3rd Place,3,6,10.0,9.0,10.0,,3,29.0,9.666666666666666,True,True
Alexis Ren,Alan Bersten,Social Media Personality,California,United States,21,27,4th Place,4,6,9.0,9.0,9.0,,3,27.0,9.0,True,True
Juan Pablo Di Pace,Cheryl Burke,Actor/Actress,,Argentina,39,27,Eliminated Week 8,5,6,10.0,10.0,10.0,,3,30.0,10.0,True,True
Joe Amabile,Jenna Johnson,TV Personality,Illinois,United States,32,27,Eliminated Week 8,6,6,8.0,7.0,7.0,,3,22.0,7.333333333333333,True,True
DeMarcus Ware,Lindsay Arnold,Athlete,Alabama,United States,36,27,Eliminated Week 7,7,6,8.0,9.0,9.0,,3,26.0,8.666666666666666,True,True
John Schneider,Emma Slater,Actor/Actress,New York,United States,58,27,Eliminated Week 7,8,6,6.0,7.0,6.0,,3,19.0,6.333333333333333,True,True
Mary Lou Retton,Sasha Farber,Athlete,West Virginia,United States,50,27,Eliminated Week 6,9,6,8.0,8.0,8.0,,3,24.0,8.0,True,True
Tinashe,Brandon Armstrong,Singer/Rapper,Kentucky,United States,25,27,Eliminated Week 4,10,6,0.0,0.0,0.0,,3,0.0,0.0,True,False
Nancy McKeon,Valentin Chmerkovskiy,Actor/Actress,New York,United States,52,27,Eliminated Week 3,11,6,0.0,0.0,0.0,,3,0.0,0.0,True,False
Danelle Umstead,Artem Chigvintsev,Athlete,New Mexico,United States,46,27,Eliminated Week 2,12,6,0.0,0.0,0.0,,3,0.0,0.0,True,False
Nikki Glaser,Gleb Savchenko,Comedian,Ohio,United States,34,27,Eliminated Week 1,13,6,0.0,0.0,0.0,,3,0.0,0.0,True,False
Bobby Bones,Sharna Burgess,Radio Personality,Arkansas,United States,38,27,1st Place,1,7,9.0,8.5,9.0,,3,26.5,8.833333333333334,True,True
Milo Manheim,Witney Carson,Actor/Actress,California,United States,17,27,2nd Place,2,7,10.0,9.0,10.0,,3,29.0,9.666666666666666,True,True
Evanna Lynch,Keo Motsepe,Actor/Actress,,Ireland,27,27,3rd Place,3,7,10.0,9.5,10.0,,3,29.5,9.833333333333334,True,True
Alexis Ren,Alan Bersten,Social Media Personality,California,United States,21,27,4th Place,4,7,9.0,9.0,9.5,,3,27.5,9.166666666666666,True,True
Juan Pablo Di Pace,Cheryl Burke,Actor/Actress,,Argentina,39,27,Eliminated Week 8,5,7,9.5,9.0,9.5,,3,28.0,9.333333333333334,True,True
Joe Amabile,Jenna Johnson,TV Personality,Illinois,United States,32,27,Eliminated Week 8,6,7,8.0,7.5,8.0,,3,23.5,7.833333333333333,True,True
DeMarcus Ware,Lindsay Arnold,Athlete,Alabama,United States,36,27,Eliminated Week 7,7,7,9.0,8.5,9.0,,3,26.5,8.833333333333334,True,True
John Schneider,Emma Slater,Actor/Actress,New York,United States,58,27,Eliminated Week 7,8,7,9.0,9.0,9.0,,3,27.0,9.0,True,True
Mary Lou Retton,Sasha Farber,Athlete,West Virginia,United States,50,27,Eliminated Week 6,9,7,0.0,0.0,0.0,,3,0.0,0.0,True,False
Tinashe,Brandon Armstrong,Singer/Rapper,Kentucky,United States,25,27,Eliminated Week 4,10,7,0.0,0.0,0.0,,3,0.0,0.0,True,False
Nancy McKeon,Valentin Chmerkovskiy,Actor/Actress,New York,United States,52,27,Eliminated Week 3,11,7,0.0,0.0,0.0,,3,0.0,0.0,True,False
Danelle Umstead,Artem Chigvintsev,Athlete,New Mexico,United States,46,27,Eliminated Week 2,12,7,0.0,0.0,0.0,,3,0.0,0.0,True,False
Nikki Glaser,Gleb Savchenko,Comedian,Ohio,United States,34,27,Eliminated Week 1,13,7,0.0,0.0,0.0,,3,0.0,0.0,True,False
Bobby Bones,Sharna Burgess,Radio Personality,Arkansas,United States,38,27,1st Place,1,8,7.5,7.5,7.5,,3,22.5,7.5,True,True
Milo Manheim,Witney Carson,Actor/Actress,California,United States,17,27,2nd Place,2,8,9.0,9.0,9.5,,3,27.5,9.166666666666666,True,True
Evanna Lynch,Keo Motsepe,Actor/Actress,,Ireland,27,27,3rd Place,3,8,10.0,9.5,9.5,,3,29.0,9.666666666666666,True,True
Alexis Ren,Alan Bersten,Social Media Personality,California,United States,21,27,4th Place,4,8,9.5,9.5,10.0,,3,29.0,9.666666666666666,True,True
Juan Pablo Di Pace,Cheryl Burke,Actor/Actress,,Argentina,39,27,Eliminated Week 8,5,8,10.0,10.0,10.0,,3,30.0,10.0,True,True
Joe Amabile,Jenna Johnson,TV Personality,Illinois,United States,32,27,Eliminated Week 8,6,8,8.0,7.5,7.5,,3,23.0,7.666666666666667,True,True
DeMarcus Ware,Lindsay Arnold,Athlete,Alabama,United States,36,27,Eliminated Week 7,7,8,0.0,0.0,0.0,,3,0.0,0.0,True,False
John Schneider,Emma Slater,Actor/Actress,New York,United States,58,27,Eliminated Week 7,8,8,0.0,0.0,0.0,,3,0.0,0.0,True,False
Mary Lou Retton,Sasha Farber,Athlete,West Virginia,United States,50,27,Eliminated Week 6,9,8,0.0,0.0,0.0,,3,0.0,0.0,True,False
Tinashe,Brandon Armstrong,Singer/Rapper,Kentucky,United States,25,27,Eliminated Week 4,10,8,0.0,0.0,0.0,,3,0.0,0.0,True,False
Nancy McKeon,Valentin Chmerkovskiy,Actor/Actress,New York,United States,52,27,Eliminated Week 3,11,8,0.0,0.0,0.0,,3,0.0,0.0,True,False
Danelle Umstead,Artem Chigvintsev,Athlete,New Mexico,United States,46,27,Eliminated Week 2,12,8,0.0,0.0,0.0,,3,0.0,0.0,True,False
Nikki Glaser,Gleb Savchenko,Comedian,Ohio,United States,34,27,Eliminated Week 1,13,8,0.0,0.0,0.0,,3,0.0,0.0,True,False
Bobby Bones,Sharna Burgess,Radio Personality,Arkansas,United States,38,27,1st Place,1,9,9.0,9.0,9.0,,3,27.0,9.0,True,True
Milo Manheim,Witney Carson,Actor/Actress,California,United States,17,27,2nd Place,2,9,10.0,10.0,10.0,,3,30.0,10.0,True,True
Evanna Lynch,Keo Motsepe,Actor/Actress,,Ireland,27,27,3rd Place,3,9,10.0,10.0,10.0,,3,30.0,10.0,True,True
Alexis Ren,Alan Bersten,Social Media Personality,California,United States,21,27,4th Place,4,9,9.5,9.5,9.5,,3,28.5,9.5,True,True
Juan Pablo Di Pace,Cheryl Burke,Actor/Actress,,Argentina,39,27,Eliminated Week 8,5,9,0.0,0.0,0.0,,3,0.0,0.0,True,False
Joe Amabile,Jenna Johnson,TV Personality,Illinois,United States,32,27,Eliminated Week 8,6,9,0.0,0.0,0.0,,3,0.0,0.0,True,False
DeMarcus Ware,Lindsay Arnold,Athlete,Alabama,United States,36,27,Eliminated Week 7,7,9,0.0,0.0,0.0,,3,0.0,0.0,True,False
John Schneider,Emma Slater,Actor/Actress,New York,United States,58,27,Eliminated Week 7,8,9,0.0,0.0,0.0,,3,0.0,0.0,True,False
Mary Lou Retton,Sasha Farber,Athlete,West Virginia,United States,50,27,Eliminated Week 6,9,9,0.0,0.0,0.0,,3,0.0,0.0,True,False
Tinashe,Brandon Armstrong,Singer/Rapper,Kentucky,United States,25,27,Eliminated Week 4,10,9,0.0,0.0,0.0,,3,0.0,0.0,True,False
Nancy McKeon,Valentin Chmerkovskiy,Actor/Actress,New York,United States,52,27,Eliminated Week 3,11,9,0.0,0.0,0.0,,3,0.0,0.0,True,False
Danelle Umstead,Artem Chigvintsev,Athlete,New Mexico,United States,46,27,Eliminated Week 2,12,9,0.0,0.0,0.0,,3,0.0,0.0,True,False
Nikki Glaser,Gleb Savchenko,Comedian,Ohio,United States,34,27,Eliminated Week 1,13,9,0.0,0.0,0.0,,3,0.0,0.0,True,False
Bobby Bones,Sharna Burgess,Radio Personality,Arkansas,United States,38,27,1st Place,1,10,,,,,0,,,False,False
Milo Manheim,Witney Carson,Actor/Actress,California,United States,17,27,2nd Place,2,10,,,,,0,,,False,False
Evanna Lynch,Keo Motsepe,Actor/Actress,,Ireland,27,27,3rd Place,3,10,,,,,0,,,False,False
Alexis Ren,Alan Bersten,Social Media Personality,California,United States,21,27,4th Place,4,10,,,,,0,,,False,False
Juan Pablo Di Pace,Cheryl Burke,Actor/Actress,,Argentina,39,27,Eliminated Week 8,5,10,,,,,0,,,False,False
Joe Amabile,Jenna Johnson,TV Personality,Illinois,United States,32,27,Eliminated Week 8,6,10,,,,,0,,,False,False
DeMarcus Ware,Lindsay Arnold,Athlete,Alabama,United States,36,27,Eliminated Week 7,7,10,,,,,0,,,False,False
John Schneider,Emma Slater,Actor/Actress,New York,United States,58,27,Eliminated Week 7,8,10,,,,,0,,,False,False
Mary Lou Retton,Sasha Farber,Athlete,West Virginia,United States,50,27,Eliminated Week 6,9,10,,,,,0,,,False,False
Tinashe,Brandon Armstrong,Singer/Rapper,Kentucky,United States,25,27,Eliminated Week 4,10,10,,,,,0,,,False,False
Nancy McKeon,Valentin Chmerkovskiy,Actor/Actress,New York,United States,52,27,Eliminated Week 3,11,10,,,,,0,,,False,False
Danelle Umstead,Artem Chigvintsev,Athlete,New Mexico,United States,46,27,Eliminated Week 2,12,10,,,,,0,,,False,False
Nikki Glaser,Gleb Savchenko,Comedian,Ohio,United States,34,27,Eliminated Week 1,13,10,,,,,0,,,False,False
Bobby Bones,Sharna Burgess,Radio Personality,Arkansas,United States,38,27,1st Place,1,11,,,,,0,,,False,False
Milo Manheim,Witney Carson,Actor/Actress,California,United States,17,27,2nd Place,2,11,,,,,0,,,False,False
Evanna Lynch,Keo Motsepe,Actor/Actress,,Ireland,27,27,3rd Place,3,11,,,,,0,,,False,False
Alexis Ren,Alan Bersten,Social Media Personality,California,United States,21,27,4th Place,4,11,,,,,0,,,False,False
Juan Pablo Di Pace,Cheryl Burke,Actor/Actress,,Argentina,39,27,Eliminated Week 8,5,11,,,,,0,,,False,False
Joe Amabile,Jenna Johnson,TV Personality,Illinois,United States,32,27,Eliminated Week 8,6,11,,,,,0,,,False,False
DeMarcus Ware,Lindsay Arnold,Athlete,Alabama,United States,36,27,Eliminated Week 7,7,11,,,,,0,,,False,False
John Schneider,Emma Slater,Actor/Actress,New York,United States,58,27,Eliminated Week 7,8,11,,,,,0,,,False,False
Mary Lou Retton,Sasha Farber,Athlete,West Virginia,United States,50,27,Eliminated Week 6,9,11,,,,,0,,,False,False
Tinashe,Brandon Armstrong,Singer/Rapper,Kentucky,United States,25,27,Eliminated Week 4,10,11,,,,,0,,,False,False
Nancy McKeon,Valentin Chmerkovskiy,Actor/Actress,New York,United States,52,27,Eliminated Week 3,11,11,,,,,0,,,False,False
Danelle Umstead,Artem Chigvintsev,Athlete,New Mexico,United States,46,27,Eliminated Week 2,12,11,,,,,0,,,False,False
Nikki Glaser,Gleb Savchenko,Comedian,Ohio,United States,34,27,Eliminated Week 1,13,11,,,,,0,,,False,False
Hannah Brown,Alan Bersten,TV Personality,Alabama,United States,24,28,1st Place,1,1,7.0,7.0,6.0,,3,20.0,6.666666666666667,True,True
Kel Mitchell,Witney Carson,Actor/Actress,Illinois,United States,41,28,2nd Place,2,1,6.0,5.0,5.0,,3,16.0,5.333333333333333,True,True
Ally Brooke,Sasha Farber,Singer/Rapper,Texas,United States,26,28,3rd Place,3,1,5.0,5.0,6.0,,3,16.0,5.333333333333333,True,True
Lauren Alaina,Gleb Savchenko,Singer/Rapper,Georgia,United States,24,28,4th Place,4,1,7.0,6.0,6.0,,3,19.0,6.333333333333333,True,True
James Van Der Beek,Emma Slater,Actor/Actress,Connecticut,United States,42,28,Eliminated Week 10,5,1,7.0,7.0,7.0,,3,21.0,7.0,True,True
Sean Spicer,Lindsay Arnold,Politician,New York,United States,48,28,Eliminated Week 9,6,1,4.0,4.0,4.0,,3,12.0,4.0,True,True
Kate Flannery,Pasha Pashkov,Actor/Actress,Pennsylvania,United States,55,28,Eliminated Week 8,7,1,5.0,5.0,5.0,,3,15.0,5.0,True,True
Karamo Brown,Jenna Johnson,TV Personality,Texas,United States,38,28,Eliminated Week 7,8,1,6.0,5.0,6.0,,3,17.0,5.666666666666667,True,True
Sailor Brinkley-Cook,Valentin Chmerkovskiy,Model,New York,United States,21,28,Eliminated Week 6,9,1,6.0,6.0,6.0,,3,18.0,6.0,True,True
Lamar Odom,Peta Murgatroyd,Athlete,New York,United States,39,28,Eliminated Week 4,10,1,5.0,3.0,3.0,,3,11.0,3.6666666666666665,True,True
Ray Lewis,Cheryl Burke,Athlete,Florida,United States,44,28,Withdrew,11,1,5.0,5.0,5.0,,3,15.0,5.0,True,True
Mary Wilson,Brandon Armstrong,Singer/Rapper,Nevada,United States,75,28,Eliminated Week 2,12,1,6.0,5.0,6.0,,3,17.0,5.666666666666667,True,True
Hannah Brown,Alan Bersten,TV Personality,Alabama,United States,24,28,1st Place,1,2,8.0,8.0,8.0,,3,24.0,8.0,True,True
Kel Mitchell,Witney Carson,Actor/Actress,Illinois,United States,41,28,2nd Place,2,2,7.0,6.0,7.0,,3,20.0,6.666666666666667,True,True
Ally Brooke,Sasha Farber,Singer/Rapper,Texas,United States,26,28,3rd Place,3,2,7.0,6.0,7.0,,3,20.0,6.666666666666667,True,True
Lauren Alaina,Gleb Savchenko,Singer/Rapper,Georgia,United States,24,28,4th Place,4,2,6.0,6.0,7.0,,3,19.0,6.333333333333333,True,True
James Van Der Beek,Emma Slater,Actor/Actress,Connecticut,United States,42,28,Eliminated Week 10,5,2,7.0,6.0,7.0,,3,20.0,6.666666666666667,True,True
Sean Spicer,Lindsay Arnold,Politician,New York,United States,48,28,Eliminated Week 9,6,2,6.0,5.0,5.0,,3,16.0,5.333333333333333,True,True
Kate Flannery,Pasha Pashkov,Actor/Actress,Pennsylvania,United States,55,28,Eliminated Week 8,7,2,7.0,7.0,7.0,,3,21.0,7.0,True,True
Karamo Brown,Jenna Johnson,TV Personality,Texas,United States,38,28,Eliminated Week 7,8,2,7.0,5.0,7.0,,3,19.0,6.333333333333333,True,True
Sailor Brinkley-Cook,Valentin Chmerkovskiy,Model,New York,United States,21,28,Eliminated Week 6,9,2,6.0,6.0,6.0,,3,18.0,6.0,True,True
Lamar Odom,Peta Murgatroyd,Athlete,New York,United States,39,28,Eliminated Week 4,10,2,4.0,4.0,4.0,,3,12.0,4.0,True,True
Ray Lewis,Cheryl Burke,Athlete,Florida,United States,44,28,Withdrew,11,2,5.0,5.0,5.0,,3,15.0,5.0,True,True
Mary Wilson,Brandon Armstrong,Singer/Rapper,Nevada,United States,75,28,Eliminated Week 2,12,2,5.0,5.0,5.0,,3,15.0,5.0,True,True
Hannah Brown,Alan Bersten,TV Personality,Alabama,United States,24,28,1st Place,1,3,7.0,7.0,7.0,,3,21.0,7.0,True,True
Kel Mitchell,Witney Carson,Actor/Actress,Illinois,United States,41,28,2nd Place,2,3,7.0,6.0,7.0,,3,20.0,6.666666666666667,True,True
Ally Brooke,Sasha Farber,Singer/Rapper,Texas,United States,26,28,3rd Place,3,3,8.0,8.0,8.0,,3,24.0,8.0,True,True
Lauren Alaina,Gleb Savchenko,Singer/Rapper,Georgia,United States,24,28,4th Place,4,3,6.0,7.0,7.0,,3,20.0,6.666666666666667,True,True
James Van Der Beek,Emma Slater,Actor/Actress,Connecticut,United States,42,28,Eliminated Week 10,5,3,8.0,7.0,8.0,,3,23.0,7.666666666666667,True,True
Sean Spicer,Lindsay Arnold,Politician,New York,United States,48,28,Eliminated Week 9,6,3,5.0,5.0,5.0,,3,15.0,5.0,True,True
Kate Flannery,Pasha Pashkov,Actor/Actress,Pennsylvania,United States,55,28,Eliminated Week 8,7,3,8.0,8.0,8.0,,3,24.0,8.0,True,True
Karamo Brown,Jenna Johnson,TV Personality,Texas,United States,38,28,Eliminated Week 7,8,3,5.0,5.0,6.0,,3,16.0,5.333333333333333,True,True
Sailor Brinkley-Cook,Valentin Chmerkovskiy,Model,New York,United States,21,28,Eliminated Week 6,9,3,7.0,8.0,8.0,,3,23.0,7.666666666666667,True,True
Lamar Odom,Peta Murgatroyd,Athlete,New York,United States,39,28,Eliminated Week 4,10,3,4.0,4.0,4.0,,3,12.0,4.0,True,True
Ray Lewis,Cheryl Burke,Athlete,Florida,United States,44,28,Withdrew,11,3,0.0,0.0,0.0,,3,0.0,0.0,True,False
Mary Wilson,Brandon Armstrong,Singer/Rapper,Nevada,United States,75,28,Eliminated Week 2,12,3,0.0,0.0,0.0,,3,0.0,0.0,True,False
Hannah Brown,Alan Bersten,TV Personality,Alabama,United States,24,28,1st Place,1,4,8.0,8.0,8.0,8.0,4,32.0,8.0,True,True
Kel Mitchell,Witney Carson,Actor/Actress,Illinois,United States,41,28,2nd Place,2,4,8.0,8.0,8.0,8.0,4,32.0,8.0,True,True
Ally Brooke,Sasha Farber,Singer/Rapper,Texas,United States,26,28,3rd Place,3,4,8.0,8.0,8.0,8.0,4,32.0,8.0,True,True
Lauren Alaina,Gleb Savchenko,Singer/Rapper,Georgia,United States,24,28,4th Place,4,4,8.0,8.0,8.0,8.0,4,32.0,8.0,True,True
James Van Der Beek,Emma Slater,Actor/Actress,Connecticut,United States,42,28,Eliminated Week 10,5,4,7.0,7.0,7.0,7.0,4,28.0,7.0,True,True
Sean Spicer,Lindsay Arnold,Politician,New York,United States,48,28,Eliminated Week 9,6,4,5.0,6.0,5.0,5.0,4,21.0,5.25,True,True
Kate Flannery,Pasha Pashkov,Actor/Actress,Pennsylvania,United States,55,28,Eliminated Week 8,7,4,7.0,7.0,6.0,6.0,4,26.0,6.5,True,True
Karamo Brown,Jenna Johnson,TV Personality,Texas,United States,38,28,Eliminated Week 7,8,4,7.0,7.0,7.0,7.0,4,28.0,7.0,True,True
Sailor Brinkley-Cook,Valentin Chmerkovskiy,Model,New York,United States,21,28,Eliminated Week 6,9,4,7.0,8.0,8.0,8.0,4,31.0,7.75,True,True
Lamar Odom,Peta Murgatroyd,Athlete,New York,United States,39,28,Eliminated Week 4,10,4,5.0,7.0,4.0,4.0,4,20.0,5.0,True,True
Ray Lewis,Cheryl Burke,Athlete,Florida,United States,44,28,Withdrew,11,4,0.0,0.0,0.0,0.0,4,0.0,0.0,True,False
Mary Wilson,Brandon Armstrong,Singer/Rapper,Nevada,United States,75,28,Eliminated Week 2,12,4,0.0,0.0,0.0,0.0,4,0.0,0.0,True,False
Hannah Brown,Alan Bersten,TV Personality,Alabama,United States,24,28,1st Place,1,5,9.0,7.0,9.0,,3,25.0,8.333333333333334,True,True
Kel Mitchell,Witney Carson,Actor/Actress,Illinois,United States,41,28,2nd Place,2,5,9.0,8.0,9.0,,3,26.0,8.666666666666666,True,True
Ally Brooke,Sasha Farber,Singer/Rapper,Texas,United States,26,28,3rd Place,3,5,9.0,9.0,9.0,,3,27.0,9.0,True,True
Lauren Alaina,Gleb Savchenko,Singer/Rapper,Georgia,United States,24,28,4th Place,4,5,8.0,7.0,8.0,,3,23.0,7.666666666666667,True,True
James Van Der Beek,Emma Slater,Actor/Actress,Connecticut,United States,42,28,Eliminated Week 10,5,5,9.0,8.0,9.0,,3,26.0,8.666666666666666,True,True
Sean Spicer,Lindsay Arnold,Politician,New York,United States,48,28,Eliminated Week 9,6,5,7.0,6.0,6.0,,3,19.0,6.333333333333333,True,True
Kate Flannery,Pasha Pashkov,Actor/Actress,Pennsylvania,United States,55,28,Eliminated Week 8,7,5,8.0,8.0,8.0,,3,24.0,8.0,True,True
Karamo Brown,Jenna Johnson,TV Personality,Texas,United States,38,28,Eliminated Week 7,8,5,7.0,7.0,7.0,,3,21.0,7.0,True,True
Sailor Brinkley-Cook,Valentin Chmerkovskiy,Model,New York,United States,21,28,Eliminated Week 6,9,5,8.0,8.0,8.0,,3,24.0,8.0,True,True
Lamar Odom,Peta Murgatroyd,Athlete,New York,United States,39,28,Eliminated Week 4,10,5,0.0,0.0,0.0,,3,0.0,0.0,True,False
Ray Lewis,Cheryl Burke,Athlete,Florida,United States,44,28,Withdrew,11,5,0.0,0.0,0.0,,3,0.0,0.0,True,False
Mary Wilson,Brandon Armstrong,Singer/Rapper,Nevada,United States,75,28,Eliminated Week 2,12,5,0.0,0.0,0.0,,3,0.0,0.0,True,False
Hannah Brown,Alan Bersten,TV Personality,Alabama,United States,24,28,1st Place,1,6,8.0,8.0,8.0,,3,24.0,8.0,True,True
Kel Mitchell,Witney Carson,Actor/Actress,Illinois,United States,41,28,2nd Place,2,6,9.0,8.0,9.0,,3,26.0,8.666666666666666,True,True
Ally Brooke,Sasha Farber,Singer/Rapper,Texas,United States,26,28,3rd Place,3,6,8.0,9.0,8.0,,3,25.0,8.333333333333334,True,True
Lauren Alaina,Gleb Savchenko,Singer/Rapper,Georgia,United States,24,28,4th Place,4,6,9.0,8.0,9.0,,3,26.0,8.666666666666666,True,True
James Van Der Beek,Emma Slater,Actor/Actress,Connecticut,United States,42,28,Eliminated Week 10,5,6,9.0,9.0,9.0,,3,27.0,9.0,True,True
Sean Spicer,Lindsay Arnold,Politician,New York,United States,48,28,Eliminated Week 9,6,6,7.0,7.0,7.0,,3,21.0,7.0,True,True
Kate Flannery,Pasha Pashkov,Actor/Actress,Pennsylvania,United States,55,28,Eliminated Week 8,7,6,9.0,9.0,9.0,,3,27.0,9.0,True,True
Karamo Brown,Jenna Johnson,TV Personality,Texas,United States,38,28,Eliminated Week 7,8,6,9.0,8.0,8.0,,3,25.0,8.333333333333334,True,True
Sailor Brinkley-Cook,Valentin Chmerkovskiy,Model,New York,United States,21,28,Eliminated Week 6,9,6,9.0,9.0,9.0,,3,27.0,9.0,True,True
Lamar Odom,Peta Murgatroyd,Athlete,New York,United States,39,28,Eliminated Week 4,10,6,0.0,0.0,0.0,,3,0.0,0.0,True,False
Ray Lewis,Cheryl Burke,Athlete,Florida,United States,44,28,Withdrew,11,6,0.0,0.0,0.0,,3,0.0,0.0,True,False
Mary Wilson,Brandon Armstrong,Singer/Rapper,Nevada,United States,75,28,Eliminated Week 2,12,6,0.0,0.0,0.0,,3,0.0,0.0,True,False
Hannah Brown,Alan Bersten,TV Personality,Alabama,United States,24,28,1st Place,1,7,8.5,9.0,8.5,,3,26.0,8.666666666666666,True,True
Kel Mitchell,Witney Carson,Actor/Actress,Illinois,United States,41,28,2nd Place,2,7,8.5,8.5,8.5,,3,25.5,8.5,True,True
Ally Brooke,Sasha Farber,Singer/Rapper,Texas,United States,26,28,3rd Place,3,7,9.0,9.0,9.0,,3,27.0,9.0,True,True
Lauren Alaina,Gleb Savchenko,Singer/Rapper,Georgia,United States,24,28,4th Place,4,7,9.0,9.0,9.0,,3,27.0,9.0,True,True
James Van Der Beek,Emma Slater,Actor/Actress,Connecticut,United States,42,28,Eliminated Week 10,5,7,9.0,9.0,9.0,,3,27.0,9.0,True,True
Sean Spicer,Lindsay Arnold,Politician,New York,United States,48,28,Eliminated Week 9,6,7,7.0,7.0,7.0,,3,21.0,7.0,True,True
Kate Flannery,Pasha Pashkov,Actor/Actress,Pennsylvania,United States,55,28,Eliminated Week 8,7,7,8.0,8.0,8.0,,3,24.0,8.0,True,True
Karamo Brown,Jenna Johnson,TV Personality,Texas,United States,38,28,Eliminated Week 7,8,7,8.5,8.0,8.0,,3,24.5,8.166666666666666,True,True
Sailor Brinkley-Cook,Valentin Chmerkovskiy,Model,New York,United States,21,28,Eliminated Week 6,9,7,0.0,0.0,0.0,,3,0.0,0.0,True,False
Lamar Odom,Peta Murgatroyd,Athlete,New York,United States,39,28,Eliminated Week 4,10,7,0.0,0.0,0.0,,3,0.0,0.0,True,False
Ray Lewis,Cheryl Burke,Athlete,Florida,United States,44,28,Withdrew,11,7,0.0,0.0,0.0,,3,0.0,0.0,True,False
Mary Wilson,Brandon Armstrong,Singer/Rapper,Nevada,United States,75,28,Eliminated Week 2,12,7,0.0,0.0,0.0,,3,0.0,0.0,True,False
Hannah Brown,Alan Bersten,TV Personality,Alabama,United States,24,28,1st Place,1,8,10.6666,9.6666,10.6666,,3,30.9998,10.333266666666667,True,True
Kel Mitchell,Witney Carson,Actor/Actress,Illinois,United States,41,28,2nd Place,2,8,9.6666,9.6666,10.6666,,3,29.9998,9.999933333333333,True,True
Ally Brooke,Sasha Farber,Singer/Rapper,Texas,United States,26,28,3rd Place,3,8,10.0,10.0,10.0,,3,30.0,10.0,True,True
Lauren Alaina,Gleb Savchenko,Singer/Rapper,Georgia,United States,24,28,4th Place,4,8,8.0,8.0,8.0,,3,24.0,8.0,True,True
James Van Der Beek,Emma Slater,Actor/Actress,Connecticut,United States,42,28,Eliminated Week 10,5,8,10.6666,10.6666,10.6666,,3,31.9998,10.6666,True,True
Sean Spicer,Lindsay Arnold,Politician,New York,United States,48,28,Eliminated Week 9,6,8,7.0,7.0,6.0,,3,20.0,6.666666666666667,True,True
Kate Flannery,Pasha Pashkov,Actor/Actress,Pennsylvania,United States,55,28,Eliminated Week 8,7,8,8.6666,8.6666,8.6666,,3,25.9998,8.6666,True,True
Karamo Brown,Jenna Johnson,TV Personality,Texas,United States,38,28,Eliminated Week 7,8,8,0.0,0.0,0.0,,3,0.0,0.0,True,False
Sailor Brinkley-Cook,Valentin Chmerkovskiy,Model,New York,United States,21,28,Eliminated Week 6,9,8,0.0,0.0,0.0,,3,0.0,0.0,True,False
Lamar Odom,Peta Murgatroyd,Athlete,New York,United States,39,28,Eliminated Week 4,10,8,0.0,0.0,0.0,,3,0.0,0.0,True,False
Ray Lewis,Cheryl Burke,Athlete,Florida,United States,44,28,Withdrew,11,8,0.0,0.0,0.0,,3,0.0,0.0,True,False
Mary Wilson,Brandon Armstrong,Singer/Rapper,Nevada,United States,75,28,Eliminated Week 2,12,8,0.0,0.0,0.0,,3,0.0,0.0,True,False
Hannah Brown,Alan Bersten,TV Personality,Alabama,United States,24,28,1st Place,1,9,9.0,8.5,9.0,9.0,4,35.5,8.875,True,True
Kel Mitchell,Witney Carson,Actor/Actress,Illinois,United States,41,28,2nd Place,2,9,9.0,9.0,9.5,9.5,4,37.0,9.25,True,True
Ally Brooke,Sasha Farber,Singer/Rapper,Texas,United States,26,28,3rd Place,3,9,10.0,10.0,10.0,10.0,4,40.0,10.0,True,True
Lauren Alaina,Gleb Savchenko,Singer/Rapper,Georgia,United States,24,28,4th Place,4,9,9.0,9.0,8.5,8.5,4,35.0,8.75,True,True
James Van Der Beek,Emma Slater,Actor/Actress,Connecticut,United States,42,28,Eliminated Week 10,5,9,9.0,8.5,9.5,9.0,4,36.0,9.0,True,True
Sean Spicer,Lindsay Arnold,Politician,New York,United States,48,28,Eliminated Week 9,6,9,6.5,6.0,6.5,6.0,4,25.0,6.25,True,True
Kate Flannery,Pasha Pashkov,Actor/Actress,Pennsylvania,United States,55,28,Eliminated Week 8,7,9,0.0,0.0,0.0,0.0,4,0.0,0.0,True,False
Karamo Brown,Jenna Johnson,TV Personality,Texas,United States,38,28,Eliminated Week 7,8,9,0.0,0.0,0.0,0.0,4,0.0,0.0,True,False
Sailor Brinkley-Cook,Valentin Chmerkovskiy,Model,New York,United States,21,28,Eliminated Week 6,9,9,0.0,0.0,0.0,0.0,4,0.0,0.0,True,False
Lamar Odom,Peta Murgatroyd,Athlete,New York,United States,39,28,Eliminated Week 4,10,9,0.0,0.0,0.0,0.0,4,0.0,0.0,True,False
Ray Lewis,Cheryl Burke,Athlete,Florida,United States,44,28,Withdrew,11,9,0.0,0.0,0.0,0.0,4,0.0,0.0,True,False
Mary Wilson,Brandon Armstrong,Singer/Rapper,Nevada,United States,75,28,Eliminated Week 2,12,9,0.0,0.0,0.0,0.0,4,0.0,0.0,True,False
Hannah Brown,Alan Bersten,TV Personality,Alabama,United States,24,28,1st Place,1,10,9.0,9.0,9.0,,3,27.0,9.0,True,True
Kel Mitchell,Witney Carson,Actor/Actress,Illinois,United States,41,28,2nd Place,2,10,9.5,9.5,9.5,,3,28.5,9.5,True,True
Ally Brooke,Sasha Farber,Singer/Rapper,Texas,United States,26,28,3rd Place,3,10,10.0,9.5,10.0,,3,29.5,9.833333333333334,True,True
Lauren Alaina,Gleb Savchenko,Singer/Rapper,Georgia,United States,24,28,4th Place,4,10,9.0,9.0,9.0,,3,27.0,9.0,True,True
James Van Der Beek,Emma Slater,Actor/Actress,Connecticut,United States,42,28,Eliminated Week 10,5,10,8.5,8.5,8.5,,3,25.5,8.5,True,True
Sean Spicer,Lindsay Arnold,Politician,New York,United States,48,28,Eliminated Week 9,6,10,0.0,0.0,0.0,,3,0.0,0.0,True,False
Kate Flannery,Pasha Pashkov,Actor/Actress,Pennsylvania,United States,55,28,Eliminated Week 8,7,10,0.0,0.0,0.0,,3,0.0,0.0,True,False
Karamo Brown,Jenna Johnson,TV Personality,Texas,United States,38,28,Eliminated Week 7,8,10,0.0,0.0,0.0,,3,0.0,0.0,True,False
Sailor Brinkley-Cook,Valentin Chmerkovskiy,Model,New York,United States,21,28,Eliminated Week 6,9,10,0.0,0.0,0.0,,3,0.0,0.0,True,False
Lamar Odom,Peta Murgatroyd,Athlete,New York,United States,39,28,Eliminated Week 4,10,10,0.0,0.0,0.0,,3,0.0,0.0,True,False
Ray Lewis,Cheryl Burke,Athlete,Florida,United States,44,28,Withdrew,11,10,0.0,0.0,0.0,,3,0.0,0.0,True,False
Mary Wilson,Brandon Armstrong,Singer/Rapper,Nevada,United States,75,28,Eliminated Week 2,12,10,0.0,0.0,0.0,,3,0.0,0.0,True,False
Hannah Brown,Alan Bersten,TV Personality,Alabama,United States,24,28,1st Place,1,11,10.0,9.5,9.5,,3,29.0,9.666666666666666,True,True
Kel Mitchell,Witney Carson,Actor/Actress,Illinois,United States,41,28,2nd Place,2,11,10.0,9.5,10.0,,3,29.5,9.833333333333334,True,True
Ally Brooke,Sasha Farber,Singer/Rapper,Texas,United States,26,28,3rd Place,3,11,10.0,10.0,10.0,,3,30.0,10.0,True,True
Lauren Alaina,Gleb Savchenko,Singer/Rapper,Georgia,United States,24,28,4th Place,4,11,9.5,9.5,9.5,,3,28.5,9.5,True,True
James Van Der Beek,Emma Slater,Actor/Actress,Connecticut,United States,42,28,Eliminated Week 10,5,11,0.0,0.0,0.0,,3,0.0,0.0,True,False
Sean Spicer,Lindsay Arnold,Politician,New York,United States,48,28,Eliminated Week 9,6,11,0.0,0.0,0.0,,3,0.0,0.0,True,False
Kate Flannery,Pasha Pashkov,Actor/Actress,Pennsylvania,United States,55,28,Eliminated Week 8,7,11,0.0,0.0,0.0,,3,0.0,0.0,True,False
Karamo Brown,Jenna Johnson,TV Personality,Texas,United States,38,28,Eliminated Week 7,8,11,0.0,0.0,0.0,,3,0.0,0.0,True,False
Sailor Brinkley-Cook,Valentin Chmerkovskiy,Model,New York,United States,21,28,Eliminated Week 6,9,11,0.0,0.0,0.0,,3,0.0,0.0,True,False
Lamar Odom,Peta Murgatroyd,Athlete,New York,United States,39,28,Eliminated Week 4,10,11,0.0,0.0,0.0,,3,0.0,0.0,True,False
Ray Lewis,Cheryl Burke,Athlete,Florida,United States,44,28,Withdrew,11,11,0.0,0.0,0.0,,3,0.0,0.0,True,False
Mary Wilson,Brandon Armstrong,Singer/Rapper,Nevada,United States,75,28,Eliminated Week 2,12,11,0.0,0.0,0.0,,3,0.0,0.0,True,False
Kaitlyn Bristowe,Artem Chigvintsev,TV Personality,,Canada,35,29,1st Place,1,1,6.0,7.0,7.0,,3,20.0,6.666666666666667,True,True
Nev Schulman,Jenna Johnson,Producer,New York,United States,35,29,2nd Place,2,1,7.0,7.0,6.0,,3,20.0,6.666666666666667,True,True
Nelly,Daniella Karagach,Singer/Rapper,Texas,United States,45,29,3rd Place,3,1,5.0,5.0,6.0,,3,16.0,5.333333333333333,True,True
Justina Machado,Sasha Farber,Actor/Actress,Illinois,United States,48,29,4th Place,4,1,7.0,7.0,7.0,,3,21.0,7.0,True,True
Skai Jackson,Alan Bersten,Actor/Actress,New York,United States,18,29,Eliminated Week 10,5,1,7.0,7.0,7.0,,3,21.0,7.0,True,True
Johnny Weir,Britt Stewart,Athlete,Pennsylvania,United States,36,29,Eliminated Week 10,6,1,6.0,6.0,6.0,,3,18.0,6.0,True,True
AJ McLean,Cheryl Burke,Singer/Rapper,Florida,United States,42,29,Eliminated Week 9,7,1,6.0,6.0,6.0,,3,18.0,6.0,True,True
Chrishell Stause,Gleb Savchenko,Actor/Actress,Kentucky,United States,39,29,Eliminated Week 8,8,1,4.0,5.0,4.0,,3,13.0,4.333333333333333,True,True
Jeannie Mai,Brandon Armstrong,TV Personality,California,United States,41,29,Withdrew,9,1,6.0,6.0,6.0,,3,18.0,6.0,True,True
Monica Aldama,Valentin Chmerkovskiy,TV Personality,Alabama,United States,48,29,Eliminated Week 7,10,1,6.0,7.0,6.0,,3,19.0,6.333333333333333,True,True
Veron Davis,Peta Murgatroyd,Athlete,Washington D.C.,United States,36,29,Eliminated Week 6,11,1,5.0,6.0,6.0,,3,17.0,5.666666666666667,True,True
Jesse Metcalfe,Sharna Burgess,Actor/Actress,California,United States,41,29,Eliminated Week 5,12,1,6.0,6.0,6.0,,3,18.0,6.0,True,True
Anne Heche,Keo Motsepe,Actor/Actress,Ohio,United States,51,29,Eliminated Week 4,13,1,6.0,6.0,6.0,,3,18.0,6.0,True,True
Carole Baskin,Pasha Pashkov,TV Personality,Texas,United States,59,29,Eliminated Week 3,14,1,4.0,4.0,3.0,,3,11.0,3.6666666666666665,True,True
Charles Oakley,Emma Slater,Athlete,Ohio,United States,56,29,Eliminated Week 2,15,1,4.0,4.0,4.0,,3,12.0,4.0,True,True
Kaitlyn Bristowe,Artem Chigvintsev,TV Personality,,Canada,35,29,1st Place,1,2,7.0,8.0,7.0,,3,22.0,7.333333333333333,True,True
Nev Schulman,Jenna Johnson,Producer,New York,United States,35,29,2nd Place,2,2,7.0,7.0,7.0,,3,21.0,7.0,True,True
Nelly,Daniella Karagach,Singer/Rapper,Texas,United States,45,29,3rd Place,3,2,6.0,6.0,6.0,,3,18.0,6.0,True,True
Justina Machado,Sasha Farber,Actor/Actress,Illinois,United States,48,29,4th Place,4,2,7.0,7.0,7.0,,3,21.0,7.0,True,True
Skai Jackson,Alan Bersten,Actor/Actress,New York,United States,18,29,Eliminated Week 10,5,2,5.0,5.0,5.0,,3,15.0,5.0,True,True
Johnny Weir,Britt Stewart,Athlete,Pennsylvania,United States,36,29,Eliminated Week 10,6,2,6.0,6.0,6.0,,3,18.0,6.0,True,True
AJ McLean,Cheryl Burke,Singer/Rapper,Florida,United States,42,29,Eliminated Week 9,7,2,7.0,6.0,6.0,,3,19.0,6.333333333333333,True,True
Chrishell Stause,Gleb Savchenko,Actor/Actress,Kentucky,United States,39,29,Eliminated Week 8,8,2,6.0,6.0,6.0,,3,18.0,6.0,True,True
Jeannie Mai,Brandon Armstrong,TV Personality,California,United States,41,29,Withdrew,9,2,6.0,6.0,6.0,,3,18.0,6.0,True,True
Monica Aldama,Valentin Chmerkovskiy,TV Personality,Alabama,United States,48,29,Eliminated Week 7,10,2,5.0,6.0,5.0,,3,16.0,5.333333333333333,True,True
Veron Davis,Peta Murgatroyd,Athlete,Washington D.C.,United States,36,29,Eliminated Week 6,11,2,6.0,6.0,6.0,,3,18.0,6.0,True,True
Jesse Metcalfe,Sharna Burgess,Actor/Actress,California,United States,41,29,Eliminated Week 5,12,2,7.0,7.0,6.0,,3,20.0,6.666666666666667,True,True
Anne Heche,Keo Motsepe,Actor/Actress,Ohio,United States,51,29,Eliminated Week 4,13,2,6.0,6.0,6.0,,3,18.0,6.0,True,True
Carole Baskin,Pasha Pashkov,TV Personality,Texas,United States,59,29,Eliminated Week 3,14,2,6.0,5.0,5.0,,3,16.0,5.333333333333333,True,True
Charles Oakley,Emma Slater,Athlete,Ohio,United States,56,29,Eliminated Week 2,15,2,5.0,5.0,5.0,,3,15.0,5.0,True,True
Kaitlyn Bristowe,Artem Chigvintsev,TV Personality,,Canada,35,29,1st Place,1,3,8.0,7.0,8.0,,3,23.0,7.666666666666667,True,True
Nev Schulman,Jenna Johnson,Producer,New York,United States,35,29,2nd Place,2,3,8.0,8.0,8.0,,3,24.0,8.0,True,True
Nelly,Daniella Karagach,Singer/Rapper,Texas,United States,45,29,3rd Place,3,3,6.0,6.0,6.0,,3,18.0,6.0,True,True
Justina Machado,Sasha Farber,Actor/Actress,Illinois,United States,48,29,4th Place,4,3,7.0,6.0,6.0,,3,19.0,6.333333333333333,True,True
Skai Jackson,Alan Bersten,Actor/Actress,New York,United States,18,29,Eliminated Week 10,5,3,6.0,6.0,6.0,,3,18.0,6.0,True,True
Johnny Weir,Britt Stewart,Athlete,Pennsylvania,United States,36,29,Eliminated Week 10,6,3,8.0,8.0,8.0,,3,24.0,8.0,True,True
AJ McLean,Cheryl Burke,Singer/Rapper,Florida,United States,42,29,Eliminated Week 9,7,3,7.0,7.0,7.0,,3,21.0,7.0,True,True
Chrishell Stause,Gleb Savchenko,Actor/Actress,Kentucky,United States,39,29,Eliminated Week 8,8,3,7.0,7.0,8.0,,3,22.0,7.333333333333333,True,True
Jeannie Mai,Brandon Armstrong,TV Personality,California,United States,41,29,Withdrew,9,3,7.0,7.0,8.0,,3,22.0,7.333333333333333,True,True
Monica Aldama,Valentin Chmerkovskiy,TV Personality,Alabama,United States,48,29,Eliminated Week 7,10,3,7.0,7.0,7.0,,3,21.0,7.0,True,True
Veron Davis,Peta Murgatroyd,Athlete,Washington D.C.,United States,36,29,Eliminated Week 6,11,3,8.0,7.0,7.0,,3,22.0,7.333333333333333,True,True
Jesse Metcalfe,Sharna Burgess,Actor/Actress,California,United States,41,29,Eliminated Week 5,12,3,7.0,6.0,7.0,,3,20.0,6.666666666666667,True,True
Anne Heche,Keo Motsepe,Actor/Actress,Ohio,United States,51,29,Eliminated Week 4,13,3,5.0,5.0,5.0,,3,15.0,5.0,True,True
Carole Baskin,Pasha Pashkov,TV Personality,Texas,United States,59,29,Eliminated Week 3,14,3,5.0,4.0,3.0,,3,12.0,4.0,True,True
Charles Oakley,Emma Slater,Athlete,Ohio,United States,56,29,Eliminated Week 2,15,3,0.0,0.0,0.0,,3,0.0,0.0,True,False
Kaitlyn Bristowe,Artem Chigvintsev,TV Personality,,Canada,35,29,1st Place,1,4,9.0,8.0,8.0,,3,25.0,8.333333333333334,True,True
Nev Schulman,Jenna Johnson,Producer,New York,United States,35,29,2nd Place,2,4,8.0,8.0,8.0,,3,24.0,8.0,True,True
Nelly,Daniella Karagach,Singer/Rapper,Texas,United States,45,29,3rd Place,3,4,7.0,7.0,7.0,,3,21.0,7.0,True,True
Justina Machado,Sasha Farber,Actor/Actress,Illinois,United States,48,29,4th Place,4,4,8.0,8.0,8.0,,3,24.0,8.0,True,True
Skai Jackson,Alan Bersten,Actor/Actress,New York,United States,18,29,Eliminated Week 10,5,4,10.0,9.0,9.0,,3,28.0,9.333333333333334,True,True
Johnny Weir,Britt Stewart,Athlete,Pennsylvania,United States,36,29,Eliminated Week 10,6,4,8.0,8.0,8.0,,3,24.0,8.0,True,True
AJ McLean,Cheryl Burke,Singer/Rapper,Florida,United States,42,29,Eliminated Week 9,7,4,8.0,8.0,8.0,,3,24.0,8.0,True,True
Chrishell Stause,Gleb Savchenko,Actor/Actress,Kentucky,United States,39,29,Eliminated Week 8,8,4,7.0,8.0,7.0,,3,22.0,7.333333333333333,True,True
Jeannie Mai,Brandon Armstrong,TV Personality,California,United States,41,29,Withdrew,9,4,7.0,7.0,7.0,,3,21.0,7.0,True,True
Monica Aldama,Valentin Chmerkovskiy,TV Personality,Alabama,United States,48,29,Eliminated Week 7,10,4,8.0,8.0,8.0,,3,24.0,8.0,True,True
Veron Davis,Peta Murgatroyd,Athlete,Washington D.C.,United States,36,29,Eliminated Week 6,11,4,8.0,7.0,7.0,,3,22.0,7.333333333333333,True,True
Jesse Metcalfe,Sharna Burgess,Actor/Actress,California,United States,41,29,Eliminated Week 5,12,4,7.0,7.0,7.0,,3,21.0,7.0,True,True
Anne Heche,Keo Motsepe,Actor/Actress,Ohio,United States,51,29,Eliminated Week 4,13,4,7.0,7.0,7.0,,3,21.0,7.0,True,True
Carole Baskin,Pasha Pashkov,TV Personality,Texas,United States,59,29,Eliminated Week 3,14,4,0.0,0.0,0.0,,3,0.0,0.0,True,False
Charles Oakley,Emma Slater,Athlete,Ohio,United States,56,29,Eliminated Week 2,15,4,0.0,0.0,0.0,,3,0.0,0.0,True,False
Kaitlyn Bristowe,Artem Chigvintsev,TV Personality,,Canada,35,29,1st Place,1,5,9.0,9.0,9.0,,3,27.0,9.0,True,True
Nev Schulman,Jenna Johnson,Producer,New York,United States,35,29,2nd Place,2,5,8.0,9.0,9.0,,3,26.0,8.666666666666666,True,True
Nelly,Daniella Karagach,Singer/Rapper,Texas,United States,45,29,3rd Place,3,5,8.0,8.0,8.0,,3,24.0,8.0,True,True
Justina Machado,Sasha Farber,Actor/Actress,Illinois,United States,48,29,4th Place,4,5,8.0,8.0,8.0,,3,24.0,8.0,True,True
Skai Jackson,Alan Bersten,Actor/Actress,New York,United States,18,29,Eliminated Week 10,5,5,8.0,8.0,8.0,,3,24.0,8.0,True,True
Johnny Weir,Britt Stewart,Athlete,Pennsylvania,United States,36,29,Eliminated Week 10,6,5,10.0,10.0,9.0,,3,29.0,9.666666666666666,True,True
AJ McLean,Cheryl Burke,Singer/Rapper,Florida,United States,42,29,Eliminated Week 9,7,5,8.0,8.0,8.0,,3,24.0,8.0,True,True
Chrishell Stause,Gleb Savchenko,Actor/Actress,Kentucky,United States,39,29,Eliminated Week 8,8,5,6.0,6.0,7.0,,3,19.0,6.333333333333333,True,True
Jeannie Mai,Brandon Armstrong,TV Personality,California,United States,41,29,Withdrew,9,5,8.0,8.0,8.0,,3,24.0,8.0,True,True
Monica Aldama,Valentin Chmerkovskiy,TV Personality,Alabama,United States,48,29,Eliminated Week 7,10,5,9.0,9.0,8.0,,3,26.0,8.666666666666666,True,True
Veron Davis,Peta Murgatroyd,Athlete,Washington D.C.,United States,36,29,Eliminated Week 6,11,5,7.0,7.0,7.0,,3,21.0,7.0,True,True
Jesse Metcalfe,Sharna Burgess,Actor/Actress,California,United States,41,29,Eliminated Week 5,12,5,7.0,6.0,6.0,,3,19.0,6.333333333333333,True,True
Anne Heche,Keo Motsepe,Actor/Actress,Ohio,United States,51,29,Eliminated Week 4,13,5,0.0,0.0,0.0,,3,0.0,0.0,True,False
Carole Baskin,Pasha Pashkov,TV Personality,Texas,United States,59,29,Eliminated Week 3,14,5,0.0,0.0,0.0,,3,0.0,0.0,True,False
Charles Oakley,Emma Slater,Athlete,Ohio,United States,56,29,Eliminated Week 2,15,5,0.0,0.0,0.0,,3,0.0,0.0,True,False
Kaitlyn Bristowe,Artem Chigvintsev,TV Personality,,Canada,35,29,1st Place,1,6,9.0,9.0,9.0,,3,27.0,9.0,True,True
Nev Schulman,Jenna Johnson,Producer,New York,United States,35,29,2nd Place,2,6,9.0,9.0,8.0,,3,26.0,8.666666666666666,True,True
Nelly,Daniella Karagach,Singer/Rapper,Texas,United States,45,29,3rd Place,3,6,8.0,8.0,8.0,,3,24.0,8.0,True,True
Justina Machado,Sasha Farber,Actor/Actress,Illinois,United States,48,29,4th Place,4,6,9.0,9.0,9.0,,3,27.0,9.0,True,True
Skai Jackson,Alan Bersten,Actor/Actress,New York,United States,18,29,Eliminated Week 10,5,6,6.0,6.0,6.0,,3,18.0,6.0,True,True
Johnny Weir,Britt Stewart,Athlete,Pennsylvania,United States,36,29,Eliminated Week 10,6,6,7.0,8.0,7.0,,3,22.0,7.333333333333333,True,True
AJ McLean,Cheryl Burke,Singer/Rapper,Florida,United States,42,29,Eliminated Week 9,7,6,9.0,9.0,9.0,,3,27.0,9.0,True,True
Chrishell Stause,Gleb Savchenko,Actor/Actress,Kentucky,United States,39,29,Eliminated Week 8,8,6,8.0,8.0,8.0,,3,24.0,8.0,True,True
Jeannie Mai,Brandon Armstrong,TV Personality,California,United States,41,29,Withdrew,9,6,8.0,8.0,9.0,,3,25.0,8.333333333333334,True,True
Monica Aldama,Valentin Chmerkovskiy,TV Personality,Alabama,United States,48,29,Eliminated Week 7,10,6,9.0,9.0,9.0,,3,27.0,9.0,True,True
Veron Davis,Peta Murgatroyd,Athlete,Washington D.C.,United States,36,29,Eliminated Week 6,11,6,7.0,7.0,7.0,,3,21.0,7.0,True,True
Jesse Metcalfe,Sharna Burgess,Actor/Actress,California,United States,41,29,Eliminated Week 5,12,6,0.0,0.0,0.0,,3,0.0,0.0,True,False
Anne Heche,Keo Motsepe,Actor/Actress,Ohio,United States,51,29,Eliminated Week 4,13,6,0.0,0.0,0.0,,3,0.0,0.0,True,False
Carole Baskin,Pasha Pashkov,TV Personality,Texas,United States,59,29,Eliminated Week 3,14,6,0.0,0.0,0.0,,3,0.0,0.0,True,False
Charles Oakley,Emma Slater,Athlete,Ohio,United States,56,29,Eliminated Week 2,15,6,0.0,0.0,0.0,,3,0.0,0.0,True,False
Kaitlyn Bristowe,Artem Chigvintsev,TV Personality,,Canada,35,29,1st Place,1,7,7.0,9.0,8.0,,3,24.0,8.0,True,True
Nev Schulman,Jenna Johnson,Producer,New York,United States,35,29,2nd Place,2,7,10.0,10.0,10.0,,3,30.0,10.0,True,True
Nelly,Daniella Karagach,Singer/Rapper,Texas,United States,45,29,3rd Place,3,7,9.0,9.0,9.0,,3,27.0,9.0,True,True
Justina Machado,Sasha Farber,Actor/Actress,Illinois,United States,48,29,4th Place,4,7,9.0,9.0,8.0,,3,26.0,8.666666666666666,True,True
Skai Jackson,Alan Bersten,Actor/Actress,New York,United States,18,29,Eliminated Week 10,5,7,9.0,9.0,9.0,,3,27.0,9.0,True,True
Johnny Weir,Britt Stewart,Athlete,Pennsylvania,United States,36,29,Eliminated Week 10,6,7,9.0,9.0,9.0,,3,27.0,9.0,True,True
AJ McLean,Cheryl Burke,Singer/Rapper,Florida,United States,42,29,Eliminated Week 9,7,7,9.0,8.0,9.0,,3,26.0,8.666666666666666,True,True
Chrishell Stause,Gleb Savchenko,Actor/Actress,Kentucky,United States,39,29,Eliminated Week 8,8,7,9.0,9.0,8.0,,3,26.0,8.666666666666666,True,True
Jeannie Mai,Brandon Armstrong,TV Personality,California,United States,41,29,Withdrew,9,7,8.0,9.0,8.0,,3,25.0,8.333333333333334,True,True
Monica Aldama,Valentin Chmerkovskiy,TV Personality,Alabama,United States,48,29,Eliminated Week 7,10,7,7.0,8.0,7.0,,3,22.0,7.333333333333333,True,True
Veron Davis,Peta Murgatroyd,Athlete,Washington D.C.,United States,36,29,Eliminated Week 6,11,7,0.0,0.0,0.0,,3,0.0,0.0,True,False
Jesse Metcalfe,Sharna Burgess,Actor/Actress,California,United States,41,29,Eliminated Week 5,12,7,0.0,0.0,0.0,,3,0.0,0.0,True,False
Anne Heche,Keo Motsepe,Actor/Actress,Ohio,United States,51,29,Eliminated Week 4,13,7,0.0,0.0,0.0,,3,0.0,0.0,True,False
Carole Baskin,Pasha Pashkov,TV Personality,Texas,United States,59,29,Eliminated Week 3,14,7,0.0,0.0,0.0,,3,0.0,0.0,True,False
Charles Oakley,Emma Slater,Athlete,Ohio,United States,56,29,Eliminated Week 2,15,7,0.0,0.0,0.0,,3,0.0,0.0,True,False
Kaitlyn Bristowe,Artem Chigvintsev,TV Personality,,Canada,35,29,1st Place,1,8,9.0,10.0,9.0,,3,28.0,9.333333333333334,True,True
Nev Schulman,Jenna Johnson,Producer,New York,United States,35,29,2nd Place,2,8,10.0,10.0,10.0,,3,30.0,10.0,True,True
Nelly,Daniella Karagach,Singer/Rapper,Texas,United States,45,29,3rd Place,3,8,8.0,8.0,8.0,,3,24.0,8.0,True,True
Justina Machado,Sasha Farber,Actor/Actress,Illinois,United States,48,29,4th Place,4,8,9.6666,9.6666,9.6666,,3,28.9998,9.6666,True,True
Skai Jackson,Alan Bersten,Actor/Actress,New York,United States,18,29,Eliminated Week 10,5,8,8.6666,9.6666,8.6666,,3,26.9998,8.999933333333333,True,True
Johnny Weir,Britt Stewart,Athlete,Pennsylvania,United States,36,29,Eliminated Week 10,6,8,10.0,10.0,10.0,,3,30.0,10.0,True,True
AJ McLean,Cheryl Burke,Singer/Rapper,Florida,United States,42,29,Eliminated Week 9,7,8,9.0,9.0,9.0,,3,27.0,9.0,True,True
Chrishell Stause,Gleb Savchenko,Actor/Actress,Kentucky,United States,39,29,Eliminated Week 8,8,8,9.0,9.0,9.0,,3,27.0,9.0,True,True
Jeannie Mai,Brandon Armstrong,TV Personality,California,United States,41,29,Withdrew,9,8,0.0,0.0,0.0,,3,0.0,0.0,True,False
Monica Aldama,Valentin Chmerkovskiy,TV Personality,Alabama,United States,48,29,Eliminated Week 7,10,8,0.0,0.0,0.0,,3,0.0,0.0,True,False
Veron Davis,Peta Murgatroyd,Athlete,Washington D.C.,United States,36,29,Eliminated Week 6,11,8,0.0,0.0,0.0,,3,0.0,0.0,True,False
Jesse Metcalfe,Sharna Burgess,Actor/Actress,California,United States,41,29,Eliminated Week 5,12,8,0.0,0.0,0.0,,3,0.0,0.0,True,False
Anne Heche,Keo Motsepe,Actor/Actress,Ohio,United States,51,29,Eliminated Week 4,13,8,0.0,0.0,0.0,,3,0.0,0.0,True,False
Carole Baskin,Pasha Pashkov,TV Personality,Texas,United States,59,29,Eliminated Week 3,14,8,0.0,0.0,0.0,,3,0.0,0.0,True,False
Charles Oakley,Emma Slater,Athlete,Ohio,United States,56,29,Eliminated Week 2,15,8,0.0,0.0,0.0,,3,0.0,0.0,True,False
Kaitlyn Bristowe,Artem Chigvintsev,TV Personality,,Canada,35,29,1st Place,1,9,10.0,10.0,10.0,,3,30.0,10.0,True,True
Nev Schulman,Jenna Johnson,Producer,New York,United States,35,29,2nd Place,2,9,9.6666,9.6666,9.6666,,3,28.9998,9.6666,True,True
Nelly,Daniella Karagach,Singer/Rapper,Texas,United States,45,29,3rd Place,3,9,8.0,8.0,8.0,,3,24.0,8.0,True,True
Justina Machado,Sasha Farber,Actor/Actress,Illinois,United States,48,29,4th Place,4,9,8.6666,8.6666,8.6666,,3,25.9998,8.6666,True,True
Skai Jackson,Alan Bersten,Actor/Actress,New York,United States,18,29,Eliminated Week 10,5,9,9.6666,9.6666,9.6666,,3,28.9998,9.6666,True,True
Johnny Weir,Britt Stewart,Athlete,Pennsylvania,United States,36,29,Eliminated Week 10,6,9,10.0,10.0,10.0,,3,30.0,10.0,True,True
AJ McLean,Cheryl Burke,Singer/Rapper,Florida,United States,42,29,Eliminated Week 9,7,9,7.6666,8.6666,8.6666,,3,24.9998,8.333266666666667,True,True
Chrishell Stause,Gleb Savchenko,Actor/Actress,Kentucky,United States,39,29,Eliminated Week 8,8,9,0.0,0.0,0.0,,3,0.0,0.0,True,False
Jeannie Mai,Brandon Armstrong,TV Personality,California,United States,41,29,Withdrew,9,9,0.0,0.0,0.0,,3,0.0,0.0,True,False
Monica Aldama,Valentin Chmerkovskiy,TV Personality,Alabama,United States,48,29,Eliminated Week 7,10,9,0.0,0.0,0.0,,3,0.0,0.0,True,False
Veron Davis,Peta Murgatroyd,Athlete,Washington D.C.,United States,36,29,Eliminated Week 6,11,9,0.0,0.0,0.0,,3,0.0,0.0,True,False
Jesse Metcalfe,Sharna Burgess,Actor/Actress,California,United States,41,29,Eliminated Week 5,12,9,0.0,0.0,0.0,,3,0.0,0.0,True,False
Anne Heche,Keo Motsepe,Actor/Actress,Ohio,United States,51,29,Eliminated Week 4,13,9,0.0,0.0,0.0,,3,0.0,0.0,True,False
Carole Baskin,Pasha Pashkov,TV Personality,Texas,United States,59,29,Eliminated Week 3,14,9,0.0,0.0,0.0,,3,0.0,0.0,True,False
Charles Oakley,Emma Slater,Athlete,Ohio,United States,56,29,Eliminated Week 2,15,9,0.0,0.0,0.0,,3,0.0,0.0,True,False
Kaitlyn Bristowe,Artem Chigvintsev,TV Personality,,Canada,35,29,1st Place,1,10,10.0,10.0,10.0,,3,30.0,10.0,True,True
Nev Schulman,Jenna Johnson,Producer,New York,United States,35,29,2nd Place,2,10,10.0,10.0,10.0,,3,30.0,10.0,True,True
Nelly,Daniella Karagach,Singer/Rapper,Texas,United States,45,29,3rd Place,3,10,9.5,9.0,9.5,,3,28.0,9.333333333333334,True,True
Justina Machado,Sasha Farber,Actor/Actress,Illinois,United States,48,29,4th Place,4,10,9.5,10.0,9.5,,3,29.0,9.666666666666666,True,True
Skai Jackson,Alan Bersten,Actor/Actress,New York,United States,18,29,Eliminated Week 10,5,10,9.5,9.5,9.5,,3,28.5,9.5,True,True
Johnny Weir,Britt Stewart,Athlete,Pennsylvania,United States,36,29,Eliminated Week 10,6,10,9.5,9.5,9.5,,3,28.5,9.5,True,True
AJ McLean,Cheryl Burke,Singer/Rapper,Florida,United States,42,29,Eliminated Week 9,7,10,0.0,0.0,0.0,,3,0.0,0.0,True,False
Chrishell Stause,Gleb Savchenko,Actor/Actress,Kentucky,United States,39,29,Eliminated Week 8,8,10,0.0,0.0,0.0,,3,0.0,0.0,True,False
Jeannie Mai,Brandon Armstrong,TV Personality,California,United States,41,29,Withdrew,9,10,0.0,0.0,0.0,,3,0.0,0.0,True,False
Monica Aldama,Valentin Chmerkovskiy,TV Personality,Alabama,United States,48,29,Eliminated Week 7,10,10,0.0,0.0,0.0,,3,0.0,0.0,True,False
Veron Davis,Peta Murgatroyd,Athlete,Washington D.C.,United States,36,29,Eliminated Week 6,11,10,0.0,0.0,0.0,,3,0.0,0.0,True,False
Jesse Metcalfe,Sharna Burgess,Actor/Actress,California,United States,41,29,Eliminated Week 5,12,10,0.0,0.0,0.0,,3,0.0,0.0,True,False
Anne Heche,Keo Motsepe,Actor/Actress,Ohio,United States,51,29,Eliminated Week 4,13,10,0.0,0.0,0.0,,3,0.0,0.0,True,False
Carole Baskin,Pasha Pashkov,TV Personality,Texas,United States,59,29,Eliminated Week 3,14,10,0.0,0.0,0.0,,3,0.0,0.0,True,False
Charles Oakley,Emma Slater,Athlete,Ohio,United States,56,29,Eliminated Week 2,15,10,0.0,0.0,0.0,,3,0.0,0.0,True,False
Kaitlyn Bristowe,Artem Chigvintsev,TV Personality,,Canada,35,29,1st Place,1,11,10.0,10.0,10.0,,3,30.0,10.0,True,True
Nev Schulman,Jenna Johnson,Producer,New York,United States,35,29,2nd Place,2,11,10.0,10.0,10.0,,3,30.0,10.0,True,True
Nelly,Daniella Karagach,Singer/Rapper,Texas,United States,45,29,3rd Place,3,11,9.5,9.5,9.5,,3,28.5,9.5,True,True
Justina Machado,Sasha Farber,Actor/Actress,Illinois,United States,48,29,4th Place,4,11,10.0,10.0,10.0,,3,30.0,10.0,True,True
Skai Jackson,Alan Bersten,Actor/Actress,New York,United States,18,29,Eliminated Week 10,5,11,0.0,0.0,0.0,,3,0.0,0.0,True,False
Johnny Weir,Britt Stewart,Athlete,Pennsylvania,United States,36,29,Eliminated Week 10,6,11,0.0,0.0,0.0,,3,0.0,0.0,True,False
AJ McLean,Cheryl Burke,Singer/Rapper,Florida,United States,42,29,Eliminated Week 9,7,11,0.0,0.0,0.0,,3,0.0,0.0,True,False
Chrishell Stause,Gleb Savchenko,Actor/Actress,Kentucky,United States,39,29,Eliminated Week 8,8,11,0.0,0.0,0.0,,3,0.0,0.0,True,False
Jeannie Mai,Brandon Armstrong,TV Personality,California,United States,41,29,Withdrew,9,11,0.0,0.0,0.0,,3,0.0,0.0,True,False
Monica Aldama,Valentin Chmerkovskiy,TV Personality,Alabama,United States,48,29,Eliminated Week 7,10,11,0.0,0.0,0.0,,3,0.0,0.0,True,False
Veron Davis,Peta Murgatroyd,Athlete,Washington D.C.,United States,36,29,Eliminated Week 6,11,11,0.0,0.0,0.0,,3,0.0,0.0,True,False
Jesse Metcalfe,Sharna Burgess,Actor/Actress,California,United States,41,29,Eliminated Week 5,12,11,0.0,0.0,0.0,,3,0.0,0.0,True,False
Anne Heche,Keo Motsepe,Actor/Actress,Ohio,United States,51,29,Eliminated Week 4,13,11,0.0,0.0,0.0,,3,0.0,0.0,True,False
Carole Baskin,Pasha Pashkov,TV Personality,Texas,United States,59,29,Eliminated Week 3,14,11,0.0,0.0,0.0,,3,0.0,0.0,True,False
Charles Oakley,Emma Slater,Athlete,Ohio,United States,56,29,Eliminated Week 2,15,11,0.0,0.0,0.0,,3,0.0,0.0,True,False
Iman Shumpert,Daniella Karagach,Athlete,Illinois,United States,31,30,1st Place,1,1,7.0,4.0,5.0,5.0,4,21.0,5.25,True,True
JoJo Siwa,Jenna Johnson,Social Media Personality,Nebraska,United States,18,30,2nd Place,2,1,8.0,7.0,7.0,7.0,4,29.0,7.25,True,True
Cody Rigsby,Cheryl Burke,Fitness Instructor,California,United States,34,30,3rd Place,3,1,6.0,6.0,6.0,6.0,4,24.0,6.0,True,True
Amanda Kloots,Alan Bersten,TV Personality,Ohio,United States,39,30,4th Place,4,1,7.0,7.0,7.0,7.0,4,28.0,7.0,True,True
Suni Lee,Sasha Farber,Athlete,Minnesota,United States,18,30,Eliminated Week 9,5,1,7.0,7.0,7.0,7.0,4,28.0,7.0,True,True
Melora Hardin,Artem Chigvintsev,Actor/Actress,Texas,United States,54,30,Eliminated Week 9,6,1,7.0,6.0,7.0,6.0,4,26.0,6.5,True,True
Jimmie Allen,Emma Slater,Singer/Rapper,Delaware,United States,36,30,Eliminated Week 8,7,1,6.0,5.0,6.0,5.0,4,22.0,5.5,True,True
Olivia Jade,Valentin Chmerkovskiy,Social Media Personality,California,United States,21,30,Eliminated Week 8,8,1,7.0,6.0,6.0,6.0,4,25.0,6.25,True,True
"Mike ""The Miz"" Mizanin",Witney Carson,Athlete,Ohio,United States,40,30,Eliminated Week 7,9,1,6.0,6.0,6.0,6.0,4,24.0,6.0,True,True
Kenya Moore,Brandon Armstrong,TV Personality,Michigan,United States,50,30,Eliminated Week 6,10,1,7.0,6.0,6.0,7.0,4,26.0,6.5,True,True
Melanie C,Gleb Savchenko,Singer/Rapper,,England,47,30,Eliminated Week 5,11,1,7.0,7.0,6.0,7.0,4,27.0,6.75,True,True
Matt James,Lindsay Arnold,Athlete,North Carolina,United States,29,30,Eliminated Week 4,12,1,6.0,6.0,6.0,6.0,4,24.0,6.0,True,True
Brian Austin Green,Sharna Burgess,Actor/Actress,California,United States,48,30,Eliminated Week 4,13,1,6.0,6.0,6.0,6.0,4,24.0,6.0,True,True
Christine Chiu,Pasha Pashkov,TV Personality,,Taiwan China,38,30,Eliminated Week 3,14,1,6.0,7.0,6.0,6.0,4,25.0,6.25,True,True
Martin Kove,Britt Stewart,Actor/Actress,New York,United States,75,30,Eliminated Week 2,15,1,4.0,3.0,3.0,3.0,4,13.0,3.25,True,True
Iman Shumpert,Daniella Karagach,Athlete,Illinois,United States,31,30,1st Place,1,2,7.0,6.0,6.0,6.0,4,25.0,6.25,True,True
JoJo Siwa,Jenna Johnson,Social Media Personality,Nebraska,United States,18,30,2nd Place,2,2,8.0,8.0,7.0,8.0,4,31.0,7.75,True,True
Cody Rigsby,Cheryl Burke,Fitness Instructor,California,United States,34,30,3rd Place,3,2,6.0,6.0,6.0,6.0,4,24.0,6.0,True,True
Amanda Kloots,Alan Bersten,TV Personality,Ohio,United States,39,30,4th Place,4,2,8.0,8.0,8.0,8.0,4,32.0,8.0,True,True
Suni Lee,Sasha Farber,Athlete,Minnesota,United States,18,30,Eliminated Week 9,5,2,7.0,7.0,7.0,7.0,4,28.0,7.0,True,True
Melora Hardin,Artem Chigvintsev,Actor/Actress,Texas,United States,54,30,Eliminated Week 9,6,2,7.0,6.0,7.0,7.0,4,27.0,6.75,True,True
Jimmie Allen,Emma Slater,Singer/Rapper,Delaware,United States,36,30,Eliminated Week 8,7,2,7.0,6.0,7.0,7.0,4,27.0,6.75,True,True
Olivia Jade,Valentin Chmerkovskiy,Social Media Personality,California,United States,21,30,Eliminated Week 8,8,2,7.0,6.0,7.0,7.0,4,27.0,6.75,True,True
"Mike ""The Miz"" Mizanin",Witney Carson,Athlete,Ohio,United States,40,30,Eliminated Week 7,9,2,7.0,5.0,7.0,7.0,4,26.0,6.5,True,True
Kenya Moore,Brandon Armstrong,TV Personality,Michigan,United States,50,30,Eliminated Week 6,10,2,6.0,6.0,6.0,6.0,4,24.0,6.0,True,True
Melanie C,Gleb Savchenko,Singer/Rapper,,England,47,30,Eliminated Week 5,11,2,7.0,7.0,8.0,8.0,4,30.0,7.5,True,True
Matt James,Lindsay Arnold,Athlete,North Carolina,United States,29,30,Eliminated Week 4,12,2,5.0,5.0,6.0,6.0,4,22.0,5.5,True,True
Brian Austin Green,Sharna Burgess,Actor/Actress,California,United States,48,30,Eliminated Week 4,13,2,6.0,5.0,6.0,6.0,4,23.0,5.75,True,True
Christine Chiu,Pasha Pashkov,TV Personality,,Taiwan China,38,30,Eliminated Week 3,14,2,6.0,6.0,6.0,6.0,4,24.0,6.0,True,True
Martin Kove,Britt Stewart,Actor/Actress,New York,United States,75,30,Eliminated Week 2,15,2,4.0,3.0,4.0,4.0,4,15.0,3.75,True,True
Iman Shumpert,Daniella Karagach,Athlete,Illinois,United States,31,30,1st Place,1,3,7.0,6.0,6.0,,3,19.0,6.333333333333333,True,True
JoJo Siwa,Jenna Johnson,Social Media Personality,Nebraska,United States,18,30,2nd Place,2,3,8.0,8.0,8.0,,3,24.0,8.0,True,True
Cody Rigsby,Cheryl Burke,Fitness Instructor,California,United States,34,30,3rd Place,3,3,6.0,6.0,6.0,,3,18.0,6.0,True,True
Amanda Kloots,Alan Bersten,TV Personality,Ohio,United States,39,30,4th Place,4,3,8.0,8.0,8.0,,3,24.0,8.0,True,True
Suni Lee,Sasha Farber,Athlete,Minnesota,United States,18,30,Eliminated Week 9,5,3,7.0,7.0,7.0,,3,21.0,7.0,True,True
Melora Hardin,Artem Chigvintsev,Actor/Actress,Texas,United States,54,30,Eliminated Week 9,6,3,8.0,7.0,8.0,,3,23.0,7.666666666666667,True,True
Jimmie Allen,Emma Slater,Singer/Rapper,Delaware,United States,36,30,Eliminated Week 8,7,3,6.0,6.0,8.0,,3,20.0,6.666666666666667,True,True
Olivia Jade,Valentin Chmerkovskiy,Social Media Personality,California,United States,21,30,Eliminated Week 8,8,3,8.0,8.0,8.0,,3,24.0,8.0,True,True
"Mike ""The Miz"" Mizanin",Witney Carson,Athlete,Ohio,United States,40,30,Eliminated Week 7,9,3,7.0,7.0,8.0,,3,22.0,7.333333333333333,True,True
Kenya Moore,Brandon Armstrong,TV Personality,Michigan,United States,50,30,Eliminated Week 6,10,3,7.0,7.0,7.0,,3,21.0,7.0,True,True
Melanie C,Gleb Savchenko,Singer/Rapper,,England,47,30,Eliminated Week 5,11,3,7.0,7.0,8.0,,3,22.0,7.333333333333333,True,True
Matt James,Lindsay Arnold,Athlete,North Carolina,United States,29,30,Eliminated Week 4,12,3,7.0,6.0,7.0,,3,20.0,6.666666666666667,True,True
Brian Austin Green,Sharna Burgess,Actor/Actress,California,United States,48,30,Eliminated Week 4,13,3,7.0,6.0,6.0,,3,19.0,6.333333333333333,True,True
Christine Chiu,Pasha Pashkov,TV Personality,,Taiwan China,38,30,Eliminated Week 3,14,3,7.0,7.0,7.0,,3,21.0,7.0,True,True
Martin Kove,Britt Stewart,Actor/Actress,New York,United States,75,30,Eliminated Week 2,15,3,0.0,0.0,0.0,,3,0.0,0.0,True,False
Iman Shumpert,Daniella Karagach,Athlete,Illinois,United States,31,30,1st Place,1,4,8.5,6.5,8.5,8.0,4,31.5,7.875,True,True
JoJo Siwa,Jenna Johnson,Social Media Personality,Nebraska,United States,18,30,2nd Place,2,4,8.5,8.5,9.0,9.0,4,35.0,8.75,True,True
Cody Rigsby,Cheryl Burke,Fitness Instructor,California,United States,34,30,3rd Place,3,4,7.5,6.5,7.5,7.5,4,29.0,7.25,True,True
Amanda Kloots,Alan Bersten,TV Personality,Ohio,United States,39,30,4th Place,4,4,8.5,8.5,8.5,8.5,4,34.0,8.5,True,True
Suni Lee,Sasha Farber,Athlete,Minnesota,United States,18,30,Eliminated Week 9,5,4,8.5,8.0,9.0,8.5,4,34.0,8.5,True,True
Melora Hardin,Artem Chigvintsev,Actor/Actress,Texas,United States,54,30,Eliminated Week 9,6,4,9.0,9.5,9.0,9.0,4,36.5,9.125,True,True
Jimmie Allen,Emma Slater,Singer/Rapper,Delaware,United States,36,30,Eliminated Week 8,7,4,8.5,7.5,8.5,8.0,4,32.5,8.125,True,True
Olivia Jade,Valentin Chmerkovskiy,Social Media Personality,California,United States,21,30,Eliminated Week 8,8,4,8.0,9.0,9.0,9.0,4,35.0,8.75,True,True
"Mike ""The Miz"" Mizanin",Witney Carson,Athlete,Ohio,United States,40,30,Eliminated Week 7,9,4,8.5,7.5,8.5,8.0,4,32.5,8.125,True,True
Kenya Moore,Brandon Armstrong,TV Personality,Michigan,United States,50,30,Eliminated Week 6,10,4,7.0,7.0,8.0,7.5,4,29.5,7.375,True,True
Melanie C,Gleb Savchenko,Singer/Rapper,,England,47,30,Eliminated Week 5,11,4,8.0,8.0,8.5,8.5,4,33.0,8.25,True,True
Matt James,Lindsay Arnold,Athlete,North Carolina,United States,29,30,Eliminated Week 4,12,4,7.0,6.5,7.5,7.5,4,28.5,7.125,True,True
Brian Austin Green,Sharna Burgess,Actor/Actress,California,United States,48,30,Eliminated Week 4,13,4,6.5,6.0,7.0,6.5,4,26.0,6.5,True,True
Christine Chiu,Pasha Pashkov,TV Personality,,Taiwan China,38,30,Eliminated Week 3,14,4,0.0,0.0,0.0,0.0,4,0.0,0.0,True,False
Martin Kove,Britt Stewart,Actor/Actress,New York,United States,75,30,Eliminated Week 2,15,4,0.0,0.0,0.0,0.0,4,0.0,0.0,True,False
Iman Shumpert,Daniella Karagach,Athlete,Illinois,United States,31,30,1st Place,1,5,7.0,7.0,7.0,7.0,4,28.0,7.0,True,True
JoJo Siwa,Jenna Johnson,Social Media Personality,Nebraska,United States,18,30,2nd Place,2,5,10.0,10.0,10.0,10.0,4,40.0,10.0,True,True
Cody Rigsby,Cheryl Burke,Fitness Instructor,California,United States,34,30,3rd Place,3,5,8.0,8.0,8.0,8.0,4,32.0,8.0,True,True
Amanda Kloots,Alan Bersten,TV Personality,Ohio,United States,39,30,4th Place,4,5,10.0,10.0,9.0,10.0,4,39.0,9.75,True,True
Suni Lee,Sasha Farber,Athlete,Minnesota,United States,18,30,Eliminated Week 9,5,5,9.0,9.0,9.0,9.0,4,36.0,9.0,True,True
Melora Hardin,Artem Chigvintsev,Actor/Actress,Texas,United States,54,30,Eliminated Week 9,6,5,9.0,9.0,9.0,9.0,4,36.0,9.0,True,True
Jimmie Allen,Emma Slater,Singer/Rapper,Delaware,United States,36,30,Eliminated Week 8,7,5,8.0,8.0,9.0,9.0,4,34.0,8.5,True,True
Olivia Jade,Valentin Chmerkovskiy,Social Media Personality,California,United States,21,30,Eliminated Week 8,8,5,9.0,9.0,9.0,9.0,4,36.0,9.0,True,True
"Mike ""The Miz"" Mizanin",Witney Carson,Athlete,Ohio,United States,40,30,Eliminated Week 7,9,5,8.0,8.0,8.0,8.0,4,32.0,8.0,True,True
Kenya Moore,Brandon Armstrong,TV Personality,Michigan,United States,50,30,Eliminated Week 6,10,5,9.0,9.0,9.0,9.0,4,36.0,9.0,True,True
Melanie C,Gleb Savchenko,Singer/Rapper,,England,47,30,Eliminated Week 5,11,5,9.0,9.0,9.0,9.0,4,36.0,9.0,True,True
Matt James,Lindsay Arnold,Athlete,North Carolina,United States,29,30,Eliminated Week 4,12,5,0.0,0.0,0.0,0.0,4,0.0,0.0,True,False
Brian Austin Green,Sharna Burgess,Actor/Actress,California,United States,48,30,Eliminated Week 4,13,5,0.0,0.0,0.0,0.0,4,0.0,0.0,True,False
Christine Chiu,Pasha Pashkov,TV Personality,,Taiwan China,38,30,Eliminated Week 3,14,5,0.0,0.0,0.0,0.0,4,0.0,0.0,True,False
Martin Kove,Britt Stewart,Actor/Actress,New York,United States,75,30,Eliminated Week 2,15,5,0.0,0.0,0.0,0.0,4,0.0,0.0,True,False
Iman Shumpert,Daniella Karagach,Athlete,Illinois,United States,31,30,1st Place,1,6,10.0,10.0,10.0,10.0,4,40.0,10.0,True,True
JoJo Siwa,Jenna Johnson,Social Media Personality,Nebraska,United States,18,30,2nd Place,2,6,10.0,10.0,10.0,10.0,4,40.0,10.0,True,True
Cody Rigsby,Cheryl Burke,Fitness Instructor,California,United States,34,30,3rd Place,3,6,9.0,9.0,9.0,9.0,4,36.0,9.0,True,True
Amanda Kloots,Alan Bersten,TV Personality,Ohio,United States,39,30,4th Place,4,6,9.0,9.0,10.0,10.0,4,38.0,9.5,True,True
Suni Lee,Sasha Farber,Athlete,Minnesota,United States,18,30,Eliminated Week 9,5,6,9.0,9.0,9.0,9.0,4,36.0,9.0,True,True
Melora Hardin,Artem Chigvintsev,Actor/Actress,Texas,United States,54,30,Eliminated Week 9,6,6,8.0,9.0,8.0,9.0,4,34.0,8.5,True,True
Jimmie Allen,Emma Slater,Singer/Rapper,Delaware,United States,36,30,Eliminated Week 8,7,6,10.0,9.0,10.0,9.0,4,38.0,9.5,True,True
Olivia Jade,Valentin Chmerkovskiy,Social Media Personality,California,United States,21,30,Eliminated Week 8,8,6,9.0,9.0,9.0,9.0,4,36.0,9.0,True,True
"Mike ""The Miz"" Mizanin",Witney Carson,Athlete,Ohio,United States,40,30,Eliminated Week 7,9,6,9.0,8.0,9.0,8.0,4,34.0,8.5,True,True
Kenya Moore,Brandon Armstrong,TV Personality,Michigan,United States,50,30,Eliminated Week 6,10,6,8.0,8.0,8.0,8.0,4,32.0,8.0,True,True
Melanie C,Gleb Savchenko,Singer/Rapper,,England,47,30,Eliminated Week 5,11,6,0.0,0.0,0.0,0.0,4,0.0,0.0,True,False
Matt James,Lindsay Arnold,Athlete,North Carolina,United States,29,30,Eliminated Week 4,12,6,0.0,0.0,0.0,0.0,4,0.0,0.0,True,False
Brian Austin Green,Sharna Burgess,Actor/Actress,California,United States,48,30,Eliminated Week 4,13,6,0.0,0.0,0.0,0.0,4,0.0,0.0,True,False
Christine Chiu,Pasha Pashkov,TV Personality,,Taiwan China,38,30,Eliminated Week 3,14,6,0.0,0.0,0.0,0.0,4,0.0,0.0,True,False
Martin Kove,Britt Stewart,Actor/Actress,New York,United States,75,30,Eliminated Week 2,15,6,0.0,0.0,0.0,0.0,4,0.0,0.0,True,False
Iman Shumpert,Daniella Karagach,Athlete,Illinois,United States,31,30,1st Place,1,7,9.5,7.5,8.5,8.5,4,34.0,8.5,True,True
JoJo Siwa,Jenna Johnson,Social Media Personality,Nebraska,United States,18,30,2nd Place,2,7,10.0,9.0,10.0,10.0,4,39.0,9.75,True,True
Cody Rigsby,Cheryl Burke,Fitness Instructor,California,United States,34,30,3rd Place,3,7,8.5,8.5,9.5,9.5,4,36.0,9.0,True,True
Amanda Kloots,Alan Bersten,TV Personality,Ohio,United States,39,30,4th Place,4,7,8.25,8.25,8.25,9.25,4,34.0,8.5,True,True
Suni Lee,Sasha Farber,Athlete,Minnesota,United States,18,30,Eliminated Week 9,5,7,8.25,8.25,8.25,9.25,4,34.0,8.5,True,True
Melora Hardin,Artem Chigvintsev,Actor/Actress,Texas,United States,54,30,Eliminated Week 9,6,7,9.5,9.5,9.5,9.5,4,38.0,9.5,True,True
Jimmie Allen,Emma Slater,Singer/Rapper,Delaware,United States,36,30,Eliminated Week 8,7,7,9.0,9.0,10.0,10.0,4,38.0,9.5,True,True
Olivia Jade,Valentin Chmerkovskiy,Social Media Personality,California,United States,21,30,Eliminated Week 8,8,7,11.0,9.0,11.0,11.0,4,42.0,10.5,True,True
"Mike ""The Miz"" Mizanin",Witney Carson,Athlete,Ohio,United States,40,30,Eliminated Week 7,9,7,8.0,8.0,8.0,8.0,4,32.0,8.0,True,True
Kenya Moore,Brandon Armstrong,TV Personality,Michigan,United States,50,30,Eliminated Week 6,10,7,0.0,0.0,0.0,0.0,4,0.0,0.0,True,False
Melanie C,Gleb Savchenko,Singer/Rapper,,England,47,30,Eliminated Week 5,11,7,0.0,0.0,0.0,0.0,4,0.0,0.0,True,False
Matt James,Lindsay Arnold,Athlete,North Carolina,United States,29,30,Eliminated Week 4,12,7,0.0,0.0,0.0,0.0,4,0.0,0.0,True,False
Brian Austin Green,Sharna Burgess,Actor/Actress,California,United States,48,30,Eliminated Week 4,13,7,0.0,0.0,0.0,0.0,4,0.0,0.0,True,False
Christine Chiu,Pasha Pashkov,TV Personality,,Taiwan China,38,30,Eliminated Week 3,14,7,0.0,0.0,0.0,0.0,4,0.0,0.0,True,False
Martin Kove,Britt Stewart,Actor/Actress,New York,United States,75,30,Eliminated Week 2,15,7,0.0,0.0,0.0,0.0,4,0.0,0.0,True,False
Iman Shumpert,Daniella Karagach,Athlete,Illinois,United States,31,30,1st Place,1,8,9.0,8.0,9.0,9.0,4,35.0,8.75,True,True
JoJo Siwa,Jenna Johnson,Social Media Personality,Nebraska,United States,18,30,2nd Place,2,8,10.5,9.5,10.5,10.5,4,41.0,10.25,True,True
Cody Rigsby,Cheryl Burke,Fitness Instructor,California,United States,34,30,3rd Place,3,8,10.0,10.0,9.0,9.0,4,38.0,9.5,True,True
Amanda Kloots,Alan Bersten,TV Personality,Ohio,United States,39,30,4th Place,4,8,10.5,10.5,10.5,10.5,4,42.0,10.5,True,True
Suni Lee,Sasha Farber,Athlete,Minnesota,United States,18,30,Eliminated Week 9,5,8,10.5,10.5,10.5,10.5,4,42.0,10.5,True,True
Melora Hardin,Artem Chigvintsev,Actor/Actress,Texas,United States,54,30,Eliminated Week 9,6,8,10.5,10.5,10.5,10.5,4,42.0,10.5,True,True
Jimmie Allen,Emma Slater,Singer/Rapper,Delaware,United States,36,30,Eliminated Week 8,7,8,8.0,8.0,8.0,8.0,4,32.0,8.0,True,True
Olivia Jade,Valentin Chmerkovskiy,Social Media Personality,California,United States,21,30,Eliminated Week 8,8,8,9.0,9.0,9.0,9.0,4,36.0,9.0,True,True
"Mike ""The Miz"" Mizanin",Witney Carson,Athlete,Ohio,United States,40,30,Eliminated Week 7,9,8,0.0,0.0,0.0,0.0,4,0.0,0.0,True,False
Kenya Moore,Brandon Armstrong,TV Personality,Michigan,United States,50,30,Eliminated Week 6,10,8,0.0,0.0,0.0,0.0,4,0.0,0.0,True,False
Melanie C,Gleb Savchenko,Singer/Rapper,,England,47,30,Eliminated Week 5,11,8,0.0,0.0,0.0,0.0,4,0.0,0.0,True,False
Matt James,Lindsay Arnold,Athlete,North Carolina,United States,29,30,Eliminated Week 4,12,8,0.0,0.0,0.0,0.0,4,0.0,0.0,True,False
Brian Austin Green,Sharna Burgess,Actor/Actress,California,United States,48,30,Eliminated Week 4,13,8,0.0,0.0,0.0,0.0,4,0.0,0.0,True,False
Christine Chiu,Pasha Pashkov,TV Personality,,Taiwan China,38,30,Eliminated Week 3,14,8,0.0,0.0,0.0,0.0,4,0.0,0.0,True,False
Martin Kove,Britt Stewart,Actor/Actress,New York,United States,75,30,Eliminated Week 2,15,8,0.0,0.0,0.0,0.0,4,0.0,0.0,True,False
Iman Shumpert,Daniella Karagach,Athlete,Illinois,United States,31,30,1st Place,1,9,9.5,9.0,10.0,9.0,4,37.5,9.375,True,True
JoJo Siwa,Jenna Johnson,Social Media Personality,Nebraska,United States,18,30,2nd Place,2,9,10.0,10.0,10.0,10.0,4,40.0,10.0,True,True
Cody Rigsby,Cheryl Burke,Fitness Instructor,California,United States,34,30,3rd Place,3,9,9.0,9.0,8.5,9.0,4,35.5,8.875,True,True
Amanda Kloots,Alan Bersten,TV Personality,Ohio,United States,39,30,4th Place,4,9,9.5,10.0,10.0,10.0,4,39.5,9.875,True,True
Suni Lee,Sasha Farber,Athlete,Minnesota,United States,18,30,Eliminated Week 9,5,9,10.0,9.0,9.5,9.0,4,37.5,9.375,True,True
Melora Hardin,Artem Chigvintsev,Actor/Actress,Texas,United States,54,30,Eliminated Week 9,6,9,8.5,9.5,9.0,9.0,4,36.0,9.0,True,True
Jimmie Allen,Emma Slater,Singer/Rapper,Delaware,United States,36,30,Eliminated Week 8,7,9,0.0,0.0,0.0,0.0,4,0.0,0.0,True,False
Olivia Jade,Valentin Chmerkovskiy,Social Media Personality,California,United States,21,30,Eliminated Week 8,8,9,0.0,0.0,0.0,0.0,4,0.0,0.0,True,False
"Mike ""The Miz"" Mizanin",Witney Carson,Athlete,Ohio,United States,40,30,Eliminated Week 7,9,9,0.0,0.0,0.0,0.0,4,0.0,0.0,True,False
Kenya Moore,Brandon Armstrong,TV Personality,Michigan,United States,50,30,Eliminated Week 6,10,9,0.0,0.0,0.0,0.0,4,0.0,0.0,True,False
Melanie C,Gleb Savchenko,Singer/Rapper,,England,47,30,Eliminated Week 5,11,9,0.0,0.0,0.0,0.0,4,0.0,0.0,True,False
Matt James,Lindsay Arnold,Athlete,North Carolina,United States,29,30,Eliminated Week 4,12,9,0.0,0.0,0.0,0.0,4,0.0,0.0,True,False
Brian Austin Green,Sharna Burgess,Actor/Actress,California,United States,48,30,Eliminated Week 4,13,9,0.0,0.0,0.0,0.0,4,0.0,0.0,True,False
Christine Chiu,Pasha Pashkov,TV Personality,,Taiwan China,38,30,Eliminated Week 3,14,9,0.0,0.0,0.0,0.0,4,0.0,0.0,True,False
Martin Kove,Britt Stewart,Actor/Actress,New York,United States,75,30,Eliminated Week 2,15,9,0.0,0.0,0.0,0.0,4,0.0,0.0,True,False
Iman Shumpert,Daniella Karagach,Athlete,Illinois,United States,31,30,1st Place,1,10,10.0,10.0,10.0,10.0,4,40.0,10.0,True,True
JoJo Siwa,Jenna Johnson,Social Media Personality,Nebraska,United States,18,30,2nd Place,2,10,10.0,10.0,10.0,10.0,4,40.0,10.0,True,True
Cody Rigsby,Cheryl Burke,Fitness Instructor,California,United States,34,30,3rd Place,3,10,9.5,9.5,9.5,9.5,4,38.0,9.5,True,True
Amanda Kloots,Alan Bersten,TV Personality,Ohio,United States,39,30,4th Place,4,10,9.5,10.0,9.5,10.0,4,39.0,9.75,True,True
Suni Lee,Sasha Farber,Athlete,Minnesota,United States,18,30,Eliminated Week 9,5,10,0.0,0.0,0.0,0.0,4,0.0,0.0,True,False
Melora Hardin,Artem Chigvintsev,Actor/Actress,Texas,United States,54,30,Eliminated Week 9,6,10,0.0,0.0,0.0,0.0,4,0.0,0.0,True,False
Jimmie Allen,Emma Slater,Singer/Rapper,Delaware,United States,36,30,Eliminated Week 8,7,10,0.0,0.0,0.0,0.0,4,0.0,0.0,True,False
Olivia Jade,Valentin Chmerkovskiy,Social Media Personality,California,United States,21,30,Eliminated Week 8,8,10,0.0,0.0,0.0,0.0,4,0.0,0.0,True,False
"Mike ""The Miz"" Mizanin",Witney Carson,Athlete,Ohio,United States,40,30,Eliminated Week 7,9,10,0.0,0.0,0.0,0.0,4,0.0,0.0,True,False
Kenya Moore,Brandon Armstrong,TV Personality,Michigan,United States,50,30,Eliminated Week 6,10,10,0.0,0.0,0.0,0.0,4,0.0,0.0,True,False
Melanie C,Gleb Savchenko,Singer/Rapper,,England,47,30,Eliminated Week 5,11,10,0.0,0.0,0.0,0.0,4,0.0,0.0,True,False
Matt James,Lindsay Arnold,Athlete,North Carolina,United States,29,30,Eliminated Week 4,12,10,0.0,0.0,0.0,0.0,4,0.0,0.0,True,False
Brian Austin Green,Sharna Burgess,Actor/Actress,California,United States,48,30,Eliminated Week 4,13,10,0.0,0.0,0.0,0.0,4,0.0,0.0,True,False
Christine Chiu,Pasha Pashkov,TV Personality,,Taiwan China,38,30,Eliminated Week 3,14,10,0.0,0.0,0.0,0.0,4,0.0,0.0,True,False
Martin Kove,Britt Stewart,Actor/Actress,New York,United States,75,30,Eliminated Week 2,15,10,0.0,0.0,0.0,0.0,4,0.0,0.0,True,False
Iman Shumpert,Daniella Karagach,Athlete,Illinois,United States,31,30,1st Place,1,11,,,,,0,,,False,False
JoJo Siwa,Jenna Johnson,Social Media Personality,Nebraska,United States,18,30,2nd Place,2,11,,,,,0,,,False,False
Cody Rigsby,Cheryl Burke,Fitness Instructor,California,United States,34,30,3rd Place,3,11,,,,,0,,,False,False
Amanda Kloots,Alan Bersten,TV Personality,Ohio,United States,39,30,4th Place,4,11,,,,,0,,,False,False
Suni Lee,Sasha Farber,Athlete,Minnesota,United States,18,30,Eliminated Week 9,5,11,,,,,0,,,False,False
Melora Hardin,Artem Chigvintsev,Actor/Actress,Texas,United States,54,30,Eliminated Week 9,6,11,,,,,0,,,False,False
Jimmie Allen,Emma Slater,Singer/Rapper,Delaware,United States,36,30,Eliminated Week 8,7,11,,,,,0,,,False,False
Olivia Jade,Valentin Chmerkovskiy,Social Media Personality,California,United States,21,30,Eliminated Week 8,8,11,,,,,0,,,False,False
"Mike ""The Miz"" Mizanin",Witney Carson,Athlete,Ohio,United States,40,30,Eliminated Week 7,9,11,,,,,0,,,False,False
Kenya Moore,Brandon Armstrong,TV Personality,Michigan,United States,50,30,Eliminated Week 6,10,11,,,,,0,,,False,False
Melanie C,Gleb Savchenko,Singer/Rapper,,England,47,30,Eliminated Week 5,11,11,,,,,0,,,False,False
Matt James,Lindsay Arnold,Athlete,North Carolina,United States,29,30,Eliminated Week 4,12,11,,,,,0,,,False,False
Brian Austin Green,Sharna Burgess,Actor/Actress,California,United States,48,30,Eliminated Week 4,13,11,,,,,0,,,False,False
Christine Chiu,Pasha Pashkov,TV Personality,,Taiwan China,38,30,Eliminated Week 3,14,11,,,,,0,,,False,False
Martin Kove,Britt Stewart,Actor/Actress,New York,United States,75,30,Eliminated Week 2,15,11,,,,,0,,,False,False
Charli D'Amelio,Mark Ballas,Social Media Personality,Connecticut,United States,18,31,1st Place,1,1,8.0,8.0,8.0,8.0,4,32.0,8.0,True,True
Gabby Windey,Valentin Chmerkovskiy,TV Personality,Illinois,United States,31,31,2nd Place,2,1,7.0,7.0,7.0,7.0,4,28.0,7.0,True,True
Wayne Brady,Witney Carson,Comedian,Georgia,United States,50,31,3rd Place,3,1,7.0,7.0,7.0,8.0,4,29.0,7.25,True,True
Shangela,Gleb Savchenko,TV Personality,Texas,United States,40,31,4th Place,4,1,7.0,7.0,7.0,7.0,4,28.0,7.0,True,True
Daniel Durant,Britt Stewart,Actor/Actress,Michigan,United States,32,31,Eliminated Week 9,5,1,7.0,6.0,7.0,7.0,4,27.0,6.75,True,True
Trevor Donovan,Emma Slater,Actor/Actress,California,United States,39,31,Eliminated Week 9,6,1,5.0,5.0,5.0,6.0,4,21.0,5.25,True,True
Vinny Guadagnino,Koko Iwasaki,TV Personality,New York,United States,34,31,Eliminated Week 8,7,1,4.0,4.0,5.0,4.0,4,17.0,4.25,True,True
Heidi D'Amelio,Artem Chigvintsev,Social Media Personality,Louisiana,United States,50,31,Eliminated Week 8,8,1,6.0,6.0,6.0,6.0,4,24.0,6.0,True,True
Jordin Sparks,Brandon Armstrong,Singer/Rapper,Arizona,United States,32,31,Eliminated Week 7,9,1,7.0,6.0,6.0,7.0,4,26.0,6.5,True,True
Jessie James Decker,Alan Bersten,Singer/Rapper,,Italy,34,31,Eliminated Week 6,10,1,5.0,5.0,5.0,5.0,4,20.0,5.0,True,True
Joseph Baena,Daniella Karagach,Actor/Actress,California,United States,24,31,Eliminated Week 5,11,1,6.0,5.0,6.0,6.0,4,23.0,5.75,True,True
Selma Blair,Sasha Farber,Actor/Actress,Michigan,United States,50,31,Withdrew,12,1,7.0,7.0,7.0,7.0,4,28.0,7.0,True,True
Sam Champion,Cheryl Burke,News Anchor,Kentucky,United States,61,31,Eliminated Week 4,13,1,5.0,5.0,5.0,5.0,4,20.0,5.0,True,True
Cheryl Ladd,Louis van Amstel,Actor/Actress,South Dakota,United States,71,31,Eliminated Week 3,14,1,6.0,5.0,5.0,5.0,4,21.0,5.25,True,True
Teresa Giudice,Pasha Pashkov,TV Personality,New Jersey,United States,50,31,Eliminated Week 2,15,1,5.0,5.0,5.0,5.0,4,20.0,5.0,True,True
Jason Lewis,Peta Murgatroyd,Actor/Actress,California,United States,51,31,Eliminated Week 1,16,1,5.0,4.0,4.0,5.0,4,18.0,4.5,True,True
Charli D'Amelio,Mark Ballas,Social Media Personality,Connecticut,United States,18,31,1st Place,1,2,8.0,8.0,8.0,8.0,4,32.0,8.0,True,True
Gabby Windey,Valentin Chmerkovskiy,TV Personality,Illinois,United States,31,31,2nd Place,2,2,8.0,8.0,8.0,8.0,4,32.0,8.0,True,True
Wayne Brady,Witney Carson,Comedian,Georgia,United States,50,31,3rd Place,3,2,8.0,8.0,8.0,8.0,4,32.0,8.0,True,True
Shangela,Gleb Savchenko,TV Personality,Texas,United States,40,31,4th Place,4,2,7.0,7.0,7.0,7.0,4,28.0,7.0,True,True
Daniel Durant,Britt Stewart,Actor/Actress,Michigan,United States,32,31,Eliminated Week 9,5,2,7.0,7.0,7.0,8.0,4,29.0,7.25,True,True
Trevor Donovan,Emma Slater,Actor/Actress,California,United States,39,31,Eliminated Week 9,6,2,7.0,7.0,8.0,8.0,4,30.0,7.5,True,True
Vinny Guadagnino,Koko Iwasaki,TV Personality,New York,United States,34,31,Eliminated Week 8,7,2,7.0,6.0,7.0,7.0,4,27.0,6.75,True,True
Heidi D'Amelio,Artem Chigvintsev,Social Media Personality,Louisiana,United States,50,31,Eliminated Week 8,8,2,7.0,7.0,7.0,7.0,4,28.0,7.0,True,True
Jordin Sparks,Brandon Armstrong,Singer/Rapper,Arizona,United States,32,31,Eliminated Week 7,9,2,7.0,6.0,7.0,7.0,4,27.0,6.75,True,True
Jessie James Decker,Alan Bersten,Singer/Rapper,,Italy,34,31,Eliminated Week 6,10,2,7.0,6.0,6.0,6.0,4,25.0,6.25,True,True
Joseph Baena,Daniella Karagach,Actor/Actress,California,United States,24,31,Eliminated Week 5,11,2,6.0,6.0,6.0,6.0,4,24.0,6.0,True,True
Selma Blair,Sasha Farber,Actor/Actress,Michigan,United States,50,31,Withdrew,12,2,7.0,7.0,7.0,7.0,4,28.0,7.0,True,True
Sam Champion,Cheryl Burke,News Anchor,Kentucky,United States,61,31,Eliminated Week 4,13,2,6.0,6.0,7.0,7.0,4,26.0,6.5,True,True
Cheryl Ladd,Louis van Amstel,Actor/Actress,South Dakota,United States,71,31,Eliminated Week 3,14,2,5.0,6.0,5.0,5.0,4,21.0,5.25,True,True
Teresa Giudice,Pasha Pashkov,TV Personality,New Jersey,United States,50,31,Eliminated Week 2,15,2,6.0,5.0,6.0,6.0,4,23.0,5.75,True,True
Jason Lewis,Peta Murgatroyd,Actor/Actress,California,United States,51,31,Eliminated Week 1,16,2,0.0,0.0,0.0,0.0,4,0.0,0.0,True,False
Charli D'Amelio,Mark Ballas,Social Media Personality,Connecticut,United States,18,31,1st Place,1,3,8.0,8.0,8.0,9.0,4,33.0,8.25,True,True
Gabby Windey,Valentin Chmerkovskiy,TV Personality,Illinois,United States,31,31,2nd Place,2,3,8.0,8.0,8.0,9.0,4,33.0,8.25,True,True
Wayne Brady,Witney Carson,Comedian,Georgia,United States,50,31,3rd Place,3,3,8.0,8.0,8.0,9.0,4,33.0,8.25,True,True
Shangela,Gleb Savchenko,TV Personality,Texas,United States,40,31,4th Place,4,3,8.0,7.0,7.0,8.0,4,30.0,7.5,True,True
Daniel Durant,Britt Stewart,Actor/Actress,Michigan,United States,32,31,Eliminated Week 9,5,3,8.0,7.0,8.0,8.0,4,31.0,7.75,True,True
Trevor Donovan,Emma Slater,Actor/Actress,California,United States,39,31,Eliminated Week 9,6,3,7.0,6.0,7.0,7.0,4,27.0,6.75,True,True
Vinny Guadagnino,Koko Iwasaki,TV Personality,New York,United States,34,31,Eliminated Week 8,7,3,6.0,5.0,6.0,6.0,4,23.0,5.75,True,True
Heidi D'Amelio,Artem Chigvintsev,Social Media Personality,Louisiana,United States,50,31,Eliminated Week 8,8,3,8.0,8.0,8.0,8.0,4,32.0,8.0,True,True
Jordin Sparks,Brandon Armstrong,Singer/Rapper,Arizona,United States,32,31,Eliminated Week 7,9,3,7.0,7.0,7.0,8.0,4,29.0,7.25,True,True
Jessie James Decker,Alan Bersten,Singer/Rapper,,Italy,34,31,Eliminated Week 6,10,3,6.0,6.0,7.0,7.0,4,26.0,6.5,True,True
Joseph Baena,Daniella Karagach,Actor/Actress,California,United States,24,31,Eliminated Week 5,11,3,8.0,7.0,7.0,7.0,4,29.0,7.25,True,True
Selma Blair,Sasha Farber,Actor/Actress,Michigan,United States,50,31,Withdrew,12,3,7.0,7.0,7.0,7.0,4,28.0,7.0,True,True
Sam Champion,Cheryl Burke,News Anchor,Kentucky,United States,61,31,Eliminated Week 4,13,3,6.0,6.0,6.0,7.0,4,25.0,6.25,True,True
Cheryl Ladd,Louis van Amstel,Actor/Actress,South Dakota,United States,71,31,Eliminated Week 3,14,3,6.0,6.0,6.0,6.0,4,24.0,6.0,True,True
Teresa Giudice,Pasha Pashkov,TV Personality,New Jersey,United States,50,31,Eliminated Week 2,15,3,0.0,0.0,0.0,0.0,4,0.0,0.0,True,False
Jason Lewis,Peta Murgatroyd,Actor/Actress,California,United States,51,31,Eliminated Week 1,16,3,0.0,0.0,0.0,0.0,4,0.0,0.0,True,False
Charli D'Amelio,Mark Ballas,Social Media Personality,Connecticut,United States,18,31,1st Place,1,4,9.0,9.0,9.0,9.0,4,36.0,9.0,True,True
Gabby Windey,Valentin Chmerkovskiy,TV Personality,Illinois,United States,31,31,2nd Place,2,4,9.0,9.0,9.0,9.0,4,36.0,9.0,True,True
Wayne Brady,Witney Carson,Comedian,Georgia,United States,50,31,3rd Place,3,4,9.0,9.0,9.0,9.0,4,36.0,9.0,True,True
Shangela,Gleb Savchenko,TV Personality,Texas,United States,40,31,4th Place,4,4,8.0,8.0,8.0,8.0,4,32.0,8.0,True,True
Daniel Durant,Britt Stewart,Actor/Actress,Michigan,United States,32,31,Eliminated Week 9,5,4,7.0,7.0,7.0,8.0,4,29.0,7.25,True,True
Trevor Donovan,Emma Slater,Actor/Actress,California,United States,39,31,Eliminated Week 9,6,4,7.0,7.0,7.0,7.0,4,28.0,7.0,True,True
Vinny Guadagnino,Koko Iwasaki,TV Personality,New York,United States,34,31,Eliminated Week 8,7,4,8.0,7.0,7.0,7.0,4,29.0,7.25,True,True
Heidi D'Amelio,Artem Chigvintsev,Social Media Personality,Louisiana,United States,50,31,Eliminated Week 8,8,4,9.0,8.0,8.0,9.0,4,34.0,8.5,True,True
Jordin Sparks,Brandon Armstrong,Singer/Rapper,Arizona,United States,32,31,Eliminated Week 7,9,4,9.0,8.0,8.0,9.0,4,34.0,8.5,True,True
Jessie James Decker,Alan Bersten,Singer/Rapper,,Italy,34,31,Eliminated Week 6,10,4,8.0,7.0,8.0,8.0,4,31.0,7.75,True,True
Joseph Baena,Daniella Karagach,Actor/Actress,California,United States,24,31,Eliminated Week 5,11,4,7.0,7.0,7.0,7.0,4,28.0,7.0,True,True
Selma Blair,Sasha Farber,Actor/Actress,Michigan,United States,50,31,Withdrew,12,4,8.0,8.0,8.0,8.0,4,32.0,8.0,True,True
Sam Champion,Cheryl Burke,News Anchor,Kentucky,United States,61,31,Eliminated Week 4,13,4,7.0,6.0,6.0,6.0,4,25.0,6.25,True,True
Cheryl Ladd,Louis van Amstel,Actor/Actress,South Dakota,United States,71,31,Eliminated Week 3,14,4,0.0,0.0,0.0,0.0,4,0.0,0.0,True,False
Teresa Giudice,Pasha Pashkov,TV Personality,New Jersey,United States,50,31,Eliminated Week 2,15,4,0.0,0.0,0.0,0.0,4,0.0,0.0,True,False
Jason Lewis,Peta Murgatroyd,Actor/Actress,California,United States,51,31,Eliminated Week 1,16,4,0.0,0.0,0.0,0.0,4,0.0,0.0,True,False
Charli D'Amelio,Mark Ballas,Social Media Personality,Connecticut,United States,18,31,1st Place,1,5,10.375,10.375,10.375,10.875,4,42.0,10.5,True,True
Gabby Windey,Valentin Chmerkovskiy,TV Personality,Illinois,United States,31,31,2nd Place,2,5,10.25,10.25,10.25,10.25,4,41.0,10.25,True,True
Wayne Brady,Witney Carson,Comedian,Georgia,United States,50,31,3rd Place,3,5,10.125,10.125,10.125,10.625,4,41.0,10.25,True,True
Shangela,Gleb Savchenko,TV Personality,Texas,United States,40,31,4th Place,4,5,9.75,9.25,9.75,9.75,4,38.5,9.625,True,True
Daniel Durant,Britt Stewart,Actor/Actress,Michigan,United States,32,31,Eliminated Week 9,5,5,8.125,8.125,8.625,8.625,4,33.5,8.375,True,True
Trevor Donovan,Emma Slater,Actor/Actress,California,United States,39,31,Eliminated Week 9,6,5,9.0,9.0,9.0,9.0,4,36.0,9.0,True,True
Vinny Guadagnino,Koko Iwasaki,TV Personality,New York,United States,34,31,Eliminated Week 8,7,5,7.75,7.75,7.75,7.75,4,31.0,7.75,True,True
Heidi D'Amelio,Artem Chigvintsev,Social Media Personality,Louisiana,United States,50,31,Eliminated Week 8,8,5,9.625,10.125,9.625,9.625,4,39.0,9.75,True,True
Jordin Sparks,Brandon Armstrong,Singer/Rapper,Arizona,United States,32,31,Eliminated Week 7,9,5,8.875,8.375,8.875,9.375,4,35.5,8.875,True,True
Jessie James Decker,Alan Bersten,Singer/Rapper,,Italy,34,31,Eliminated Week 6,10,5,8.875,8.875,9.375,8.875,4,36.0,9.0,True,True
Joseph Baena,Daniella Karagach,Actor/Actress,California,United States,24,31,Eliminated Week 5,11,5,9.0,8.5,9.0,8.5,4,35.0,8.75,True,True
Selma Blair,Sasha Farber,Actor/Actress,Michigan,United States,50,31,Withdrew,12,5,10.0,10.0,10.0,10.0,4,40.0,10.0,True,True
Sam Champion,Cheryl Burke,News Anchor,Kentucky,United States,61,31,Eliminated Week 4,13,5,0.0,0.0,0.0,0.0,4,0.0,0.0,True,False
Cheryl Ladd,Louis van Amstel,Actor/Actress,South Dakota,United States,71,31,Eliminated Week 3,14,5,0.0,0.0,0.0,0.0,4,0.0,0.0,True,False
Teresa Giudice,Pasha Pashkov,TV Personality,New Jersey,United States,50,31,Eliminated Week 2,15,5,0.0,0.0,0.0,0.0,4,0.0,0.0,True,False
Jason Lewis,Peta Murgatroyd,Actor/Actress,California,United States,51,31,Eliminated Week 1,16,5,0.0,0.0,0.0,0.0,4,0.0,0.0,True,False
Charli D'Amelio,Mark Ballas,Social Media Personality,Connecticut,United States,18,31,1st Place,1,6,10.0,10.0,10.0,10.0,4,40.0,10.0,True,True
Gabby Windey,Valentin Chmerkovskiy,TV Personality,Illinois,United States,31,31,2nd Place,2,6,9.0,9.0,9.0,10.0,4,37.0,9.25,True,True
Wayne Brady,Witney Carson,Comedian,Georgia,United States,50,31,3rd Place,3,6,8.0,9.0,8.0,9.0,4,34.0,8.5,True,True
Shangela,Gleb Savchenko,TV Personality,Texas,United States,40,31,4th Place,4,6,9.0,9.0,9.0,9.0,4,36.0,9.0,True,True
Daniel Durant,Britt Stewart,Actor/Actress,Michigan,United States,32,31,Eliminated Week 9,5,6,9.0,8.0,8.0,9.0,4,34.0,8.5,True,True
Trevor Donovan,Emma Slater,Actor/Actress,California,United States,39,31,Eliminated Week 9,6,6,9.0,8.0,8.0,9.0,4,34.0,8.5,True,True
Vinny Guadagnino,Koko Iwasaki,TV Personality,New York,United States,34,31,Eliminated Week 8,7,6,7.0,7.0,7.0,7.0,4,28.0,7.0,True,True
Heidi D'Amelio,Artem Chigvintsev,Social Media Personality,Louisiana,United States,50,31,Eliminated Week 8,8,6,9.0,9.0,9.0,9.0,4,36.0,9.0,True,True
Jordin Sparks,Brandon Armstrong,Singer/Rapper,Arizona,United States,32,31,Eliminated Week 7,9,6,9.0,8.0,8.0,9.0,4,34.0,8.5,True,True
Jessie James Decker,Alan Bersten,Singer/Rapper,,Italy,34,31,Eliminated Week 6,10,6,8.0,8.0,8.0,8.0,4,32.0,8.0,True,True
Joseph Baena,Daniella Karagach,Actor/Actress,California,United States,24,31,Eliminated Week 5,11,6,0.0,0.0,0.0,0.0,4,0.0,0.0,True,False
Selma Blair,Sasha Farber,Actor/Actress,Michigan,United States,50,31,Withdrew,12,6,0.0,0.0,0.0,0.0,4,0.0,0.0,True,False
Sam Champion,Cheryl Burke,News Anchor,Kentucky,United States,61,31,Eliminated Week 4,13,6,0.0,0.0,0.0,0.0,4,0.0,0.0,True,False
Cheryl Ladd,Louis van Amstel,Actor/Actress,South Dakota,United States,71,31,Eliminated Week 3,14,6,0.0,0.0,0.0,0.0,4,0.0,0.0,True,False
Teresa Giudice,Pasha Pashkov,TV Personality,New Jersey,United States,50,31,Eliminated Week 2,15,6,0.0,0.0,0.0,0.0,4,0.0,0.0,True,False
Jason Lewis,Peta Murgatroyd,Actor/Actress,California,United States,51,31,Eliminated Week 1,16,6,0.0,0.0,0.0,0.0,4,0.0,0.0,True,False
Charli D'Amelio,Mark Ballas,Social Media Personality,Connecticut,United States,18,31,1st Place,1,7,9.5,9.5,10.0,10.0,4,39.0,9.75,True,True
Gabby Windey,Valentin Chmerkovskiy,TV Personality,Illinois,United States,31,31,2nd Place,2,7,9.0,9.0,8.5,9.0,4,35.5,8.875,True,True
Wayne Brady,Witney Carson,Comedian,Georgia,United States,50,31,3rd Place,3,7,9.5,9.0,9.5,10.0,4,38.0,9.5,True,True
Shangela,Gleb Savchenko,TV Personality,Texas,United States,40,31,4th Place,4,7,9.0,9.5,9.0,9.0,4,36.5,9.125,True,True
Daniel Durant,Britt Stewart,Actor/Actress,Michigan,United States,32,31,Eliminated Week 9,5,7,9.0,8.5,9.5,9.5,4,36.5,9.125,True,True
Trevor Donovan,Emma Slater,Actor/Actress,California,United States,39,31,Eliminated Week 9,6,7,10.0,9.0,10.0,10.0,4,39.0,9.75,True,True
Vinny Guadagnino,Koko Iwasaki,TV Personality,New York,United States,34,31,Eliminated Week 8,7,7,7.5,8.0,8.0,8.0,4,31.5,7.875,True,True
Heidi D'Amelio,Artem Chigvintsev,Social Media Personality,Louisiana,United States,50,31,Eliminated Week 8,8,7,8.5,9.0,9.0,8.5,4,35.0,8.75,True,True
Jordin Sparks,Brandon Armstrong,Singer/Rapper,Arizona,United States,32,31,Eliminated Week 7,9,7,8.5,9.0,8.5,8.5,4,34.5,8.625,True,True
Jessie James Decker,Alan Bersten,Singer/Rapper,,Italy,34,31,Eliminated Week 6,10,7,0.0,0.0,0.0,0.0,4,0.0,0.0,True,False
Joseph Baena,Daniella Karagach,Actor/Actress,California,United States,24,31,Eliminated Week 5,11,7,0.0,0.0,0.0,0.0,4,0.0,0.0,True,False
Selma Blair,Sasha Farber,Actor/Actress,Michigan,United States,50,31,Withdrew,12,7,0.0,0.0,0.0,0.0,4,0.0,0.0,True,False
Sam Champion,Cheryl Burke,News Anchor,Kentucky,United States,61,31,Eliminated Week 4,13,7,0.0,0.0,0.0,0.0,4,0.0,0.0,True,False
Cheryl Ladd,Louis van Amstel,Actor/Actress,South Dakota,United States,71,31,Eliminated Week 3,14,7,0.0,0.0,0.0,0.0,4,0.0,0.0,True,False
Teresa Giudice,Pasha Pashkov,TV Personality,New Jersey,United States,50,31,Eliminated Week 2,15,7,0.0,0.0,0.0,0.0,4,0.0,0.0,True,False
Jason Lewis,Peta Murgatroyd,Actor/Actress,California,United States,51,31,Eliminated Week 1,16,7,0.0,0.0,0.0,0.0,4,0.0,0.0,True,False
Charli D'Amelio,Mark Ballas,Social Media Personality,Connecticut,United States,18,31,1st Place,1,8,11.25,11.25,11.25,11.25,4,45.0,11.25,True,True
Gabby Windey,Valentin Chmerkovskiy,TV Personality,Illinois,United States,31,31,2nd Place,2,8,10.0,10.0,10.0,10.0,4,40.0,10.0,True,True
Wayne Brady,Witney Carson,Comedian,Georgia,United States,50,31,3rd Place,3,8,11.25,11.25,11.25,11.25,4,45.0,11.25,True,True
Shangela,Gleb Savchenko,TV Personality,Texas,United States,40,31,4th Place,4,8,11.25,10.25,10.25,10.25,4,42.0,10.5,True,True
Daniel Durant,Britt Stewart,Actor/Actress,Michigan,United States,32,31,Eliminated Week 9,5,8,10.0,9.0,10.0,10.0,4,39.0,9.75,True,True
Trevor Donovan,Emma Slater,Actor/Actress,California,United States,39,31,Eliminated Week 9,6,8,9.25,10.25,9.25,10.25,4,39.0,9.75,True,True
Vinny Guadagnino,Koko Iwasaki,TV Personality,New York,United States,34,31,Eliminated Week 8,7,8,8.0,7.0,7.0,7.0,4,29.0,7.25,True,True
Heidi D'Amelio,Artem Chigvintsev,Social Media Personality,Louisiana,United States,50,31,Eliminated Week 8,8,8,9.0,8.0,9.0,9.0,4,35.0,8.75,True,True
Jordin Sparks,Brandon Armstrong,Singer/Rapper,Arizona,United States,32,31,Eliminated Week 7,9,8,0.0,0.0,0.0,0.0,4,0.0,0.0,True,False
Jessie James Decker,Alan Bersten,Singer/Rapper,,Italy,34,31,Eliminated Week 6,10,8,0.0,0.0,0.0,0.0,4,0.0,0.0,True,False
Joseph Baena,Daniella Karagach,Actor/Actress,California,United States,24,31,Eliminated Week 5,11,8,0.0,0.0,0.0,0.0,4,0.0,0.0,True,False
Selma Blair,Sasha Farber,Actor/Actress,Michigan,United States,50,31,Withdrew,12,8,0.0,0.0,0.0,0.0,4,0.0,0.0,True,False
Sam Champion,Cheryl Burke,News Anchor,Kentucky,United States,61,31,Eliminated Week 4,13,8,0.0,0.0,0.0,0.0,4,0.0,0.0,True,False
Cheryl Ladd,Louis van Amstel,Actor/Actress,South Dakota,United States,71,31,Eliminated Week 3,14,8,0.0,0.0,0.0,0.0,4,0.0,0.0,True,False
Teresa Giudice,Pasha Pashkov,TV Personality,New Jersey,United States,50,31,Eliminated Week 2,15,8,0.0,0.0,0.0,0.0,4,0.0,0.0,True,False
Jason Lewis,Peta Murgatroyd,Actor/Actress,California,United States,51,31,Eliminated Week 1,16,8,0.0,0.0,0.0,0.0,4,0.0,0.0,True,False
Charli D'Amelio,Mark Ballas,Social Media Personality,Connecticut,United States,18,31,1st Place,1,9,10.0,10.0,10.0,10.0,4,40.0,10.0,True,True
Gabby Windey,Valentin Chmerkovskiy,TV Personality,Illinois,United States,31,31,2nd Place,2,9,10.0,10.0,10.0,10.0,4,40.0,10.0,True,True
Wayne Brady,Witney Carson,Comedian,Georgia,United States,50,31,3rd Place,3,9,9.5,9.0,9.0,9.0,4,36.5,9.125,True,True
Shangela,Gleb Savchenko,TV Personality,Texas,United States,40,31,4th Place,4,9,9.5,9.0,9.0,9.0,4,36.5,9.125,True,True
Daniel Durant,Britt Stewart,Actor/Actress,Michigan,United States,32,31,Eliminated Week 9,5,9,9.0,8.0,9.0,8.5,4,34.5,8.625,True,True
Trevor Donovan,Emma Slater,Actor/Actress,California,United States,39,31,Eliminated Week 9,6,9,8.5,8.0,8.0,8.0,4,32.5,8.125,True,True
Vinny Guadagnino,Koko Iwasaki,TV Personality,New York,United States,34,31,Eliminated Week 8,7,9,0.0,0.0,0.0,0.0,4,0.0,0.0,True,False
Heidi D'Amelio,Artem Chigvintsev,Social Media Personality,Louisiana,United States,50,31,Eliminated Week 8,8,9,0.0,0.0,0.0,0.0,4,0.0,0.0,True,False
Jordin Sparks,Brandon Armstrong,Singer/Rapper,Arizona,United States,32,31,Eliminated Week 7,9,9,0.0,0.0,0.0,0.0,4,0.0,0.0,True,False
Jessie James Decker,Alan Bersten,Singer/Rapper,,Italy,34,31,Eliminated Week 6,10,9,0.0,0.0,0.0,0.0,4,0.0,0.0,True,False
Joseph Baena,Daniella Karagach,Actor/Actress,California,United States,24,31,Eliminated Week 5,11,9,0.0,0.0,0.0,0.0,4,0.0,0.0,True,False
Selma Blair,Sasha Farber,Actor/Actress,Michigan,United States,50,31,Withdrew,12,9,0.0,0.0,0.0,0.0,4,0.0,0.0,True,False
Sam Champion,Cheryl Burke,News Anchor,Kentucky,United States,61,31,Eliminated Week 4,13,9,0.0,0.0,0.0,0.0,4,0.0,0.0,True,False
Cheryl Ladd,Louis van Amstel,Actor/Actress,South Dakota,United States,71,31,Eliminated Week 3,14,9,0.0,0.0,0.0,0.0,4,0.0,0.0,True,False
Teresa Giudice,Pasha Pashkov,TV Personality,New Jersey,United States,50,31,Eliminated Week 2,15,9,0.0,0.0,0.0,0.0,4,0.0,0.0,True,False
Jason Lewis,Peta Murgatroyd,Actor/Actress,California,United States,51,31,Eliminated Week 1,16,9,0.0,0.0,0.0,0.0,4,0.0,0.0,True,False
Charli D'Amelio,Mark Ballas,Social Media Personality,Connecticut,United States,18,31,1st Place,1,10,10.0,10.0,10.0,10.0,4,40.0,10.0,True,True
Gabby Windey,Valentin Chmerkovskiy,TV Personality,Illinois,United States,31,31,2nd Place,2,10,10.0,10.0,10.0,10.0,4,40.0,10.0,True,True
Wayne Brady,Witney Carson,Comedian,Georgia,United States,50,31,3rd Place,3,10,9.5,9.5,9.5,9.5,4,38.0,9.5,True,True
Shangela,Gleb Savchenko,TV Personality,Texas,United States,40,31,4th Place,4,10,9.5,9.5,9.5,9.5,4,38.0,9.5,True,True
Daniel Durant,Britt Stewart,Actor/Actress,Michigan,United States,32,31,Eliminated Week 9,5,10,0.0,0.0,0.0,0.0,4,0.0,0.0,True,False
Trevor Donovan,Emma Slater,Actor/Actress,California,United States,39,31,Eliminated Week 9,6,10,0.0,0.0,0.0,0.0,4,0.0,0.0,True,False
Vinny Guadagnino,Koko Iwasaki,TV Personality,New York,United States,34,31,Eliminated Week 8,7,10,0.0,0.0,0.0,0.0,4,0.0,0.0,True,False
Heidi D'Amelio,Artem Chigvintsev,Social Media Personality,Louisiana,United States,50,31,Eliminated Week 8,8,10,0.0,0.0,0.0,0.0,4,0.0,0.0,True,False
Jordin Sparks,Brandon Armstrong,Singer/Rapper,Arizona,United States,32,31,Eliminated Week 7,9,10,0.0,0.0,0.0,0.0,4,0.0,0.0,True,False
Jessie James Decker,Alan Bersten,Singer/Rapper,,Italy,34,31,Eliminated Week 6,10,10,0.0,0.0,0.0,0.0,4,0.0,0.0,True,False
Joseph Baena,Daniella Karagach,Actor/Actress,California,United States,24,31,Eliminated Week 5,11,10,0.0,0.0,0.0,0.0,4,0.0,0.0,True,False
Selma Blair,Sasha Farber,Actor/Actress,Michigan,United States,50,31,Withdrew,12,10,0.0,0.0,0.0,0.0,4,0.0,0.0,True,False
Sam Champion,Cheryl Burke,News Anchor,Kentucky,United States,61,31,Eliminated Week 4,13,10,0.0,0.0,0.0,0.0,4,0.0,0.0,True,False
Cheryl Ladd,Louis van Amstel,Actor/Actress,South Dakota,United States,71,31,Eliminated Week 3,14,10,0.0,0.0,0.0,0.0,4,0.0,0.0,True,False
Teresa Giudice,Pasha Pashkov,TV Personality,New Jersey,United States,50,31,Eliminated Week 2,15,10,0.0,0.0,0.0,0.0,4,0.0,0.0,True,False
Jason Lewis,Peta Murgatroyd,Actor/Actress,California,United States,51,31,Eliminated Week 1,16,10,0.0,0.0,0.0,0.0,4,0.0,0.0,True,False
Charli D'Amelio,Mark Ballas,Social Media Personality,Connecticut,United States,18,31,1st Place,1,11,,,,,0,,,False,False
Gabby Windey,Valentin Chmerkovskiy,TV Personality,Illinois,United States,31,31,2nd Place,2,11,,,,,0,,,False,False
Wayne Brady,Witney Carson,Comedian,Georgia,United States,50,31,3rd Place,3,11,,,,,0,,,False,False
Shangela,Gleb Savchenko,TV Personality,Texas,United States,40,31,4th Place,4,11,,,,,0,,,False,False
Daniel Durant,Britt Stewart,Actor/Actress,Michigan,United States,32,31,Eliminated Week 9,5,11,,,,,0,,,False,False
Trevor Donovan,Emma Slater,Actor/Actress,California,United States,39,31,Eliminated Week 9,6,11,,,,,0,,,False,False
Vinny Guadagnino,Koko Iwasaki,TV Personality,New York,United States,34,31,Eliminated Week 8,7,11,,,,,0,,,False,False
Heidi D'Amelio,Artem Chigvintsev,Social Media Personality,Louisiana,United States,50,31,Eliminated Week 8,8,11,,,,,0,,,False,False
Jordin Sparks,Brandon Armstrong,Singer/Rapper,Arizona,United States,32,31,Eliminated Week 7,9,11,,,,,0,,,False,False
Jessie James Decker,Alan Bersten,Singer/Rapper,,Italy,34,31,Eliminated Week 6,10,11,,,,,0,,,False,False
Joseph Baena,Daniella Karagach,Actor/Actress,California,United States,24,31,Eliminated Week 5,11,11,,,,,0,,,False,False
Selma Blair,Sasha Farber,Actor/Actress,Michigan,United States,50,31,Withdrew,12,11,,,,,0,,,False,False
Sam Champion,Cheryl Burke,News Anchor,Kentucky,United States,61,31,Eliminated Week 4,13,11,,,,,0,,,False,False
Cheryl Ladd,Louis van Amstel,Actor/Actress,South Dakota,United States,71,31,Eliminated Week 3,14,11,,,,,0,,,False,False
Teresa Giudice,Pasha Pashkov,TV Personality,New Jersey,United States,50,31,Eliminated Week 2,15,11,,,,,0,,,False,False
Jason Lewis,Peta Murgatroyd,Actor/Actress,California,United States,51,31,Eliminated Week 1,16,11,,,,,0,,,False,False
Xochitl Gomez,Valentin Chmerkovskiy,Actor/Actress,California,United States,17,32,1st Place,1,1,6.0,6.0,6.0,,3,18.0,6.0,True,True
Jason Mraz,Daniella Karagach,Singer/Rapper,Virginia,United States,46,32,2nd Place,2,1,7.0,7.0,7.0,,3,21.0,7.0,True,True
Ariana Madix,Pasha Pashkov,TV Personality,Florida,United States,38,32,3rd Place,3,1,7.0,7.0,7.0,,3,21.0,7.0,True,True
Charity Lawson,Artem Chigvintsev,TV Personality,Georgia,United States,27,32,4th Place,4,1,7.0,7.0,8.0,,3,22.0,7.333333333333333,True,True
Alyson Hannigan,Sasha Farber,Actor/Actress,Washington D.C.,United States,49,32,5th Place,5,1,5.0,4.0,4.0,,3,13.0,4.333333333333333,True,True
Harry Jowsey,Rylee Arnold,TV Personality,,Australia,26,32,Eliminated Week 9,6,1,4.0,4.0,4.0,,3,12.0,4.0,True,True
Barry Williams,Peta Murgatroyd,Actor/Actress,California,United States,68,32,Eliminated Week 8,7,1,6.0,5.0,5.0,,3,16.0,5.333333333333333,True,True
Lele Pons,Brandon Armstrong,Social Media Personality,,Venezuela,27,32,Eliminated Week 7,8,1,6.0,7.0,6.0,,3,19.0,6.333333333333333,True,True
Mauricio Umansky,Emma Slater,TV Personality,,Mexico,53,32,Eliminated Week 6,9,1,5.0,5.0,5.0,,3,15.0,5.0,True,True
Mira Sorvino,Gleb Savchenko,Actor/Actress,New York,United States,55,32,Eliminated Week 5,10,1,6.0,5.0,6.0,,3,17.0,5.666666666666667,True,True
Adrian Peterson,Britt Stewart,Athlete,Texas,United States,38,32,Eliminated Week 4,11,1,6.0,6.0,6.0,,3,18.0,6.0,True,True
Tyson Beckford,Jenna Johnson,Model,New York,United States,52,32,Eliminated Week 3,12,1,4.0,4.0,4.0,,3,12.0,4.0,True,True
Jamie Lynn Spears,Alan Bersten,Actor/Actress,Mississippi,United States,32,32,Eliminated Week 2,13,1,5.0,5.0,5.0,,3,15.0,5.0,True,True
Matt Walsh,Koko Iwasaki,Comedian,Illinois,United States,58,32,Eliminated Week 1,14,1,4.0,4.0,4.0,,3,12.0,4.0,True,True
Xochitl Gomez,Valentin Chmerkovskiy,Actor/Actress,California,United States,17,32,1st Place,1,2,8.0,8.0,8.0,,3,24.0,8.0,True,True
Jason Mraz,Daniella Karagach,Singer/Rapper,Virginia,United States,46,32,2nd Place,2,2,8.0,8.0,8.0,,3,24.0,8.0,True,True
Ariana Madix,Pasha Pashkov,TV Personality,Florida,United States,38,32,3rd Place,3,2,6.0,7.0,7.0,,3,20.0,6.666666666666667,True,True
Charity Lawson,Artem Chigvintsev,TV Personality,Georgia,United States,27,32,4th Place,4,2,7.0,7.0,7.0,,3,21.0,7.0,True,True
Alyson Hannigan,Sasha Farber,Actor/Actress,Washington D.C.,United States,49,32,5th Place,5,2,7.0,6.0,6.0,,3,19.0,6.333333333333333,True,True
Harry Jowsey,Rylee Arnold,TV Personality,,Australia,26,32,Eliminated Week 9,6,2,5.0,5.0,5.0,,3,15.0,5.0,True,True
Barry Williams,Peta Murgatroyd,Actor/Actress,California,United States,68,32,Eliminated Week 8,7,2,5.0,5.0,5.0,,3,15.0,5.0,True,True
Lele Pons,Brandon Armstrong,Social Media Personality,,Venezuela,27,32,Eliminated Week 7,8,2,7.0,7.0,7.0,,3,21.0,7.0,True,True
Mauricio Umansky,Emma Slater,TV Personality,,Mexico,53,32,Eliminated Week 6,9,2,4.0,4.0,4.0,,3,12.0,4.0,True,True
Mira Sorvino,Gleb Savchenko,Actor/Actress,New York,United States,55,32,Eliminated Week 5,10,2,6.0,6.0,6.0,,3,18.0,6.0,True,True
Adrian Peterson,Britt Stewart,Athlete,Texas,United States,38,32,Eliminated Week 4,11,2,5.0,5.0,5.0,,3,15.0,5.0,True,True
Tyson Beckford,Jenna Johnson,Model,New York,United States,52,32,Eliminated Week 3,12,2,6.0,6.0,6.0,,3,18.0,6.0,True,True
Jamie Lynn Spears,Alan Bersten,Actor/Actress,Mississippi,United States,32,32,Eliminated Week 2,13,2,6.0,5.0,5.0,,3,16.0,5.333333333333333,True,True
Matt Walsh,Koko Iwasaki,Comedian,Illinois,United States,58,32,Eliminated Week 1,14,2,0.0,0.0,0.0,,3,0.0,0.0,True,False
Xochitl Gomez,Valentin Chmerkovskiy,Actor/Actress,California,United States,17,32,1st Place,1,3,8.0,8.0,8.0,8.0,4,32.0,8.0,True,True
Jason Mraz,Daniella Karagach,Singer/Rapper,Virginia,United States,46,32,2nd Place,2,3,9.0,8.0,9.0,8.0,4,34.0,8.5,True,True
Ariana Madix,Pasha Pashkov,TV Personality,Florida,United States,38,32,3rd Place,3,3,9.0,8.0,9.0,8.0,4,34.0,8.5,True,True
Charity Lawson,Artem Chigvintsev,TV Personality,Georgia,United States,27,32,4th Place,4,3,8.0,8.0,8.0,8.0,4,32.0,8.0,True,True
Alyson Hannigan,Sasha Farber,Actor/Actress,Washington D.C.,United States,49,32,5th Place,5,3,6.0,6.0,6.0,6.0,4,24.0,6.0,True,True
Harry Jowsey,Rylee Arnold,TV Personality,,Australia,26,32,Eliminated Week 9,6,3,6.0,5.0,7.0,6.0,4,24.0,6.0,True,True
Barry Williams,Peta Murgatroyd,Actor/Actress,California,United States,68,32,Eliminated Week 8,7,3,6.0,6.0,7.0,6.0,4,25.0,6.25,True,True
Lele Pons,Brandon Armstrong,Social Media Personality,,Venezuela,27,32,Eliminated Week 7,8,3,7.0,6.0,7.0,7.0,4,27.0,6.75,True,True
Mauricio Umansky,Emma Slater,TV Personality,,Mexico,53,32,Eliminated Week 6,9,3,7.0,5.0,6.0,5.0,4,23.0,5.75,True,True
Mira Sorvino,Gleb Savchenko,Actor/Actress,New York,United States,55,32,Eliminated Week 5,10,3,6.0,6.0,7.0,7.0,4,26.0,6.5,True,True
Adrian Peterson,Britt Stewart,Athlete,Texas,United States,38,32,Eliminated Week 4,11,3,5.0,5.0,6.0,6.0,4,22.0,5.5,True,True
Tyson Beckford,Jenna Johnson,Model,New York,United States,52,32,Eliminated Week 3,12,3,5.0,5.0,5.0,5.0,4,20.0,5.0,True,True
Jamie Lynn Spears,Alan Bersten,Actor/Actress,Mississippi,United States,32,32,Eliminated Week 2,13,3,0.0,0.0,0.0,0.0,4,0.0,0.0,True,False
Matt Walsh,Koko Iwasaki,Comedian,Illinois,United States,58,32,Eliminated Week 1,14,3,0.0,0.0,0.0,0.0,4,0.0,0.0,True,False
Xochitl Gomez,Valentin Chmerkovskiy,Actor/Actress,California,United States,17,32,1st Place,1,4,9.0,9.0,9.0,,3,27.0,9.0,True,True
Jason Mraz,Daniella Karagach,Singer/Rapper,Virginia,United States,46,32,2nd Place,2,4,8.0,8.0,8.0,,3,24.0,8.0,True,True
Ariana Madix,Pasha Pashkov,TV Personality,Florida,United States,38,32,3rd Place,3,4,8.0,9.0,8.0,,3,25.0,8.333333333333334,True,True
Charity Lawson,Artem Chigvintsev,TV Personality,Georgia,United States,27,32,4th Place,4,4,8.0,8.0,8.0,,3,24.0,8.0,True,True
Alyson Hannigan,Sasha Farber,Actor/Actress,Washington D.C.,United States,49,32,5th Place,5,4,6.0,6.0,6.0,,3,18.0,6.0,True,True
Harry Jowsey,Rylee Arnold,TV Personality,,Australia,26,32,Eliminated Week 9,6,4,7.0,7.0,7.0,,3,21.0,7.0,True,True
Barry Williams,Peta Murgatroyd,Actor/Actress,California,United States,68,32,Eliminated Week 8,7,4,6.0,6.0,6.0,,3,18.0,6.0,True,True
Lele Pons,Brandon Armstrong,Social Media Personality,,Venezuela,27,32,Eliminated Week 7,8,4,7.0,7.0,8.0,,3,22.0,7.333333333333333,True,True
Mauricio Umansky,Emma Slater,TV Personality,,Mexico,53,32,Eliminated Week 6,9,4,7.0,6.0,6.0,,3,19.0,6.333333333333333,True,True
Mira Sorvino,Gleb Savchenko,Actor/Actress,New York,United States,55,32,Eliminated Week 5,10,4,7.0,7.0,7.0,,3,21.0,7.0,True,True
Adrian Peterson,Britt Stewart,Athlete,Texas,United States,38,32,Eliminated Week 4,11,4,7.0,7.0,7.0,,3,21.0,7.0,True,True
Tyson Beckford,Jenna Johnson,Model,New York,United States,52,32,Eliminated Week 3,12,4,0.0,0.0,0.0,,3,0.0,0.0,True,False
Jamie Lynn Spears,Alan Bersten,Actor/Actress,Mississippi,United States,32,32,Eliminated Week 2,13,4,0.0,0.0,0.0,,3,0.0,0.0,True,False
Matt Walsh,Koko Iwasaki,Comedian,Illinois,United States,58,32,Eliminated Week 1,14,4,0.0,0.0,0.0,,3,0.0,0.0,True,False
Xochitl Gomez,Valentin Chmerkovskiy,Actor/Actress,California,United States,17,32,1st Place,1,5,9.0,10.0,9.0,,3,28.0,9.333333333333334,True,True
Jason Mraz,Daniella Karagach,Singer/Rapper,Virginia,United States,46,32,2nd Place,2,5,9.0,9.0,9.0,,3,27.0,9.0,True,True
Ariana Madix,Pasha Pashkov,TV Personality,Florida,United States,38,32,3rd Place,3,5,8.0,8.0,8.0,,3,24.0,8.0,True,True
Charity Lawson,Artem Chigvintsev,TV Personality,Georgia,United States,27,32,4th Place,4,5,10.0,9.0,9.0,,3,28.0,9.333333333333334,True,True
Alyson Hannigan,Sasha Farber,Actor/Actress,Washington D.C.,United States,49,32,5th Place,5,5,7.0,7.0,7.0,,3,21.0,7.0,True,True
Harry Jowsey,Rylee Arnold,TV Personality,,Australia,26,32,Eliminated Week 9,6,5,6.0,6.0,6.0,,3,18.0,6.0,True,True
Barry Williams,Peta Murgatroyd,Actor/Actress,California,United States,68,32,Eliminated Week 8,7,5,8.0,8.0,8.0,,3,24.0,8.0,True,True
Lele Pons,Brandon Armstrong,Social Media Personality,,Venezuela,27,32,Eliminated Week 7,8,5,8.0,8.0,8.0,,3,24.0,8.0,True,True
Mauricio Umansky,Emma Slater,TV Personality,,Mexico,53,32,Eliminated Week 6,9,5,8.0,8.0,8.0,,3,24.0,8.0,True,True
Mira Sorvino,Gleb Savchenko,Actor/Actress,New York,United States,55,32,Eliminated Week 5,10,5,7.0,8.0,7.0,,3,22.0,7.333333333333333,True,True
Adrian Peterson,Britt Stewart,Athlete,Texas,United States,38,32,Eliminated Week 4,11,5,0.0,0.0,0.0,,3,0.0,0.0,True,False
Tyson Beckford,Jenna Johnson,Model,New York,United States,52,32,Eliminated Week 3,12,5,0.0,0.0,0.0,,3,0.0,0.0,True,False
Jamie Lynn Spears,Alan Bersten,Actor/Actress,Mississippi,United States,32,32,Eliminated Week 2,13,5,0.0,0.0,0.0,,3,0.0,0.0,True,False
Matt Walsh,Koko Iwasaki,Comedian,Illinois,United States,58,32,Eliminated Week 1,14,5,0.0,0.0,0.0,,3,0.0,0.0,True,False
Xochitl Gomez,Valentin Chmerkovskiy,Actor/Actress,California,United States,17,32,1st Place,1,6,10.25,10.25,11.25,10.25,4,42.0,10.5,True,True
Jason Mraz,Daniella Karagach,Singer/Rapper,Virginia,United States,46,32,2nd Place,2,6,9.75,9.75,9.75,9.75,4,39.0,9.75,True,True
Ariana Madix,Pasha Pashkov,TV Personality,Florida,United States,38,32,3rd Place,3,6,10.0,10.0,10.0,11.0,4,41.0,10.25,True,True
Charity Lawson,Artem Chigvintsev,TV Personality,Georgia,United States,27,32,4th Place,4,6,9.75,9.75,8.75,9.75,4,38.0,9.5,True,True
Alyson Hannigan,Sasha Farber,Actor/Actress,Washington D.C.,United States,49,32,5th Place,5,6,7.5,7.5,7.5,8.5,4,31.0,7.75,True,True
Harry Jowsey,Rylee Arnold,TV Personality,,Australia,26,32,Eliminated Week 9,6,6,7.25,7.25,7.25,7.25,4,29.0,7.25,True,True
Barry Williams,Peta Murgatroyd,Actor/Actress,California,United States,68,32,Eliminated Week 8,7,6,8.25,7.25,8.25,8.25,4,32.0,8.0,True,True
Lele Pons,Brandon Armstrong,Social Media Personality,,Venezuela,27,32,Eliminated Week 7,8,6,9.0,9.0,9.0,10.0,4,37.0,9.25,True,True
Mauricio Umansky,Emma Slater,TV Personality,,Mexico,53,32,Eliminated Week 6,9,6,8.5,8.5,7.5,8.5,4,33.0,8.25,True,True
Mira Sorvino,Gleb Savchenko,Actor/Actress,New York,United States,55,32,Eliminated Week 5,10,6,0.0,0.0,0.0,0.0,4,0.0,0.0,True,False
Adrian Peterson,Britt Stewart,Athlete,Texas,United States,38,32,Eliminated Week 4,11,6,0.0,0.0,0.0,0.0,4,0.0,0.0,True,False
Tyson Beckford,Jenna Johnson,Model,New York,United States,52,32,Eliminated Week 3,12,6,0.0,0.0,0.0,0.0,4,0.0,0.0,True,False
Jamie Lynn Spears,Alan Bersten,Actor/Actress,Mississippi,United States,32,32,Eliminated Week 2,13,6,0.0,0.0,0.0,0.0,4,0.0,0.0,True,False
Matt Walsh,Koko Iwasaki,Comedian,Illinois,United States,58,32,Eliminated Week 1,14,6,0.0,0.0,0.0,0.0,4,0.0,0.0,True,False
Xochitl Gomez,Valentin Chmerkovskiy,Actor/Actress,California,United States,17,32,1st Place,1,7,9.5,9.0,9.5,9.0,4,37.0,9.25,True,True
Jason Mraz,Daniella Karagach,Singer/Rapper,Virginia,United States,46,32,2nd Place,2,7,8.5,8.5,10.0,9.0,4,36.0,9.0,True,True
Ariana Madix,Pasha Pashkov,TV Personality,Florida,United States,38,32,3rd Place,3,7,9.0,9.0,10.0,9.0,4,37.0,9.25,True,True
Charity Lawson,Artem Chigvintsev,TV Personality,Georgia,United States,27,32,4th Place,4,7,9.0,9.0,9.0,9.0,4,36.0,9.0,True,True
Alyson Hannigan,Sasha Farber,Actor/Actress,Washington D.C.,United States,49,32,5th Place,5,7,8.5,8.5,9.5,8.5,4,35.0,8.75,True,True
Harry Jowsey,Rylee Arnold,TV Personality,,Australia,26,32,Eliminated Week 9,6,7,8.0,8.0,8.0,8.0,4,32.0,8.0,True,True
Barry Williams,Peta Murgatroyd,Actor/Actress,California,United States,68,32,Eliminated Week 8,7,7,8.0,8.0,8.5,8.0,4,32.5,8.125,True,True
Lele Pons,Brandon Armstrong,Social Media Personality,,Venezuela,27,32,Eliminated Week 7,8,7,9.5,9.0,9.0,9.0,4,36.5,9.125,True,True
Mauricio Umansky,Emma Slater,TV Personality,,Mexico,53,32,Eliminated Week 6,9,7,0.0,0.0,0.0,0.0,4,0.0,0.0,True,False
Mira Sorvino,Gleb Savchenko,Actor/Actress,New York,United States,55,32,Eliminated Week 5,10,7,0.0,0.0,0.0,0.0,4,0.0,0.0,True,False
Adrian Peterson,Britt Stewart,Athlete,Texas,United States,38,32,Eliminated Week 4,11,7,0.0,0.0,0.0,0.0,4,0.0,0.0,True,False
Tyson Beckford,Jenna Johnson,Model,New York,United States,52,32,Eliminated Week 3,12,7,0.0,0.0,0.0,0.0,4,0.0,0.0,True,False
Jamie Lynn Spears,Alan Bersten,Actor/Actress,Mississippi,United States,32,32,Eliminated Week 2,13,7,0.0,0.0,0.0,0.0,4,0.0,0.0,True,False
Matt Walsh,Koko Iwasaki,Comedian,Illinois,United States,58,32,Eliminated Week 1,14,7,0.0,0.0,0.0,0.0,4,0.0,0.0,True,False
Xochitl Gomez,Valentin Chmerkovskiy,Actor/Actress,California,United States,17,32,1st Place,1,8,10.0,10.0,10.0,10.0,4,40.0,10.0,True,True
Jason Mraz,Daniella Karagach,Singer/Rapper,Virginia,United States,46,32,2nd Place,2,8,8.0,9.0,8.0,8.0,4,33.0,8.25,True,True
Ariana Madix,Pasha Pashkov,TV Personality,Florida,United States,38,32,3rd Place,3,8,9.75,10.75,10.75,10.75,4,42.0,10.5,True,True
Charity Lawson,Artem Chigvintsev,TV Personality,Georgia,United States,27,32,4th Place,4,8,9.75,9.75,9.75,9.75,4,39.0,9.75,True,True
Alyson Hannigan,Sasha Farber,Actor/Actress,Washington D.C.,United States,49,32,5th Place,5,8,8.75,8.75,9.75,8.75,4,36.0,9.0,True,True
Harry Jowsey,Rylee Arnold,TV Personality,,Australia,26,32,Eliminated Week 9,6,8,7.0,7.0,7.0,7.0,4,28.0,7.0,True,True
Barry Williams,Peta Murgatroyd,Actor/Actress,California,United States,68,32,Eliminated Week 8,7,8,8.75,8.75,8.75,8.75,4,35.0,8.75,True,True
Lele Pons,Brandon Armstrong,Social Media Personality,,Venezuela,27,32,Eliminated Week 7,8,8,0.0,0.0,0.0,0.0,4,0.0,0.0,True,False
Mauricio Umansky,Emma Slater,TV Personality,,Mexico,53,32,Eliminated Week 6,9,8,0.0,0.0,0.0,0.0,4,0.0,0.0,True,False
Mira Sorvino,Gleb Savchenko,Actor/Actress,New York,United States,55,32,Eliminated Week 5,10,8,0.0,0.0,0.0,0.0,4,0.0,0.0,True,False
Adrian Peterson,Britt Stewart,Athlete,Texas,United States,38,32,Eliminated Week 4,11,8,0.0,0.0,0.0,0.0,4,0.0,0.0,True,False
Tyson Beckford,Jenna Johnson,Model,New York,United States,52,32,Eliminated Week 3,12,8,0.0,0.0,0.0,0.0,4,0.0,0.0,True,False
Jamie Lynn Spears,Alan Bersten,Actor/Actress,Mississippi,United States,32,32,Eliminated Week 2,13,8,0.0,0.0,0.0,0.0,4,0.0,0.0,True,False
Matt Walsh,Koko Iwasaki,Comedian,Illinois,United States,58,32,Eliminated Week 1,14,8,0.0,0.0,0.0,0.0,4,0.0,0.0,True,False
Xochitl Gomez,Valentin Chmerkovskiy,Actor/Actress,California,United States,17,32,1st Place,1,9,9.75,9.75,10.75,10.75,4,41.0,10.25,True,True
Jason Mraz,Daniella Karagach,Singer/Rapper,Virginia,United States,46,32,2nd Place,2,9,10.75,10.75,10.75,10.75,4,43.0,10.75,True,True
Ariana Madix,Pasha Pashkov,TV Personality,Florida,United States,38,32,3rd Place,3,9,9.0,9.0,9.0,10.0,4,37.0,9.25,True,True
Charity Lawson,Artem Chigvintsev,TV Personality,Georgia,United States,27,32,4th Place,4,9,9.0,10.0,9.0,10.0,4,38.0,9.5,True,True
Alyson Hannigan,Sasha Farber,Actor/Actress,Washington D.C.,United States,49,32,5th Place,5,9,7.75,7.75,8.75,7.75,4,32.0,8.0,True,True
Harry Jowsey,Rylee Arnold,TV Personality,,Australia,26,32,Eliminated Week 9,6,9,8.0,7.0,8.0,7.0,4,30.0,7.5,True,True
Barry Williams,Peta Murgatroyd,Actor/Actress,California,United States,68,32,Eliminated Week 8,7,9,0.0,0.0,0.0,0.0,4,0.0,0.0,True,False
Lele Pons,Brandon Armstrong,Social Media Personality,,Venezuela,27,32,Eliminated Week 7,8,9,0.0,0.0,0.0,0.0,4,0.0,0.0,True,False
Mauricio Umansky,Emma Slater,TV Personality,,Mexico,53,32,Eliminated Week 6,9,9,0.0,0.0,0.0,0.0,4,0.0,0.0,True,False
Mira Sorvino,Gleb Savchenko,Actor/Actress,New York,United States,55,32,Eliminated Week 5,10,9,0.0,0.0,0.0,0.0,4,0.0,0.0,True,False
Adrian Peterson,Britt Stewart,Athlete,Texas,United States,38,32,Eliminated Week 4,11,9,0.0,0.0,0.0,0.0,4,0.0,0.0,True,False
Tyson Beckford,Jenna Johnson,Model,New York,United States,52,32,Eliminated Week 3,12,9,0.0,0.0,0.0,0.0,4,0.0,0.0,True,False
Jamie Lynn Spears,Alan Bersten,Actor/Actress,Mississippi,United States,32,32,Eliminated Week 2,13,9,0.0,0.0,0.0,0.0,4,0.0,0.0,True,False
Matt Walsh,Koko Iwasaki,Comedian,Illinois,United States,58,32,Eliminated Week 1,14,9,0.0,0.0,0.0,0.0,4,0.0,0.0,True,False
Xochitl Gomez,Valentin Chmerkovskiy,Actor/Actress,California,United States,17,32,1st Place,1,10,10.0,10.0,10.0,,3,30.0,10.0,True,True
Jason Mraz,Daniella Karagach,Singer/Rapper,Virginia,United States,46,32,2nd Place,2,10,9.5,9.5,9.5,,3,28.5,9.5,True,True
Ariana Madix,Pasha Pashkov,TV Personality,Florida,United States,38,32,3rd Place,3,10,9.5,9.5,10.0,,3,29.0,9.666666666666666,True,True
Charity Lawson,Artem Chigvintsev,TV Personality,Georgia,United States,27,32,4th Place,4,10,10.0,9.5,10.0,,3,29.5,9.833333333333334,True,True
Alyson Hannigan,Sasha Farber,Actor/Actress,Washington D.C.,United States,49,32,5th Place,5,10,8.5,8.5,8.5,,3,25.5,8.5,True,True
Harry Jowsey,Rylee Arnold,TV Personality,,Australia,26,32,Eliminated Week 9,6,10,0.0,0.0,0.0,,3,0.0,0.0,True,False
Barry Williams,Peta Murgatroyd,Actor/Actress,California,United States,68,32,Eliminated Week 8,7,10,0.0,0.0,0.0,,3,0.0,0.0,True,False
Lele Pons,Brandon Armstrong,Social Media Personality,,Venezuela,27,32,Eliminated Week 7,8,10,0.0,0.0,0.0,,3,0.0,0.0,True,False
Mauricio Umansky,Emma Slater,TV Personality,,Mexico,53,32,Eliminated Week 6,9,10,0.0,0.0,0.0,,3,0.0,0.0,True,False
Mira Sorvino,Gleb Savchenko,Actor/Actress,New York,United States,55,32,Eliminated Week 5,10,10,0.0,0.0,0.0,,3,0.0,0.0,True,False
Adrian Peterson,Britt Stewart,Athlete,Texas,United States,38,32,Eliminated Week 4,11,10,0.0,0.0,0.0,,3,0.0,0.0,True,False
Tyson Beckford,Jenna Johnson,Model,New York,United States,52,32,Eliminated Week 3,12,10,0.0,0.0,0.0,,3,0.0,0.0,True,False
Jamie Lynn Spears,Alan Bersten,Actor/Actress,Mississippi,United States,32,32,Eliminated Week 2,13,10,0.0,0.0,0.0,,3,0.0,0.0,True,False
Matt Walsh,Koko Iwasaki,Comedian,Illinois,United States,58,32,Eliminated Week 1,14,10,0.0,0.0,0.0,,3,0.0,0.0,True,False
Xochitl Gomez,Valentin Chmerkovskiy,Actor/Actress,California,United States,17,32,1st Place,1,11,10.0,10.0,10.0,,3,30.0,10.0,True,True
Jason Mraz,Daniella Karagach,Singer/Rapper,Virginia,United States,46,32,2nd Place,2,11,10.0,10.0,10.0,,3,30.0,10.0,True,True
Ariana Madix,Pasha Pashkov,TV Personality,Florida,United States,38,32,3rd Place,3,11,9.5,10.0,10.0,,3,29.5,9.833333333333334,True,True
Charity Lawson,Artem Chigvintsev,TV Personality,Georgia,United States,27,32,4th Place,4,11,9.5,10.0,10.0,,3,29.5,9.833333333333334,True,True
Alyson Hannigan,Sasha Farber,Actor/Actress,Washington D.C.,United States,49,32,5th Place,5,11,9.0,8.5,9.0,,3,26.5,8.833333333333334,True,True
Harry Jowsey,Rylee Arnold,TV Personality,,Australia,26,32,Eliminated Week 9,6,11,0.0,0.0,0.0,,3,0.0,0.0,True,False
Barry Williams,Peta Murgatroyd,Actor/Actress,California,United States,68,32,Eliminated Week 8,7,11,0.0,0.0,0.0,,3,0.0,0.0,True,False
Lele Pons,Brandon Armstrong,Social Media Personality,,Venezuela,27,32,Eliminated Week 7,8,11,0.0,0.0,0.0,,3,0.0,0.0,True,False
Mauricio Umansky,Emma Slater,TV Personality,,Mexico,53,32,Eliminated Week 6,9,11,0.0,0.0,0.0,,3,0.0,0.0,True,False
Mira Sorvino,Gleb Savchenko,Actor/Actress,New York,United States,55,32,Eliminated Week 5,10,11,0.0,0.0,0.0,,3,0.0,0.0,True,False
Adrian Peterson,Britt Stewart,Athlete,Texas,United States,38,32,Eliminated Week 4,11,11,0.0,0.0,0.0,,3,0.0,0.0,True,False
Tyson Beckford,Jenna Johnson,Model,New York,United States,52,32,Eliminated Week 3,12,11,0.0,0.0,0.0,,3,0.0,0.0,True,False
Jamie Lynn Spears,Alan Bersten,Actor/Actress,Mississippi,United States,32,32,Eliminated Week 2,13,11,0.0,0.0,0.0,,3,0.0,0.0,True,False
Matt Walsh,Koko Iwasaki,Comedian,Illinois,United States,58,32,Eliminated Week 1,14,11,0.0,0.0,0.0,,3,0.0,0.0,True,False
Joey Graziadei,Jenna Johnson,TV Personality,Louisiana,United States,29,33,1st Place,1,1,7.0,7.0,7.0,,3,21.0,7.0,True,True
Ilona Maher,Alan Bersten,Athlete,California,United States,28,33,2nd Place,2,1,6.0,6.0,6.0,,3,18.0,6.0,True,True
Chandler Kinney,Brandon Armstrong,Actor/Actress,California,United States,24,33,3rd Place,3,1,8.0,7.0,8.0,,3,23.0,7.666666666666667,True,True
Stephen Nedoroscik,Rylee Arnold,Athlete,Florida,United States,26,33,4th Place,4,1,7.0,7.0,7.0,,3,21.0,7.0,True,True
Danny Amendola,Witney Carson,Athlete,Texas,United States,39,33,5th Place,5,1,7.0,6.0,7.0,,3,20.0,6.666666666666667,True,True
Dwight Howard ,Daniella Karagach,Athlete,Georgia,United States,38,33,Eliminated Week 7,6,1,8.0,7.0,7.0,,3,22.0,7.333333333333333,True,True
Jenn Tran,Sasha Farber,TV Personality,Florida,United States,26,33,Eliminated Week 6,7,1,7.0,6.0,6.0,,3,19.0,6.333333333333333,True,True
Phaedra Parks,Val Chmerkovskiy,TV Personality,Georgia,United States,51,33,Eliminated Week 5,8,1,7.0,6.0,6.0,,3,19.0,6.333333333333333,True,True
Brooks Nader,Gleb Savchenko,Model,New York,United States,27,33,Eliminated Week 4,9,1,6.0,6.0,6.0,,3,18.0,6.0,True,True
Eric Roberts,Britt Stewart,Actor/Actress,California,United States,68,33,Eliminated Week 3,10,1,5.0,5.0,5.0,,3,15.0,5.0,True,True
Reginald VelJohnson,Emma Slater,Actor/Actress,New York,United States,74,33,Eliminated Week 3,10,1,6.0,5.0,5.0,,3,16.0,5.333333333333333,True,True
Anna Delvey,Ezra Sosa,Con artist,,Russia,33,33,Eliminated Week 2,12,1,6.0,6.0,6.0,,3,18.0,6.0,True,True
Tori Spelling,Pasha Pashkov,Actor/Actress,California,United States,51,33,Eliminated Week 2,12,1,6.0,6.0,5.0,,3,17.0,5.666666666666667,True,True
Joey Graziadei,Jenna Johnson,TV Personality,Louisiana,United States,29,33,1st Place,1,2,8.0,7.0,7.0,,3,22.0,7.333333333333333,True,True
Ilona Maher,Alan Bersten,Athlete,California,United States,28,33,2nd Place,2,2,7.0,7.0,7.0,,3,21.0,7.0,True,True
Chandler Kinney,Brandon Armstrong,Actor/Actress,California,United States,24,33,3rd Place,3,2,8.0,8.0,8.0,,3,24.0,8.0,True,True
Stephen Nedoroscik,Rylee Arnold,Athlete,Florida,United States,26,33,4th Place,4,2,8.0,7.0,7.0,,3,22.0,7.333333333333333,True,True
Danny Amendola,Witney Carson,Athlete,Texas,United States,39,33,5th Place,5,2,7.0,7.0,7.0,,3,21.0,7.0,True,True
Dwight Howard ,Daniella Karagach,Athlete,Georgia,United States,38,33,Eliminated Week 7,6,2,8.0,7.0,7.0,,3,22.0,7.333333333333333,True,True
Jenn Tran,Sasha Farber,TV Personality,Florida,United States,26,33,Eliminated Week 6,7,2,6.0,6.0,7.0,,3,19.0,6.333333333333333,True,True
Phaedra Parks,Val Chmerkovskiy,TV Personality,Georgia,United States,51,33,Eliminated Week 5,8,2,7.0,7.0,7.0,,3,21.0,7.0,True,True
Brooks Nader,Gleb Savchenko,Model,New York,United States,27,33,Eliminated Week 4,9,2,7.0,6.0,7.0,,3,20.0,6.666666666666667,True,True
Eric Roberts,Britt Stewart,Actor/Actress,California,United States,68,33,Eliminated Week 3,10,2,6.0,4.0,5.0,,3,15.0,5.0,True,True
Reginald VelJohnson,Emma Slater,Actor/Actress,New York,United States,74,33,Eliminated Week 3,10,2,6.0,4.0,5.0,,3,15.0,5.0,True,True
Anna Delvey,Ezra Sosa,Con artist,,Russia,33,33,Eliminated Week 2,12,2,6.0,5.0,6.0,,3,17.0,5.666666666666667,True,True
Tori Spelling,Pasha Pashkov,Actor/Actress,California,United States,51,33,Eliminated Week 2,12,2,7.0,6.0,6.0,,3,19.0,6.333333333333333,True,True
Joey Graziadei,Jenna Johnson,TV Personality,Louisiana,United States,29,33,1st Place,1,3,9.0,9.0,8.5,8.5,4,35.0,8.75,True,True
Ilona Maher,Alan Bersten,Athlete,California,United States,28,33,2nd Place,2,3,7.5,7.0,7.0,6.5,4,28.0,7.0,True,True
Chandler Kinney,Brandon Armstrong,Actor/Actress,California,United States,24,33,3rd Place,3,3,8.5,8.5,9.0,8.5,4,34.5,8.625,True,True
Stephen Nedoroscik,Rylee Arnold,Athlete,Florida,United States,26,33,4th Place,4,3,8.0,8.0,7.5,7.5,4,31.0,7.75,True,True
Danny Amendola,Witney Carson,Athlete,Texas,United States,39,33,5th Place,5,3,7.5,7.5,8.0,7.0,4,30.0,7.5,True,True
Dwight Howard ,Daniella Karagach,Athlete,Georgia,United States,38,33,Eliminated Week 7,6,3,7.0,6.5,6.0,6.5,4,26.0,6.5,True,True
Jenn Tran,Sasha Farber,TV Personality,Florida,United States,26,33,Eliminated Week 6,7,3,8.0,8.0,7.0,8.0,4,31.0,7.75,True,True
Phaedra Parks,Val Chmerkovskiy,TV Personality,Georgia,United States,51,33,Eliminated Week 5,8,3,7.5,7.5,6.0,7.0,4,28.0,7.0,True,True
Brooks Nader,Gleb Savchenko,Model,New York,United States,27,33,Eliminated Week 4,9,3,7.5,7.5,8.0,7.5,4,30.5,7.625,True,True
Eric Roberts,Britt Stewart,Actor/Actress,California,United States,68,33,Eliminated Week 3,10,3,6.5,5.5,5.5,5.5,4,23.0,5.75,True,True
Reginald VelJohnson,Emma Slater,Actor/Actress,New York,United States,74,33,Eliminated Week 3,10,3,6.0,5.0,5.0,5.0,4,21.0,5.25,True,True
Anna Delvey,Ezra Sosa,Con artist,,Russia,33,33,Eliminated Week 2,12,3,0.0,0.0,0.0,0.0,4,0.0,0.0,True,False
Tori Spelling,Pasha Pashkov,Actor/Actress,California,United States,51,33,Eliminated Week 2,12,3,0.0,0.0,0.0,0.0,4,0.0,0.0,True,False
Joey Graziadei,Jenna Johnson,TV Personality,Louisiana,United States,29,33,1st Place,1,4,9.0,9.0,9.0,9.0,4,36.0,9.0,True,True
Ilona Maher,Alan Bersten,Athlete,California,United States,28,33,2nd Place,2,4,8.0,8.0,8.0,8.0,4,32.0,8.0,True,True
Chandler Kinney,Brandon Armstrong,Actor/Actress,California,United States,24,33,3rd Place,3,4,8.0,8.0,8.0,8.0,4,32.0,8.0,True,True
Stephen Nedoroscik,Rylee Arnold,Athlete,Florida,United States,26,33,4th Place,4,4,8.0,9.0,8.0,8.0,4,33.0,8.25,True,True
Danny Amendola,Witney Carson,Athlete,Texas,United States,39,33,5th Place,5,4,9.0,9.0,9.0,9.0,4,36.0,9.0,True,True
Dwight Howard ,Daniella Karagach,Athlete,Georgia,United States,38,33,Eliminated Week 7,6,4,7.0,8.0,7.0,7.0,4,29.0,7.25,True,True
Jenn Tran,Sasha Farber,TV Personality,Florida,United States,26,33,Eliminated Week 6,7,4,8.0,8.0,8.0,8.0,4,32.0,8.0,True,True
Phaedra Parks,Val Chmerkovskiy,TV Personality,Georgia,United States,51,33,Eliminated Week 5,8,4,8.0,8.0,8.0,8.0,4,32.0,8.0,True,True
Brooks Nader,Gleb Savchenko,Model,New York,United States,27,33,Eliminated Week 4,9,4,8.0,8.0,8.0,8.0,4,32.0,8.0,True,True
Eric Roberts,Britt Stewart,Actor/Actress,California,United States,68,33,Eliminated Week 3,10,4,0.0,0.0,0.0,0.0,4,0.0,0.0,True,False
Reginald VelJohnson,Emma Slater,Actor/Actress,New York,United States,74,33,Eliminated Week 3,10,4,0.0,0.0,0.0,0.0,4,0.0,0.0,True,False
Anna Delvey,Ezra Sosa,Con artist,,Russia,33,33,Eliminated Week 2,12,4,0.0,0.0,0.0,0.0,4,0.0,0.0,True,False
Tori Spelling,Pasha Pashkov,Actor/Actress,California,United States,51,33,Eliminated Week 2,12,4,0.0,0.0,0.0,0.0,4,0.0,0.0,True,False
Joey Graziadei,Jenna Johnson,TV Personality,Louisiana,United States,29,33,1st Place,1,5,8.5,8.5,9.0,,3,26.0,8.666666666666666,True,True
Ilona Maher,Alan Bersten,Athlete,California,United States,28,33,2nd Place,2,5,9.0,8.5,8.5,,3,26.0,8.666666666666666,True,True
Chandler Kinney,Brandon Armstrong,Actor/Actress,California,United States,24,33,3rd Place,3,5,9.0,9.0,9.0,,3,27.0,9.0,True,True
Stephen Nedoroscik,Rylee Arnold,Athlete,Florida,United States,26,33,4th Place,4,5,8.0,8.0,8.0,,3,24.0,8.0,True,True
Danny Amendola,Witney Carson,Athlete,Texas,United States,39,33,5th Place,5,5,8.5,8.5,8.5,,3,25.5,8.5,True,True
Dwight Howard ,Daniella Karagach,Athlete,Georgia,United States,38,33,Eliminated Week 7,6,5,8.0,8.0,8.0,,3,24.0,8.0,True,True
Jenn Tran,Sasha Farber,TV Personality,Florida,United States,26,33,Eliminated Week 6,7,5,8.5,8.5,8.5,,3,25.5,8.5,True,True
Phaedra Parks,Val Chmerkovskiy,TV Personality,Georgia,United States,51,33,Eliminated Week 5,8,5,8.0,8.0,8.0,,3,24.0,8.0,True,True
Brooks Nader,Gleb Savchenko,Model,New York,United States,27,33,Eliminated Week 4,9,5,0.0,0.0,0.0,,3,0.0,0.0,True,False
Eric Roberts,Britt Stewart,Actor/Actress,California,United States,68,33,Eliminated Week 3,10,5,0.0,0.0,0.0,,3,0.0,0.0,True,False
Reginald VelJohnson,Emma Slater,Actor/Actress,New York,United States,74,33,Eliminated Week 3,10,5,0.0,0.0,0.0,,3,0.0,0.0,True,False
Anna Delvey,Ezra Sosa,Con artist,,Russia,33,33,Eliminated Week 2,12,5,0.0,0.0,0.0,,3,0.0,0.0,True,False
Tori Spelling,Pasha Pashkov,Actor/Actress,California,United States,51,33,Eliminated Week 2,12,5,0.0,0.0,0.0,,3,0.0,0.0,True,False
Joey Graziadei,Jenna Johnson,TV Personality,Louisiana,United States,29,33,1st Place,1,6,11.0,10.0,11.0,,3,32.0,10.666666666666666,True,True
Ilona Maher,Alan Bersten,Athlete,California,United States,28,33,2nd Place,2,6,8.0,8.0,8.0,,3,24.0,8.0,True,True
Chandler Kinney,Brandon Armstrong,Actor/Actress,California,United States,24,33,3rd Place,3,6,10.0,11.0,11.0,,3,32.0,10.666666666666666,True,True
Stephen Nedoroscik,Rylee Arnold,Athlete,Florida,United States,26,33,4th Place,4,6,10.0,9.0,9.0,,3,28.0,9.333333333333334,True,True
Danny Amendola,Witney Carson,Athlete,Texas,United States,39,33,5th Place,5,6,10.0,9.0,9.0,,3,28.0,9.333333333333334,True,True
Dwight Howard ,Daniella Karagach,Athlete,Georgia,United States,38,33,Eliminated Week 7,6,6,11.0,10.0,10.0,,3,31.0,10.333333333333334,True,True
Jenn Tran,Sasha Farber,TV Personality,Florida,United States,26,33,Eliminated Week 6,7,6,11.0,10.0,10.0,,3,31.0,10.333333333333334,True,True
Phaedra Parks,Val Chmerkovskiy,TV Personality,Georgia,United States,51,33,Eliminated Week 5,8,6,0.0,0.0,0.0,,3,0.0,0.0,True,False
Brooks Nader,Gleb Savchenko,Model,New York,United States,27,33,Eliminated Week 4,9,6,0.0,0.0,0.0,,3,0.0,0.0,True,False
Eric Roberts,Britt Stewart,Actor/Actress,California,United States,68,33,Eliminated Week 3,10,6,0.0,0.0,0.0,,3,0.0,0.0,True,False
Reginald VelJohnson,Emma Slater,Actor/Actress,New York,United States,74,33,Eliminated Week 3,10,6,0.0,0.0,0.0,,3,0.0,0.0,True,False
Anna Delvey,Ezra Sosa,Con artist,,Russia,33,33,Eliminated Week 2,12,6,0.0,0.0,0.0,,3,0.0,0.0,True,False
Tori Spelling,Pasha Pashkov,Actor/Actress,California,United States,51,33,Eliminated Week 2,12,6,0.0,0.0,0.0,,3,0.0,0.0,True,False
Joey Graziadei,Jenna Johnson,TV Personality,Louisiana,United States,29,33,1st Place,1,7,9.0,9.5,9.0,,3,27.5,9.166666666666666,True,True
Ilona Maher,Alan Bersten,Athlete,California,United States,28,33,2nd Place,2,7,9.0,8.5,8.5,,3,26.0,8.666666666666666,True,True
Chandler Kinney,Brandon Armstrong,Actor/Actress,California,United States,24,33,3rd Place,3,7,10.0,10.0,10.0,,3,30.0,10.0,True,True
Stephen Nedoroscik,Rylee Arnold,Athlete,Florida,United States,26,33,4th Place,4,7,9.5,9.0,8.5,,3,27.0,9.0,True,True
Danny Amendola,Witney Carson,Athlete,Texas,United States,39,33,5th Place,5,7,8.5,8.5,8.5,,3,25.5,8.5,True,True
Dwight Howard ,Daniella Karagach,Athlete,Georgia,United States,38,33,Eliminated Week 7,6,7,8.0,8.0,8.0,,3,24.0,8.0,True,True
Jenn Tran,Sasha Farber,TV Personality,Florida,United States,26,33,Eliminated Week 6,7,7,0.0,0.0,0.0,,3,0.0,0.0,True,False
Phaedra Parks,Val Chmerkovskiy,TV Personality,Georgia,United States,51,33,Eliminated Week 5,8,7,0.0,0.0,0.0,,3,0.0,0.0,True,False
Brooks Nader,Gleb Savchenko,Model,New York,United States,27,33,Eliminated Week 4,9,7,0.0,0.0,0.0,,3,0.0,0.0,True,False
Eric Roberts,Britt Stewart,Actor/Actress,California,United States,68,33,Eliminated Week 3,10,7,0.0,0.0,0.0,,3,0.0,0.0,True,False
Reginald VelJohnson,Emma Slater,Actor/Actress,New York,United States,74,33,Eliminated Week 3,10,7,0.0,0.0,0.0,,3,0.0,0.0,True,False
Anna Delvey,Ezra Sosa,Con artist,,Russia,33,33,Eliminated Week 2,12,7,0.0,0.0,0.0,,3,0.0,0.0,True,False
Tori Spelling,Pasha Pashkov,Actor/Actress,California,United States,51,33,Eliminated Week 2,12,7,0.0,0.0,0.0,,3,0.0,0.0,True,False
Joey Graziadei,Jenna Johnson,TV Personality,Louisiana,United States,29,33,1st Place,1,8,9.5,10.0,9.5,,3,29.0,9.666666666666666,True,True
Ilona Maher,Alan Bersten,Athlete,California,United States,28,33,2nd Place,2,8,9.5,9.5,9.5,,3,28.5,9.5,True,True
Chandler Kinney,Brandon Armstrong,Actor/Actress,California,United States,24,33,3rd Place,3,8,9.5,9.5,10.0,,3,29.0,9.666666666666666,True,True
Stephen Nedoroscik,Rylee Arnold,Athlete,Florida,United States,26,33,4th Place,4,8,9.0,8.5,9.0,,3,26.5,8.833333333333334,True,True
Danny Amendola,Witney Carson,Athlete,Texas,United States,39,33,5th Place,5,8,9.0,9.0,9.0,,3,27.0,9.0,True,True
Dwight Howard ,Daniella Karagach,Athlete,Georgia,United States,38,33,Eliminated Week 7,6,8,0.0,0.0,0.0,,3,0.0,0.0,True,False
Jenn Tran,Sasha Farber,TV Personality,Florida,United States,26,33,Eliminated Week 6,7,8,0.0,0.0,0.0,,3,0.0,0.0,True,False
Phaedra Parks,Val Chmerkovskiy,TV Personality,Georgia,United States,51,33,Eliminated Week 5,8,8,0.0,0.0,0.0,,3,0.0,0.0,True,False
Brooks Nader,Gleb Savchenko,Model,New York,United States,27,33,Eliminated Week 4,9,8,0.0,0.0,0.0,,3,0.0,0.0,True,False
Eric Roberts,Britt Stewart,Actor/Actress,California,United States,68,33,Eliminated Week 3,10,8,0.0,0.0,0.0,,3,0.0,0.0,True,False
Reginald VelJohnson,Emma Slater,Actor/Actress,New York,United States,74,33,Eliminated Week 3,10,8,0.0,0.0,0.0,,3,0.0,0.0,True,False
Anna Delvey,Ezra Sosa,Con artist,,Russia,33,33,Eliminated Week 2,12,8,0.0,0.0,0.0,,3,0.0,0.0,True,False
Tori Spelling,Pasha Pashkov,Actor/Actress,California,United States,51,33,Eliminated Week 2,12,8,0.0,0.0,0.0,,3,0.0,0.0,True,False
Joey Graziadei,Jenna Johnson,TV Personality,Louisiana,United States,29,33,1st Place,1,9,9.5,10.0,10.0,,3,29.5,9.833333333333334,True,True
Ilona Maher,Alan Bersten,Athlete,California,United States,28,33,2nd Place,2,9,9.5,9.5,9.5,,3,28.5,9.5,True,True
Chandler Kinney,Brandon Armstrong,Actor/Actress,California,United States,24,33,3rd Place,3,9,10.0,10.0,10.0,,3,30.0,10.0,True,True
Stephen Nedoroscik,Rylee Arnold,Athlete,Florida,United States,26,33,4th Place,4,9,10.0,9.5,10.0,,3,29.5,9.833333333333334,True,True
Danny Amendola,Witney Carson,Athlete,Texas,United States,39,33,5th Place,5,9,9.0,9.5,9.5,,3,28.0,9.333333333333334,True,True
Dwight Howard ,Daniella Karagach,Athlete,Georgia,United States,38,33,Eliminated Week 7,6,9,0.0,0.0,0.0,,3,0.0,0.0,True,False
Jenn Tran,Sasha Farber,TV Personality,Florida,United States,26,33,Eliminated Week 6,7,9,0.0,0.0,0.0,,3,0.0,0.0,True,False
Phaedra Parks,Val Chmerkovskiy,TV Personality,Georgia,United States,51,33,Eliminated Week 5,8,9,0.0,0.0,0.0,,3,0.0,0.0,True,False
Brooks Nader,Gleb Savchenko,Model,New York,United States,27,33,Eliminated Week 4,9,9,0.0,0.0,0.0,,3,0.0,0.0,True,False
Eric Roberts,Britt Stewart,Actor/Actress,California,United States,68,33,Eliminated Week 3,10,9,0.0,0.0,0.0,,3,0.0,0.0,True,False
Reginald VelJohnson,Emma Slater,Actor/Actress,New York,United States,74,33,Eliminated Week 3,10,9,0.0,0.0,0.0,,3,0.0,0.0,True,False
Anna Delvey,Ezra Sosa,Con artist,,Russia,33,33,Eliminated Week 2,12,9,0.0,0.0,0.0,,3,0.0,0.0,True,False
Tori Spelling,Pasha Pashkov,Actor/Actress,California,United States,51,33,Eliminated Week 2,12,9,0.0,0.0,0.0,,3,0.0,0.0,True,False
Joey Graziadei,Jenna Johnson,TV Personality,Louisiana,United States,29,33,1st Place,1,10,,,,,0,,,False,False
Ilona Maher,Alan Bersten,Athlete,California,United States,28,33,2nd Place,2,10,,,,,0,,,False,False
Chandler Kinney,Brandon Armstrong,Actor/Actress,California,United States,24,33,3rd Place,3,10,,,,,0,,,False,False
Stephen Nedoroscik,Rylee Arnold,Athlete,Florida,United States,26,33,4th Place,4,10,,,,,0,,,False,False
Danny Amendola,Witney Carson,Athlete,Texas,United States,39,33,5th Place,5,10,,,,,0,,,False,False
Dwight Howard ,Daniella Karagach,Athlete,Georgia,United States,38,33,Eliminated Week 7,6,10,,,,,0,,,False,False
Jenn Tran,Sasha Farber,TV Personality,Florida,United States,26,33,Eliminated Week 6,7,10,,,,,0,,,False,False
Phaedra Parks,Val Chmerkovskiy,TV Personality,Georgia,United States,51,33,Eliminated Week 5,8,10,,,,,0,,,False,False
Brooks Nader,Gleb Savchenko,Model,New York,United States,27,33,Eliminated Week 4,9,10,,,,,0,,,False,False
Eric Roberts,Britt Stewart,Actor/Actress,California,United States,68,33,Eliminated Week 3,10,10,,,,,0,,,False,False
Reginald VelJohnson,Emma Slater,Actor/Actress,New York,United States,74,33,Eliminated Week 3,10,10,,,,,0,,,False,False
Anna Delvey,Ezra Sosa,Con artist,,Russia,33,33,Eliminated Week 2,12,10,,,,,0,,,False,False
Tori Spelling,Pasha Pashkov,Actor/Actress,California,United States,51,33,Eliminated Week 2,12,10,,,,,0,,,False,False
Joey Graziadei,Jenna Johnson,TV Personality,Louisiana,United States,29,33,1st Place,1,11,,,,,0,,,False,False
Ilona Maher,Alan Bersten,Athlete,California,United States,28,33,2nd Place,2,11,,,,,0,,,False,False
Chandler Kinney,Brandon Armstrong,Actor/Actress,California,United States,24,33,3rd Place,3,11,,,,,0,,,False,False
Stephen Nedoroscik,Rylee Arnold,Athlete,Florida,United States,26,33,4th Place,4,11,,,,,0,,,False,False
Danny Amendola,Witney Carson,Athlete,Texas,United States,39,33,5th Place,5,11,,,,,0,,,False,False
Dwight Howard ,Daniella Karagach,Athlete,Georgia,United States,38,33,Eliminated Week 7,6,11,,,,,0,,,False,False
Jenn Tran,Sasha Farber,TV Personality,Florida,United States,26,33,Eliminated Week 6,7,11,,,,,0,,,False,False
Phaedra Parks,Val Chmerkovskiy,TV Personality,Georgia,United States,51,33,Eliminated Week 5,8,11,,,,,0,,,False,False
Brooks Nader,Gleb Savchenko,Model,New York,United States,27,33,Eliminated Week 4,9,11,,,,,0,,,False,False
Eric Roberts,Britt Stewart,Actor/Actress,California,United States,68,33,Eliminated Week 3,10,11,,,,,0,,,False,False
Reginald VelJohnson,Emma Slater,Actor/Actress,New York,United States,74,33,Eliminated Week 3,10,11,,,,,0,,,False,False
Anna Delvey,Ezra Sosa,Con artist,,Russia,33,33,Eliminated Week 2,12,11,,,,,0,,,False,False
Tori Spelling,Pasha Pashkov,Actor/Actress,California,United States,51,33,Eliminated Week 2,12,11,,,,,0,,,False,False
Robert Irwin,Witney Carson (Xoshitl Gomez week 9),Conservationist,,Australia,22,34,1st Place,1,1,8.0,7.0,,,2,15.0,7.5,True,True
Alix Earle,Val Chmerkovskiy (Joey Graziadei week 9),Social media personality,Florida,United States,24,34,2nd Place,2,1,7.0,6.0,,,2,13.0,6.5,True,True
Jordan Chiles,Ezra Sosa (Apolo Anton Ohno week 9),Athlete,Texas,United States,24,34,3rd Place,3,1,5.0,5.0,,,2,10.0,5.0,True,True
Dylan Efron,Daniella Karagach (Rumer Willis week 9),TV Personality,California,United States,33,34,4th Place,4,1,5.0,5.0,,,2,10.0,5.0,True,True
Elaine Hendrix,Alan Bersten (Rashad Jennings week 9),Actor/Actress,Georgia,United States,55,34,5th Place,5,1,6.0,6.0,,,2,12.0,6.0,True,True
Whitney Leavitt,Mark Ballas,TV Personality,Utah,United States,32,34,Eliminated Week 10,6,1,7.0,8.0,,,2,15.0,7.5,True,True
Andy Richter,Emma Slater/Kaitlyn Bristowe (week 9),Comedian,California,United States,59,34,Eliminated Week 9,7,1,5.0,4.0,,,2,9.0,4.5,True,True
Danielle Fishel,Pasha Pashkov,Actor/Actress,California,United States,44,34,Eliminated Week 8,8,1,6.0,6.0,,,2,12.0,6.0,True,True
Jen Affleck,Jan Ravnik,TV Personality,Utah,United States,26,34,Eliminated Week 7,9,1,6.0,6.0,,,2,12.0,6.0,True,True
Scott Hoying,Rylee Arnold,Singer/Rapper,California,United States,34,34,Eliminated Week 6,10,1,5.0,5.0,,,2,10.0,5.0,True,True
Hilaria Baldwin,Gleb Savchenko,Entrepreneur,New York,United States,41,34,Eliminated Week 4,11,1,7.0,7.0,,,2,14.0,7.0,True,True
Lauren Jauregui,Brandon Armstrong,Singer/Rapper,Florida,United States,29,34,Eliminated Week 3,12,1,7.0,6.0,,,2,13.0,6.5,True,True
Baron Davis,Britt Stewart,Athlete,California,United States,46,34,Eliminated Week 2,13,1,5.0,5.0,,,2,10.0,5.0,True,True
Corey Feldman,Jenna Johnson,Actor/Actress,California,United States,54,34,Eliminated Week 2,13,1,4.0,5.0,,,2,9.0,4.5,True,True
Robert Irwin,Witney Carson (Xoshitl Gomez week 9),Conservationist,,Australia,22,34,1st Place,1,2,8.0,7.0,7.0,,3,22.0,7.333333333333333,True,True
Alix Earle,Val Chmerkovskiy (Joey Graziadei week 9),Social media personality,Florida,United States,24,34,2nd Place,2,2,7.0,7.0,7.0,,3,21.0,7.0,True,True
Jordan Chiles,Ezra Sosa (Apolo Anton Ohno week 9),Athlete,Texas,United States,24,34,3rd Place,3,2,8.0,7.0,7.0,,3,22.0,7.333333333333333,True,True
Dylan Efron,Daniella Karagach (Rumer Willis week 9),TV Personality,California,United States,33,34,4th Place,4,2,7.0,6.0,7.0,,3,20.0,6.666666666666667,True,True
Elaine Hendrix,Alan Bersten (Rashad Jennings week 9),Actor/Actress,Georgia,United States,55,34,5th Place,5,2,7.0,7.0,7.0,,3,21.0,7.0,True,True
Whitney Leavitt,Mark Ballas,TV Personality,Utah,United States,32,34,Eliminated Week 10,6,2,7.0,7.0,8.0,,3,22.0,7.333333333333333,True,True
Andy Richter,Emma Slater/Kaitlyn Bristowe (week 9),Comedian,California,United States,59,34,Eliminated Week 9,7,2,6.0,5.0,5.0,,3,16.0,5.333333333333333,True,True
Danielle Fishel,Pasha Pashkov,Actor/Actress,California,United States,44,34,Eliminated Week 8,8,2,7.0,6.0,6.0,,3,19.0,6.333333333333333,True,True
Jen Affleck,Jan Ravnik,TV Personality,Utah,United States,26,34,Eliminated Week 7,9,2,8.0,7.0,7.0,,3,22.0,7.333333333333333,True,True
Scott Hoying,Rylee Arnold,Singer/Rapper,California,United States,34,34,Eliminated Week 6,10,2,6.0,6.0,6.0,,3,18.0,6.0,True,True
Hilaria Baldwin,Gleb Savchenko,Entrepreneur,New York,United States,41,34,Eliminated Week 4,11,2,7.0,7.0,7.0,,3,21.0,7.0,True,True
Lauren Jauregui,Brandon Armstrong,Singer/Rapper,Florida,United States,29,34,Eliminated Week 3,12,2,7.0,7.0,7.0,,3,21.0,7.0,True,True
Baron Davis,Britt Stewart,Athlete,California,United States,46,34,Eliminated Week 2,13,2,6.0,6.0,6.0,,3,18.0,6.0,True,True
Corey Feldman,Jenna Johnson,Actor/Actress,California,United States,54,34,Eliminated Week 2,13,2,5.0,5.0,5.0,,3,15.0,5.0,True,True
Robert Irwin,Witney Carson (Xoshitl Gomez week 9),Conservationist,,Australia,22,34,1st Place,1,3,8.0,7.0,7.0,,3,22.0,7.333333333333333,True,True
Alix Earle,Val Chmerkovskiy (Joey Graziadei week 9),Social media personality,Florida,United States,24,34,2nd Place,2,3,8.0,7.0,8.0,,3,23.0,7.666666666666667,True,True
Jordan Chiles,Ezra Sosa (Apolo Anton Ohno week 9),Athlete,Texas,United States,24,34,3rd Place,3,3,8.0,8.0,8.0,,3,24.0,8.0,True,True
Dylan Efron,Daniella Karagach (Rumer Willis week 9),TV Personality,California,United States,33,34,4th Place,4,3,7.0,8.0,8.0,,3,23.0,7.666666666666667,True,True
Elaine Hendrix,Alan Bersten (Rashad Jennings week 9),Actor/Actress,Georgia,United States,55,34,5th Place,5,3,7.0,7.0,7.0,,3,21.0,7.0,True,True
Whitney Leavitt,Mark Ballas,TV Personality,Utah,United States,32,34,Eliminated Week 10,6,3,8.0,8.0,8.0,,3,24.0,8.0,True,True
Andy Richter,Emma Slater/Kaitlyn Bristowe (week 9),Comedian,California,United States,59,34,Eliminated Week 9,7,3,6.0,6.0,6.0,,3,18.0,6.0,True,True
Danielle Fishel,Pasha Pashkov,Actor/Actress,California,United States,44,34,Eliminated Week 8,8,3,7.0,7.0,7.0,,3,21.0,7.0,True,True
Jen Affleck,Jan Ravnik,TV Personality,Utah,United States,26,34,Eliminated Week 7,9,3,7.0,6.0,6.0,,3,19.0,6.333333333333333,True,True
Scott Hoying,Rylee Arnold,Singer/Rapper,California,United States,34,34,Eliminated Week 6,10,3,8.0,7.0,7.0,,3,22.0,7.333333333333333,True,True
Hilaria Baldwin,Gleb Savchenko,Entrepreneur,New York,United States,41,34,Eliminated Week 4,11,3,7.0,8.0,7.0,,3,22.0,7.333333333333333,True,True
Lauren Jauregui,Brandon Armstrong,Singer/Rapper,Florida,United States,29,34,Eliminated Week 3,12,3,6.0,6.0,6.0,,3,18.0,6.0,True,True
Baron Davis,Britt Stewart,Athlete,California,United States,46,34,Eliminated Week 2,13,3,0.0,0.0,0.0,,3,0.0,0.0,True,False
Corey Feldman,Jenna Johnson,Actor/Actress,California,United States,54,34,Eliminated Week 2,13,3,0.0,0.0,0.0,,3,0.0,0.0,True,False
Robert Irwin,Witney Carson (Xoshitl Gomez week 9),Conservationist,,Australia,22,34,1st Place,1,4,7.0,7.0,8.0,,3,22.0,7.333333333333333,True,True
Alix Earle,Val Chmerkovskiy (Joey Graziadei week 9),Social media personality,Florida,United States,24,34,2nd Place,2,4,8.0,8.0,8.0,,3,24.0,8.0,True,True
Jordan Chiles,Ezra Sosa (Apolo Anton Ohno week 9),Athlete,Texas,United States,24,34,3rd Place,3,4,8.0,8.0,8.0,,3,24.0,8.0,True,True
Dylan Efron,Daniella Karagach (Rumer Willis week 9),TV Personality,California,United States,33,34,4th Place,4,4,7.0,8.0,8.0,,3,23.0,7.666666666666667,True,True
Elaine Hendrix,Alan Bersten (Rashad Jennings week 9),Actor/Actress,Georgia,United States,55,34,5th Place,5,4,8.0,8.0,8.0,,3,24.0,8.0,True,True
Whitney Leavitt,Mark Ballas,TV Personality,Utah,United States,32,34,Eliminated Week 10,6,4,9.0,8.0,8.0,,3,25.0,8.333333333333334,True,True
Andy Richter,Emma Slater/Kaitlyn Bristowe (week 9),Comedian,California,United States,59,34,Eliminated Week 9,7,4,6.0,6.0,6.0,,3,18.0,6.0,True,True
Danielle Fishel,Pasha Pashkov,Actor/Actress,California,United States,44,34,Eliminated Week 8,8,4,7.0,7.0,7.0,,3,21.0,7.0,True,True
Jen Affleck,Jan Ravnik,TV Personality,Utah,United States,26,34,Eliminated Week 7,9,4,7.0,8.0,8.0,,3,23.0,7.666666666666667,True,True
Scott Hoying,Rylee Arnold,Singer/Rapper,California,United States,34,34,Eliminated Week 6,10,4,7.0,7.0,7.0,,3,21.0,7.0,True,True
Hilaria Baldwin,Gleb Savchenko,Entrepreneur,New York,United States,41,34,Eliminated Week 4,11,4,8.0,7.0,8.0,,3,23.0,7.666666666666667,True,True
Lauren Jauregui,Brandon Armstrong,Singer/Rapper,Florida,United States,29,34,Eliminated Week 3,12,4,0.0,0.0,0.0,,3,0.0,0.0,True,False
Baron Davis,Britt Stewart,Athlete,California,United States,46,34,Eliminated Week 2,13,4,0.0,0.0,0.0,,3,0.0,0.0,True,False
Corey Feldman,Jenna Johnson,Actor/Actress,California,United States,54,34,Eliminated Week 2,13,4,0.0,0.0,0.0,,3,0.0,0.0,True,False
Robert Irwin,Witney Carson (Xoshitl Gomez week 9),Conservationist,,Australia,22,34,1st Place,1,5,8.0,9.0,9.0,9.0,4,35.0,8.75,True,True
Alix Earle,Val Chmerkovskiy (Joey Graziadei week 9),Social media personality,Florida,United States,24,34,2nd Place,2,5,8.0,9.0,9.0,9.0,4,35.0,8.75,True,True
Jordan Chiles,Ezra Sosa (Apolo Anton Ohno week 9),Athlete,Texas,United States,24,34,3rd Place,3,5,8.0,8.0,8.0,8.0,4,32.0,8.0,True,True
Dylan Efron,Daniella Karagach (Rumer Willis week 9),TV Personality,California,United States,33,34,4th Place,4,5,9.0,9.0,9.0,9.0,4,36.0,9.0,True,True
Elaine Hendrix,Alan Bersten (Rashad Jennings week 9),Actor/Actress,Georgia,United States,55,34,5th Place,5,5,8.0,7.0,7.0,8.0,4,30.0,7.5,True,True
Whitney Leavitt,Mark Ballas,TV Personality,Utah,United States,32,34,Eliminated Week 10,6,5,9.0,8.0,8.0,8.0,4,33.0,8.25,True,True
Andy Richter,Emma Slater/Kaitlyn Bristowe (week 9),Comedian,California,United States,59,34,Eliminated Week 9,7,5,6.0,6.0,6.0,6.0,4,24.0,6.0,True,True
Danielle Fishel,Pasha Pashkov,Actor/Actress,California,United States,44,34,Eliminated Week 8,8,5,7.0,7.0,7.0,8.0,4,29.0,7.25,True,True
Jen Affleck,Jan Ravnik,TV Personality,Utah,United States,26,34,Eliminated Week 7,9,5,8.0,7.0,7.0,7.0,4,29.0,7.25,True,True
Scott Hoying,Rylee Arnold,Singer/Rapper,California,United States,34,34,Eliminated Week 6,10,5,7.0,8.0,7.0,8.0,4,30.0,7.5,True,True
Hilaria Baldwin,Gleb Savchenko,Entrepreneur,New York,United States,41,34,Eliminated Week 4,11,5,0.0,0.0,0.0,0.0,4,0.0,0.0,True,False
Lauren Jauregui,Brandon Armstrong,Singer/Rapper,Florida,United States,29,34,Eliminated Week 3,12,5,0.0,0.0,0.0,0.0,4,0.0,0.0,True,False
Baron Davis,Britt Stewart,Athlete,California,United States,46,34,Eliminated Week 2,13,5,0.0,0.0,0.0,0.0,4,0.0,0.0,True,False
Corey Feldman,Jenna Johnson,Actor/Actress,California,United States,54,34,Eliminated Week 2,13,5,0.0,0.0,0.0,0.0,4,0.0,0.0,True,False
Robert Irwin,Witney Carson (Xoshitl Gomez week 9),Conservationist,,Australia,22,34,1st Place,1,6,9.0,9.0,9.0,9.0,4,36.0,9.0,True,True
Alix Earle,Val Chmerkovskiy (Joey Graziadei week 9),Social media personality,Florida,United States,24,34,2nd Place,2,6,9.0,9.0,8.0,9.0,4,35.0,8.75,True,True
Jordan Chiles,Ezra Sosa (Apolo Anton Ohno week 9),Athlete,Texas,United States,24,34,3rd Place,3,6,10.0,9.0,10.0,10.0,4,39.0,9.75,True,True
Dylan Efron,Daniella Karagach (Rumer Willis week 9),TV Personality,California,United States,33,34,4th Place,4,6,8.0,8.0,8.0,8.0,4,32.0,8.0,True,True
Elaine Hendrix,Alan Bersten (Rashad Jennings week 9),Actor/Actress,Georgia,United States,55,34,5th Place,5,6,9.0,9.0,9.0,9.0,4,36.0,9.0,True,True
Whitney Leavitt,Mark Ballas,TV Personality,Utah,United States,32,34,Eliminated Week 10,6,6,10.0,9.0,10.0,10.0,4,39.0,9.75,True,True
Andy Richter,Emma Slater/Kaitlyn Bristowe (week 9),Comedian,California,United States,59,34,Eliminated Week 9,7,6,7.0,6.0,7.0,7.0,4,27.0,6.75,True,True
Danielle Fishel,Pasha Pashkov,Actor/Actress,California,United States,44,34,Eliminated Week 8,8,6,9.0,9.0,9.0,9.0,4,36.0,9.0,True,True
Jen Affleck,Jan Ravnik,TV Personality,Utah,United States,26,34,Eliminated Week 7,9,6,8.0,8.0,8.0,8.0,4,32.0,8.0,True,True
Scott Hoying,Rylee Arnold,Singer/Rapper,California,United States,34,34,Eliminated Week 6,10,6,7.0,7.0,7.0,7.0,4,28.0,7.0,True,True
Hilaria Baldwin,Gleb Savchenko,Entrepreneur,New York,United States,41,34,Eliminated Week 4,11,6,0.0,0.0,0.0,0.0,4,0.0,0.0,True,False
Lauren Jauregui,Brandon Armstrong,Singer/Rapper,Florida,United States,29,34,Eliminated Week 3,12,6,0.0,0.0,0.0,0.0,4,0.0,0.0,True,False
Baron Davis,Britt Stewart,Athlete,California,United States,46,34,Eliminated Week 2,13,6,0.0,0.0,0.0,0.0,4,0.0,0.0,True,False
Corey Feldman,Jenna Johnson,Actor/Actress,California,United States,54,34,Eliminated Week 2,13,6,0.0,0.0,0.0,0.0,4,0.0,0.0,True,False
Robert Irwin,Witney Carson (Xoshitl Gomez week 9),Conservationist,,Australia,22,34,1st Place,1,7,10.75,9.75,9.75,10.75,4,41.0,10.25,True,True
Alix Earle,Val Chmerkovskiy (Joey Graziadei week 9),Social media personality,Florida,United States,24,34,2nd Place,2,7,11.0,11.0,10.0,11.0,4,43.0,10.75,True,True
Jordan Chiles,Ezra Sosa (Apolo Anton Ohno week 9),Athlete,Texas,United States,24,34,3rd Place,3,7,10.0,9.0,9.0,10.0,4,38.0,9.5,True,True
Dylan Efron,Daniella Karagach (Rumer Willis week 9),TV Personality,California,United States,33,34,4th Place,4,7,9.75,9.75,8.75,9.75,4,38.0,9.5,True,True
Elaine Hendrix,Alan Bersten (Rashad Jennings week 9),Actor/Actress,Georgia,United States,55,34,5th Place,5,7,8.0,8.0,8.0,8.0,4,32.0,8.0,True,True
Whitney Leavitt,Mark Ballas,TV Personality,Utah,United States,32,34,Eliminated Week 10,6,7,10.25,10.25,10.25,11.25,4,42.0,10.5,True,True
Andy Richter,Emma Slater/Kaitlyn Bristowe (week 9),Comedian,California,United States,59,34,Eliminated Week 9,7,7,7.25,7.25,7.25,7.25,4,29.0,7.25,True,True
Danielle Fishel,Pasha Pashkov,Actor/Actress,California,United States,44,34,Eliminated Week 8,8,7,8.5,8.5,8.5,9.5,4,35.0,8.75,True,True
Jen Affleck,Jan Ravnik,TV Personality,Utah,United States,26,34,Eliminated Week 7,9,7,8.5,8.5,8.5,8.5,4,34.0,8.5,True,True
Scott Hoying,Rylee Arnold,Singer/Rapper,California,United States,34,34,Eliminated Week 6,10,7,0.0,0.0,0.0,0.0,4,0.0,0.0,True,False
Hilaria Baldwin,Gleb Savchenko,Entrepreneur,New York,United States,41,34,Eliminated Week 4,11,7,0.0,0.0,0.0,0.0,4,0.0,0.0,True,False
Lauren Jauregui,Brandon Armstrong,Singer/Rapper,Florida,United States,29,34,Eliminated Week 3,12,7,0.0,0.0,0.0,0.0,4,0.0,0.0,True,False
Baron Davis,Britt Stewart,Athlete,California,United States,46,34,Eliminated Week 2,13,7,0.0,0.0,0.0,0.0,4,0.0,0.0,True,False
Corey Feldman,Jenna Johnson,Actor/Actress,California,United States,54,34,Eliminated Week 2,13,7,0.0,0.0,0.0,0.0,4,0.0,0.0,True,False
Robert Irwin,Witney Carson (Xoshitl Gomez week 9),Conservationist,,Australia,22,34,1st Place,1,8,9.0,9.5,10.0,9.5,4,38.0,9.5,True,True
Alix Earle,Val Chmerkovskiy (Joey Graziadei week 9),Social media personality,Florida,United States,24,34,2nd Place,2,8,9.5,10.0,9.5,9.5,4,38.5,9.625,True,True
Jordan Chiles,Ezra Sosa (Apolo Anton Ohno week 9),Athlete,Texas,United States,24,34,3rd Place,3,8,10.0,9.5,10.0,9.5,4,39.0,9.75,True,True
Dylan Efron,Daniella Karagach (Rumer Willis week 9),TV Personality,California,United States,33,34,4th Place,4,8,9.0,9.5,10.0,9.5,4,38.0,9.5,True,True
Elaine Hendrix,Alan Bersten (Rashad Jennings week 9),Actor/Actress,Georgia,United States,55,34,5th Place,5,8,9.0,9.5,10.0,9.0,4,37.5,9.375,True,True
Whitney Leavitt,Mark Ballas,TV Personality,Utah,United States,32,34,Eliminated Week 10,6,8,9.5,10.0,10.0,10.0,4,39.5,9.875,True,True
Andy Richter,Emma Slater/Kaitlyn Bristowe (week 9),Comedian,California,United States,59,34,Eliminated Week 9,7,8,8.0,8.5,9.5,8.0,4,34.0,8.5,True,True
Danielle Fishel,Pasha Pashkov,Actor/Actress,California,United States,44,34,Eliminated Week 8,8,8,9.5,9.0,9.5,9.0,4,37.0,9.25,True,True
Jen Affleck,Jan Ravnik,TV Personality,Utah,United States,26,34,Eliminated Week 7,9,8,0.0,0.0,0.0,0.0,4,0.0,0.0,True,False
Scott Hoying,Rylee Arnold,Singer/Rapper,California,United States,34,34,Eliminated Week 6,10,8,0.0,0.0,0.0,0.0,4,0.0,0.0,True,False
Hilaria Baldwin,Gleb Savchenko,Entrepreneur,New York,United States,41,34,Eliminated Week 4,11,8,0.0,0.0,0.0,0.0,4,0.0,0.0,True,False
Lauren Jauregui,Brandon Armstrong,Singer/Rapper,Florida,United States,29,34,Eliminated Week 3,12,8,0.0,0.0,0.0,0.0,4,0.0,0.0,True,False
Baron Davis,Britt Stewart,Athlete,California,United States,46,34,Eliminated Week 2,13,8,0.0,0.0,0.0,0.0,4,0.0,0.0,True,False
Corey Feldman,Jenna Johnson,Actor/Actress,California,United States,54,34,Eliminated Week 2,13,8,0.0,0.0,0.0,0.0,4,0.0,0.0,True,False
Robert Irwin,Witney Carson (Xoshitl Gomez week 9),Conservationist,,Australia,22,34,1st Place,1,9,10.5,10.5,10.5,10.5,4,42.0,10.5,True,True
Alix Earle,Val Chmerkovskiy (Joey Graziadei week 9),Social media personality,Florida,United States,24,34,2nd Place,2,9,10.0,10.0,10.0,10.0,4,40.0,10.0,True,True
Jordan Chiles,Ezra Sosa (Apolo Anton Ohno week 9),Athlete,Texas,United States,24,34,3rd Place,3,9,9.5,10.5,9.5,9.5,4,39.0,9.75,True,True
Dylan Efron,Daniella Karagach (Rumer Willis week 9),TV Personality,California,United States,33,34,4th Place,4,9,10.5,10.5,10.5,10.5,4,42.0,10.5,True,True
Elaine Hendrix,Alan Bersten (Rashad Jennings week 9),Actor/Actress,Georgia,United States,55,34,5th Place,5,9,9.0,9.0,9.0,9.0,4,36.0,9.0,True,True
Whitney Leavitt,Mark Ballas,TV Personality,Utah,United States,32,34,Eliminated Week 10,6,9,10.5,10.5,10.5,10.5,4,42.0,10.5,True,True
Andy Richter,Emma Slater/Kaitlyn Bristowe (week 9),Comedian,California,United States,59,34,Eliminated Week 9,7,9,8.0,7.0,7.0,7.0,4,29.0,7.25,True,True
Danielle Fishel,Pasha Pashkov,Actor/Actress,California,United States,44,34,Eliminated Week 8,8,9,0.0,0.0,0.0,0.0,4,0.0,0.0,True,False
Jen Affleck,Jan Ravnik,TV Personality,Utah,United States,26,34,Eliminated Week 7,9,9,0.0,0.0,0.0,0.0,4,0.0,0.0,True,False
Scott Hoying,Rylee Arnold,Singer/Rapper,California,United States,34,34,Eliminated Week 6,10,9,0.0,0.0,0.0,0.0,4,0.0,0.0,True,False
Hilaria Baldwin,Gleb Savchenko,Entrepreneur,New York,United States,41,34,Eliminated Week 4,11,9,0.0,0.0,0.0,0.0,4,0.0,0.0,True,False
Lauren Jauregui,Brandon Armstrong,Singer/Rapper,Florida,United States,29,34,Eliminated Week 3,12,9,0.0,0.0,0.0,0.0,4,0.0,0.0,True,False
Baron Davis,Britt Stewart,Athlete,California,United States,46,34,Eliminated Week 2,13,9,0.0,0.0,0.0,0.0,4,0.0,0.0,True,False
Corey Feldman,Jenna Johnson,Actor/Actress,California,United States,54,34,Eliminated Week 2,13,9,0.0,0.0,0.0,0.0,4,0.0,0.0,True,False
Robert Irwin,Witney Carson (Xoshitl Gomez week 9),Conservationist,,Australia,22,34,1st Place,1,10,10.0,9.5,10.0,,3,29.5,9.833333333333334,True,True
Alix Earle,Val Chmerkovskiy (Joey Graziadei week 9),Social media personality,Florida,United States,24,34,2nd Place,2,10,9.5,10.0,9.5,,3,29.0,9.666666666666666,True,True
Jordan Chiles,Ezra Sosa (Apolo Anton Ohno week 9),Athlete,Texas,United States,24,34,3rd Place,3,10,9.5,9.5,9.5,,3,28.5,9.5,True,True
Dylan Efron,Daniella Karagach (Rumer Willis week 9),TV Personality,California,United States,33,34,4th Place,4,10,9.0,9.0,9.5,,3,27.5,9.166666666666666,True,True
Elaine Hendrix,Alan Bersten (Rashad Jennings week 9),Actor/Actress,Georgia,United States,55,34,5th Place,5,10,9.5,9.5,9.5,,3,28.5,9.5,True,True
Whitney Leavitt,Mark Ballas,TV Personality,Utah,United States,32,34,Eliminated Week 10,6,10,9.0,10.0,10.0,,3,29.0,9.666666666666666,True,True
Andy Richter,Emma Slater/Kaitlyn Bristowe (week 9),Comedian,California,United States,59,34,Eliminated Week 9,7,10,0.0,0.0,0.0,,3,0.0,0.0,True,False
Danielle Fishel,Pasha Pashkov,Actor/Actress,California,United States,44,34,Eliminated Week 8,8,10,0.0,0.0,0.0,,3,0.0,0.0,True,False
Jen Affleck,Jan Ravnik,TV Personality,Utah,United States,26,34,Eliminated Week 7,9,10,0.0,0.0,0.0,,3,0.0,0.0,True,False
Scott Hoying,Rylee Arnold,Singer/Rapper,California,United States,34,34,Eliminated Week 6,10,10,0.0,0.0,0.0,,3,0.0,0.0,True,False
Hilaria Baldwin,Gleb Savchenko,Entrepreneur,New York,United States,41,34,Eliminated Week 4,11,10,0.0,0.0,0.0,,3,0.0,0.0,True,False
Lauren Jauregui,Brandon Armstrong,Singer/Rapper,Florida,United States,29,34,Eliminated Week 3,12,10,0.0,0.0,0.0,,3,0.0,0.0,True,False
Baron Davis,Britt Stewart,Athlete,California,United States,46,34,Eliminated Week 2,13,10,0.0,0.0,0.0,,3,0.0,0.0,True,False
Corey Feldman,Jenna Johnson,Actor/Actress,California,United States,54,34,Eliminated Week 2,13,10,0.0,0.0,0.0,,3,0.0,0.0,True,False
Robert Irwin,Witney Carson (Xoshitl Gomez week 9),Conservationist,,Australia,22,34,1st Place,1,11,9.6666,10.0,10.0,,3,29.666600000000003,9.888866666666667,True,True
Alix Earle,Val Chmerkovskiy (Joey Graziadei week 9),Social media personality,Florida,United States,24,34,2nd Place,2,11,10.0,10.0,10.0,,3,30.0,10.0,True,True
Jordan Chiles,Ezra Sosa (Apolo Anton Ohno week 9),Athlete,Texas,United States,24,34,3rd Place,3,11,9.6666,10.0,10.0,,3,29.666600000000003,9.888866666666667,True,True
Dylan Efron,Daniella Karagach (Rumer Willis week 9),TV Personality,California,United States,33,34,4th Place,4,11,9.6666,9.6666,10.0,,3,29.3332,9.777733333333334,True,True
Elaine Hendrix,Alan Bersten (Rashad Jennings week 9),Actor/Actress,Georgia,United States,55,34,5th Place,5,11,9.6666,9.6666,9.6666,,3,28.9998,9.6666,True,True
Whitney Leavitt,Mark Ballas,TV Personality,Utah,United States,32,34,Eliminated Week 10,6,11,0.0,0.0,0.0,,3,0.0,0.0,True,False
Andy Richter,Emma Slater/Kaitlyn Bristowe (week 9),Comedian,California,United States,59,34,Eliminated Week 9,7,11,0.0,0.0,0.0,,3,0.0,0.0,True,False
Danielle Fishel,Pasha Pashkov,Actor/Actress,California,United States,44,34,Eliminated Week 8,8,11,0.0,0.0,0.0,,3,0.0,0.0,True,False
Jen Affleck,Jan Ravnik,TV Personality,Utah,United States,26,34,Eliminated Week 7,9,11,0.0,0.0,0.0,,3,0.0,0.0,True,False
Scott Hoying,Rylee Arnold,Singer/Rapper,California,United States,34,34,Eliminated Week 6,10,11,0.0,0.0,0.0,,3,0.0,0.0,True,False
Hilaria Baldwin,Gleb Savchenko,Entrepreneur,New York,United States,41,34,Eliminated Week 4,11,11,0.0,0.0,0.0,,3,0.0,0.0,True,False
Lauren Jauregui,Brandon Armstrong,Singer/Rapper,Florida,United States,29,34,Eliminated Week 3,12,11,0.0,0.0,0.0,,3,0.0,0.0,True,False
Baron Davis,Britt Stewart,Athlete,California,United States,46,34,Eliminated Week 2,13,11,0.0,0.0,0.0,,3,0.0,0.0,True,False
Corey Feldman,Jenna Johnson,Actor/Actress,California,United States,54,34,Eliminated Week 2,13,11,0.0,0.0,0.0,,3,0.0,0.0,True,False
